"incident_id","company_id","breach_type","detection_lag_days"
"INC-00001","COMP-02609","Phishing",51
"INC-00002","COMP-04069","Phishing",41
"INC-00003","COMP-02369","Ransomware",17
"INC-00004","COMP-05273","Phishing",34
"INC-00005","COMP-01098","Insider Threat",24
"INC-00006","COMP-01252","Phishing",25
"INC-00007","COMP-07314","Insider Threat",30
"INC-00008","COMP-00634","Phishing",94
"INC-00009","COMP-02097","Phishing",21
"INC-00010","COMP-05248","Phishing",15
"INC-00011","COMP-05423","Phishing",8
"INC-00012","COMP-06168","Phishing",24
"INC-00013","COMP-03911","Ransomware",110
"INC-00014","COMP-00356","Ransomware",33
"INC-00015","COMP-05721","Phishing",20
"INC-00016","COMP-04261","Ransomware",63
"INC-00017","COMP-06766","Phishing",7
"INC-00018","COMP-07700","Phishing",8
"INC-00019","COMP-06554","Insider Threat",86
"INC-00020","COMP-03954","Insider Threat",22
"INC-00021","COMP-01903","Phishing",55
"INC-00022","COMP-00899","Phishing",24
"INC-00023","COMP-07465","Phishing",54
"INC-00024","COMP-04697","Ransomware",192
"INC-00025","COMP-05403","Phishing",66
"INC-00026","COMP-00932","Ransomware",10
"INC-00027","COMP-00997","Ransomware",17
"INC-00028","COMP-02015","Ransomware",13
"INC-00029","COMP-04717","Ransomware",13
"INC-00030","COMP-05637","Ransomware",52
"INC-00031","COMP-07380","Ransomware",32
"INC-00032","COMP-04002","Phishing",84
"INC-00033","COMP-00860","Phishing",55
"INC-00034","COMP-03944","Phishing",16
"INC-00035","COMP-00259","Ransomware",36
"INC-00036","COMP-05434","Phishing",82
"INC-00037","COMP-00481","Ransomware",28
"INC-00038","COMP-05418","Phishing",18
"INC-00039","COMP-02072","Insider Threat",10
"INC-00040","COMP-07326","Insider Threat",53
"INC-00041","COMP-00299","Phishing",66
"INC-00042","COMP-03983","Ransomware",22
"INC-00043","COMP-02454","Phishing",35
"INC-00044","COMP-06458","Insider Threat",41
"INC-00045","COMP-03720","Ransomware",11
"INC-00046","COMP-05412","Phishing",88
"INC-00047","COMP-00836","Ransomware",8
"INC-00048","COMP-00982","Phishing",35
"INC-00049","COMP-06290","Ransomware",39
"INC-00050","COMP-07789","Ransomware",35
"INC-00051","COMP-05468","Phishing",27
"INC-00052","COMP-06341","Phishing",26
"INC-00053","COMP-01540","Phishing",13
"INC-00054","COMP-02274","Phishing",19
"INC-00055","COMP-02552","Phishing",21
"INC-00056","COMP-03427","Phishing",4
"INC-00057","COMP-03032","Ransomware",31
"INC-00058","COMP-00727","Phishing",30
"INC-00059","COMP-00945","Phishing",15
"INC-00060","COMP-03317","Phishing",66
"INC-00061","COMP-07066","Phishing",8
"INC-00062","COMP-00626","Ransomware",22
"INC-00063","COMP-04358","Ransomware",71
"INC-00064","COMP-06534","Phishing",59
"INC-00065","COMP-04226","Insider Threat",206
"INC-00066","COMP-01396","Phishing",52
"INC-00067","COMP-05123","Phishing",25
"INC-00068","COMP-04470","Ransomware",11
"INC-00069","COMP-07573","Phishing",88
"INC-00070","COMP-02818","Ransomware",11
"INC-00071","COMP-01015","Phishing",24
"INC-00072","COMP-05990","Phishing",30
"INC-00073","COMP-06842","Phishing",25
"INC-00074","COMP-04746","Insider Threat",28
"INC-00075","COMP-06184","Phishing",35
"INC-00076","COMP-00517","Phishing",27
"INC-00077","COMP-00033","Ransomware",16
"INC-00078","COMP-00945","Ransomware",7
"INC-00079","COMP-00103","Phishing",24
"INC-00080","COMP-05348","Ransomware",34
"INC-00081","COMP-02157","Phishing",28
"INC-00082","COMP-07146","Ransomware",66
"INC-00083","COMP-01353","Ransomware",75
"INC-00084","COMP-01693","Ransomware",13
"INC-00085","COMP-04172","Ransomware",51
"INC-00086","COMP-07124","Phishing",15
"INC-00087","COMP-05897","Phishing",71
"INC-00088","COMP-05611","Phishing",50
"INC-00089","COMP-03619","Insider Threat",17
"INC-00090","COMP-02781","Insider Threat",5
"INC-00091","COMP-00016","Ransomware",87
"INC-00092","COMP-05477","Phishing",22
"INC-00093","COMP-03804","Ransomware",15
"INC-00094","COMP-03320","Insider Threat",15
"INC-00095","COMP-07150","Phishing",92
"INC-00096","COMP-05445","Phishing",238
"INC-00097","COMP-00988","Phishing",38
"INC-00098","COMP-07798","Phishing",17
"INC-00099","COMP-07810","Phishing",63
"INC-00100","COMP-00082","Phishing",40
"INC-00101","COMP-06040","Phishing",44
"INC-00102","COMP-06001","Insider Threat",37
"INC-00103","COMP-00914","Phishing",25
"INC-00104","COMP-04421","Ransomware",124
"INC-00105","COMP-05742","Ransomware",22
"INC-00106","COMP-07528","Phishing",69
"INC-00107","COMP-07095","Phishing",26
"INC-00108","COMP-02344","Phishing",113
"INC-00109","COMP-00149","Ransomware",9
"INC-00110","COMP-07140","Ransomware",31
"INC-00111","COMP-05689","Phishing",60
"INC-00112","COMP-00100","Ransomware",29
"INC-00113","COMP-05095","Ransomware",29
"INC-00114","COMP-02346","Phishing",24
"INC-00115","COMP-02450","Ransomware",58
"INC-00116","COMP-00091","Phishing",100
"INC-00117","COMP-06925","Ransomware",14
"INC-00118","COMP-07349","Phishing",38
"INC-00119","COMP-05174","Ransomware",134
"INC-00120","COMP-06995","Phishing",12
"INC-00121","COMP-02336","Ransomware",41
"INC-00122","COMP-04816","Phishing",32
"INC-00123","COMP-05878","Phishing",58
"INC-00124","COMP-06204","Ransomware",14
"INC-00125","COMP-01309","Ransomware",33
"INC-00126","COMP-02897","Ransomware",10
"INC-00127","COMP-05740","Ransomware",19
"INC-00128","COMP-07113","Phishing",23
"INC-00129","COMP-06521","Phishing",7
"INC-00130","COMP-01877","Ransomware",76
"INC-00131","COMP-06782","Phishing",21
"INC-00132","COMP-00427","Ransomware",22
"INC-00133","COMP-04089","Ransomware",16
"INC-00134","COMP-06586","Phishing",25
"INC-00135","COMP-05232","Phishing",22
"INC-00136","COMP-04680","Ransomware",13
"INC-00137","COMP-07453","Ransomware",8
"INC-00138","COMP-00951","Phishing",48
"INC-00139","COMP-01537","Ransomware",59
"INC-00140","COMP-05261","Ransomware",34
"INC-00141","COMP-05838","Phishing",52
"INC-00142","COMP-01925","Insider Threat",7
"INC-00143","COMP-07113","Phishing",14
"INC-00144","COMP-04407","Phishing",28
"INC-00145","COMP-02960","Phishing",20
"INC-00146","COMP-04570","Phishing",14
"INC-00147","COMP-02859","Phishing",10
"INC-00148","COMP-01578","Ransomware",21
"INC-00149","COMP-06186","Phishing",24
"INC-00150","COMP-04856","Phishing",9
"INC-00151","COMP-01889","Insider Threat",43
"INC-00152","COMP-01275","Phishing",16
"INC-00153","COMP-03513","Ransomware",73
"INC-00154","COMP-01693","Ransomware",11
"INC-00155","COMP-04121","Insider Threat",24
"INC-00156","COMP-01907","Ransomware",85
"INC-00157","COMP-00703","Phishing",21
"INC-00158","COMP-03616","Phishing",40
"INC-00159","COMP-03921","Phishing",11
"INC-00160","COMP-03310","Phishing",44
"INC-00161","COMP-06670","Insider Threat",34
"INC-00162","COMP-04719","Ransomware",37
"INC-00163","COMP-02310","Phishing",25
"INC-00164","COMP-03576","Ransomware",10
"INC-00165","COMP-05039","Phishing",6
"INC-00166","COMP-04395","Ransomware",49
"INC-00167","COMP-07614","Phishing",74
"INC-00168","COMP-04005","Phishing",47
"INC-00169","COMP-06864","Insider Threat",25
"INC-00170","COMP-02417","Ransomware",10
"INC-00171","COMP-02560","Phishing",19
"INC-00172","COMP-06902","Ransomware",31
"INC-00173","COMP-03441","Insider Threat",153
"INC-00174","COMP-00754","Phishing",19
"INC-00175","COMP-04895","Phishing",46
"INC-00176","COMP-06050","Ransomware",29
"INC-00177","COMP-02910","Phishing",10
"INC-00178","COMP-01248","Ransomware",37
"INC-00179","COMP-02822","Phishing",13
"INC-00180","COMP-07382","Phishing",48
"INC-00181","COMP-04390","Ransomware",47
"INC-00182","COMP-00607","Phishing",28
"INC-00183","COMP-07686","Phishing",25
"INC-00184","COMP-02812","Phishing",31
"INC-00185","COMP-02831","Phishing",59
"INC-00186","COMP-00546","Phishing",135
"INC-00187","COMP-02474","Phishing",12
"INC-00188","COMP-04567","Insider Threat",13
"INC-00189","COMP-02236","Ransomware",114
"INC-00190","COMP-00254","Phishing",26
"INC-00191","COMP-00268","Ransomware",17
"INC-00192","COMP-04736","Phishing",42
"INC-00193","COMP-03482","Insider Threat",136
"INC-00194","COMP-02089","Ransomware",18
"INC-00195","COMP-07361","Phishing",36
"INC-00196","COMP-07746","Ransomware",42
"INC-00197","COMP-06968","Insider Threat",22
"INC-00198","COMP-00664","Ransomware",72
"INC-00199","COMP-01122","Insider Threat",28
"INC-00200","COMP-06681","Phishing",11
"INC-00201","COMP-04444","Phishing",45
"INC-00202","COMP-02155","Phishing",50
"INC-00203","COMP-04413","Ransomware",35
"INC-00204","COMP-06078","Ransomware",39
"INC-00205","COMP-07182","Insider Threat",58
"INC-00206","COMP-00162","Phishing",30
"INC-00207","COMP-00636","Phishing",22
"INC-00208","COMP-02754","Phishing",5
"INC-00209","COMP-01631","Insider Threat",40
"INC-00210","COMP-05664","Phishing",15
"INC-00211","COMP-03995","Phishing",29
"INC-00212","COMP-05002","Ransomware",16
"INC-00213","COMP-05817","Ransomware",8
"INC-00214","COMP-04892","Phishing",4
"INC-00215","COMP-06774","Phishing",26
"INC-00216","COMP-03109","Phishing",65
"INC-00217","COMP-01162","Phishing",24
"INC-00218","COMP-07537","Phishing",53
"INC-00219","COMP-03057","Insider Threat",107
"INC-00220","COMP-02821","Phishing",13
"INC-00221","COMP-05667","Insider Threat",22
"INC-00222","COMP-04174","Ransomware",15
"INC-00223","COMP-04622","Phishing",24
"INC-00224","COMP-03740","Insider Threat",13
"INC-00225","COMP-03962","Phishing",11
"INC-00226","COMP-03169","Phishing",19
"INC-00227","COMP-07909","Ransomware",60
"INC-00228","COMP-06627","Phishing",14
"INC-00229","COMP-02230","Phishing",16
"INC-00230","COMP-03546","Insider Threat",18
"INC-00231","COMP-01151","Phishing",9
"INC-00232","COMP-07967","Ransomware",14
"INC-00233","COMP-03565","Ransomware",12
"INC-00234","COMP-05675","Phishing",9
"INC-00235","COMP-07860","Phishing",27
"INC-00236","COMP-03578","Insider Threat",19
"INC-00237","COMP-03040","Phishing",17
"INC-00238","COMP-04433","Ransomware",80
"INC-00239","COMP-04027","Phishing",17
"INC-00240","COMP-04635","Ransomware",16
"INC-00241","COMP-05662","Phishing",6
"INC-00242","COMP-03252","Phishing",51
"INC-00243","COMP-07012","Ransomware",30
"INC-00244","COMP-02260","Phishing",26
"INC-00245","COMP-01611","Phishing",39
"INC-00246","COMP-04297","Insider Threat",37
"INC-00247","COMP-05521","Ransomware",13
"INC-00248","COMP-04158","Ransomware",82
"INC-00249","COMP-01293","Insider Threat",16
"INC-00250","COMP-02015","Ransomware",14
"INC-00251","COMP-01406","Phishing",14
"INC-00252","COMP-03196","Phishing",6
"INC-00253","COMP-07231","Ransomware",40
"INC-00254","COMP-02609","Phishing",16
"INC-00255","COMP-04669","Ransomware",38
"INC-00256","COMP-07796","Phishing",6
"INC-00257","COMP-05889","Phishing",17
"INC-00258","COMP-04001","Ransomware",29
"INC-00259","COMP-04636","Phishing",12
"INC-00260","COMP-00002","Phishing",54
"INC-00261","COMP-00671","Phishing",4
"INC-00262","COMP-07816","Phishing",19
"INC-00263","COMP-05247","Phishing",29
"INC-00264","COMP-03280","Insider Threat",10
"INC-00265","COMP-00771","Ransomware",14
"INC-00266","COMP-00741","Ransomware",11
"INC-00267","COMP-02317","Ransomware",28
"INC-00268","COMP-05132","Phishing",42
"INC-00269","COMP-00705","Phishing",12
"INC-00270","COMP-00670","Insider Threat",68
"INC-00271","COMP-05683","Phishing",10
"INC-00272","COMP-04540","Ransomware",42
"INC-00273","COMP-01887","Ransomware",21
"INC-00274","COMP-06821","Phishing",34
"INC-00275","COMP-07727","Ransomware",13
"INC-00276","COMP-05944","Ransomware",43
"INC-00277","COMP-03270","Phishing",39
"INC-00278","COMP-04087","Phishing",38
"INC-00279","COMP-07056","Ransomware",33
"INC-00280","COMP-05130","Ransomware",10
"INC-00281","COMP-03015","Ransomware",29
"INC-00282","COMP-07423","Phishing",28
"INC-00283","COMP-01225","Phishing",24
"INC-00284","COMP-05865","Ransomware",41
"INC-00285","COMP-01945","Phishing",47
"INC-00286","COMP-07683","Ransomware",116
"INC-00287","COMP-06994","Phishing",47
"INC-00288","COMP-04277","Phishing",17
"INC-00289","COMP-00751","Phishing",23
"INC-00290","COMP-05404","Ransomware",26
"INC-00291","COMP-05884","Phishing",50
"INC-00292","COMP-00463","Phishing",58
"INC-00293","COMP-06749","Insider Threat",31
"INC-00294","COMP-01337","Phishing",27
"INC-00295","COMP-02132","Phishing",20
"INC-00296","COMP-07129","Phishing",7
"INC-00297","COMP-04560","Ransomware",22
"INC-00298","COMP-03958","Insider Threat",25
"INC-00299","COMP-05080","Phishing",26
"INC-00300","COMP-00225","Ransomware",22
"INC-00301","COMP-03645","Phishing",21
"INC-00302","COMP-01126","Ransomware",13
"INC-00303","COMP-02219","Ransomware",14
"INC-00304","COMP-04585","Phishing",6
"INC-00305","COMP-03734","Insider Threat",99
"INC-00306","COMP-07066","Phishing",35
"INC-00307","COMP-06838","Phishing",14
"INC-00308","COMP-07990","Phishing",17
"INC-00309","COMP-06100","Phishing",37
"INC-00310","COMP-05687","Ransomware",36
"INC-00311","COMP-03638","Ransomware",9
"INC-00312","COMP-03071","Ransomware",35
"INC-00313","COMP-01850","Ransomware",20
"INC-00314","COMP-01709","Ransomware",14
"INC-00315","COMP-07589","Phishing",20
"INC-00316","COMP-03627","Phishing",30
"INC-00317","COMP-01231","Ransomware",69
"INC-00318","COMP-01109","Phishing",7
"INC-00319","COMP-01954","Phishing",12
"INC-00320","COMP-04249","Ransomware",6
"INC-00321","COMP-03942","Ransomware",16
"INC-00322","COMP-07105","Ransomware",48
"INC-00323","COMP-06030","Ransomware",54
"INC-00324","COMP-06384","Ransomware",68
"INC-00325","COMP-00049","Phishing",40
"INC-00326","COMP-03211","Ransomware",43
"INC-00327","COMP-00156","Phishing",9
"INC-00328","COMP-02322","Ransomware",16
"INC-00329","COMP-01591","Ransomware",68
"INC-00330","COMP-03298","Ransomware",14
"INC-00331","COMP-06906","Phishing",36
"INC-00332","COMP-02218","Phishing",16
"INC-00333","COMP-04388","Phishing",18
"INC-00334","COMP-04244","Phishing",12
"INC-00335","COMP-02767","Phishing",20
"INC-00336","COMP-02237","Phishing",27
"INC-00337","COMP-05959","Phishing",30
"INC-00338","COMP-03185","Phishing",30
"INC-00339","COMP-07195","Ransomware",24
"INC-00340","COMP-02654","Ransomware",22
"INC-00341","COMP-02693","Insider Threat",63
"INC-00342","COMP-05206","Phishing",25
"INC-00343","COMP-03698","Insider Threat",28
"INC-00344","COMP-02298","Phishing",77
"INC-00345","COMP-04265","Insider Threat",15
"INC-00346","COMP-05003","Ransomware",12
"INC-00347","COMP-04828","Phishing",61
"INC-00348","COMP-02598","Phishing",186
"INC-00349","COMP-07530","Phishing",27
"INC-00350","COMP-06601","Insider Threat",63
"INC-00351","COMP-03967","Phishing",13
"INC-00352","COMP-05015","Ransomware",17
"INC-00353","COMP-06259","Insider Threat",58
"INC-00354","COMP-03945","Phishing",10
"INC-00355","COMP-01803","Phishing",11
"INC-00356","COMP-01939","Ransomware",111
"INC-00357","COMP-06876","Phishing",7
"INC-00358","COMP-01237","Phishing",49
"INC-00359","COMP-05412","Phishing",67
"INC-00360","COMP-07594","Ransomware",73
"INC-00361","COMP-03286","Phishing",27
"INC-00362","COMP-00985","Phishing",31
"INC-00363","COMP-02486","Ransomware",34
"INC-00364","COMP-05947","Phishing",34
"INC-00365","COMP-04721","Phishing",25
"INC-00366","COMP-00542","Phishing",16
"INC-00367","COMP-06843","Phishing",30
"INC-00368","COMP-05589","Phishing",51
"INC-00369","COMP-05996","Phishing",31
"INC-00370","COMP-05013","Phishing",26
"INC-00371","COMP-07110","Ransomware",25
"INC-00372","COMP-03631","Insider Threat",8
"INC-00373","COMP-05225","Ransomware",50
"INC-00374","COMP-05322","Phishing",32
"INC-00375","COMP-06232","Ransomware",36
"INC-00376","COMP-07538","Ransomware",31
"INC-00377","COMP-01975","Phishing",27
"INC-00378","COMP-06535","Phishing",42
"INC-00379","COMP-04494","Ransomware",50
"INC-00380","COMP-06412","Phishing",4
"INC-00381","COMP-05813","Ransomware",40
"INC-00382","COMP-02867","Ransomware",62
"INC-00383","COMP-05642","Phishing",17
"INC-00384","COMP-07289","Phishing",49
"INC-00385","COMP-01625","Insider Threat",85
"INC-00386","COMP-02085","Insider Threat",77
"INC-00387","COMP-06850","Phishing",8
"INC-00388","COMP-06307","Ransomware",3
"INC-00389","COMP-07586","Phishing",27
"INC-00390","COMP-05915","Phishing",37
"INC-00391","COMP-02094","Ransomware",36
"INC-00392","COMP-03359","Insider Threat",49
"INC-00393","COMP-04955","Ransomware",8
"INC-00394","COMP-01488","Phishing",16
"INC-00395","COMP-00868","Ransomware",46
"INC-00396","COMP-00376","Phishing",13
"INC-00397","COMP-02869","Phishing",58
"INC-00398","COMP-00280","Phishing",33
"INC-00399","COMP-07078","Ransomware",137
"INC-00400","COMP-06900","Phishing",30
"INC-00401","COMP-00981","Ransomware",25
"INC-00402","COMP-05524","Ransomware",39
"INC-00403","COMP-00715","Insider Threat",7
"INC-00404","COMP-05345","Phishing",55
"INC-00405","COMP-07547","Phishing",43
"INC-00406","COMP-06350","Phishing",118
"INC-00407","COMP-01372","Ransomware",101
"INC-00408","COMP-01825","Ransomware",28
"INC-00409","COMP-00605","Phishing",35
"INC-00410","COMP-01828","Ransomware",15
"INC-00411","COMP-03373","Ransomware",79
"INC-00412","COMP-03936","Ransomware",26
"INC-00413","COMP-07526","Phishing",10
"INC-00414","COMP-07062","Ransomware",61
"INC-00415","COMP-06828","Phishing",57
"INC-00416","COMP-04032","Ransomware",51
"INC-00417","COMP-02813","Phishing",53
"INC-00418","COMP-04743","Phishing",45
"INC-00419","COMP-05996","Ransomware",56
"INC-00420","COMP-05893","Ransomware",30
"INC-00421","COMP-04255","Ransomware",96
"INC-00422","COMP-00928","Phishing",34
"INC-00423","COMP-00978","Ransomware",64
"INC-00424","COMP-02983","Phishing",15
"INC-00425","COMP-04749","Phishing",7
"INC-00426","COMP-05498","Ransomware",36
"INC-00427","COMP-03614","Phishing",14
"INC-00428","COMP-01078","Phishing",3
"INC-00429","COMP-02562","Ransomware",33
"INC-00430","COMP-06684","Phishing",45
"INC-00431","COMP-06531","Insider Threat",57
"INC-00432","COMP-07073","Insider Threat",12
"INC-00433","COMP-01647","Phishing",19
"INC-00434","COMP-03037","Phishing",101
"INC-00435","COMP-07380","Ransomware",39
"INC-00436","COMP-06891","Ransomware",19
"INC-00437","COMP-03337","Phishing",80
"INC-00438","COMP-05942","Phishing",31
"INC-00439","COMP-01162","Ransomware",13
"INC-00440","COMP-03783","Ransomware",12
"INC-00441","COMP-02675","Ransomware",28
"INC-00442","COMP-04060","Phishing",49
"INC-00443","COMP-03666","Ransomware",41
"INC-00444","COMP-01433","Ransomware",41
"INC-00445","COMP-04716","Phishing",11
"INC-00446","COMP-02250","Phishing",38
"INC-00447","COMP-02121","Ransomware",47
"INC-00448","COMP-03731","Ransomware",7
"INC-00449","COMP-00335","Ransomware",116
"INC-00450","COMP-03118","Phishing",41
"INC-00451","COMP-01271","Phishing",34
"INC-00452","COMP-06275","Ransomware",20
"INC-00453","COMP-01174","Phishing",17
"INC-00454","COMP-05181","Ransomware",11
"INC-00455","COMP-05140","Ransomware",18
"INC-00456","COMP-04778","Phishing",30
"INC-00457","COMP-07522","Phishing",14
"INC-00458","COMP-00983","Phishing",17
"INC-00459","COMP-04625","Phishing",8
"INC-00460","COMP-04178","Phishing",13
"INC-00461","COMP-01235","Phishing",50
"INC-00462","COMP-07342","Ransomware",6
"INC-00463","COMP-06417","Phishing",25
"INC-00464","COMP-00094","Phishing",16
"INC-00465","COMP-02378","Insider Threat",25
"INC-00466","COMP-05029","Phishing",55
"INC-00467","COMP-07597","Insider Threat",19
"INC-00468","COMP-05810","Ransomware",20
"INC-00469","COMP-06323","Phishing",18
"INC-00470","COMP-02035","Phishing",16
"INC-00471","COMP-03146","Ransomware",39
"INC-00472","COMP-02352","Phishing",24
"INC-00473","COMP-07074","Phishing",19
"INC-00474","COMP-05050","Ransomware",21
"INC-00475","COMP-05956","Ransomware",25
"INC-00476","COMP-00473","Insider Threat",72
"INC-00477","COMP-01370","Ransomware",8
"INC-00478","COMP-04925","Phishing",27
"INC-00479","COMP-01255","Ransomware",13
"INC-00480","COMP-05486","Ransomware",26
"INC-00481","COMP-03188","Phishing",29
"INC-00482","COMP-06870","Phishing",52
"INC-00483","COMP-07155","Insider Threat",19
"INC-00484","COMP-06252","Phishing",13
"INC-00485","COMP-02707","Insider Threat",58
"INC-00486","COMP-07494","Phishing",8
"INC-00487","COMP-03820","Phishing",148
"INC-00488","COMP-00601","Ransomware",8
"INC-00489","COMP-03614","Ransomware",52
"INC-00490","COMP-02666","Insider Threat",90
"INC-00491","COMP-02151","Insider Threat",6
"INC-00492","COMP-00755","Phishing",7
"INC-00493","COMP-03417","Phishing",72
"INC-00494","COMP-01282","Phishing",14
"INC-00495","COMP-04006","Ransomware",31
"INC-00496","COMP-07561","Phishing",782
"INC-00497","COMP-01208","Phishing",22
"INC-00498","COMP-04939","Phishing",27
"INC-00499","COMP-01414","Phishing",8
"INC-00500","COMP-01823","Phishing",37
"INC-00501","COMP-00197","Phishing",7
"INC-00502","COMP-01678","Phishing",46
"INC-00503","COMP-01216","Phishing",6
"INC-00504","COMP-06890","Phishing",9
"INC-00505","COMP-03631","Phishing",12
"INC-00506","COMP-01217","Phishing",45
"INC-00507","COMP-05545","Insider Threat",76
"INC-00508","COMP-01930","Ransomware",59
"INC-00509","COMP-01073","Phishing",7
"INC-00510","COMP-06604","Phishing",19
"INC-00511","COMP-05142","Phishing",15
"INC-00512","COMP-03841","Phishing",8
"INC-00513","COMP-03819","Phishing",24
"INC-00514","COMP-05497","Phishing",46
"INC-00515","COMP-00132","Phishing",33
"INC-00516","COMP-01603","Ransomware",85
"INC-00517","COMP-04283","Ransomware",24
"INC-00518","COMP-02101","Ransomware",18
"INC-00519","COMP-02982","Insider Threat",28
"INC-00520","COMP-06781","Phishing",17
"INC-00521","COMP-01083","Phishing",29
"INC-00522","COMP-06981","Ransomware",20
"INC-00523","COMP-06826","Ransomware",27
"INC-00524","COMP-02750","Phishing",13
"INC-00525","COMP-01428","Phishing",29
"INC-00526","COMP-03234","Phishing",71
"INC-00527","COMP-06231","Phishing",5
"INC-00528","COMP-00228","Ransomware",13
"INC-00529","COMP-02041","Ransomware",25
"INC-00530","COMP-01593","Ransomware",11
"INC-00531","COMP-05780","Phishing",52
"INC-00532","COMP-06025","Phishing",21
"INC-00533","COMP-05659","Phishing",36
"INC-00534","COMP-01198","Phishing",26
"INC-00535","COMP-03246","Ransomware",5
"INC-00536","COMP-04099","Insider Threat",7
"INC-00537","COMP-00607","Phishing",31
"INC-00538","COMP-02751","Ransomware",22
"INC-00539","COMP-06546","Insider Threat",51
"INC-00540","COMP-06282","Phishing",52
"INC-00541","COMP-04577","Insider Threat",6
"INC-00542","COMP-01960","Ransomware",22
"INC-00543","COMP-04863","Ransomware",38
"INC-00544","COMP-03668","Insider Threat",44
"INC-00545","COMP-00821","Ransomware",45
"INC-00546","COMP-07013","Insider Threat",38
"INC-00547","COMP-06086","Ransomware",118
"INC-00548","COMP-02717","Phishing",8
"INC-00549","COMP-01774","Phishing",8
"INC-00550","COMP-00708","Phishing",11
"INC-00551","COMP-01499","Phishing",54
"INC-00552","COMP-02953","Phishing",108
"INC-00553","COMP-05288","Insider Threat",25
"INC-00554","COMP-03159","Phishing",11
"INC-00555","COMP-02544","Ransomware",10
"INC-00556","COMP-02266","Ransomware",49
"INC-00557","COMP-06476","Ransomware",32
"INC-00558","COMP-07370","Insider Threat",32
"INC-00559","COMP-00110","Ransomware",4
"INC-00560","COMP-01143","Ransomware",5
"INC-00561","COMP-00619","Phishing",30
"INC-00562","COMP-00727","Phishing",125
"INC-00563","COMP-05174","Phishing",24
"INC-00564","COMP-07737","Ransomware",40
"INC-00565","COMP-00027","Ransomware",29
"INC-00566","COMP-05346","Insider Threat",8
"INC-00567","COMP-00592","Ransomware",66
"INC-00568","COMP-01134","Ransomware",68
"INC-00569","COMP-01753","Insider Threat",97
"INC-00570","COMP-07068","Ransomware",8
"INC-00571","COMP-04623","Insider Threat",13
"INC-00572","COMP-07921","Phishing",158
"INC-00573","COMP-02918","Ransomware",6
"INC-00574","COMP-03095","Phishing",17
"INC-00575","COMP-01341","Phishing",43
"INC-00576","COMP-05459","Ransomware",31
"INC-00577","COMP-06922","Phishing",31
"INC-00578","COMP-07309","Insider Threat",13
"INC-00579","COMP-07742","Phishing",48
"INC-00580","COMP-04966","Insider Threat",8
"INC-00581","COMP-05889","Insider Threat",16
"INC-00582","COMP-04363","Phishing",21
"INC-00583","COMP-05485","Ransomware",12
"INC-00584","COMP-03866","Ransomware",50
"INC-00585","COMP-07930","Insider Threat",24
"INC-00586","COMP-03658","Phishing",45
"INC-00587","COMP-07291","Phishing",27
"INC-00588","COMP-02541","Ransomware",18
"INC-00589","COMP-05967","Phishing",47
"INC-00590","COMP-03409","Phishing",124
"INC-00591","COMP-05487","Ransomware",45
"INC-00592","COMP-02148","Phishing",50
"INC-00593","COMP-01734","Ransomware",24
"INC-00594","COMP-03530","Insider Threat",66
"INC-00595","COMP-01020","Phishing",28
"INC-00596","COMP-06747","Ransomware",33
"INC-00597","COMP-01236","Phishing",30
"INC-00598","COMP-02552","Phishing",16
"INC-00599","COMP-04377","Phishing",41
"INC-00600","COMP-01535","Phishing",7
"INC-00601","COMP-06680","Ransomware",20
"INC-00602","COMP-01616","Phishing",9
"INC-00603","COMP-03948","Ransomware",8
"INC-00604","COMP-06672","Ransomware",32
"INC-00605","COMP-05875","Phishing",8
"INC-00606","COMP-03075","Ransomware",23
"INC-00607","COMP-06968","Insider Threat",19
"INC-00608","COMP-05344","Phishing",7
"INC-00609","COMP-07317","Ransomware",6
"INC-00610","COMP-04839","Ransomware",36
"INC-00611","COMP-06339","Phishing",34
"INC-00612","COMP-05642","Phishing",18
"INC-00613","COMP-06485","Insider Threat",15
"INC-00614","COMP-07146","Phishing",8
"INC-00615","COMP-01671","Ransomware",12
"INC-00616","COMP-04755","Phishing",7
"INC-00617","COMP-00925","Phishing",74
"INC-00618","COMP-03373","Ransomware",5
"INC-00619","COMP-06314","Ransomware",8
"INC-00620","COMP-06519","Phishing",38
"INC-00621","COMP-05806","Ransomware",6
"INC-00622","COMP-07576","Ransomware",59
"INC-00623","COMP-05981","Ransomware",29
"INC-00624","COMP-07672","Insider Threat",79
"INC-00625","COMP-04254","Phishing",23
"INC-00626","COMP-05739","Insider Threat",31
"INC-00627","COMP-07085","Phishing",38
"INC-00628","COMP-01251","Phishing",30
"INC-00629","COMP-06698","Insider Threat",30
"INC-00630","COMP-05875","Phishing",32
"INC-00631","COMP-04194","Ransomware",16
"INC-00632","COMP-07591","Phishing",20
"INC-00633","COMP-04916","Phishing",94
"INC-00634","COMP-05333","Ransomware",33
"INC-00635","COMP-01333","Phishing",42
"INC-00636","COMP-04523","Phishing",18
"INC-00637","COMP-06827","Phishing",54
"INC-00638","COMP-05886","Phishing",42
"INC-00639","COMP-03098","Phishing",21
"INC-00640","COMP-05217","Phishing",31
"INC-00641","COMP-05237","Phishing",14
"INC-00642","COMP-04742","Insider Threat",51
"INC-00643","COMP-00826","Ransomware",17
"INC-00644","COMP-06935","Insider Threat",41
"INC-00645","COMP-05034","Insider Threat",85
"INC-00646","COMP-06569","Phishing",118
"INC-00647","COMP-06396","Phishing",12
"INC-00648","COMP-04076","Phishing",15
"INC-00649","COMP-01468","Phishing",37
"INC-00650","COMP-01709","Phishing",15
"INC-00651","COMP-05586","Ransomware",14
"INC-00652","COMP-04847","Phishing",123
"INC-00653","COMP-06229","Phishing",117
"INC-00654","COMP-01057","Phishing",43
"INC-00655","COMP-03979","Phishing",74
"INC-00656","COMP-03176","Phishing",15
"INC-00657","COMP-05805","Phishing",25
"INC-00658","COMP-02446","Phishing",51
"INC-00659","COMP-06274","Ransomware",67
"INC-00660","COMP-02022","Phishing",12
"INC-00661","COMP-05421","Phishing",8
"INC-00662","COMP-01280","Ransomware",173
"INC-00663","COMP-06270","Phishing",162
"INC-00664","COMP-00547","Phishing",81
"INC-00665","COMP-06300","Ransomware",52
"INC-00666","COMP-01581","Phishing",8
"INC-00667","COMP-03216","Ransomware",70
"INC-00668","COMP-07632","Phishing",19
"INC-00669","COMP-00237","Phishing",27
"INC-00670","COMP-05256","Phishing",3
"INC-00671","COMP-05369","Phishing",66
"INC-00672","COMP-04861","Phishing",29
"INC-00673","COMP-00503","Phishing",10
"INC-00674","COMP-06758","Phishing",23
"INC-00675","COMP-03174","Ransomware",8
"INC-00676","COMP-07112","Ransomware",16
"INC-00677","COMP-00095","Ransomware",44
"INC-00678","COMP-06053","Ransomware",33
"INC-00679","COMP-03031","Phishing",43
"INC-00680","COMP-05376","Ransomware",18
"INC-00681","COMP-02281","Ransomware",117
"INC-00682","COMP-04618","Ransomware",10
"INC-00683","COMP-02427","Phishing",53
"INC-00684","COMP-05308","Ransomware",38
"INC-00685","COMP-01018","Insider Threat",16
"INC-00686","COMP-00331","Insider Threat",43
"INC-00687","COMP-05083","Phishing",167
"INC-00688","COMP-06039","Ransomware",16
"INC-00689","COMP-01185","Phishing",9
"INC-00690","COMP-05334","Phishing",11
"INC-00691","COMP-04367","Ransomware",27
"INC-00692","COMP-03140","Ransomware",13
"INC-00693","COMP-04924","Ransomware",10
"INC-00694","COMP-04711","Phishing",14
"INC-00695","COMP-00491","Insider Threat",54
"INC-00696","COMP-00138","Phishing",32
"INC-00697","COMP-00712","Ransomware",3
"INC-00698","COMP-07391","Ransomware",22
"INC-00699","COMP-03036","Phishing",18
"INC-00700","COMP-06499","Phishing",17
"INC-00701","COMP-00685","Phishing",13
"INC-00702","COMP-03156","Insider Threat",74
"INC-00703","COMP-03767","Ransomware",11
"INC-00704","COMP-03192","Ransomware",26
"INC-00705","COMP-04784","Ransomware",58
"INC-00706","COMP-00008","Ransomware",36
"INC-00707","COMP-00864","Ransomware",24
"INC-00708","COMP-04201","Phishing",10
"INC-00709","COMP-04272","Phishing",6
"INC-00710","COMP-07755","Ransomware",14
"INC-00711","COMP-04237","Phishing",48
"INC-00712","COMP-04199","Ransomware",16
"INC-00713","COMP-06674","Insider Threat",21
"INC-00714","COMP-01895","Phishing",24
"INC-00715","COMP-05461","Insider Threat",65
"INC-00716","COMP-06277","Phishing",14
"INC-00717","COMP-02591","Phishing",15
"INC-00718","COMP-05432","Phishing",52
"INC-00719","COMP-06676","Ransomware",21
"INC-00720","COMP-05842","Ransomware",42
"INC-00721","COMP-03175","Insider Threat",30
"INC-00722","COMP-00753","Ransomware",117
"INC-00723","COMP-07162","Ransomware",43
"INC-00724","COMP-04803","Phishing",16
"INC-00725","COMP-04848","Phishing",21
"INC-00726","COMP-02312","Phishing",52
"INC-00727","COMP-04371","Ransomware",29
"INC-00728","COMP-01138","Phishing",6
"INC-00729","COMP-02314","Insider Threat",27
"INC-00730","COMP-03279","Phishing",53
"INC-00731","COMP-01853","Insider Threat",11
"INC-00732","COMP-03340","Ransomware",46
"INC-00733","COMP-00163","Ransomware",11
"INC-00734","COMP-07860","Phishing",31
"INC-00735","COMP-05744","Ransomware",37
"INC-00736","COMP-01056","Insider Threat",6
"INC-00737","COMP-03773","Phishing",22
"INC-00738","COMP-00566","Phishing",24
"INC-00739","COMP-00490","Ransomware",10
"INC-00740","COMP-03490","Ransomware",22
"INC-00741","COMP-01512","Ransomware",25
"INC-00742","COMP-05761","Phishing",11
"INC-00743","COMP-04557","Ransomware",37
"INC-00744","COMP-07687","Ransomware",13
"INC-00745","COMP-05323","Phishing",10
"INC-00746","COMP-01035","Phishing",57
"INC-00747","COMP-00589","Ransomware",21
"INC-00748","COMP-04031","Phishing",79
"INC-00749","COMP-03685","Phishing",8
"INC-00750","COMP-02786","Ransomware",26
"INC-00751","COMP-02191","Ransomware",20
"INC-00752","COMP-03109","Ransomware",7
"INC-00753","COMP-02446","Ransomware",44
"INC-00754","COMP-02533","Ransomware",35
"INC-00755","COMP-06400","Insider Threat",31
"INC-00756","COMP-00346","Ransomware",19
"INC-00757","COMP-04785","Ransomware",65
"INC-00758","COMP-06556","Phishing",20
"INC-00759","COMP-00722","Ransomware",13
"INC-00760","COMP-02875","Insider Threat",30
"INC-00761","COMP-01654","Ransomware",14
"INC-00762","COMP-00273","Insider Threat",3
"INC-00763","COMP-05042","Phishing",31
"INC-00764","COMP-00039","Phishing",21
"INC-00765","COMP-02029","Phishing",41
"INC-00766","COMP-00418","Ransomware",38
"INC-00767","COMP-04300","Phishing",30
"INC-00768","COMP-04318","Ransomware",18
"INC-00769","COMP-00163","Insider Threat",13
"INC-00770","COMP-02708","Phishing",42
"INC-00771","COMP-00474","Ransomware",103
"INC-00772","COMP-00985","Ransomware",12
"INC-00773","COMP-04616","Ransomware",66
"INC-00774","COMP-07444","Phishing",109
"INC-00775","COMP-00668","Ransomware",86
"INC-00776","COMP-02999","Ransomware",18
"INC-00777","COMP-01390","Insider Threat",27
"INC-00778","COMP-06241","Phishing",7
"INC-00779","COMP-01720","Insider Threat",20
"INC-00780","COMP-01582","Ransomware",16
"INC-00781","COMP-01365","Ransomware",50
"INC-00782","COMP-04856","Phishing",13
"INC-00783","COMP-01010","Insider Threat",15
"INC-00784","COMP-02232","Phishing",26
"INC-00785","COMP-01634","Ransomware",12
"INC-00786","COMP-04414","Phishing",6
"INC-00787","COMP-02117","Insider Threat",35
"INC-00788","COMP-01450","Phishing",6
"INC-00789","COMP-02316","Insider Threat",19
"INC-00790","COMP-01283","Ransomware",61
"INC-00791","COMP-06522","Phishing",34
"INC-00792","COMP-02066","Phishing",39
"INC-00793","COMP-00242","Phishing",11
"INC-00794","COMP-02226","Ransomware",9
"INC-00795","COMP-02991","Phishing",47
"INC-00796","COMP-07560","Phishing",9
"INC-00797","COMP-07795","Phishing",71
"INC-00798","COMP-07656","Insider Threat",33
"INC-00799","COMP-03614","Insider Threat",25
"INC-00800","COMP-05268","Phishing",31
"INC-00801","COMP-01843","Ransomware",9
"INC-00802","COMP-02722","Phishing",36
"INC-00803","COMP-07616","Insider Threat",56
"INC-00804","COMP-01301","Insider Threat",11
"INC-00805","COMP-00180","Phishing",21
"INC-00806","COMP-03071","Phishing",12
"INC-00807","COMP-03155","Ransomware",26
"INC-00808","COMP-05757","Ransomware",17
"INC-00809","COMP-06650","Phishing",54
"INC-00810","COMP-00747","Phishing",10
"INC-00811","COMP-06127","Phishing",23
"INC-00812","COMP-03666","Phishing",25
"INC-00813","COMP-07208","Insider Threat",6
"INC-00814","COMP-01816","Phishing",20
"INC-00815","COMP-00938","Ransomware",12
"INC-00816","COMP-07325","Phishing",14
"INC-00817","COMP-05538","Ransomware",43
"INC-00818","COMP-06934","Ransomware",47
"INC-00819","COMP-00900","Phishing",9
"INC-00820","COMP-03287","Phishing",23
"INC-00821","COMP-03985","Phishing",7
"INC-00822","COMP-00236","Phishing",48
"INC-00823","COMP-02423","Phishing",16
"INC-00824","COMP-03732","Ransomware",54
"INC-00825","COMP-04787","Phishing",9
"INC-00826","COMP-04391","Phishing",68
"INC-00827","COMP-02569","Phishing",15
"INC-00828","COMP-00831","Ransomware",13
"INC-00829","COMP-01726","Phishing",17
"INC-00830","COMP-06675","Ransomware",10
"INC-00831","COMP-04117","Insider Threat",4
"INC-00832","COMP-03051","Phishing",25
"INC-00833","COMP-01387","Insider Threat",105
"INC-00834","COMP-00959","Ransomware",26
"INC-00835","COMP-02540","Phishing",30
"INC-00836","COMP-04049","Phishing",96
"INC-00837","COMP-02914","Phishing",20
"INC-00838","COMP-02420","Ransomware",12
"INC-00839","COMP-03975","Phishing",32
"INC-00840","COMP-03761","Ransomware",23
"INC-00841","COMP-03908","Phishing",19
"INC-00842","COMP-04013","Phishing",30
"INC-00843","COMP-06771","Ransomware",19
"INC-00844","COMP-03393","Insider Threat",13
"INC-00845","COMP-03164","Ransomware",6
"INC-00846","COMP-05457","Ransomware",11
"INC-00847","COMP-04516","Phishing",14
"INC-00848","COMP-06841","Ransomware",31
"INC-00849","COMP-04002","Ransomware",20
"INC-00850","COMP-03739","Ransomware",13
"INC-00851","COMP-07133","Phishing",8
"INC-00852","COMP-05786","Ransomware",25
"INC-00853","COMP-04153","Phishing",61
"INC-00854","COMP-07893","Phishing",13
"INC-00855","COMP-01256","Ransomware",63
"INC-00856","COMP-04899","Ransomware",15
"INC-00857","COMP-01722","Ransomware",183
"INC-00858","COMP-03085","Phishing",18
"INC-00859","COMP-07778","Ransomware",53
"INC-00860","COMP-06647","Ransomware",36
"INC-00861","COMP-03300","Phishing",22
"INC-00862","COMP-04905","Phishing",10
"INC-00863","COMP-02475","Ransomware",30
"INC-00864","COMP-00348","Insider Threat",55
"INC-00865","COMP-00394","Phishing",22
"INC-00866","COMP-02912","Ransomware",20
"INC-00867","COMP-03182","Ransomware",110
"INC-00868","COMP-02587","Ransomware",13
"INC-00869","COMP-04449","Phishing",19
"INC-00870","COMP-06400","Ransomware",15
"INC-00871","COMP-05185","Phishing",106
"INC-00872","COMP-03662","Phishing",54
"INC-00873","COMP-01919","Ransomware",32
"INC-00874","COMP-04852","Ransomware",19
"INC-00875","COMP-00058","Ransomware",65
"INC-00876","COMP-07925","Insider Threat",45
"INC-00877","COMP-00480","Ransomware",33
"INC-00878","COMP-02588","Ransomware",22
"INC-00879","COMP-01003","Ransomware",29
"INC-00880","COMP-04607","Ransomware",6
"INC-00881","COMP-05408","Phishing",3
"INC-00882","COMP-04457","Phishing",40
"INC-00883","COMP-06302","Phishing",77
"INC-00884","COMP-02419","Insider Threat",15
"INC-00885","COMP-01701","Insider Threat",84
"INC-00886","COMP-00757","Phishing",43
"INC-00887","COMP-04450","Ransomware",78
"INC-00888","COMP-04585","Phishing",78
"INC-00889","COMP-06115","Ransomware",19
"INC-00890","COMP-07832","Insider Threat",37
"INC-00891","COMP-02732","Phishing",28
"INC-00892","COMP-07714","Ransomware",12
"INC-00893","COMP-05080","Phishing",31
"INC-00894","COMP-04733","Insider Threat",18
"INC-00895","COMP-02332","Ransomware",50
"INC-00896","COMP-00816","Phishing",35
"INC-00897","COMP-00530","Phishing",27
"INC-00898","COMP-05270","Ransomware",75
"INC-00899","COMP-05786","Ransomware",36
"INC-00900","COMP-00561","Insider Threat",89
"INC-00901","COMP-02772","Phishing",4
"INC-00902","COMP-07007","Phishing",45
"INC-00903","COMP-07016","Ransomware",7
"INC-00904","COMP-00030","Ransomware",37
"INC-00905","COMP-07752","Phishing",12
"INC-00906","COMP-07091","Phishing",22
"INC-00907","COMP-00943","Phishing",30
"INC-00908","COMP-07641","Ransomware",75
"INC-00909","COMP-02106","Insider Threat",25
"INC-00910","COMP-04774","Phishing",69
"INC-00911","COMP-07267","Phishing",43
"INC-00912","COMP-04929","Phishing",12
"INC-00913","COMP-01950","Insider Threat",16
"INC-00914","COMP-04271","Phishing",2
"INC-00915","COMP-01540","Ransomware",14
"INC-00916","COMP-06044","Ransomware",31
"INC-00917","COMP-01065","Insider Threat",23
"INC-00918","COMP-05473","Ransomware",12
"INC-00919","COMP-07659","Phishing",14
"INC-00920","COMP-02758","Ransomware",28
"INC-00921","COMP-07956","Ransomware",26
"INC-00922","COMP-00910","Ransomware",4
"INC-00923","COMP-04745","Ransomware",12
"INC-00924","COMP-06236","Phishing",23
"INC-00925","COMP-00415","Phishing",49
"INC-00926","COMP-00664","Phishing",5
"INC-00927","COMP-00454","Insider Threat",23
"INC-00928","COMP-06124","Ransomware",9
"INC-00929","COMP-03734","Ransomware",46
"INC-00930","COMP-04593","Insider Threat",17
"INC-00931","COMP-06411","Phishing",18
"INC-00932","COMP-02491","Phishing",13
"INC-00933","COMP-04041","Insider Threat",7
"INC-00934","COMP-07378","Insider Threat",9
"INC-00935","COMP-00875","Phishing",17
"INC-00936","COMP-07827","Phishing",38
"INC-00937","COMP-03435","Phishing",33
"INC-00938","COMP-01905","Phishing",101
"INC-00939","COMP-03569","Phishing",30
"INC-00940","COMP-02344","Ransomware",17
"INC-00941","COMP-02507","Phishing",38
"INC-00942","COMP-01778","Ransomware",19
"INC-00943","COMP-04321","Phishing",72
"INC-00944","COMP-04919","Insider Threat",26
"INC-00945","COMP-01702","Phishing",161
"INC-00946","COMP-04642","Ransomware",4
"INC-00947","COMP-04334","Phishing",9
"INC-00948","COMP-01765","Phishing",45
"INC-00949","COMP-05121","Phishing",40
"INC-00950","COMP-01886","Phishing",24
"INC-00951","COMP-04665","Ransomware",5
"INC-00952","COMP-06967","Ransomware",12
"INC-00953","COMP-05010","Phishing",57
"INC-00954","COMP-03900","Phishing",55
"INC-00955","COMP-03780","Insider Threat",16
"INC-00956","COMP-03023","Phishing",18
"INC-00957","COMP-00071","Insider Threat",7
"INC-00958","COMP-05774","Ransomware",23
"INC-00959","COMP-00010","Phishing",34
"INC-00960","COMP-03555","Phishing",40
"INC-00961","COMP-01991","Insider Threat",122
"INC-00962","COMP-05189","Insider Threat",76
"INC-00963","COMP-02904","Phishing",48
"INC-00964","COMP-06310","Ransomware",9
"INC-00965","COMP-07301","Ransomware",25
"INC-00966","COMP-00789","Phishing",46
"INC-00967","COMP-00063","Phishing",12
"INC-00968","COMP-01266","Phishing",11
"INC-00969","COMP-00489","Insider Threat",7
"INC-00970","COMP-00035","Phishing",24
"INC-00971","COMP-06403","Phishing",11
"INC-00972","COMP-04297","Phishing",12
"INC-00973","COMP-07104","Phishing",16
"INC-00974","COMP-07679","Ransomware",24
"INC-00975","COMP-00813","Phishing",32
"INC-00976","COMP-03163","Ransomware",12
"INC-00977","COMP-03869","Ransomware",21
"INC-00978","COMP-07899","Ransomware",55
"INC-00979","COMP-00487","Ransomware",39
"INC-00980","COMP-06442","Phishing",186
"INC-00981","COMP-04113","Phishing",13
"INC-00982","COMP-04578","Ransomware",27
"INC-00983","COMP-02580","Phishing",23
"INC-00984","COMP-01457","Phishing",116
"INC-00985","COMP-03546","Phishing",16
"INC-00986","COMP-06220","Phishing",14
"INC-00987","COMP-07256","Ransomware",51
"INC-00988","COMP-04056","Phishing",64
"INC-00989","COMP-03046","Phishing",53
"INC-00990","COMP-04254","Insider Threat",11
"INC-00991","COMP-01750","Insider Threat",19
"INC-00992","COMP-04574","Phishing",172
"INC-00993","COMP-02739","Phishing",6
"INC-00994","COMP-05578","Insider Threat",106
"INC-00995","COMP-07280","Phishing",47
"INC-00996","COMP-01185","Phishing",15
"INC-00997","COMP-03178","Phishing",19
"INC-00998","COMP-03207","Ransomware",11
"INC-00999","COMP-07705","Phishing",18
"INC-01000","COMP-02584","Ransomware",34
"INC-01001","COMP-05887","Phishing",41
"INC-01002","COMP-03906","Ransomware",5
"INC-01003","COMP-00292","Ransomware",18
"INC-01004","COMP-05896","Ransomware",19
"INC-01005","COMP-03055","Phishing",14
"INC-01006","COMP-07374","Phishing",47
"INC-01007","COMP-02193","Phishing",60
"INC-01008","COMP-06842","Ransomware",40
"INC-01009","COMP-02981","Ransomware",12
"INC-01010","COMP-02801","Ransomware",26
"INC-01011","COMP-01169","Insider Threat",39
"INC-01012","COMP-07248","Ransomware",34
"INC-01013","COMP-02912","Ransomware",9
"INC-01014","COMP-04090","Phishing",20
"INC-01015","COMP-00692","Ransomware",14
"INC-01016","COMP-07193","Ransomware",25
"INC-01017","COMP-05630","Ransomware",24
"INC-01018","COMP-04582","Phishing",12
"INC-01019","COMP-06339","Ransomware",157
"INC-01020","COMP-07822","Phishing",76
"INC-01021","COMP-06712","Phishing",68
"INC-01022","COMP-04780","Phishing",7
"INC-01023","COMP-05815","Ransomware",55
"INC-01024","COMP-06089","Phishing",17
"INC-01025","COMP-00750","Phishing",26
"INC-01026","COMP-04675","Ransomware",3
"INC-01027","COMP-05284","Ransomware",19
"INC-01028","COMP-07459","Ransomware",37
"INC-01029","COMP-04135","Insider Threat",5
"INC-01030","COMP-01505","Ransomware",24
"INC-01031","COMP-04796","Phishing",17
"INC-01032","COMP-01272","Phishing",108
"INC-01033","COMP-01829","Ransomware",22
"INC-01034","COMP-01878","Ransomware",18
"INC-01035","COMP-02436","Phishing",31
"INC-01036","COMP-02333","Phishing",11
"INC-01037","COMP-01499","Insider Threat",34
"INC-01038","COMP-00392","Insider Threat",31
"INC-01039","COMP-03372","Insider Threat",5
"INC-01040","COMP-07468","Phishing",20
"INC-01041","COMP-04620","Ransomware",16
"INC-01042","COMP-01135","Phishing",17
"INC-01043","COMP-07817","Ransomware",14
"INC-01044","COMP-01112","Phishing",71
"INC-01045","COMP-07875","Ransomware",15
"INC-01046","COMP-04227","Ransomware",40
"INC-01047","COMP-02714","Ransomware",61
"INC-01048","COMP-06505","Ransomware",14
"INC-01049","COMP-04864","Ransomware",21
"INC-01050","COMP-07559","Ransomware",5
"INC-01051","COMP-03483","Phishing",32
"INC-01052","COMP-02519","Ransomware",11
"INC-01053","COMP-02988","Phishing",49
"INC-01054","COMP-00749","Phishing",31
"INC-01055","COMP-06577","Phishing",38
"INC-01056","COMP-02272","Ransomware",49
"INC-01057","COMP-06223","Ransomware",23
"INC-01058","COMP-07471","Ransomware",29
"INC-01059","COMP-06548","Phishing",39
"INC-01060","COMP-05091","Ransomware",20
"INC-01061","COMP-01627","Phishing",16
"INC-01062","COMP-04653","Ransomware",48
"INC-01063","COMP-02195","Ransomware",25
"INC-01064","COMP-04674","Ransomware",45
"INC-01065","COMP-02966","Ransomware",33
"INC-01066","COMP-02725","Phishing",17
"INC-01067","COMP-02153","Phishing",22
"INC-01068","COMP-01789","Ransomware",32
"INC-01069","COMP-01714","Phishing",23
"INC-01070","COMP-01057","Phishing",16
"INC-01071","COMP-00324","Ransomware",7
"INC-01072","COMP-02130","Insider Threat",49
"INC-01073","COMP-05694","Insider Threat",12
"INC-01074","COMP-02661","Phishing",17
"INC-01075","COMP-04195","Insider Threat",19
"INC-01076","COMP-03882","Phishing",34
"INC-01077","COMP-03128","Phishing",23
"INC-01078","COMP-00153","Ransomware",18
"INC-01079","COMP-04775","Insider Threat",13
"INC-01080","COMP-04110","Phishing",44
"INC-01081","COMP-01085","Insider Threat",27
"INC-01082","COMP-03931","Phishing",179
"INC-01083","COMP-01098","Ransomware",5
"INC-01084","COMP-01536","Ransomware",89
"INC-01085","COMP-07754","Ransomware",13
"INC-01086","COMP-07061","Insider Threat",20
"INC-01087","COMP-03753","Phishing",44
"INC-01088","COMP-07847","Insider Threat",41
"INC-01089","COMP-04166","Ransomware",31
"INC-01090","COMP-07092","Phishing",18
"INC-01091","COMP-04508","Ransomware",15
"INC-01092","COMP-02824","Phishing",228
"INC-01093","COMP-03743","Phishing",2
"INC-01094","COMP-02138","Ransomware",33
"INC-01095","COMP-06334","Ransomware",34
"INC-01096","COMP-01816","Ransomware",23
"INC-01097","COMP-02341","Phishing",28
"INC-01098","COMP-06458","Insider Threat",34
"INC-01099","COMP-05459","Insider Threat",32
"INC-01100","COMP-02644","Ransomware",35
"INC-01101","COMP-02059","Phishing",111
"INC-01102","COMP-01883","Phishing",9
"INC-01103","COMP-03825","Phishing",23
"INC-01104","COMP-05447","Phishing",19
"INC-01105","COMP-01464","Phishing",28
"INC-01106","COMP-07530","Ransomware",24
"INC-01107","COMP-05292","Ransomware",10
"INC-01108","COMP-00374","Insider Threat",18
"INC-01109","COMP-06276","Ransomware",30
"INC-01110","COMP-06303","Ransomware",23
"INC-01111","COMP-02228","Phishing",40
"INC-01112","COMP-03619","Phishing",44
"INC-01113","COMP-00189","Ransomware",16
"INC-01114","COMP-01981","Phishing",12
"INC-01115","COMP-00065","Phishing",17
"INC-01116","COMP-04528","Insider Threat",20
"INC-01117","COMP-04096","Phishing",9
"INC-01118","COMP-04986","Phishing",8
"INC-01119","COMP-03333","Phishing",10
"INC-01120","COMP-07667","Phishing",57
"INC-01121","COMP-01553","Phishing",42
"INC-01122","COMP-05163","Ransomware",51
"INC-01123","COMP-02497","Ransomware",18
"INC-01124","COMP-07128","Phishing",11
"INC-01125","COMP-06689","Phishing",29
"INC-01126","COMP-00594","Ransomware",65
"INC-01127","COMP-06211","Phishing",20
"INC-01128","COMP-03582","Phishing",32
"INC-01129","COMP-00069","Ransomware",30
"INC-01130","COMP-03879","Phishing",50
"INC-01131","COMP-06086","Phishing",19
"INC-01132","COMP-00720","Phishing",31
"INC-01133","COMP-05389","Ransomware",16
"INC-01134","COMP-02337","Phishing",38
"INC-01135","COMP-01400","Ransomware",13
"INC-01136","COMP-03839","Phishing",27
"INC-01137","COMP-05363","Ransomware",66
"INC-01138","COMP-04786","Insider Threat",22
"INC-01139","COMP-02698","Ransomware",139
"INC-01140","COMP-07758","Insider Threat",19
"INC-01141","COMP-06762","Phishing",37
"INC-01142","COMP-07415","Phishing",9
"INC-01143","COMP-02146","Phishing",22
"INC-01144","COMP-03280","Phishing",8
"INC-01145","COMP-04732","Phishing",13
"INC-01146","COMP-04073","Phishing",9
"INC-01147","COMP-06737","Ransomware",6
"INC-01148","COMP-07682","Insider Threat",19
"INC-01149","COMP-05839","Phishing",6
"INC-01150","COMP-00855","Ransomware",19
"INC-01151","COMP-03163","Ransomware",56
"INC-01152","COMP-06440","Phishing",28
"INC-01153","COMP-07842","Phishing",11
"INC-01154","COMP-07857","Ransomware",11
"INC-01155","COMP-03958","Ransomware",45
"INC-01156","COMP-07491","Phishing",5
"INC-01157","COMP-06571","Insider Threat",23
"INC-01158","COMP-02362","Ransomware",7
"INC-01159","COMP-04901","Ransomware",27
"INC-01160","COMP-06166","Phishing",7
"INC-01161","COMP-01761","Phishing",32
"INC-01162","COMP-01795","Phishing",10
"INC-01163","COMP-04174","Ransomware",34
"INC-01164","COMP-04326","Phishing",66
"INC-01165","COMP-05392","Phishing",7
"INC-01166","COMP-06218","Phishing",12
"INC-01167","COMP-04123","Phishing",10
"INC-01168","COMP-03016","Insider Threat",28
"INC-01169","COMP-00983","Phishing",53
"INC-01170","COMP-07414","Insider Threat",28
"INC-01171","COMP-06409","Phishing",344
"INC-01172","COMP-04707","Insider Threat",23
"INC-01173","COMP-01762","Insider Threat",28
"INC-01174","COMP-03750","Insider Threat",22
"INC-01175","COMP-02530","Ransomware",40
"INC-01176","COMP-03760","Phishing",22
"INC-01177","COMP-05790","Insider Threat",20
"INC-01178","COMP-02777","Phishing",17
"INC-01179","COMP-03166","Phishing",13
"INC-01180","COMP-00201","Phishing",72
"INC-01181","COMP-00293","Ransomware",40
"INC-01182","COMP-02769","Ransomware",73
"INC-01183","COMP-04332","Insider Threat",16
"INC-01184","COMP-06932","Phishing",31
"INC-01185","COMP-03428","Ransomware",33
"INC-01186","COMP-00486","Ransomware",7
"INC-01187","COMP-03682","Ransomware",54
"INC-01188","COMP-03139","Phishing",26
"INC-01189","COMP-03570","Ransomware",36
"INC-01190","COMP-01790","Phishing",41
"INC-01191","COMP-01809","Ransomware",28
"INC-01192","COMP-06488","Phishing",8
"INC-01193","COMP-02034","Ransomware",42
"INC-01194","COMP-01789","Phishing",43
"INC-01195","COMP-06347","Phishing",21
"INC-01196","COMP-04104","Phishing",45
"INC-01197","COMP-07335","Phishing",25
"INC-01198","COMP-05173","Ransomware",6
"INC-01199","COMP-07060","Phishing",41
"INC-01200","COMP-00860","Phishing",32
"INC-01201","COMP-07926","Phishing",59
"INC-01202","COMP-05053","Ransomware",9
"INC-01203","COMP-03223","Phishing",14
"INC-01204","COMP-01848","Phishing",8
"INC-01205","COMP-00417","Phishing",14
"INC-01206","COMP-00444","Ransomware",41
"INC-01207","COMP-05240","Ransomware",48
"INC-01208","COMP-01555","Phishing",19
"INC-01209","COMP-00848","Ransomware",15
"INC-01210","COMP-07400","Phishing",10
"INC-01211","COMP-05364","Phishing",106
"INC-01212","COMP-06578","Phishing",54
"INC-01213","COMP-06005","Phishing",10
"INC-01214","COMP-01802","Phishing",28
"INC-01215","COMP-01482","Ransomware",20
"INC-01216","COMP-05011","Phishing",25
"INC-01217","COMP-01014","Ransomware",33
"INC-01218","COMP-05197","Insider Threat",141
"INC-01219","COMP-01879","Ransomware",58
"INC-01220","COMP-03180","Phishing",34
"INC-01221","COMP-04008","Phishing",12
"INC-01222","COMP-00309","Phishing",87
"INC-01223","COMP-07270","Insider Threat",41
"INC-01224","COMP-00118","Phishing",31
"INC-01225","COMP-05415","Ransomware",19
"INC-01226","COMP-03772","Ransomware",7
"INC-01227","COMP-03239","Phishing",51
"INC-01228","COMP-02725","Ransomware",22
"INC-01229","COMP-01217","Insider Threat",61
"INC-01230","COMP-03251","Phishing",58
"INC-01231","COMP-01208","Phishing",23
"INC-01232","COMP-03179","Phishing",17
"INC-01233","COMP-03554","Insider Threat",77
"INC-01234","COMP-06066","Phishing",40
"INC-01235","COMP-06039","Ransomware",29
"INC-01236","COMP-06762","Phishing",69
"INC-01237","COMP-02214","Phishing",119
"INC-01238","COMP-04661","Insider Threat",8
"INC-01239","COMP-00292","Ransomware",33
"INC-01240","COMP-06205","Phishing",58
"INC-01241","COMP-02828","Insider Threat",15
"INC-01242","COMP-06645","Ransomware",16
"INC-01243","COMP-00262","Phishing",8
"INC-01244","COMP-05841","Ransomware",23
"INC-01245","COMP-06126","Phishing",15
"INC-01246","COMP-04481","Phishing",10
"INC-01247","COMP-04667","Ransomware",98
"INC-01248","COMP-03179","Ransomware",9
"INC-01249","COMP-03640","Phishing",26
"INC-01250","COMP-06996","Phishing",26
"INC-01251","COMP-05018","Phishing",38
"INC-01252","COMP-06713","Insider Threat",10
"INC-01253","COMP-02556","Phishing",32
"INC-01254","COMP-07507","Ransomware",158
"INC-01255","COMP-02174","Ransomware",81
"INC-01256","COMP-00696","Ransomware",14
"INC-01257","COMP-01765","Phishing",20
"INC-01258","COMP-02051","Phishing",31
"INC-01259","COMP-07981","Phishing",44
"INC-01260","COMP-00403","Ransomware",34
"INC-01261","COMP-03573","Phishing",21
"INC-01262","COMP-01789","Ransomware",46
"INC-01263","COMP-05753","Phishing",16
"INC-01264","COMP-01330","Insider Threat",27
"INC-01265","COMP-00084","Ransomware",32
"INC-01266","COMP-05343","Ransomware",26
"INC-01267","COMP-03086","Phishing",49
"INC-01268","COMP-00610","Phishing",14
"INC-01269","COMP-06497","Phishing",15
"INC-01270","COMP-07158","Ransomware",30
"INC-01271","COMP-03478","Insider Threat",17
"INC-01272","COMP-07598","Ransomware",40
"INC-01273","COMP-03335","Phishing",9
"INC-01274","COMP-07343","Phishing",19
"INC-01275","COMP-07095","Insider Threat",5
"INC-01276","COMP-05158","Ransomware",110
"INC-01277","COMP-00620","Ransomware",31
"INC-01278","COMP-01268","Phishing",29
"INC-01279","COMP-05803","Phishing",18
"INC-01280","COMP-01886","Ransomware",20
"INC-01281","COMP-06705","Phishing",6
"INC-01282","COMP-04377","Insider Threat",23
"INC-01283","COMP-06218","Phishing",18
"INC-01284","COMP-01438","Ransomware",35
"INC-01285","COMP-05019","Ransomware",15
"INC-01286","COMP-00659","Phishing",32
"INC-01287","COMP-05290","Ransomware",30
"INC-01288","COMP-06461","Phishing",93
"INC-01289","COMP-05321","Phishing",37
"INC-01290","COMP-00406","Insider Threat",54
"INC-01291","COMP-01115","Insider Threat",39
"INC-01292","COMP-01608","Ransomware",14
"INC-01293","COMP-04563","Ransomware",16
"INC-01294","COMP-01351","Phishing",21
"INC-01295","COMP-03034","Phishing",9
"INC-01296","COMP-01399","Ransomware",55
"INC-01297","COMP-01040","Insider Threat",23
"INC-01298","COMP-01096","Phishing",26
"INC-01299","COMP-05783","Ransomware",30
"INC-01300","COMP-04309","Phishing",65
"INC-01301","COMP-03132","Phishing",19
"INC-01302","COMP-06864","Phishing",11
"INC-01303","COMP-06239","Ransomware",39
"INC-01304","COMP-07157","Insider Threat",10
"INC-01305","COMP-03454","Insider Threat",21
"INC-01306","COMP-05469","Ransomware",26
"INC-01307","COMP-02219","Phishing",7
"INC-01308","COMP-04281","Phishing",24
"INC-01309","COMP-07835","Phishing",60
"INC-01310","COMP-00586","Phishing",40
"INC-01311","COMP-00980","Ransomware",39
"INC-01312","COMP-00896","Ransomware",23
"INC-01313","COMP-01170","Insider Threat",35
"INC-01314","COMP-04112","Phishing",17
"INC-01315","COMP-03784","Phishing",78
"INC-01316","COMP-03669","Phishing",21
"INC-01317","COMP-07269","Ransomware",97
"INC-01318","COMP-07319","Phishing",5
"INC-01319","COMP-04346","Insider Threat",17
"INC-01320","COMP-07602","Ransomware",30
"INC-01321","COMP-03055","Phishing",120
"INC-01322","COMP-03586","Ransomware",12
"INC-01323","COMP-03712","Phishing",30
"INC-01324","COMP-06903","Phishing",14
"INC-01325","COMP-02529","Phishing",14
"INC-01326","COMP-06492","Ransomware",56
"INC-01327","COMP-02975","Phishing",23
"INC-01328","COMP-07132","Phishing",10
"INC-01329","COMP-02794","Phishing",28
"INC-01330","COMP-06326","Ransomware",34
"INC-01331","COMP-04733","Ransomware",14
"INC-01332","COMP-00073","Phishing",19
"INC-01333","COMP-04897","Phishing",73
"INC-01334","COMP-06033","Insider Threat",21
"INC-01335","COMP-06253","Phishing",3
"INC-01336","COMP-00390","Phishing",47
"INC-01337","COMP-03980","Ransomware",15
"INC-01338","COMP-01747","Phishing",26
"INC-01339","COMP-03745","Phishing",39
"INC-01340","COMP-00651","Ransomware",4
"INC-01341","COMP-01500","Phishing",96
"INC-01342","COMP-04416","Ransomware",116
"INC-01343","COMP-03645","Phishing",12
"INC-01344","COMP-02139","Ransomware",53
"INC-01345","COMP-03260","Phishing",220
"INC-01346","COMP-07376","Insider Threat",10
"INC-01347","COMP-07630","Phishing",46
"INC-01348","COMP-07219","Ransomware",11
"INC-01349","COMP-04533","Ransomware",15
"INC-01350","COMP-07255","Phishing",18
"INC-01351","COMP-07077","Ransomware",21
"INC-01352","COMP-04264","Phishing",84
"INC-01353","COMP-07989","Ransomware",62
"INC-01354","COMP-07379","Phishing",57
"INC-01355","COMP-04528","Phishing",35
"INC-01356","COMP-06892","Ransomware",52
"INC-01357","COMP-01327","Ransomware",21
"INC-01358","COMP-05575","Phishing",16
"INC-01359","COMP-05409","Phishing",12
"INC-01360","COMP-05528","Phishing",12
"INC-01361","COMP-06351","Ransomware",50
"INC-01362","COMP-03656","Phishing",17
"INC-01363","COMP-01030","Phishing",9
"INC-01364","COMP-05675","Phishing",90
"INC-01365","COMP-01378","Phishing",88
"INC-01366","COMP-00929","Insider Threat",62
"INC-01367","COMP-01758","Ransomware",23
"INC-01368","COMP-00692","Ransomware",7
"INC-01369","COMP-00101","Ransomware",52
"INC-01370","COMP-04351","Phishing",28
"INC-01371","COMP-04773","Phishing",15
"INC-01372","COMP-07595","Ransomware",26
"INC-01373","COMP-03291","Phishing",18
"INC-01374","COMP-01819","Insider Threat",56
"INC-01375","COMP-04785","Insider Threat",8
"INC-01376","COMP-02193","Phishing",66
"INC-01377","COMP-05694","Ransomware",18
"INC-01378","COMP-03191","Ransomware",41
"INC-01379","COMP-02074","Insider Threat",14
"INC-01380","COMP-01886","Phishing",42
"INC-01381","COMP-00825","Insider Threat",7
"INC-01382","COMP-06528","Ransomware",10
"INC-01383","COMP-07417","Phishing",71
"INC-01384","COMP-02843","Ransomware",3
"INC-01385","COMP-00467","Phishing",43
"INC-01386","COMP-05453","Phishing",25
"INC-01387","COMP-07250","Phishing",9
"INC-01388","COMP-03530","Phishing",16
"INC-01389","COMP-01155","Phishing",30
"INC-01390","COMP-06001","Phishing",21
"INC-01391","COMP-01500","Insider Threat",35
"INC-01392","COMP-05333","Ransomware",34
"INC-01393","COMP-05450","Phishing",150
"INC-01394","COMP-01697","Insider Threat",17
"INC-01395","COMP-06667","Ransomware",39
"INC-01396","COMP-07181","Phishing",21
"INC-01397","COMP-02990","Phishing",8
"INC-01398","COMP-03693","Phishing",34
"INC-01399","COMP-01479","Insider Threat",6
"INC-01400","COMP-07912","Phishing",45
"INC-01401","COMP-04132","Ransomware",26
"INC-01402","COMP-02574","Phishing",41
"INC-01403","COMP-02629","Ransomware",12
"INC-01404","COMP-03769","Phishing",19
"INC-01405","COMP-06740","Phishing",11
"INC-01406","COMP-03315","Phishing",56
"INC-01407","COMP-01239","Phishing",8
"INC-01408","COMP-05422","Phishing",48
"INC-01409","COMP-07955","Ransomware",31
"INC-01410","COMP-04783","Insider Threat",51
"INC-01411","COMP-00249","Phishing",30
"INC-01412","COMP-07664","Phishing",48
"INC-01413","COMP-03523","Phishing",22
"INC-01414","COMP-06082","Phishing",11
"INC-01415","COMP-07270","Phishing",5
"INC-01416","COMP-07102","Phishing",86
"INC-01417","COMP-06759","Phishing",69
"INC-01418","COMP-00394","Insider Threat",6
"INC-01419","COMP-00365","Phishing",59
"INC-01420","COMP-07594","Insider Threat",16
"INC-01421","COMP-03114","Ransomware",37
"INC-01422","COMP-04508","Phishing",16
"INC-01423","COMP-07971","Insider Threat",89
"INC-01424","COMP-01112","Insider Threat",72
"INC-01425","COMP-01081","Ransomware",61
"INC-01426","COMP-04596","Insider Threat",17
"INC-01427","COMP-07729","Insider Threat",19
"INC-01428","COMP-01458","Ransomware",28
"INC-01429","COMP-06737","Ransomware",16
"INC-01430","COMP-07306","Ransomware",10
"INC-01431","COMP-03690","Ransomware",21
"INC-01432","COMP-02472","Phishing",10
"INC-01433","COMP-07575","Phishing",32
"INC-01434","COMP-01216","Phishing",17
"INC-01435","COMP-00141","Phishing",19
"INC-01436","COMP-00360","Phishing",6
"INC-01437","COMP-07259","Insider Threat",96
"INC-01438","COMP-06772","Phishing",22
"INC-01439","COMP-03749","Phishing",20
"INC-01440","COMP-01361","Ransomware",63
"INC-01441","COMP-06777","Insider Threat",11
"INC-01442","COMP-05593","Phishing",14
"INC-01443","COMP-05769","Phishing",44
"INC-01444","COMP-00424","Phishing",47
"INC-01445","COMP-05596","Phishing",6
"INC-01446","COMP-05523","Phishing",27
"INC-01447","COMP-05261","Phishing",28
"INC-01448","COMP-00353","Phishing",28
"INC-01449","COMP-01420","Ransomware",58
"INC-01450","COMP-03585","Phishing",8
"INC-01451","COMP-07718","Phishing",18
"INC-01452","COMP-05331","Insider Threat",8
"INC-01453","COMP-01133","Phishing",21
"INC-01454","COMP-07955","Ransomware",10
"INC-01455","COMP-04133","Ransomware",20
"INC-01456","COMP-02455","Phishing",31
"INC-01457","COMP-05183","Phishing",40
"INC-01458","COMP-00795","Ransomware",21
"INC-01459","COMP-05023","Phishing",25
"INC-01460","COMP-07702","Phishing",24
"INC-01461","COMP-04173","Phishing",18
"INC-01462","COMP-03086","Ransomware",25
"INC-01463","COMP-04718","Insider Threat",7
"INC-01464","COMP-01078","Ransomware",8
"INC-01465","COMP-02100","Phishing",19
"INC-01466","COMP-07468","Ransomware",6
"INC-01467","COMP-06804","Ransomware",39
"INC-01468","COMP-04616","Ransomware",8
"INC-01469","COMP-01259","Insider Threat",23
"INC-01470","COMP-03534","Ransomware",23
"INC-01471","COMP-05250","Phishing",106
"INC-01472","COMP-01678","Ransomware",11
"INC-01473","COMP-03000","Phishing",9
"INC-01474","COMP-07646","Ransomware",90
"INC-01475","COMP-04810","Ransomware",6
"INC-01476","COMP-04546","Ransomware",17
"INC-01477","COMP-02229","Insider Threat",55
"INC-01478","COMP-00746","Insider Threat",24
"INC-01479","COMP-03040","Insider Threat",27
"INC-01480","COMP-07491","Phishing",68
"INC-01481","COMP-00312","Phishing",38
"INC-01482","COMP-02530","Phishing",9
"INC-01483","COMP-07580","Ransomware",28
"INC-01484","COMP-01789","Phishing",13
"INC-01485","COMP-06620","Ransomware",43
"INC-01486","COMP-04288","Phishing",27
"INC-01487","COMP-00094","Ransomware",25
"INC-01488","COMP-05322","Phishing",5
"INC-01489","COMP-05081","Phishing",38
"INC-01490","COMP-06703","Phishing",31
"INC-01491","COMP-01939","Phishing",7
"INC-01492","COMP-07692","Phishing",14
"INC-01493","COMP-03090","Phishing",16
"INC-01494","COMP-06111","Ransomware",40
"INC-01495","COMP-02998","Ransomware",7
"INC-01496","COMP-03026","Insider Threat",9
"INC-01497","COMP-07211","Ransomware",34
"INC-01498","COMP-01417","Phishing",25
"INC-01499","COMP-04221","Phishing",19
"INC-01500","COMP-05448","Phishing",30
"INC-01501","COMP-01065","Ransomware",20
"INC-01502","COMP-03848","Phishing",6
"INC-01503","COMP-04835","Phishing",9
"INC-01504","COMP-04488","Phishing",36
"INC-01505","COMP-06666","Phishing",10
"INC-01506","COMP-02890","Insider Threat",78
"INC-01507","COMP-02978","Phishing",80
"INC-01508","COMP-00203","Phishing",8
"INC-01509","COMP-07157","Phishing",57
"INC-01510","COMP-04202","Phishing",27
"INC-01511","COMP-01200","Phishing",30
"INC-01512","COMP-02708","Phishing",26
"INC-01513","COMP-01986","Ransomware",33
"INC-01514","COMP-03295","Ransomware",18
"INC-01515","COMP-05721","Phishing",16
"INC-01516","COMP-01738","Insider Threat",99
"INC-01517","COMP-02678","Ransomware",12
"INC-01518","COMP-04462","Insider Threat",14
"INC-01519","COMP-03187","Ransomware",10
"INC-01520","COMP-00032","Ransomware",31
"INC-01521","COMP-00612","Phishing",15
"INC-01522","COMP-04656","Insider Threat",26
"INC-01523","COMP-06223","Ransomware",31
"INC-01524","COMP-00727","Phishing",177
"INC-01525","COMP-07576","Insider Threat",9
"INC-01526","COMP-01369","Phishing",65
"INC-01527","COMP-02059","Ransomware",27
"INC-01528","COMP-05459","Insider Threat",9
"INC-01529","COMP-03818","Phishing",117
"INC-01530","COMP-02274","Ransomware",74
"INC-01531","COMP-00019","Ransomware",37
"INC-01532","COMP-04159","Insider Threat",108
"INC-01533","COMP-07127","Phishing",32
"INC-01534","COMP-07787","Ransomware",19
"INC-01535","COMP-07542","Phishing",54
"INC-01536","COMP-01844","Phishing",68
"INC-01537","COMP-02175","Ransomware",6
"INC-01538","COMP-01851","Phishing",33
"INC-01539","COMP-05355","Phishing",58
"INC-01540","COMP-00298","Insider Threat",38
"INC-01541","COMP-07872","Phishing",19
"INC-01542","COMP-02949","Phishing",16
"INC-01543","COMP-03181","Phishing",19
"INC-01544","COMP-01450","Phishing",28
"INC-01545","COMP-06161","Phishing",19
"INC-01546","COMP-04538","Ransomware",27
"INC-01547","COMP-06711","Ransomware",39
"INC-01548","COMP-04579","Phishing",45
"INC-01549","COMP-04206","Phishing",22
"INC-01550","COMP-01482","Ransomware",11
"INC-01551","COMP-04856","Phishing",23
"INC-01552","COMP-05212","Insider Threat",26
"INC-01553","COMP-06626","Ransomware",5
"INC-01554","COMP-04246","Ransomware",5
"INC-01555","COMP-01274","Phishing",19
"INC-01556","COMP-07871","Ransomware",13
"INC-01557","COMP-01093","Insider Threat",17
"INC-01558","COMP-00216","Phishing",14
"INC-01559","COMP-00716","Phishing",4
"INC-01560","COMP-03471","Phishing",20
"INC-01561","COMP-07450","Phishing",17
"INC-01562","COMP-02406","Ransomware",19
"INC-01563","COMP-02977","Insider Threat",13
"INC-01564","COMP-01372","Ransomware",75
"INC-01565","COMP-01687","Ransomware",18
"INC-01566","COMP-03693","Ransomware",14
"INC-01567","COMP-00297","Ransomware",27
"INC-01568","COMP-02382","Phishing",28
"INC-01569","COMP-01036","Phishing",34
"INC-01570","COMP-01170","Phishing",6
"INC-01571","COMP-05639","Insider Threat",50
"INC-01572","COMP-05392","Ransomware",22
"INC-01573","COMP-02956","Phishing",29
"INC-01574","COMP-07596","Insider Threat",18
"INC-01575","COMP-05638","Ransomware",17
"INC-01576","COMP-03219","Ransomware",33
"INC-01577","COMP-00242","Ransomware",31
"INC-01578","COMP-00834","Phishing",23
"INC-01579","COMP-04936","Phishing",39
"INC-01580","COMP-07960","Ransomware",62
"INC-01581","COMP-07957","Insider Threat",12
"INC-01582","COMP-01953","Ransomware",17
"INC-01583","COMP-01945","Phishing",22
"INC-01584","COMP-02735","Insider Threat",9
"INC-01585","COMP-04380","Insider Threat",51
"INC-01586","COMP-04658","Phishing",23
"INC-01587","COMP-00302","Phishing",9
"INC-01588","COMP-04953","Phishing",29
"INC-01589","COMP-05089","Phishing",20
"INC-01590","COMP-05758","Ransomware",16
"INC-01591","COMP-06150","Ransomware",14
"INC-01592","COMP-00467","Phishing",111
"INC-01593","COMP-05796","Phishing",66
"INC-01594","COMP-03605","Phishing",16
"INC-01595","COMP-00897","Ransomware",30
"INC-01596","COMP-04797","Ransomware",28
"INC-01597","COMP-02943","Phishing",44
"INC-01598","COMP-06145","Ransomware",17
"INC-01599","COMP-06401","Phishing",95
"INC-01600","COMP-00527","Phishing",43
"INC-01601","COMP-01754","Insider Threat",41
"INC-01602","COMP-02715","Phishing",17
"INC-01603","COMP-07801","Ransomware",55
"INC-01604","COMP-04498","Ransomware",43
"INC-01605","COMP-01851","Phishing",41
"INC-01606","COMP-00350","Ransomware",14
"INC-01607","COMP-06475","Ransomware",32
"INC-01608","COMP-02081","Ransomware",22
"INC-01609","COMP-01502","Ransomware",26
"INC-01610","COMP-01482","Phishing",27
"INC-01611","COMP-03444","Ransomware",9
"INC-01612","COMP-00233","Phishing",30
"INC-01613","COMP-02533","Phishing",9
"INC-01614","COMP-03262","Phishing",29
"INC-01615","COMP-01382","Ransomware",87
"INC-01616","COMP-00939","Ransomware",62
"INC-01617","COMP-04325","Phishing",33
"INC-01618","COMP-01222","Ransomware",10
"INC-01619","COMP-06088","Insider Threat",16
"INC-01620","COMP-02448","Phishing",25
"INC-01621","COMP-01080","Phishing",14
"INC-01622","COMP-07532","Insider Threat",26
"INC-01623","COMP-07850","Ransomware",11
"INC-01624","COMP-06664","Phishing",37
"INC-01625","COMP-03900","Phishing",22
"INC-01626","COMP-07848","Ransomware",14
"INC-01627","COMP-03573","Phishing",14
"INC-01628","COMP-02041","Phishing",18
"INC-01629","COMP-06311","Phishing",29
"INC-01630","COMP-01454","Insider Threat",28
"INC-01631","COMP-00303","Insider Threat",22
"INC-01632","COMP-03595","Insider Threat",12
"INC-01633","COMP-00746","Phishing",66
"INC-01634","COMP-02867","Ransomware",31
"INC-01635","COMP-07346","Phishing",17
"INC-01636","COMP-06287","Insider Threat",22
"INC-01637","COMP-05087","Phishing",37
"INC-01638","COMP-00239","Phishing",6
"INC-01639","COMP-02131","Ransomware",9
"INC-01640","COMP-04077","Insider Threat",12
"INC-01641","COMP-01012","Ransomware",49
"INC-01642","COMP-04695","Phishing",21
"INC-01643","COMP-00119","Insider Threat",42
"INC-01644","COMP-07705","Insider Threat",17
"INC-01645","COMP-00515","Ransomware",67
"INC-01646","COMP-02908","Phishing",60
"INC-01647","COMP-07594","Phishing",32
"INC-01648","COMP-01296","Ransomware",9
"INC-01649","COMP-01301","Ransomware",20
"INC-01650","COMP-07917","Ransomware",8
"INC-01651","COMP-07195","Phishing",7
"INC-01652","COMP-07839","Phishing",13
"INC-01653","COMP-06386","Ransomware",49
"INC-01654","COMP-01441","Insider Threat",61
"INC-01655","COMP-06970","Phishing",30
"INC-01656","COMP-05833","Ransomware",42
"INC-01657","COMP-06251","Phishing",13
"INC-01658","COMP-01765","Phishing",21
"INC-01659","COMP-01006","Ransomware",9
"INC-01660","COMP-01627","Ransomware",21
"INC-01661","COMP-01699","Ransomware",146
"INC-01662","COMP-06469","Phishing",31
"INC-01663","COMP-05660","Phishing",27
"INC-01664","COMP-05323","Ransomware",80
"INC-01665","COMP-01582","Insider Threat",106
"INC-01666","COMP-07600","Phishing",26
"INC-01667","COMP-00510","Phishing",51
"INC-01668","COMP-05285","Ransomware",14
"INC-01669","COMP-02504","Ransomware",4
"INC-01670","COMP-02854","Phishing",23
"INC-01671","COMP-03204","Ransomware",16
"INC-01672","COMP-03973","Phishing",58
"INC-01673","COMP-07512","Insider Threat",53
"INC-01674","COMP-03130","Ransomware",37
"INC-01675","COMP-06284","Ransomware",38
"INC-01676","COMP-00498","Phishing",34
"INC-01677","COMP-02535","Insider Threat",28
"INC-01678","COMP-03612","Insider Threat",23
"INC-01679","COMP-04333","Phishing",17
"INC-01680","COMP-05695","Ransomware",21
"INC-01681","COMP-02474","Ransomware",21
"INC-01682","COMP-01273","Phishing",18
"INC-01683","COMP-06768","Phishing",32
"INC-01684","COMP-07204","Phishing",35
"INC-01685","COMP-07298","Phishing",174
"INC-01686","COMP-05245","Phishing",37
"INC-01687","COMP-04108","Insider Threat",33
"INC-01688","COMP-07853","Phishing",34
"INC-01689","COMP-05377","Ransomware",9
"INC-01690","COMP-05820","Phishing",22
"INC-01691","COMP-06447","Phishing",14
"INC-01692","COMP-02548","Phishing",10
"INC-01693","COMP-03148","Phishing",7
"INC-01694","COMP-04463","Ransomware",47
"INC-01695","COMP-05744","Ransomware",38
"INC-01696","COMP-01375","Ransomware",24
"INC-01697","COMP-06385","Phishing",6
"INC-01698","COMP-02865","Phishing",18
"INC-01699","COMP-05377","Phishing",33
"INC-01700","COMP-03773","Phishing",29
"INC-01701","COMP-02801","Insider Threat",11
"INC-01702","COMP-00714","Ransomware",60
"INC-01703","COMP-04127","Phishing",6
"INC-01704","COMP-04419","Insider Threat",27
"INC-01705","COMP-04305","Ransomware",18
"INC-01706","COMP-04100","Ransomware",13
"INC-01707","COMP-03481","Ransomware",7
"INC-01708","COMP-02635","Phishing",42
"INC-01709","COMP-00295","Ransomware",16
"INC-01710","COMP-02634","Ransomware",13
"INC-01711","COMP-06736","Phishing",8
"INC-01712","COMP-05319","Ransomware",73
"INC-01713","COMP-05667","Ransomware",38
"INC-01714","COMP-02527","Phishing",31
"INC-01715","COMP-05372","Phishing",27
"INC-01716","COMP-05362","Ransomware",19
"INC-01717","COMP-03861","Insider Threat",20
"INC-01718","COMP-04157","Ransomware",54
"INC-01719","COMP-01242","Phishing",13
"INC-01720","COMP-03869","Ransomware",121
"INC-01721","COMP-06507","Phishing",13
"INC-01722","COMP-05413","Phishing",75
"INC-01723","COMP-04464","Phishing",16
"INC-01724","COMP-06349","Ransomware",37
"INC-01725","COMP-03652","Ransomware",11
"INC-01726","COMP-06131","Ransomware",17
"INC-01727","COMP-07160","Phishing",10
"INC-01728","COMP-06319","Phishing",21
"INC-01729","COMP-07688","Ransomware",40
"INC-01730","COMP-07907","Ransomware",74
"INC-01731","COMP-04727","Phishing",7
"INC-01732","COMP-05952","Ransomware",48
"INC-01733","COMP-04937","Ransomware",68
"INC-01734","COMP-04855","Insider Threat",27
"INC-01735","COMP-02509","Phishing",15
"INC-01736","COMP-01989","Phishing",44
"INC-01737","COMP-02948","Insider Threat",53
"INC-01738","COMP-05081","Insider Threat",32
"INC-01739","COMP-03210","Ransomware",48
"INC-01740","COMP-05050","Phishing",17
"INC-01741","COMP-03459","Ransomware",131
"INC-01742","COMP-04135","Insider Threat",6
"INC-01743","COMP-02470","Ransomware",19
"INC-01744","COMP-01297","Ransomware",18
"INC-01745","COMP-04475","Ransomware",9
"INC-01746","COMP-06042","Ransomware",32
"INC-01747","COMP-01684","Insider Threat",11
"INC-01748","COMP-06058","Phishing",32
"INC-01749","COMP-04436","Phishing",27
"INC-01750","COMP-00652","Insider Threat",23
"INC-01751","COMP-00660","Phishing",14
"INC-01752","COMP-07452","Insider Threat",28
"INC-01753","COMP-03939","Insider Threat",30
"INC-01754","COMP-01342","Phishing",28
"INC-01755","COMP-01650","Phishing",27
"INC-01756","COMP-00003","Insider Threat",28
"INC-01757","COMP-07983","Ransomware",24
"INC-01758","COMP-04236","Insider Threat",8
"INC-01759","COMP-05039","Phishing",6
"INC-01760","COMP-06947","Phishing",49
"INC-01761","COMP-01759","Ransomware",14
"INC-01762","COMP-06036","Phishing",20
"INC-01763","COMP-02519","Ransomware",20
"INC-01764","COMP-00358","Phishing",95
"INC-01765","COMP-05386","Phishing",75
"INC-01766","COMP-06746","Phishing",20
"INC-01767","COMP-07231","Ransomware",19
"INC-01768","COMP-02911","Phishing",9
"INC-01769","COMP-00102","Phishing",48
"INC-01770","COMP-07595","Phishing",3
"INC-01771","COMP-02113","Insider Threat",18
"INC-01772","COMP-03626","Insider Threat",28
"INC-01773","COMP-02874","Ransomware",12
"INC-01774","COMP-03262","Ransomware",66
"INC-01775","COMP-05539","Insider Threat",29
"INC-01776","COMP-04109","Phishing",108
"INC-01777","COMP-03909","Phishing",278
"INC-01778","COMP-01465","Ransomware",18
"INC-01779","COMP-05610","Ransomware",13
"INC-01780","COMP-04912","Insider Threat",152
"INC-01781","COMP-04878","Ransomware",5
"INC-01782","COMP-05595","Insider Threat",31
"INC-01783","COMP-01371","Ransomware",38
"INC-01784","COMP-04513","Phishing",101
"INC-01785","COMP-04896","Phishing",14
"INC-01786","COMP-03585","Ransomware",10
"INC-01787","COMP-07712","Phishing",27
"INC-01788","COMP-04779","Phishing",46
"INC-01789","COMP-02894","Phishing",73
"INC-01790","COMP-04321","Insider Threat",86
"INC-01791","COMP-04948","Insider Threat",18
"INC-01792","COMP-00131","Phishing",7
"INC-01793","COMP-04983","Phishing",52
"INC-01794","COMP-03843","Insider Threat",18
"INC-01795","COMP-07031","Ransomware",9
"INC-01796","COMP-03131","Phishing",46
"INC-01797","COMP-07793","Phishing",47
"INC-01798","COMP-05107","Phishing",19
"INC-01799","COMP-03635","Ransomware",3
"INC-01800","COMP-04887","Phishing",24
"INC-01801","COMP-01334","Ransomware",31
"INC-01802","COMP-06446","Ransomware",19
"INC-01803","COMP-03489","Insider Threat",38
"INC-01804","COMP-06470","Insider Threat",45
"INC-01805","COMP-02054","Ransomware",26
"INC-01806","COMP-01486","Phishing",41
"INC-01807","COMP-07985","Ransomware",12
"INC-01808","COMP-06004","Phishing",5
"INC-01809","COMP-05076","Phishing",9
"INC-01810","COMP-06152","Phishing",12
"INC-01811","COMP-03081","Phishing",7
"INC-01812","COMP-07076","Ransomware",120
"INC-01813","COMP-01767","Ransomware",13
"INC-01814","COMP-01060","Ransomware",27
"INC-01815","COMP-06031","Phishing",15
"INC-01816","COMP-01338","Phishing",92
"INC-01817","COMP-03335","Insider Threat",28
"INC-01818","COMP-00285","Ransomware",96
"INC-01819","COMP-00719","Ransomware",10
"INC-01820","COMP-01758","Ransomware",38
"INC-01821","COMP-04560","Ransomware",8
"INC-01822","COMP-06783","Ransomware",24
"INC-01823","COMP-02029","Ransomware",9
"INC-01824","COMP-01425","Ransomware",20
"INC-01825","COMP-05871","Ransomware",36
"INC-01826","COMP-04673","Phishing",78
"INC-01827","COMP-01082","Ransomware",12
"INC-01828","COMP-01847","Ransomware",47
"INC-01829","COMP-03539","Phishing",49
"INC-01830","COMP-04424","Ransomware",13
"INC-01831","COMP-04656","Phishing",355
"INC-01832","COMP-05486","Phishing",17
"INC-01833","COMP-02937","Phishing",19
"INC-01834","COMP-04299","Insider Threat",28
"INC-01835","COMP-02890","Ransomware",2
"INC-01836","COMP-01071","Phishing",89
"INC-01837","COMP-07515","Ransomware",42
"INC-01838","COMP-04188","Ransomware",22
"INC-01839","COMP-03634","Phishing",107
"INC-01840","COMP-00514","Phishing",44
"INC-01841","COMP-05914","Phishing",31
"INC-01842","COMP-01160","Phishing",9
"INC-01843","COMP-07134","Phishing",85
"INC-01844","COMP-00092","Insider Threat",25
"INC-01845","COMP-01744","Ransomware",30
"INC-01846","COMP-07072","Ransomware",124
"INC-01847","COMP-06359","Ransomware",36
"INC-01848","COMP-05623","Insider Threat",27
"INC-01849","COMP-03621","Phishing",11
"INC-01850","COMP-00952","Phishing",22
"INC-01851","COMP-00238","Ransomware",15
"INC-01852","COMP-01799","Phishing",15
"INC-01853","COMP-05349","Phishing",20
"INC-01854","COMP-07676","Phishing",45
"INC-01855","COMP-03276","Phishing",68
"INC-01856","COMP-07622","Ransomware",25
"INC-01857","COMP-01822","Ransomware",19
"INC-01858","COMP-01909","Ransomware",46
"INC-01859","COMP-05969","Phishing",13
"INC-01860","COMP-05813","Ransomware",6
"INC-01861","COMP-07600","Phishing",39
"INC-01862","COMP-07959","Ransomware",23
"INC-01863","COMP-03301","Insider Threat",4
"INC-01864","COMP-03676","Phishing",4
"INC-01865","COMP-03621","Phishing",31
"INC-01866","COMP-07425","Phishing",56
"INC-01867","COMP-05014","Phishing",39
"INC-01868","COMP-00308","Ransomware",19
"INC-01869","COMP-03157","Phishing",88
"INC-01870","COMP-00767","Ransomware",11
"INC-01871","COMP-00757","Insider Threat",18
"INC-01872","COMP-01843","Phishing",13
"INC-01873","COMP-01793","Ransomware",35
"INC-01874","COMP-07142","Phishing",6
"INC-01875","COMP-02091","Phishing",7
"INC-01876","COMP-05004","Ransomware",5
"INC-01877","COMP-03939","Phishing",23
"INC-01878","COMP-04253","Ransomware",71
"INC-01879","COMP-01279","Ransomware",91
"INC-01880","COMP-04079","Insider Threat",11
"INC-01881","COMP-00558","Ransomware",16
"INC-01882","COMP-07135","Phishing",11
"INC-01883","COMP-04544","Ransomware",32
"INC-01884","COMP-02177","Insider Threat",32
"INC-01885","COMP-02264","Ransomware",45
"INC-01886","COMP-05169","Ransomware",5
"INC-01887","COMP-01987","Phishing",8
"INC-01888","COMP-05309","Ransomware",16
"INC-01889","COMP-01793","Phishing",14
"INC-01890","COMP-01773","Phishing",37
"INC-01891","COMP-03138","Insider Threat",21
"INC-01892","COMP-05056","Insider Threat",7
"INC-01893","COMP-07868","Phishing",63
"INC-01894","COMP-03085","Ransomware",35
"INC-01895","COMP-05035","Ransomware",13
"INC-01896","COMP-01222","Ransomware",9
"INC-01897","COMP-07543","Insider Threat",16
"INC-01898","COMP-03494","Phishing",10
"INC-01899","COMP-07574","Phishing",79
"INC-01900","COMP-06599","Phishing",19
"INC-01901","COMP-02828","Ransomware",24
"INC-01902","COMP-05469","Ransomware",46
"INC-01903","COMP-03963","Phishing",37
"INC-01904","COMP-06454","Phishing",98
"INC-01905","COMP-07681","Ransomware",36
"INC-01906","COMP-05107","Phishing",117
"INC-01907","COMP-06477","Phishing",16
"INC-01908","COMP-00927","Insider Threat",7
"INC-01909","COMP-00291","Phishing",19
"INC-01910","COMP-05721","Phishing",29
"INC-01911","COMP-07865","Insider Threat",46
"INC-01912","COMP-07720","Phishing",62
"INC-01913","COMP-00502","Insider Threat",21
"INC-01914","COMP-00025","Ransomware",19
"INC-01915","COMP-05495","Phishing",18
"INC-01916","COMP-01743","Ransomware",43
"INC-01917","COMP-02853","Ransomware",7
"INC-01918","COMP-06411","Phishing",45
"INC-01919","COMP-01581","Insider Threat",9
"INC-01920","COMP-06143","Ransomware",50
"INC-01921","COMP-04527","Phishing",21
"INC-01922","COMP-01006","Phishing",96
"INC-01923","COMP-05592","Ransomware",9
"INC-01924","COMP-03347","Phishing",17
"INC-01925","COMP-05603","Ransomware",29
"INC-01926","COMP-01212","Ransomware",31
"INC-01927","COMP-06753","Phishing",8
"INC-01928","COMP-04717","Insider Threat",23
"INC-01929","COMP-04329","Ransomware",7
"INC-01930","COMP-00122","Phishing",38
"INC-01931","COMP-04592","Phishing",16
"INC-01932","COMP-00793","Phishing",33
"INC-01933","COMP-06737","Ransomware",60
"INC-01934","COMP-04071","Phishing",28
"INC-01935","COMP-01804","Phishing",47
"INC-01936","COMP-01419","Ransomware",23
"INC-01937","COMP-01516","Phishing",25
"INC-01938","COMP-00683","Phishing",38
"INC-01939","COMP-06917","Ransomware",25
"INC-01940","COMP-00717","Insider Threat",19
"INC-01941","COMP-06907","Ransomware",11
"INC-01942","COMP-07200","Ransomware",55
"INC-01943","COMP-06837","Phishing",119
"INC-01944","COMP-07164","Phishing",53
"INC-01945","COMP-06229","Ransomware",56
"INC-01946","COMP-07101","Ransomware",15
"INC-01947","COMP-02421","Ransomware",27
"INC-01948","COMP-01061","Phishing",27
"INC-01949","COMP-05176","Ransomware",40
"INC-01950","COMP-01043","Phishing",19
"INC-01951","COMP-05626","Phishing",13
"INC-01952","COMP-06811","Phishing",22
"INC-01953","COMP-05403","Phishing",233
"INC-01954","COMP-05034","Ransomware",19
"INC-01955","COMP-07535","Ransomware",54
"INC-01956","COMP-04162","Ransomware",6
"INC-01957","COMP-04909","Phishing",264
"INC-01958","COMP-00923","Ransomware",8
"INC-01959","COMP-05516","Ransomware",27
"INC-01960","COMP-07172","Phishing",25
"INC-01961","COMP-01436","Ransomware",21
"INC-01962","COMP-06087","Ransomware",7
"INC-01963","COMP-02271","Phishing",11
"INC-01964","COMP-07452","Phishing",60
"INC-01965","COMP-01645","Ransomware",28
"INC-01966","COMP-04301","Ransomware",24
"INC-01967","COMP-03162","Ransomware",32
"INC-01968","COMP-00112","Phishing",28
"INC-01969","COMP-03338","Ransomware",28
"INC-01970","COMP-04801","Phishing",46
"INC-01971","COMP-02736","Ransomware",40
"INC-01972","COMP-02473","Phishing",70
"INC-01973","COMP-05059","Phishing",23
"INC-01974","COMP-00504","Phishing",32
"INC-01975","COMP-01729","Phishing",4
"INC-01976","COMP-00876","Ransomware",72
"INC-01977","COMP-00441","Phishing",50
"INC-01978","COMP-03783","Insider Threat",21
"INC-01979","COMP-04015","Ransomware",112
"INC-01980","COMP-02825","Insider Threat",20
"INC-01981","COMP-02946","Phishing",33
"INC-01982","COMP-07227","Ransomware",8
"INC-01983","COMP-06542","Insider Threat",29
"INC-01984","COMP-05077","Insider Threat",13
"INC-01985","COMP-02220","Phishing",15
"INC-01986","COMP-07197","Insider Threat",112
"INC-01987","COMP-06354","Phishing",63
"INC-01988","COMP-03084","Phishing",14
"INC-01989","COMP-03990","Insider Threat",53
"INC-01990","COMP-02204","Phishing",55
"INC-01991","COMP-06443","Phishing",40
"INC-01992","COMP-02841","Ransomware",25
"INC-01993","COMP-07913","Phishing",30
"INC-01994","COMP-03299","Ransomware",49
"INC-01995","COMP-00632","Phishing",18
"INC-01996","COMP-07100","Phishing",85
"INC-01997","COMP-00474","Phishing",22
"INC-01998","COMP-02431","Phishing",61
"INC-01999","COMP-01801","Phishing",30
"INC-02000","COMP-06497","Phishing",14
"INC-02001","COMP-02431","Phishing",23
"INC-02002","COMP-04046","Phishing",38
"INC-02003","COMP-04251","Ransomware",16
"INC-02004","COMP-01715","Phishing",15
"INC-02005","COMP-04300","Insider Threat",39
"INC-02006","COMP-04856","Phishing",39
"INC-02007","COMP-03254","Phishing",59
"INC-02008","COMP-01294","Phishing",38
"INC-02009","COMP-02252","Phishing",51
"INC-02010","COMP-00992","Ransomware",16
"INC-02011","COMP-02836","Insider Threat",93
"INC-02012","COMP-01792","Phishing",42
"INC-02013","COMP-05104","Phishing",20
"INC-02014","COMP-07447","Insider Threat",17
"INC-02015","COMP-01686","Ransomware",8
"INC-02016","COMP-02372","Phishing",46
"INC-02017","COMP-04685","Ransomware",7
"INC-02018","COMP-06789","Phishing",74
"INC-02019","COMP-05988","Insider Threat",20
"INC-02020","COMP-01812","Phishing",33
"INC-02021","COMP-07905","Ransomware",12
"INC-02022","COMP-03181","Phishing",48
"INC-02023","COMP-06302","Phishing",77
"INC-02024","COMP-04798","Phishing",20
"INC-02025","COMP-04745","Insider Threat",74
"INC-02026","COMP-04745","Phishing",37
"INC-02027","COMP-04790","Phishing",36
"INC-02028","COMP-07725","Phishing",40
"INC-02029","COMP-06139","Ransomware",14
"INC-02030","COMP-05486","Ransomware",18
"INC-02031","COMP-04862","Ransomware",8
"INC-02032","COMP-02153","Phishing",7
"INC-02033","COMP-00674","Phishing",28
"INC-02034","COMP-07583","Phishing",9
"INC-02035","COMP-03869","Phishing",22
"INC-02036","COMP-02331","Phishing",7
"INC-02037","COMP-06793","Ransomware",62
"INC-02038","COMP-01983","Phishing",36
"INC-02039","COMP-00284","Ransomware",12
"INC-02040","COMP-06584","Insider Threat",33
"INC-02041","COMP-01868","Insider Threat",49
"INC-02042","COMP-07890","Phishing",7
"INC-02043","COMP-07934","Phishing",21
"INC-02044","COMP-01708","Phishing",22
"INC-02045","COMP-06074","Phishing",34
"INC-02046","COMP-07183","Insider Threat",14
"INC-02047","COMP-00912","Phishing",42
"INC-02048","COMP-05463","Insider Threat",20
"INC-02049","COMP-06540","Ransomware",15
"INC-02050","COMP-01964","Insider Threat",8
"INC-02051","COMP-07976","Phishing",3
"INC-02052","COMP-05874","Phishing",17
"INC-02053","COMP-03787","Phishing",102
"INC-02054","COMP-02514","Ransomware",42
"INC-02055","COMP-00127","Ransomware",12
"INC-02056","COMP-03151","Ransomware",31
"INC-02057","COMP-07015","Phishing",6
"INC-02058","COMP-06148","Ransomware",45
"INC-02059","COMP-02741","Ransomware",17
"INC-02060","COMP-00309","Ransomware",9
"INC-02061","COMP-05681","Insider Threat",8
"INC-02062","COMP-06596","Insider Threat",88
"INC-02063","COMP-04263","Phishing",18
"INC-02064","COMP-07895","Phishing",24
"INC-02065","COMP-05029","Insider Threat",9
"INC-02066","COMP-00754","Ransomware",20
"INC-02067","COMP-01357","Ransomware",69
"INC-02068","COMP-03292","Phishing",10
"INC-02069","COMP-03884","Insider Threat",21
"INC-02070","COMP-06868","Phishing",107
"INC-02071","COMP-07807","Ransomware",16
"INC-02072","COMP-04942","Ransomware",86
"INC-02073","COMP-06495","Ransomware",20
"INC-02074","COMP-03671","Phishing",14
"INC-02075","COMP-02118","Insider Threat",27
"INC-02076","COMP-02722","Ransomware",21
"INC-02077","COMP-05047","Phishing",37
"INC-02078","COMP-03550","Phishing",25
"INC-02079","COMP-00350","Phishing",9
"INC-02080","COMP-07047","Phishing",12
"INC-02081","COMP-00142","Ransomware",19
"INC-02082","COMP-00828","Ransomware",14
"INC-02083","COMP-01082","Phishing",9
"INC-02084","COMP-03493","Phishing",32
"INC-02085","COMP-02696","Insider Threat",27
"INC-02086","COMP-05791","Ransomware",23
"INC-02087","COMP-05494","Phishing",82
"INC-02088","COMP-01344","Phishing",33
"INC-02089","COMP-01650","Insider Threat",65
"INC-02090","COMP-00643","Phishing",11
"INC-02091","COMP-03353","Phishing",6
"INC-02092","COMP-01184","Ransomware",17
"INC-02093","COMP-06845","Phishing",32
"INC-02094","COMP-03468","Ransomware",99
"INC-02095","COMP-05907","Insider Threat",23
"INC-02096","COMP-04569","Insider Threat",29
"INC-02097","COMP-04365","Ransomware",7
"INC-02098","COMP-01936","Ransomware",93
"INC-02099","COMP-06661","Phishing",3
"INC-02100","COMP-04965","Phishing",28
"INC-02101","COMP-04531","Phishing",8
"INC-02102","COMP-02056","Phishing",73
"INC-02103","COMP-04108","Phishing",32
"INC-02104","COMP-00834","Insider Threat",29
"INC-02105","COMP-01377","Phishing",36
"INC-02106","COMP-05459","Phishing",25
"INC-02107","COMP-06348","Ransomware",14
"INC-02108","COMP-05519","Phishing",86
"INC-02109","COMP-04631","Insider Threat",71
"INC-02110","COMP-07231","Ransomware",49
"INC-02111","COMP-02625","Phishing",34
"INC-02112","COMP-07420","Ransomware",65
"INC-02113","COMP-00845","Phishing",21
"INC-02114","COMP-04190","Phishing",5
"INC-02115","COMP-01278","Insider Threat",16
"INC-02116","COMP-06717","Ransomware",11
"INC-02117","COMP-04856","Ransomware",32
"INC-02118","COMP-07938","Phishing",8
"INC-02119","COMP-04003","Phishing",36
"INC-02120","COMP-05953","Ransomware",35
"INC-02121","COMP-04736","Phishing",60
"INC-02122","COMP-03782","Phishing",66
"INC-02123","COMP-06249","Phishing",13
"INC-02124","COMP-07999","Ransomware",97
"INC-02125","COMP-03187","Phishing",30
"INC-02126","COMP-00387","Ransomware",14
"INC-02127","COMP-05409","Phishing",8
"INC-02128","COMP-04261","Ransomware",130
"INC-02129","COMP-05260","Phishing",46
"INC-02130","COMP-01478","Phishing",69
"INC-02131","COMP-06150","Ransomware",15
"INC-02132","COMP-00974","Phishing",48
"INC-02133","COMP-01908","Phishing",6
"INC-02134","COMP-04973","Phishing",13
"INC-02135","COMP-02291","Ransomware",18
"INC-02136","COMP-01847","Ransomware",2
"INC-02137","COMP-01306","Ransomware",10
"INC-02138","COMP-06690","Insider Threat",40
"INC-02139","COMP-06705","Ransomware",8
"INC-02140","COMP-01135","Insider Threat",18
"INC-02141","COMP-01342","Ransomware",22
"INC-02142","COMP-03779","Insider Threat",12
"INC-02143","COMP-01443","Ransomware",24
"INC-02144","COMP-04625","Insider Threat",32
"INC-02145","COMP-00164","Phishing",12
"INC-02146","COMP-05441","Insider Threat",14
"INC-02147","COMP-04584","Phishing",34
"INC-02148","COMP-07314","Ransomware",8
"INC-02149","COMP-07889","Phishing",92
"INC-02150","COMP-00509","Ransomware",83
"INC-02151","COMP-06517","Insider Threat",31
"INC-02152","COMP-02156","Insider Threat",25
"INC-02153","COMP-04290","Phishing",8
"INC-02154","COMP-03034","Ransomware",4
"INC-02155","COMP-03570","Phishing",105
"INC-02156","COMP-05312","Phishing",6
"INC-02157","COMP-01271","Phishing",124
"INC-02158","COMP-06612","Ransomware",33
"INC-02159","COMP-05051","Ransomware",13
"INC-02160","COMP-02375","Phishing",27
"INC-02161","COMP-06886","Ransomware",8
"INC-02162","COMP-05433","Phishing",23
"INC-02163","COMP-05570","Ransomware",48
"INC-02164","COMP-04643","Ransomware",21
"INC-02165","COMP-00587","Ransomware",45
"INC-02166","COMP-07878","Phishing",17
"INC-02167","COMP-07817","Insider Threat",34
"INC-02168","COMP-04604","Ransomware",34
"INC-02169","COMP-04731","Insider Threat",32
"INC-02170","COMP-07171","Ransomware",5
"INC-02171","COMP-04852","Ransomware",54
"INC-02172","COMP-00255","Ransomware",26
"INC-02173","COMP-06743","Insider Threat",65
"INC-02174","COMP-03191","Phishing",28
"INC-02175","COMP-07418","Ransomware",64
"INC-02176","COMP-06688","Ransomware",37
"INC-02177","COMP-01570","Ransomware",139
"INC-02178","COMP-03898","Ransomware",45
"INC-02179","COMP-07242","Ransomware",39
"INC-02180","COMP-00126","Phishing",41
"INC-02181","COMP-05804","Ransomware",49
"INC-02182","COMP-02548","Phishing",42
"INC-02183","COMP-02525","Phishing",23
"INC-02184","COMP-07084","Ransomware",63
"INC-02185","COMP-05162","Phishing",17
"INC-02186","COMP-04980","Phishing",84
"INC-02187","COMP-05572","Insider Threat",76
"INC-02188","COMP-05105","Phishing",38
"INC-02189","COMP-02415","Phishing",65
"INC-02190","COMP-05111","Ransomware",40
"INC-02191","COMP-04428","Insider Threat",16
"INC-02192","COMP-04316","Phishing",25
"INC-02193","COMP-02772","Phishing",46
"INC-02194","COMP-02425","Ransomware",4
"INC-02195","COMP-02839","Insider Threat",9
"INC-02196","COMP-03180","Phishing",14
"INC-02197","COMP-02525","Phishing",83
"INC-02198","COMP-01691","Phishing",11
"INC-02199","COMP-07394","Insider Threat",14
"INC-02200","COMP-07957","Ransomware",9
"INC-02201","COMP-01510","Ransomware",5
"INC-02202","COMP-02243","Ransomware",66
"INC-02203","COMP-04122","Phishing",37
"INC-02204","COMP-06156","Phishing",35
"INC-02205","COMP-01939","Ransomware",29
"INC-02206","COMP-03889","Ransomware",27
"INC-02207","COMP-03056","Ransomware",43
"INC-02208","COMP-03246","Phishing",11
"INC-02209","COMP-04042","Ransomware",8
"INC-02210","COMP-04443","Phishing",26
"INC-02211","COMP-03806","Ransomware",25
"INC-02212","COMP-05672","Insider Threat",15
"INC-02213","COMP-00262","Insider Threat",29
"INC-02214","COMP-04719","Ransomware",27
"INC-02215","COMP-03873","Ransomware",7
"INC-02216","COMP-04576","Insider Threat",38
"INC-02217","COMP-02215","Phishing",20
"INC-02218","COMP-04973","Ransomware",10
"INC-02219","COMP-03583","Ransomware",21
"INC-02220","COMP-05790","Ransomware",16
"INC-02221","COMP-01285","Insider Threat",30
"INC-02222","COMP-02353","Phishing",23
"INC-02223","COMP-01437","Ransomware",25
"INC-02224","COMP-01521","Ransomware",16
"INC-02225","COMP-04915","Insider Threat",30
"INC-02226","COMP-06109","Phishing",35
"INC-02227","COMP-06086","Insider Threat",15
"INC-02228","COMP-06406","Phishing",4
"INC-02229","COMP-00147","Ransomware",22
"INC-02230","COMP-05177","Phishing",39
"INC-02231","COMP-06826","Ransomware",167
"INC-02232","COMP-06959","Insider Threat",52
"INC-02233","COMP-05722","Phishing",5
"INC-02234","COMP-03281","Phishing",82
"INC-02235","COMP-06651","Phishing",160
"INC-02236","COMP-05196","Insider Threat",82
"INC-02237","COMP-04738","Insider Threat",36
"INC-02238","COMP-01622","Phishing",10
"INC-02239","COMP-04859","Ransomware",15
"INC-02240","COMP-02146","Phishing",20
"INC-02241","COMP-04507","Insider Threat",53
"INC-02242","COMP-04194","Phishing",13
"INC-02243","COMP-06724","Phishing",16
"INC-02244","COMP-03752","Ransomware",12
"INC-02245","COMP-05434","Phishing",16
"INC-02246","COMP-07333","Ransomware",10
"INC-02247","COMP-04240","Phishing",116
"INC-02248","COMP-05875","Ransomware",20
"INC-02249","COMP-05634","Phishing",26
"INC-02250","COMP-02597","Phishing",20
"INC-02251","COMP-06291","Phishing",100
"INC-02252","COMP-06954","Ransomware",64
"INC-02253","COMP-05020","Ransomware",13
"INC-02254","COMP-07045","Ransomware",103
"INC-02255","COMP-03341","Phishing",19
"INC-02256","COMP-05520","Ransomware",89
"INC-02257","COMP-07916","Phishing",20
"INC-02258","COMP-06905","Insider Threat",15
"INC-02259","COMP-04324","Insider Threat",26
"INC-02260","COMP-02688","Insider Threat",12
"INC-02261","COMP-06333","Phishing",40
"INC-02262","COMP-05796","Ransomware",20
"INC-02263","COMP-06564","Phishing",22
"INC-02264","COMP-04657","Ransomware",21
"INC-02265","COMP-04737","Phishing",103
"INC-02266","COMP-02140","Insider Threat",71
"INC-02267","COMP-00850","Ransomware",26
"INC-02268","COMP-07492","Ransomware",55
"INC-02269","COMP-07672","Insider Threat",41
"INC-02270","COMP-03560","Insider Threat",40
"INC-02271","COMP-02218","Ransomware",4
"INC-02272","COMP-04448","Insider Threat",79
"INC-02273","COMP-01098","Phishing",18
"INC-02274","COMP-01314","Ransomware",52
"INC-02275","COMP-05717","Phishing",106
"INC-02276","COMP-01011","Phishing",16
"INC-02277","COMP-00707","Ransomware",7
"INC-02278","COMP-05140","Ransomware",100
"INC-02279","COMP-00788","Phishing",49
"INC-02280","COMP-01779","Phishing",10
"INC-02281","COMP-06642","Ransomware",17
"INC-02282","COMP-05680","Phishing",12
"INC-02283","COMP-04205","Ransomware",18
"INC-02284","COMP-02126","Phishing",56
"INC-02285","COMP-02895","Insider Threat",86
"INC-02286","COMP-00202","Insider Threat",44
"INC-02287","COMP-03008","Ransomware",5
"INC-02288","COMP-03973","Phishing",12
"INC-02289","COMP-04930","Phishing",24
"INC-02290","COMP-00366","Insider Threat",14
"INC-02291","COMP-04231","Phishing",9
"INC-02292","COMP-04688","Ransomware",34
"INC-02293","COMP-03172","Phishing",32
"INC-02294","COMP-00762","Ransomware",35
"INC-02295","COMP-06011","Ransomware",51
"INC-02296","COMP-00791","Ransomware",83
"INC-02297","COMP-02418","Insider Threat",12
"INC-02298","COMP-07017","Phishing",31
"INC-02299","COMP-04365","Ransomware",72
"INC-02300","COMP-03169","Ransomware",21
"INC-02301","COMP-02066","Ransomware",17
"INC-02302","COMP-05977","Phishing",27
"INC-02303","COMP-03212","Phishing",8
"INC-02304","COMP-00529","Ransomware",11
"INC-02305","COMP-02532","Ransomware",24
"INC-02306","COMP-03596","Phishing",27
"INC-02307","COMP-01319","Phishing",20
"INC-02308","COMP-05484","Phishing",35
"INC-02309","COMP-04007","Phishing",13
"INC-02310","COMP-02190","Ransomware",34
"INC-02311","COMP-01041","Ransomware",8
"INC-02312","COMP-04141","Insider Threat",27
"INC-02313","COMP-00955","Ransomware",15
"INC-02314","COMP-04957","Ransomware",27
"INC-02315","COMP-03304","Phishing",33
"INC-02316","COMP-01393","Ransomware",11
"INC-02317","COMP-04066","Phishing",31
"INC-02318","COMP-02368","Insider Threat",39
"INC-02319","COMP-03973","Phishing",36
"INC-02320","COMP-03652","Ransomware",104
"INC-02321","COMP-05352","Insider Threat",66
"INC-02322","COMP-07421","Phishing",32
"INC-02323","COMP-07583","Phishing",52
"INC-02324","COMP-01288","Phishing",124
"INC-02325","COMP-01935","Phishing",20
"INC-02326","COMP-02987","Phishing",9
"INC-02327","COMP-04886","Insider Threat",15
"INC-02328","COMP-01460","Phishing",15
"INC-02329","COMP-01099","Phishing",123
"INC-02330","COMP-02303","Insider Threat",59
"INC-02331","COMP-02805","Phishing",26
"INC-02332","COMP-01938","Phishing",11
"INC-02333","COMP-02988","Ransomware",24
"INC-02334","COMP-05208","Ransomware",56
"INC-02335","COMP-03127","Ransomware",10
"INC-02336","COMP-03539","Ransomware",5
"INC-02337","COMP-07427","Phishing",49
"INC-02338","COMP-04286","Phishing",8
"INC-02339","COMP-01388","Phishing",66
"INC-02340","COMP-07209","Phishing",46
"INC-02341","COMP-00103","Ransomware",7
"INC-02342","COMP-00476","Phishing",23
"INC-02343","COMP-07643","Phishing",9
"INC-02344","COMP-02971","Phishing",6
"INC-02345","COMP-06338","Phishing",14
"INC-02346","COMP-06730","Ransomware",16
"INC-02347","COMP-00539","Phishing",65
"INC-02348","COMP-00957","Ransomware",24
"INC-02349","COMP-03782","Phishing",29
"INC-02350","COMP-00116","Ransomware",13
"INC-02351","COMP-06363","Phishing",22
"INC-02352","COMP-01502","Phishing",20
"INC-02353","COMP-02796","Insider Threat",21
"INC-02354","COMP-03909","Ransomware",32
"INC-02355","COMP-01661","Insider Threat",29
"INC-02356","COMP-04895","Ransomware",2
"INC-02357","COMP-03732","Ransomware",27
"INC-02358","COMP-00497","Phishing",29
"INC-02359","COMP-05908","Phishing",17
"INC-02360","COMP-05440","Ransomware",63
"INC-02361","COMP-00966","Phishing",14
"INC-02362","COMP-03330","Phishing",31
"INC-02363","COMP-05658","Phishing",48
"INC-02364","COMP-02243","Phishing",29
"INC-02365","COMP-03968","Insider Threat",21
"INC-02366","COMP-00492","Ransomware",9
"INC-02367","COMP-06288","Phishing",58
"INC-02368","COMP-04410","Ransomware",13
"INC-02369","COMP-01533","Phishing",54
"INC-02370","COMP-00235","Phishing",45
"INC-02371","COMP-06996","Insider Threat",43
"INC-02372","COMP-07177","Ransomware",20
"INC-02373","COMP-03448","Phishing",4
"INC-02374","COMP-06617","Ransomware",41
"INC-02375","COMP-03506","Insider Threat",17
"INC-02376","COMP-01888","Phishing",11
"INC-02377","COMP-06471","Phishing",10
"INC-02378","COMP-07373","Ransomware",16
"INC-02379","COMP-02266","Phishing",18
"INC-02380","COMP-01369","Phishing",54
"INC-02381","COMP-02090","Phishing",31
"INC-02382","COMP-01775","Insider Threat",16
"INC-02383","COMP-03468","Phishing",27
"INC-02384","COMP-01627","Phishing",52
"INC-02385","COMP-02781","Insider Threat",15
"INC-02386","COMP-02921","Phishing",69
"INC-02387","COMP-05272","Insider Threat",15
"INC-02388","COMP-05678","Phishing",20
"INC-02389","COMP-05890","Ransomware",28
"INC-02390","COMP-01057","Ransomware",53
"INC-02391","COMP-03342","Ransomware",97
"INC-02392","COMP-00214","Phishing",48
"INC-02393","COMP-02541","Phishing",5
"INC-02394","COMP-00463","Phishing",12
"INC-02395","COMP-05347","Phishing",22
"INC-02396","COMP-05587","Phishing",15
"INC-02397","COMP-02989","Phishing",17
"INC-02398","COMP-05085","Phishing",26
"INC-02399","COMP-03473","Ransomware",12
"INC-02400","COMP-04249","Phishing",16
"INC-02401","COMP-03046","Ransomware",41
"INC-02402","COMP-02150","Phishing",2
"INC-02403","COMP-05160","Ransomware",27
"INC-02404","COMP-07452","Phishing",12
"INC-02405","COMP-03581","Insider Threat",32
"INC-02406","COMP-04307","Insider Threat",14
"INC-02407","COMP-04748","Ransomware",19
"INC-02408","COMP-00201","Ransomware",42
"INC-02409","COMP-05239","Phishing",53
"INC-02410","COMP-04910","Ransomware",36
"INC-02411","COMP-02171","Ransomware",8
"INC-02412","COMP-02139","Phishing",51
"INC-02413","COMP-06982","Phishing",12
"INC-02414","COMP-05230","Phishing",201
"INC-02415","COMP-02690","Ransomware",61
"INC-02416","COMP-04595","Phishing",66
"INC-02417","COMP-01815","Insider Threat",105
"INC-02418","COMP-00928","Phishing",23
"INC-02419","COMP-06953","Phishing",13
"INC-02420","COMP-06888","Ransomware",19
"INC-02421","COMP-01421","Phishing",39
"INC-02422","COMP-04171","Insider Threat",43
"INC-02423","COMP-02286","Phishing",25
"INC-02424","COMP-03782","Ransomware",33
"INC-02425","COMP-02625","Insider Threat",57
"INC-02426","COMP-00851","Phishing",15
"INC-02427","COMP-05950","Ransomware",34
"INC-02428","COMP-05845","Phishing",5
"INC-02429","COMP-04744","Insider Threat",31
"INC-02430","COMP-04011","Insider Threat",57
"INC-02431","COMP-02911","Ransomware",42
"INC-02432","COMP-02764","Ransomware",23
"INC-02433","COMP-07145","Ransomware",43
"INC-02434","COMP-00015","Phishing",101
"INC-02435","COMP-04416","Ransomware",23
"INC-02436","COMP-06793","Ransomware",4
"INC-02437","COMP-05173","Ransomware",35
"INC-02438","COMP-04587","Insider Threat",45
"INC-02439","COMP-01311","Phishing",36
"INC-02440","COMP-01375","Insider Threat",91
"INC-02441","COMP-00953","Ransomware",15
"INC-02442","COMP-00847","Ransomware",29
"INC-02443","COMP-00747","Phishing",95
"INC-02444","COMP-03958","Ransomware",13
"INC-02445","COMP-03802","Ransomware",14
"INC-02446","COMP-06485","Phishing",17
"INC-02447","COMP-02412","Phishing",6
"INC-02448","COMP-05646","Insider Threat",24
"INC-02449","COMP-02037","Phishing",9
"INC-02450","COMP-05801","Phishing",6
"INC-02451","COMP-00378","Insider Threat",45
"INC-02452","COMP-07979","Phishing",11
"INC-02453","COMP-01473","Phishing",69
"INC-02454","COMP-01096","Phishing",20
"INC-02455","COMP-03898","Insider Threat",28
"INC-02456","COMP-01227","Ransomware",98
"INC-02457","COMP-00300","Ransomware",35
"INC-02458","COMP-03755","Ransomware",18
"INC-02459","COMP-06274","Phishing",17
"INC-02460","COMP-01627","Phishing",26
"INC-02461","COMP-06979","Phishing",26
"INC-02462","COMP-03608","Phishing",19
"INC-02463","COMP-05371","Phishing",20
"INC-02464","COMP-06620","Phishing",27
"INC-02465","COMP-01807","Phishing",36
"INC-02466","COMP-01251","Ransomware",11
"INC-02467","COMP-03433","Ransomware",13
"INC-02468","COMP-03977","Ransomware",19
"INC-02469","COMP-06964","Phishing",17
"INC-02470","COMP-05410","Ransomware",19
"INC-02471","COMP-03910","Phishing",25
"INC-02472","COMP-01722","Insider Threat",94
"INC-02473","COMP-05401","Phishing",16
"INC-02474","COMP-00219","Phishing",13
"INC-02475","COMP-04037","Insider Threat",74
"INC-02476","COMP-02459","Phishing",16
"INC-02477","COMP-03057","Insider Threat",7
"INC-02478","COMP-07607","Ransomware",6
"INC-02479","COMP-06879","Insider Threat",10
"INC-02480","COMP-06804","Phishing",9
"INC-02481","COMP-06793","Phishing",22
"INC-02482","COMP-00523","Insider Threat",7
"INC-02483","COMP-04927","Insider Threat",34
"INC-02484","COMP-01885","Phishing",13
"INC-02485","COMP-05431","Phishing",20
"INC-02486","COMP-00323","Ransomware",37
"INC-02487","COMP-01534","Ransomware",34
"INC-02488","COMP-06944","Ransomware",9
"INC-02489","COMP-06389","Phishing",13
"INC-02490","COMP-05897","Phishing",22
"INC-02491","COMP-01641","Insider Threat",23
"INC-02492","COMP-01419","Ransomware",5
"INC-02493","COMP-05538","Ransomware",9
"INC-02494","COMP-02460","Insider Threat",36
"INC-02495","COMP-00663","Phishing",14
"INC-02496","COMP-02548","Phishing",7
"INC-02497","COMP-04739","Insider Threat",18
"INC-02498","COMP-07505","Phishing",7
"INC-02499","COMP-02299","Phishing",51
"INC-02500","COMP-02447","Insider Threat",122
"INC-02501","COMP-00959","Phishing",27
"INC-02502","COMP-01072","Phishing",21
"INC-02503","COMP-03521","Phishing",21
"INC-02504","COMP-05347","Phishing",28
"INC-02505","COMP-04411","Phishing",19
"INC-02506","COMP-07469","Insider Threat",8
"INC-02507","COMP-01758","Phishing",40
"INC-02508","COMP-00524","Ransomware",4
"INC-02509","COMP-06319","Phishing",15
"INC-02510","COMP-05365","Ransomware",20
"INC-02511","COMP-00806","Insider Threat",20
"INC-02512","COMP-07441","Ransomware",48
"INC-02513","COMP-03931","Phishing",7
"INC-02514","COMP-06704","Insider Threat",9
"INC-02515","COMP-04739","Phishing",17
"INC-02516","COMP-00288","Phishing",62
"INC-02517","COMP-06311","Phishing",7
"INC-02518","COMP-03573","Ransomware",48
"INC-02519","COMP-01343","Phishing",22
"INC-02520","COMP-02306","Ransomware",39
"INC-02521","COMP-05383","Phishing",61
"INC-02522","COMP-03662","Phishing",17
"INC-02523","COMP-04479","Phishing",23
"INC-02524","COMP-04889","Phishing",13
"INC-02525","COMP-00109","Phishing",6
"INC-02526","COMP-06463","Phishing",37
"INC-02527","COMP-00571","Ransomware",25
"INC-02528","COMP-00914","Phishing",14
"INC-02529","COMP-05255","Ransomware",111
"INC-02530","COMP-02252","Phishing",26
"INC-02531","COMP-07863","Phishing",28
"INC-02532","COMP-00532","Insider Threat",9
"INC-02533","COMP-03850","Phishing",52
"INC-02534","COMP-02296","Ransomware",10
"INC-02535","COMP-00764","Phishing",12
"INC-02536","COMP-05882","Ransomware",18
"INC-02537","COMP-04435","Phishing",88
"INC-02538","COMP-02464","Ransomware",18
"INC-02539","COMP-00372","Ransomware",38
"INC-02540","COMP-07727","Ransomware",11
"INC-02541","COMP-07967","Ransomware",35
"INC-02542","COMP-00338","Ransomware",65
"INC-02543","COMP-00540","Phishing",35
"INC-02544","COMP-07343","Insider Threat",24
"INC-02545","COMP-02365","Ransomware",50
"INC-02546","COMP-04558","Phishing",17
"INC-02547","COMP-04527","Insider Threat",18
"INC-02548","COMP-04650","Ransomware",13
"INC-02549","COMP-03773","Ransomware",32
"INC-02550","COMP-05354","Ransomware",21
"INC-02551","COMP-05844","Phishing",26
"INC-02552","COMP-01629","Phishing",117
"INC-02553","COMP-06616","Insider Threat",15
"INC-02554","COMP-02389","Phishing",11
"INC-02555","COMP-03430","Ransomware",6
"INC-02556","COMP-01958","Phishing",5
"INC-02557","COMP-00233","Phishing",7
"INC-02558","COMP-03270","Insider Threat",116
"INC-02559","COMP-02439","Phishing",48
"INC-02560","COMP-05700","Ransomware",53
"INC-02561","COMP-06362","Ransomware",6
"INC-02562","COMP-01845","Ransomware",42
"INC-02563","COMP-06336","Phishing",10
"INC-02564","COMP-03105","Phishing",12
"INC-02565","COMP-06682","Phishing",25
"INC-02566","COMP-01859","Ransomware",40
"INC-02567","COMP-01258","Ransomware",20
"INC-02568","COMP-07648","Phishing",19
"INC-02569","COMP-01053","Phishing",15
"INC-02570","COMP-05984","Phishing",20
"INC-02571","COMP-04514","Phishing",3
"INC-02572","COMP-05529","Phishing",10
"INC-02573","COMP-04740","Phishing",21
"INC-02574","COMP-01083","Phishing",136
"INC-02575","COMP-05501","Phishing",12
"INC-02576","COMP-01077","Phishing",11
"INC-02577","COMP-07656","Ransomware",18
"INC-02578","COMP-02626","Ransomware",3
"INC-02579","COMP-02092","Ransomware",35
"INC-02580","COMP-02252","Phishing",103
"INC-02581","COMP-00118","Phishing",102
"INC-02582","COMP-05342","Ransomware",13
"INC-02583","COMP-00368","Insider Threat",29
"INC-02584","COMP-03244","Ransomware",51
"INC-02585","COMP-00495","Phishing",66
"INC-02586","COMP-01418","Ransomware",49
"INC-02587","COMP-04508","Phishing",8
"INC-02588","COMP-00115","Phishing",6
"INC-02589","COMP-02840","Ransomware",33
"INC-02590","COMP-05184","Phishing",30
"INC-02591","COMP-06283","Ransomware",7
"INC-02592","COMP-01351","Phishing",48
"INC-02593","COMP-03875","Phishing",45
"INC-02594","COMP-07446","Ransomware",9
"INC-02595","COMP-00317","Phishing",26
"INC-02596","COMP-02969","Phishing",27
"INC-02597","COMP-05383","Phishing",18
"INC-02598","COMP-06122","Ransomware",59
"INC-02599","COMP-02963","Phishing",11
"INC-02600","COMP-02099","Ransomware",25
"INC-02601","COMP-03299","Ransomware",13
"INC-02602","COMP-05399","Phishing",16
"INC-02603","COMP-00321","Ransomware",48
"INC-02604","COMP-00564","Phishing",35
"INC-02605","COMP-06418","Ransomware",19
"INC-02606","COMP-03811","Phishing",10
"INC-02607","COMP-02914","Phishing",26
"INC-02608","COMP-00464","Ransomware",12
"INC-02609","COMP-07840","Phishing",15
"INC-02610","COMP-02749","Insider Threat",8
"INC-02611","COMP-05114","Ransomware",8
"INC-02612","COMP-00199","Ransomware",6
"INC-02613","COMP-07553","Insider Threat",18
"INC-02614","COMP-06307","Phishing",6
"INC-02615","COMP-00603","Ransomware",187
"INC-02616","COMP-02564","Ransomware",26
"INC-02617","COMP-01524","Phishing",11
"INC-02618","COMP-03997","Phishing",62
"INC-02619","COMP-02333","Insider Threat",21
"INC-02620","COMP-07909","Ransomware",21
"INC-02621","COMP-01284","Insider Threat",15
"INC-02622","COMP-04870","Phishing",17
"INC-02623","COMP-04046","Ransomware",9
"INC-02624","COMP-00974","Phishing",21
"INC-02625","COMP-07879","Phishing",10
"INC-02626","COMP-07714","Ransomware",30
"INC-02627","COMP-03608","Phishing",91
"INC-02628","COMP-07070","Ransomware",35
"INC-02629","COMP-06768","Ransomware",28
"INC-02630","COMP-05668","Ransomware",60
"INC-02631","COMP-00369","Insider Threat",30
"INC-02632","COMP-04238","Ransomware",7
"INC-02633","COMP-04621","Phishing",49
"INC-02634","COMP-03803","Phishing",13
"INC-02635","COMP-02803","Phishing",16
"INC-02636","COMP-04095","Phishing",15
"INC-02637","COMP-05561","Phishing",17
"INC-02638","COMP-07237","Insider Threat",11
"INC-02639","COMP-06087","Phishing",45
"INC-02640","COMP-04541","Phishing",41
"INC-02641","COMP-04395","Phishing",20
"INC-02642","COMP-07465","Phishing",13
"INC-02643","COMP-00923","Phishing",34
"INC-02644","COMP-01685","Phishing",29
"INC-02645","COMP-04043","Ransomware",36
"INC-02646","COMP-00684","Phishing",42
"INC-02647","COMP-03798","Phishing",21
"INC-02648","COMP-06532","Phishing",32
"INC-02649","COMP-06012","Insider Threat",11
"INC-02650","COMP-04098","Ransomware",75
"INC-02651","COMP-01910","Phishing",45
"INC-02652","COMP-07060","Ransomware",115
"INC-02653","COMP-06576","Insider Threat",7
"INC-02654","COMP-03633","Insider Threat",97
"INC-02655","COMP-02962","Phishing",14
"INC-02656","COMP-05144","Insider Threat",12
"INC-02657","COMP-02402","Ransomware",20
"INC-02658","COMP-02659","Phishing",4
"INC-02659","COMP-04309","Phishing",28
"INC-02660","COMP-06811","Ransomware",20
"INC-02661","COMP-04137","Phishing",54
"INC-02662","COMP-04206","Phishing",20
"INC-02663","COMP-02350","Phishing",81
"INC-02664","COMP-01282","Ransomware",12
"INC-02665","COMP-04893","Ransomware",53
"INC-02666","COMP-02420","Insider Threat",128
"INC-02667","COMP-00097","Phishing",41
"INC-02668","COMP-05655","Ransomware",29
"INC-02669","COMP-03724","Insider Threat",24
"INC-02670","COMP-04781","Phishing",17
"INC-02671","COMP-04634","Phishing",26
"INC-02672","COMP-07388","Ransomware",10
"INC-02673","COMP-03813","Insider Threat",234
"INC-02674","COMP-00412","Phishing",24
"INC-02675","COMP-02939","Insider Threat",14
"INC-02676","COMP-00801","Phishing",13
"INC-02677","COMP-01992","Ransomware",51
"INC-02678","COMP-02248","Insider Threat",19
"INC-02679","COMP-04128","Ransomware",79
"INC-02680","COMP-00990","Ransomware",70
"INC-02681","COMP-00407","Phishing",50
"INC-02682","COMP-04267","Insider Threat",29
"INC-02683","COMP-03587","Phishing",12
"INC-02684","COMP-05518","Phishing",32
"INC-02685","COMP-07125","Phishing",16
"INC-02686","COMP-01729","Ransomware",9
"INC-02687","COMP-01437","Phishing",67
"INC-02688","COMP-02839","Phishing",5
"INC-02689","COMP-02217","Phishing",225
"INC-02690","COMP-04317","Phishing",18
"INC-02691","COMP-07847","Phishing",25
"INC-02692","COMP-01569","Ransomware",170
"INC-02693","COMP-01630","Insider Threat",44
"INC-02694","COMP-00151","Ransomware",21
"INC-02695","COMP-00695","Phishing",10
"INC-02696","COMP-07395","Ransomware",12
"INC-02697","COMP-05441","Insider Threat",30
"INC-02698","COMP-02702","Phishing",34
"INC-02699","COMP-01217","Phishing",8
"INC-02700","COMP-07238","Ransomware",37
"INC-02701","COMP-00396","Phishing",18
"INC-02702","COMP-04653","Phishing",22
"INC-02703","COMP-06045","Phishing",36
"INC-02704","COMP-05084","Phishing",12
"INC-02705","COMP-03429","Ransomware",12
"INC-02706","COMP-05860","Phishing",33
"INC-02707","COMP-05644","Phishing",99
"INC-02708","COMP-07652","Insider Threat",52
"INC-02709","COMP-03351","Ransomware",5
"INC-02710","COMP-02349","Insider Threat",8
"INC-02711","COMP-02814","Ransomware",49
"INC-02712","COMP-07551","Phishing",12
"INC-02713","COMP-06603","Insider Threat",105
"INC-02714","COMP-07854","Ransomware",16
"INC-02715","COMP-07712","Phishing",27
"INC-02716","COMP-02454","Phishing",46
"INC-02717","COMP-00050","Insider Threat",21
"INC-02718","COMP-07993","Ransomware",36
"INC-02719","COMP-07165","Phishing",26
"INC-02720","COMP-04412","Ransomware",14
"INC-02721","COMP-00074","Phishing",16
"INC-02722","COMP-07520","Phishing",12
"INC-02723","COMP-05730","Phishing",26
"INC-02724","COMP-01736","Phishing",23
"INC-02725","COMP-02215","Phishing",14
"INC-02726","COMP-07793","Phishing",22
"INC-02727","COMP-03928","Phishing",41
"INC-02728","COMP-07918","Phishing",30
"INC-02729","COMP-02851","Ransomware",40
"INC-02730","COMP-04412","Ransomware",25
"INC-02731","COMP-02082","Phishing",42
"INC-02732","COMP-05686","Ransomware",7
"INC-02733","COMP-01751","Insider Threat",18
"INC-02734","COMP-07843","Ransomware",20
"INC-02735","COMP-02719","Insider Threat",25
"INC-02736","COMP-04451","Ransomware",7
"INC-02737","COMP-03922","Phishing",76
"INC-02738","COMP-04933","Ransomware",53
"INC-02739","COMP-02496","Phishing",28
"INC-02740","COMP-04543","Insider Threat",54
"INC-02741","COMP-06998","Ransomware",22
"INC-02742","COMP-06649","Phishing",43
"INC-02743","COMP-06323","Ransomware",49
"INC-02744","COMP-01170","Ransomware",54
"INC-02745","COMP-04854","Ransomware",21
"INC-02746","COMP-05354","Insider Threat",22
"INC-02747","COMP-07440","Phishing",84
"INC-02748","COMP-02673","Ransomware",8
"INC-02749","COMP-06862","Ransomware",43
"INC-02750","COMP-00565","Phishing",49
"INC-02751","COMP-01332","Ransomware",6
"INC-02752","COMP-07843","Phishing",20
"INC-02753","COMP-03356","Ransomware",83
"INC-02754","COMP-04566","Insider Threat",27
"INC-02755","COMP-01014","Insider Threat",18
"INC-02756","COMP-07119","Ransomware",14
"INC-02757","COMP-01550","Phishing",18
"INC-02758","COMP-05194","Ransomware",42
"INC-02759","COMP-07258","Phishing",31
"INC-02760","COMP-03075","Phishing",39
"INC-02761","COMP-02643","Ransomware",18
"INC-02762","COMP-01318","Phishing",17
"INC-02763","COMP-03816","Insider Threat",12
"INC-02764","COMP-07265","Insider Threat",35
"INC-02765","COMP-03423","Ransomware",60
"INC-02766","COMP-03492","Phishing",21
"INC-02767","COMP-02081","Ransomware",53
"INC-02768","COMP-06509","Insider Threat",25
"INC-02769","COMP-04770","Phishing",17
"INC-02770","COMP-01255","Phishing",40
"INC-02771","COMP-05551","Insider Threat",8
"INC-02772","COMP-02164","Phishing",13
"INC-02773","COMP-02853","Phishing",62
"INC-02774","COMP-04183","Phishing",40
"INC-02775","COMP-03109","Phishing",28
"INC-02776","COMP-01428","Ransomware",20
"INC-02777","COMP-03456","Insider Threat",30
"INC-02778","COMP-07489","Phishing",4
"INC-02779","COMP-06284","Insider Threat",14
"INC-02780","COMP-06670","Ransomware",14
"INC-02781","COMP-00415","Phishing",25
"INC-02782","COMP-02797","Phishing",43
"INC-02783","COMP-03268","Phishing",8
"INC-02784","COMP-02439","Phishing",17
"INC-02785","COMP-04372","Insider Threat",13
"INC-02786","COMP-07469","Ransomware",25
"INC-02787","COMP-00367","Insider Threat",25
"INC-02788","COMP-05106","Ransomware",10
"INC-02789","COMP-02319","Insider Threat",9
"INC-02790","COMP-00712","Ransomware",24
"INC-02791","COMP-05090","Phishing",53
"INC-02792","COMP-00889","Insider Threat",15
"INC-02793","COMP-02853","Phishing",88
"INC-02794","COMP-00847","Ransomware",20
"INC-02795","COMP-00403","Ransomware",11
"INC-02796","COMP-06062","Ransomware",15
"INC-02797","COMP-06834","Ransomware",23
"INC-02798","COMP-04973","Phishing",24
"INC-02799","COMP-00574","Insider Threat",46
"INC-02800","COMP-06226","Ransomware",33
"INC-02801","COMP-06458","Phishing",18
"INC-02802","COMP-04293","Phishing",71
"INC-02803","COMP-02976","Insider Threat",45
"INC-02804","COMP-04078","Phishing",20
"INC-02805","COMP-05759","Phishing",14
"INC-02806","COMP-02922","Ransomware",58
"INC-02807","COMP-02908","Phishing",34
"INC-02808","COMP-05960","Phishing",43
"INC-02809","COMP-04287","Ransomware",25
"INC-02810","COMP-00545","Ransomware",92
"INC-02811","COMP-06526","Phishing",23
"INC-02812","COMP-05299","Phishing",30
"INC-02813","COMP-06584","Ransomware",11
"INC-02814","COMP-04185","Phishing",17
"INC-02815","COMP-02078","Phishing",26
"INC-02816","COMP-05049","Phishing",16
"INC-02817","COMP-05039","Ransomware",68
"INC-02818","COMP-01419","Insider Threat",35
"INC-02819","COMP-03718","Phishing",52
"INC-02820","COMP-07310","Phishing",6
"INC-02821","COMP-07668","Phishing",8
"INC-02822","COMP-03850","Insider Threat",5
"INC-02823","COMP-00311","Ransomware",38
"INC-02824","COMP-07744","Ransomware",85
"INC-02825","COMP-00180","Insider Threat",5
"INC-02826","COMP-05042","Ransomware",29
"INC-02827","COMP-03081","Phishing",58
"INC-02828","COMP-05689","Ransomware",59
"INC-02829","COMP-04293","Phishing",64
"INC-02830","COMP-02431","Ransomware",28
"INC-02831","COMP-01490","Ransomware",12
"INC-02832","COMP-06518","Phishing",40
"INC-02833","COMP-03235","Phishing",20
"INC-02834","COMP-07993","Phishing",9
"INC-02835","COMP-06113","Ransomware",24
"INC-02836","COMP-01088","Ransomware",21
"INC-02837","COMP-02998","Phishing",17
"INC-02838","COMP-04097","Phishing",76
"INC-02839","COMP-00617","Ransomware",5
"INC-02840","COMP-01370","Insider Threat",31
"INC-02841","COMP-06836","Insider Threat",246
"INC-02842","COMP-07324","Phishing",41
"INC-02843","COMP-00167","Ransomware",79
"INC-02844","COMP-05099","Ransomware",21
"INC-02845","COMP-01285","Insider Threat",29
"INC-02846","COMP-06197","Phishing",23
"INC-02847","COMP-01463","Ransomware",15
"INC-02848","COMP-04300","Phishing",180
"INC-02849","COMP-01330","Ransomware",8
"INC-02850","COMP-02356","Insider Threat",11
"INC-02851","COMP-05114","Phishing",16
"INC-02852","COMP-01745","Ransomware",28
"INC-02853","COMP-03954","Phishing",105
"INC-02854","COMP-05313","Phishing",48
"INC-02855","COMP-02551","Ransomware",16
"INC-02856","COMP-03395","Ransomware",12
"INC-02857","COMP-00712","Ransomware",15
"INC-02858","COMP-05804","Ransomware",31
"INC-02859","COMP-02826","Insider Threat",42
"INC-02860","COMP-06105","Ransomware",19
"INC-02861","COMP-03724","Ransomware",3
"INC-02862","COMP-06975","Phishing",7
"INC-02863","COMP-00342","Phishing",18
"INC-02864","COMP-02164","Phishing",28
"INC-02865","COMP-02351","Phishing",62
"INC-02866","COMP-03154","Ransomware",27
"INC-02867","COMP-01533","Phishing",57
"INC-02868","COMP-00935","Ransomware",47
"INC-02869","COMP-03303","Ransomware",44
"INC-02870","COMP-01954","Phishing",42
"INC-02871","COMP-00236","Phishing",18
"INC-02872","COMP-02111","Phishing",17
"INC-02873","COMP-03123","Ransomware",38
"INC-02874","COMP-05203","Ransomware",9
"INC-02875","COMP-01527","Ransomware",64
"INC-02876","COMP-02838","Ransomware",44
"INC-02877","COMP-06318","Ransomware",29
"INC-02878","COMP-00975","Phishing",18
"INC-02879","COMP-01630","Ransomware",46
"INC-02880","COMP-06988","Ransomware",19
"INC-02881","COMP-00972","Phishing",33
"INC-02882","COMP-04361","Ransomware",15
"INC-02883","COMP-03938","Phishing",14
"INC-02884","COMP-00661","Ransomware",35
"INC-02885","COMP-02614","Phishing",33
"INC-02886","COMP-00537","Ransomware",41
"INC-02887","COMP-07962","Phishing",21
"INC-02888","COMP-04606","Phishing",20
"INC-02889","COMP-06120","Ransomware",74
"INC-02890","COMP-05361","Ransomware",22
"INC-02891","COMP-06401","Phishing",38
"INC-02892","COMP-02255","Insider Threat",14
"INC-02893","COMP-02457","Phishing",6
"INC-02894","COMP-04998","Ransomware",47
"INC-02895","COMP-05381","Ransomware",18
"INC-02896","COMP-04389","Phishing",35
"INC-02897","COMP-00717","Phishing",46
"INC-02898","COMP-05591","Phishing",18
"INC-02899","COMP-05765","Phishing",11
"INC-02900","COMP-04910","Phishing",31
"INC-02901","COMP-00608","Insider Threat",16
"INC-02902","COMP-07740","Ransomware",16
"INC-02903","COMP-03967","Phishing",32
"INC-02904","COMP-00602","Phishing",22
"INC-02905","COMP-06543","Phishing",55
"INC-02906","COMP-06298","Insider Threat",13
"INC-02907","COMP-01338","Ransomware",21
"INC-02908","COMP-03525","Insider Threat",124
"INC-02909","COMP-02777","Ransomware",8
"INC-02910","COMP-07197","Phishing",8
"INC-02911","COMP-04457","Ransomware",15
"INC-02912","COMP-04478","Ransomware",19
"INC-02913","COMP-05555","Insider Threat",36
"INC-02914","COMP-00754","Phishing",7
"INC-02915","COMP-03988","Insider Threat",54
"INC-02916","COMP-07719","Ransomware",41
"INC-02917","COMP-06027","Insider Threat",26
"INC-02918","COMP-02072","Phishing",18
"INC-02919","COMP-02046","Phishing",15
"INC-02920","COMP-01100","Insider Threat",23
"INC-02921","COMP-00545","Phishing",114
"INC-02922","COMP-07613","Phishing",29
"INC-02923","COMP-05225","Phishing",29
"INC-02924","COMP-04469","Phishing",4
"INC-02925","COMP-01599","Phishing",39
"INC-02926","COMP-02929","Phishing",15
"INC-02927","COMP-01107","Ransomware",24
"INC-02928","COMP-07410","Phishing",22
"INC-02929","COMP-01060","Ransomware",15
"INC-02930","COMP-01560","Insider Threat",60
"INC-02931","COMP-04535","Phishing",63
"INC-02932","COMP-04652","Phishing",21
"INC-02933","COMP-02739","Phishing",9
"INC-02934","COMP-02409","Phishing",13
"INC-02935","COMP-04460","Insider Threat",116
"INC-02936","COMP-03099","Phishing",9
"INC-02937","COMP-01546","Ransomware",26
"INC-02938","COMP-05787","Phishing",14
"INC-02939","COMP-05152","Insider Threat",10
"INC-02940","COMP-00541","Ransomware",40
"INC-02941","COMP-00722","Ransomware",35
"INC-02942","COMP-03799","Ransomware",23
"INC-02943","COMP-05173","Phishing",70
"INC-02944","COMP-07771","Phishing",32
"INC-02945","COMP-02055","Phishing",31
"INC-02946","COMP-06346","Phishing",84
"INC-02947","COMP-07110","Ransomware",82
"INC-02948","COMP-01147","Phishing",4
"INC-02949","COMP-02518","Phishing",12
"INC-02950","COMP-05955","Phishing",54
"INC-02951","COMP-01070","Phishing",66
"INC-02952","COMP-03913","Insider Threat",20
"INC-02953","COMP-00689","Ransomware",104
"INC-02954","COMP-05617","Ransomware",49
"INC-02955","COMP-02828","Phishing",31
"INC-02956","COMP-04580","Ransomware",26
"INC-02957","COMP-00008","Phishing",46
"INC-02958","COMP-02622","Ransomware",8
"INC-02959","COMP-03593","Phishing",19
"INC-02960","COMP-07687","Phishing",8
"INC-02961","COMP-07360","Ransomware",13
"INC-02962","COMP-07584","Ransomware",26
"INC-02963","COMP-00965","Ransomware",64
"INC-02964","COMP-06023","Phishing",15
"INC-02965","COMP-07693","Ransomware",39
"INC-02966","COMP-06014","Phishing",18
"INC-02967","COMP-07897","Ransomware",52
"INC-02968","COMP-05202","Ransomware",35
"INC-02969","COMP-01419","Phishing",22
"INC-02970","COMP-03865","Phishing",10
"INC-02971","COMP-06992","Phishing",31
"INC-02972","COMP-07907","Phishing",53
"INC-02973","COMP-05249","Ransomware",5
"INC-02974","COMP-04602","Phishing",9
"INC-02975","COMP-04566","Insider Threat",17
"INC-02976","COMP-05821","Ransomware",124
"INC-02977","COMP-05358","Phishing",17
"INC-02978","COMP-05647","Phishing",18
"INC-02979","COMP-03197","Phishing",24
"INC-02980","COMP-01881","Phishing",45
"INC-02981","COMP-02665","Ransomware",13
"INC-02982","COMP-07076","Insider Threat",24
"INC-02983","COMP-01369","Ransomware",10
"INC-02984","COMP-07550","Insider Threat",83
"INC-02985","COMP-01310","Ransomware",56
"INC-02986","COMP-00607","Insider Threat",35
"INC-02987","COMP-03015","Insider Threat",25
"INC-02988","COMP-03715","Phishing",20
"INC-02989","COMP-01711","Phishing",19
"INC-02990","COMP-03573","Insider Threat",43
"INC-02991","COMP-04807","Phishing",15
"INC-02992","COMP-02171","Phishing",33
"INC-02993","COMP-07124","Phishing",48
"INC-02994","COMP-00100","Phishing",64
"INC-02995","COMP-01004","Phishing",35
"INC-02996","COMP-02313","Ransomware",24
"INC-02997","COMP-03643","Phishing",15
"INC-02998","COMP-07614","Phishing",22
"INC-02999","COMP-03140","Ransomware",14
"INC-03000","COMP-03280","Ransomware",73
"INC-03001","COMP-02399","Phishing",30
"INC-03002","COMP-07232","Phishing",29
"INC-03003","COMP-02852","Insider Threat",88
"INC-03004","COMP-02652","Phishing",105
"INC-03005","COMP-00039","Ransomware",17
"INC-03006","COMP-01608","Insider Threat",23
"INC-03007","COMP-04588","Phishing",44
"INC-03008","COMP-04869","Phishing",16
"INC-03009","COMP-06933","Ransomware",42
"INC-03010","COMP-01436","Phishing",42
"INC-03011","COMP-00718","Ransomware",5
"INC-03012","COMP-06050","Ransomware",22
"INC-03013","COMP-00746","Phishing",8
"INC-03014","COMP-01311","Phishing",63
"INC-03015","COMP-02426","Ransomware",58
"INC-03016","COMP-04478","Phishing",28
"INC-03017","COMP-06637","Insider Threat",37
"INC-03018","COMP-07093","Phishing",11
"INC-03019","COMP-04007","Ransomware",19
"INC-03020","COMP-04788","Insider Threat",20
"INC-03021","COMP-05709","Ransomware",29
"INC-03022","COMP-07689","Ransomware",20
"INC-03023","COMP-05805","Phishing",56
"INC-03024","COMP-04984","Phishing",20
"INC-03025","COMP-01141","Ransomware",67
"INC-03026","COMP-07567","Insider Threat",27
"INC-03027","COMP-00294","Phishing",17
"INC-03028","COMP-07618","Ransomware",29
"INC-03029","COMP-02126","Ransomware",21
"INC-03030","COMP-05777","Phishing",19
"INC-03031","COMP-01179","Phishing",10
"INC-03032","COMP-04372","Phishing",9
"INC-03033","COMP-05362","Phishing",10
"INC-03034","COMP-01743","Ransomware",23
"INC-03035","COMP-06411","Phishing",78
"INC-03036","COMP-07637","Ransomware",21
"INC-03037","COMP-03002","Ransomware",30
"INC-03038","COMP-02271","Ransomware",20
"INC-03039","COMP-02974","Phishing",39
"INC-03040","COMP-01643","Phishing",32
"INC-03041","COMP-04527","Phishing",45
"INC-03042","COMP-06406","Ransomware",20
"INC-03043","COMP-00492","Ransomware",72
"INC-03044","COMP-05148","Phishing",13
"INC-03045","COMP-05110","Insider Threat",52
"INC-03046","COMP-01482","Phishing",29
"INC-03047","COMP-06563","Insider Threat",70
"INC-03048","COMP-06574","Ransomware",15
"INC-03049","COMP-02240","Phishing",11
"INC-03050","COMP-04913","Phishing",19
"INC-03051","COMP-04683","Phishing",68
"INC-03052","COMP-06889","Ransomware",57
"INC-03053","COMP-07764","Ransomware",19
"INC-03054","COMP-07029","Phishing",57
"INC-03055","COMP-02989","Phishing",47
"INC-03056","COMP-07550","Phishing",17
"INC-03057","COMP-01870","Insider Threat",12
"INC-03058","COMP-00607","Ransomware",20
"INC-03059","COMP-00901","Ransomware",46
"INC-03060","COMP-06589","Insider Threat",33
"INC-03061","COMP-07014","Ransomware",86
"INC-03062","COMP-06304","Insider Threat",12
"INC-03063","COMP-03637","Ransomware",39
"INC-03064","COMP-04348","Insider Threat",32
"INC-03065","COMP-06216","Phishing",54
"INC-03066","COMP-03674","Ransomware",20
"INC-03067","COMP-04629","Ransomware",53
"INC-03068","COMP-00713","Phishing",15
"INC-03069","COMP-07546","Phishing",17
"INC-03070","COMP-06890","Phishing",60
"INC-03071","COMP-01032","Phishing",35
"INC-03072","COMP-07425","Ransomware",23
"INC-03073","COMP-06012","Insider Threat",43
"INC-03074","COMP-04098","Phishing",66
"INC-03075","COMP-07482","Phishing",28
"INC-03076","COMP-06845","Ransomware",12
"INC-03077","COMP-00681","Phishing",24
"INC-03078","COMP-03544","Phishing",6
"INC-03079","COMP-05143","Phishing",4
"INC-03080","COMP-02056","Phishing",21
"INC-03081","COMP-05695","Ransomware",44
"INC-03082","COMP-04727","Insider Threat",50
"INC-03083","COMP-07646","Phishing",10
"INC-03084","COMP-02378","Insider Threat",17
"INC-03085","COMP-05564","Phishing",4
"INC-03086","COMP-07117","Insider Threat",19
"INC-03087","COMP-07233","Ransomware",40
"INC-03088","COMP-06393","Phishing",54
"INC-03089","COMP-03053","Phishing",15
"INC-03090","COMP-05779","Ransomware",119
"INC-03091","COMP-00266","Ransomware",21
"INC-03092","COMP-07784","Phishing",57
"INC-03093","COMP-00528","Phishing",114
"INC-03094","COMP-04671","Ransomware",43
"INC-03095","COMP-00465","Ransomware",16
"INC-03096","COMP-05912","Phishing",7
"INC-03097","COMP-05468","Ransomware",14
"INC-03098","COMP-04154","Phishing",8
"INC-03099","COMP-04804","Phishing",22
"INC-03100","COMP-01098","Ransomware",19
"INC-03101","COMP-04617","Insider Threat",125
"INC-03102","COMP-04813","Phishing",38
"INC-03103","COMP-00371","Phishing",32
"INC-03104","COMP-02044","Phishing",17
"INC-03105","COMP-00776","Ransomware",46
"INC-03106","COMP-04786","Phishing",3
"INC-03107","COMP-03022","Phishing",29
"INC-03108","COMP-02896","Ransomware",7
"INC-03109","COMP-01721","Phishing",8
"INC-03110","COMP-07568","Ransomware",56
"INC-03111","COMP-04560","Phishing",13
"INC-03112","COMP-00621","Insider Threat",18
"INC-03113","COMP-03699","Ransomware",17
"INC-03114","COMP-05412","Ransomware",24
"INC-03115","COMP-00158","Ransomware",110
"INC-03116","COMP-01365","Phishing",41
"INC-03117","COMP-00927","Phishing",16
"INC-03118","COMP-03460","Ransomware",18
"INC-03119","COMP-02826","Ransomware",48
"INC-03120","COMP-07557","Ransomware",7
"INC-03121","COMP-05516","Ransomware",31
"INC-03122","COMP-05988","Ransomware",56
"INC-03123","COMP-07964","Ransomware",10
"INC-03124","COMP-00059","Ransomware",21
"INC-03125","COMP-02923","Phishing",27
"INC-03126","COMP-01564","Ransomware",4
"INC-03127","COMP-00767","Insider Threat",52
"INC-03128","COMP-03341","Ransomware",33
"INC-03129","COMP-06453","Phishing",6
"INC-03130","COMP-02166","Ransomware",9
"INC-03131","COMP-03202","Ransomware",21
"INC-03132","COMP-02001","Phishing",19
"INC-03133","COMP-03374","Insider Threat",13
"INC-03134","COMP-04390","Phishing",8
"INC-03135","COMP-05119","Phishing",61
"INC-03136","COMP-03324","Ransomware",29
"INC-03137","COMP-05759","Ransomware",77
"INC-03138","COMP-03147","Ransomware",12
"INC-03139","COMP-04929","Ransomware",21
"INC-03140","COMP-02999","Phishing",37
"INC-03141","COMP-02271","Phishing",33
"INC-03142","COMP-06238","Phishing",33
"INC-03143","COMP-03391","Insider Threat",28
"INC-03144","COMP-02122","Phishing",17
"INC-03145","COMP-06173","Phishing",17
"INC-03146","COMP-03224","Ransomware",29
"INC-03147","COMP-02453","Phishing",16
"INC-03148","COMP-01528","Phishing",32
"INC-03149","COMP-00908","Phishing",5
"INC-03150","COMP-04797","Phishing",13
"INC-03151","COMP-03373","Ransomware",25
"INC-03152","COMP-01303","Ransomware",13
"INC-03153","COMP-00561","Phishing",28
"INC-03154","COMP-05687","Ransomware",108
"INC-03155","COMP-04968","Ransomware",87
"INC-03156","COMP-05173","Ransomware",13
"INC-03157","COMP-07656","Ransomware",24
"INC-03158","COMP-03121","Ransomware",20
"INC-03159","COMP-02910","Phishing",13
"INC-03160","COMP-02300","Insider Threat",28
"INC-03161","COMP-07409","Ransomware",26
"INC-03162","COMP-04116","Phishing",17
"INC-03163","COMP-05250","Ransomware",15
"INC-03164","COMP-04311","Phishing",28
"INC-03165","COMP-00949","Ransomware",17
"INC-03166","COMP-06551","Phishing",6
"INC-03167","COMP-02247","Phishing",21
"INC-03168","COMP-01197","Phishing",20
"INC-03169","COMP-04761","Insider Threat",20
"INC-03170","COMP-05116","Insider Threat",19
"INC-03171","COMP-03072","Insider Threat",12
"INC-03172","COMP-00939","Phishing",12
"INC-03173","COMP-02262","Insider Threat",7
"INC-03174","COMP-01328","Phishing",45
"INC-03175","COMP-04995","Insider Threat",9
"INC-03176","COMP-00295","Phishing",21
"INC-03177","COMP-04153","Phishing",4
"INC-03178","COMP-04176","Ransomware",18
"INC-03179","COMP-02123","Ransomware",32
"INC-03180","COMP-00655","Phishing",11
"INC-03181","COMP-01629","Phishing",15
"INC-03182","COMP-07988","Insider Threat",46
"INC-03183","COMP-04609","Phishing",13
"INC-03184","COMP-04626","Phishing",50
"INC-03185","COMP-02656","Phishing",51
"INC-03186","COMP-00505","Insider Threat",47
"INC-03187","COMP-01900","Phishing",32
"INC-03188","COMP-06341","Insider Threat",45
"INC-03189","COMP-00008","Phishing",24
"INC-03190","COMP-06016","Ransomware",83
"INC-03191","COMP-01620","Ransomware",36
"INC-03192","COMP-07178","Ransomware",20
"INC-03193","COMP-07442","Ransomware",67
"INC-03194","COMP-05009","Ransomware",26
"INC-03195","COMP-02897","Insider Threat",40
"INC-03196","COMP-03997","Insider Threat",9
"INC-03197","COMP-07553","Phishing",37
"INC-03198","COMP-07694","Ransomware",54
"INC-03199","COMP-02473","Insider Threat",24
"INC-03200","COMP-05971","Phishing",85
"INC-03201","COMP-07514","Insider Threat",12
"INC-03202","COMP-07025","Phishing",37
"INC-03203","COMP-07554","Ransomware",38
"INC-03204","COMP-01804","Phishing",47
"INC-03205","COMP-04867","Phishing",106
"INC-03206","COMP-03984","Ransomware",26
"INC-03207","COMP-00985","Ransomware",41
"INC-03208","COMP-06580","Phishing",31
"INC-03209","COMP-04588","Phishing",5
"INC-03210","COMP-01876","Phishing",16
"INC-03211","COMP-06057","Insider Threat",12
"INC-03212","COMP-05250","Phishing",15
"INC-03213","COMP-05215","Insider Threat",12
"INC-03214","COMP-04166","Phishing",22
"INC-03215","COMP-03762","Phishing",26
"INC-03216","COMP-05567","Phishing",12
"INC-03217","COMP-01606","Ransomware",33
"INC-03218","COMP-05276","Ransomware",59
"INC-03219","COMP-01869","Phishing",12
"INC-03220","COMP-07984","Ransomware",31
"INC-03221","COMP-07731","Phishing",36
"INC-03222","COMP-05355","Insider Threat",11
"INC-03223","COMP-02006","Phishing",16
"INC-03224","COMP-06870","Ransomware",20
"INC-03225","COMP-04926","Insider Threat",22
"INC-03226","COMP-02088","Insider Threat",37
"INC-03227","COMP-03895","Phishing",20
"INC-03228","COMP-07572","Phishing",26
"INC-03229","COMP-03731","Phishing",16
"INC-03230","COMP-06979","Phishing",34
"INC-03231","COMP-05751","Ransomware",10
"INC-03232","COMP-03660","Ransomware",103
"INC-03233","COMP-04155","Ransomware",5
"INC-03234","COMP-04149","Phishing",17
"INC-03235","COMP-03122","Phishing",8
"INC-03236","COMP-07477","Phishing",50
"INC-03237","COMP-03944","Ransomware",19
"INC-03238","COMP-07935","Phishing",10
"INC-03239","COMP-05186","Ransomware",10
"INC-03240","COMP-01172","Ransomware",25
"INC-03241","COMP-00983","Phishing",7
"INC-03242","COMP-00475","Insider Threat",16
"INC-03243","COMP-07055","Insider Threat",36
"INC-03244","COMP-07792","Phishing",170
"INC-03245","COMP-07628","Ransomware",17
"INC-03246","COMP-07885","Insider Threat",20
"INC-03247","COMP-04207","Insider Threat",154
"INC-03248","COMP-02634","Ransomware",44
"INC-03249","COMP-04260","Phishing",95
"INC-03250","COMP-02661","Insider Threat",10
"INC-03251","COMP-01519","Phishing",24
"INC-03252","COMP-03274","Phishing",32
"INC-03253","COMP-04950","Ransomware",22
"INC-03254","COMP-03575","Phishing",11
"INC-03255","COMP-05967","Ransomware",19
"INC-03256","COMP-00907","Insider Threat",3
"INC-03257","COMP-01726","Insider Threat",19
"INC-03258","COMP-03789","Ransomware",69
"INC-03259","COMP-02166","Insider Threat",36
"INC-03260","COMP-01749","Phishing",27
"INC-03261","COMP-03017","Phishing",15
"INC-03262","COMP-02926","Phishing",10
"INC-03263","COMP-05416","Phishing",43
"INC-03264","COMP-03674","Ransomware",134
"INC-03265","COMP-04856","Insider Threat",17
"INC-03266","COMP-01176","Ransomware",14
"INC-03267","COMP-06257","Phishing",25
"INC-03268","COMP-01479","Phishing",18
"INC-03269","COMP-05202","Phishing",37
"INC-03270","COMP-00383","Phishing",16
"INC-03271","COMP-07764","Phishing",91
"INC-03272","COMP-02496","Insider Threat",14
"INC-03273","COMP-07527","Phishing",55
"INC-03274","COMP-03325","Ransomware",34
"INC-03275","COMP-04899","Phishing",17
"INC-03276","COMP-05004","Ransomware",41
"INC-03277","COMP-05478","Phishing",31
"INC-03278","COMP-02271","Insider Threat",81
"INC-03279","COMP-06683","Ransomware",32
"INC-03280","COMP-05819","Phishing",48
"INC-03281","COMP-01966","Phishing",21
"INC-03282","COMP-03044","Phishing",14
"INC-03283","COMP-05558","Phishing",57
"INC-03284","COMP-04565","Phishing",21
"INC-03285","COMP-03183","Insider Threat",21
"INC-03286","COMP-07085","Phishing",11
"INC-03287","COMP-02983","Phishing",32
"INC-03288","COMP-04372","Ransomware",31
"INC-03289","COMP-00668","Ransomware",25
"INC-03290","COMP-00903","Ransomware",28
"INC-03291","COMP-04578","Phishing",14
"INC-03292","COMP-07385","Insider Threat",24
"INC-03293","COMP-05714","Phishing",52
"INC-03294","COMP-00474","Phishing",11
"INC-03295","COMP-01950","Ransomware",31
"INC-03296","COMP-07211","Ransomware",4
"INC-03297","COMP-00544","Ransomware",143
"INC-03298","COMP-02484","Phishing",14
"INC-03299","COMP-02539","Ransomware",5
"INC-03300","COMP-01727","Phishing",30
"INC-03301","COMP-04106","Phishing",34
"INC-03302","COMP-00272","Ransomware",24
"INC-03303","COMP-04327","Ransomware",66
"INC-03304","COMP-02991","Phishing",62
"INC-03305","COMP-03703","Phishing",25
"INC-03306","COMP-00132","Ransomware",47
"INC-03307","COMP-02732","Ransomware",114
"INC-03308","COMP-01533","Phishing",11
"INC-03309","COMP-06309","Phishing",53
"INC-03310","COMP-00685","Phishing",15
"INC-03311","COMP-00928","Phishing",41
"INC-03312","COMP-07525","Ransomware",26
"INC-03313","COMP-06585","Ransomware",29
"INC-03314","COMP-03860","Ransomware",31
"INC-03315","COMP-01134","Phishing",29
"INC-03316","COMP-02049","Phishing",40
"INC-03317","COMP-05226","Phishing",43
"INC-03318","COMP-05349","Phishing",27
"INC-03319","COMP-03566","Phishing",43
"INC-03320","COMP-04291","Ransomware",46
"INC-03321","COMP-02571","Phishing",17
"INC-03322","COMP-06970","Insider Threat",151
"INC-03323","COMP-03357","Ransomware",9
"INC-03324","COMP-06713","Phishing",21
"INC-03325","COMP-05951","Ransomware",18
"INC-03326","COMP-03674","Phishing",6
"INC-03327","COMP-03787","Ransomware",106
"INC-03328","COMP-00933","Phishing",17
"INC-03329","COMP-01764","Insider Threat",14
"INC-03330","COMP-05119","Ransomware",6
"INC-03331","COMP-02206","Phishing",70
"INC-03332","COMP-01583","Ransomware",13
"INC-03333","COMP-05456","Insider Threat",45
"INC-03334","COMP-07678","Phishing",24
"INC-03335","COMP-06473","Phishing",81
"INC-03336","COMP-05220","Phishing",5
"INC-03337","COMP-07203","Phishing",17
"INC-03338","COMP-03672","Ransomware",11
"INC-03339","COMP-07329","Phishing",60
"INC-03340","COMP-07161","Ransomware",47
"INC-03341","COMP-04676","Phishing",13
"INC-03342","COMP-07061","Ransomware",99
"INC-03343","COMP-02411","Phishing",39
"INC-03344","COMP-04147","Phishing",11
"INC-03345","COMP-05284","Insider Threat",15
"INC-03346","COMP-01499","Phishing",40
"INC-03347","COMP-04114","Phishing",50
"INC-03348","COMP-00311","Phishing",7
"INC-03349","COMP-00483","Insider Threat",13
"INC-03350","COMP-06521","Ransomware",9
"INC-03351","COMP-07853","Ransomware",9
"INC-03352","COMP-02174","Ransomware",51
"INC-03353","COMP-03108","Ransomware",22
"INC-03354","COMP-05854","Ransomware",42
"INC-03355","COMP-01106","Insider Threat",7
"INC-03356","COMP-05713","Ransomware",8
"INC-03357","COMP-06231","Phishing",95
"INC-03358","COMP-06709","Phishing",26
"INC-03359","COMP-04396","Ransomware",57
"INC-03360","COMP-04092","Phishing",16
"INC-03361","COMP-02991","Phishing",30
"INC-03362","COMP-07891","Insider Threat",23
"INC-03363","COMP-01618","Phishing",37
"INC-03364","COMP-04163","Phishing",75
"INC-03365","COMP-07593","Phishing",16
"INC-03366","COMP-04180","Ransomware",58
"INC-03367","COMP-01979","Phishing",52
"INC-03368","COMP-05684","Phishing",19
"INC-03369","COMP-00314","Phishing",11
"INC-03370","COMP-01613","Insider Threat",77
"INC-03371","COMP-07937","Phishing",10
"INC-03372","COMP-06560","Phishing",17
"INC-03373","COMP-06616","Ransomware",7
"INC-03374","COMP-04033","Ransomware",29
"INC-03375","COMP-02394","Phishing",14
"INC-03376","COMP-03836","Ransomware",25
"INC-03377","COMP-03879","Ransomware",10
"INC-03378","COMP-07588","Ransomware",100
"INC-03379","COMP-02067","Phishing",18
"INC-03380","COMP-03514","Phishing",14
"INC-03381","COMP-06299","Ransomware",29
"INC-03382","COMP-01017","Ransomware",30
"INC-03383","COMP-06550","Ransomware",20
"INC-03384","COMP-05052","Phishing",4
"INC-03385","COMP-03180","Phishing",24
"INC-03386","COMP-04959","Ransomware",16
"INC-03387","COMP-06892","Phishing",7
"INC-03388","COMP-00978","Ransomware",117
"INC-03389","COMP-03753","Phishing",42
"INC-03390","COMP-04324","Insider Threat",141
"INC-03391","COMP-06253","Phishing",42
"INC-03392","COMP-06840","Phishing",32
"INC-03393","COMP-03758","Phishing",8
"INC-03394","COMP-00668","Ransomware",14
"INC-03395","COMP-06829","Phishing",17
"INC-03396","COMP-00846","Ransomware",19
"INC-03397","COMP-01009","Insider Threat",16
"INC-03398","COMP-04455","Insider Threat",90
"INC-03399","COMP-00159","Phishing",53
"INC-03400","COMP-01031","Phishing",24
"INC-03401","COMP-04537","Phishing",18
"INC-03402","COMP-04850","Phishing",86
"INC-03403","COMP-06476","Ransomware",69
"INC-03404","COMP-05142","Insider Threat",8
"INC-03405","COMP-04674","Ransomware",22
"INC-03406","COMP-04005","Phishing",14
"INC-03407","COMP-05131","Phishing",20
"INC-03408","COMP-03321","Insider Threat",28
"INC-03409","COMP-03885","Ransomware",16
"INC-03410","COMP-00004","Phishing",80
"INC-03411","COMP-02589","Insider Threat",25
"INC-03412","COMP-06252","Phishing",11
"INC-03413","COMP-00598","Ransomware",7
"INC-03414","COMP-07249","Ransomware",64
"INC-03415","COMP-06250","Phishing",16
"INC-03416","COMP-05559","Phishing",9
"INC-03417","COMP-01808","Ransomware",28
"INC-03418","COMP-00201","Insider Threat",51
"INC-03419","COMP-04830","Ransomware",19
"INC-03420","COMP-02344","Phishing",54
"INC-03421","COMP-04876","Phishing",18
"INC-03422","COMP-04358","Ransomware",23
"INC-03423","COMP-02822","Ransomware",53
"INC-03424","COMP-04498","Phishing",13
"INC-03425","COMP-00289","Phishing",17
"INC-03426","COMP-03085","Ransomware",6
"INC-03427","COMP-00840","Insider Threat",21
"INC-03428","COMP-04705","Ransomware",8
"INC-03429","COMP-04066","Phishing",32
"INC-03430","COMP-04334","Phishing",39
"INC-03431","COMP-05658","Insider Threat",29
"INC-03432","COMP-06225","Ransomware",28
"INC-03433","COMP-00385","Ransomware",102
"INC-03434","COMP-03232","Phishing",14
"INC-03435","COMP-00865","Ransomware",52
"INC-03436","COMP-07860","Phishing",6
"INC-03437","COMP-07366","Ransomware",60
"INC-03438","COMP-07724","Ransomware",25
"INC-03439","COMP-02268","Phishing",16
"INC-03440","COMP-01859","Ransomware",95
"INC-03441","COMP-04750","Phishing",21
"INC-03442","COMP-05509","Phishing",43
"INC-03443","COMP-07933","Phishing",42
"INC-03444","COMP-02082","Phishing",16
"INC-03445","COMP-07826","Insider Threat",29
"INC-03446","COMP-01901","Phishing",16
"INC-03447","COMP-07645","Ransomware",5
"INC-03448","COMP-01291","Phishing",13
"INC-03449","COMP-07134","Phishing",4
"INC-03450","COMP-02315","Insider Threat",22
"INC-03451","COMP-05112","Ransomware",32
"INC-03452","COMP-05888","Ransomware",27
"INC-03453","COMP-01996","Insider Threat",8
"INC-03454","COMP-07617","Insider Threat",61
"INC-03455","COMP-04937","Phishing",16
"INC-03456","COMP-06212","Insider Threat",7
"INC-03457","COMP-03798","Phishing",17
"INC-03458","COMP-01849","Ransomware",47
"INC-03459","COMP-06490","Ransomware",47
"INC-03460","COMP-00546","Ransomware",37
"INC-03461","COMP-05464","Ransomware",6
"INC-03462","COMP-07947","Ransomware",109
"INC-03463","COMP-00232","Insider Threat",68
"INC-03464","COMP-01824","Phishing",17
"INC-03465","COMP-00829","Phishing",47
"INC-03466","COMP-06289","Ransomware",7
"INC-03467","COMP-04693","Phishing",24
"INC-03468","COMP-02120","Ransomware",84
"INC-03469","COMP-07616","Phishing",39
"INC-03470","COMP-00879","Phishing",81
"INC-03471","COMP-05380","Phishing",3
"INC-03472","COMP-06835","Phishing",24
"INC-03473","COMP-00468","Phishing",48
"INC-03474","COMP-07761","Phishing",19
"INC-03475","COMP-04103","Ransomware",30
"INC-03476","COMP-07485","Insider Threat",24
"INC-03477","COMP-02639","Ransomware",35
"INC-03478","COMP-01004","Phishing",24
"INC-03479","COMP-01445","Phishing",24
"INC-03480","COMP-03203","Ransomware",19
"INC-03481","COMP-04080","Insider Threat",22
"INC-03482","COMP-01909","Phishing",28
"INC-03483","COMP-02421","Insider Threat",11
"INC-03484","COMP-00955","Ransomware",18
"INC-03485","COMP-07226","Phishing",36
"INC-03486","COMP-04441","Insider Threat",17
"INC-03487","COMP-01343","Insider Threat",29
"INC-03488","COMP-00605","Phishing",191
"INC-03489","COMP-04980","Phishing",39
"INC-03490","COMP-05844","Ransomware",8
"INC-03491","COMP-00921","Ransomware",30
"INC-03492","COMP-03790","Ransomware",47
"INC-03493","COMP-02776","Insider Threat",5
"INC-03494","COMP-01211","Phishing",26
"INC-03495","COMP-05562","Ransomware",30
"INC-03496","COMP-05967","Ransomware",152
"INC-03497","COMP-07403","Phishing",85
"INC-03498","COMP-07677","Ransomware",8
"INC-03499","COMP-06555","Phishing",26
"INC-03500","COMP-03989","Phishing",21
"INC-03501","COMP-03131","Ransomware",13
"INC-03502","COMP-07193","Insider Threat",41
"INC-03503","COMP-05163","Phishing",30
"INC-03504","COMP-07109","Ransomware",7
"INC-03505","COMP-01579","Insider Threat",5
"INC-03506","COMP-05170","Phishing",24
"INC-03507","COMP-06643","Insider Threat",169
"INC-03508","COMP-07662","Phishing",9
"INC-03509","COMP-01927","Ransomware",42
"INC-03510","COMP-05165","Phishing",14
"INC-03511","COMP-00825","Insider Threat",10
"INC-03512","COMP-02468","Ransomware",23
"INC-03513","COMP-01862","Phishing",89
"INC-03514","COMP-03952","Phishing",22
"INC-03515","COMP-04965","Insider Threat",27
"INC-03516","COMP-05720","Ransomware",4
"INC-03517","COMP-00009","Insider Threat",17
"INC-03518","COMP-04876","Ransomware",67
"INC-03519","COMP-01873","Insider Threat",14
"INC-03520","COMP-07274","Ransomware",15
"INC-03521","COMP-06947","Ransomware",13
"INC-03522","COMP-04934","Phishing",8
"INC-03523","COMP-07292","Phishing",21
"INC-03524","COMP-07618","Ransomware",12
"INC-03525","COMP-03286","Phishing",35
"INC-03526","COMP-00003","Phishing",10
"INC-03527","COMP-05808","Phishing",11
"INC-03528","COMP-00698","Phishing",18
"INC-03529","COMP-03360","Insider Threat",44
"INC-03530","COMP-04303","Phishing",25
"INC-03531","COMP-01583","Phishing",56
"INC-03532","COMP-05152","Phishing",19
"INC-03533","COMP-05388","Phishing",13
"INC-03534","COMP-00081","Ransomware",5
"INC-03535","COMP-02234","Ransomware",42
"INC-03536","COMP-06946","Ransomware",75
"INC-03537","COMP-02759","Phishing",22
"INC-03538","COMP-06856","Phishing",38
"INC-03539","COMP-04048","Phishing",14
"INC-03540","COMP-01403","Phishing",26
"INC-03541","COMP-00554","Insider Threat",62
"INC-03542","COMP-04410","Ransomware",22
"INC-03543","COMP-03872","Ransomware",12
"INC-03544","COMP-07491","Phishing",13
"INC-03545","COMP-03679","Insider Threat",6
"INC-03546","COMP-06252","Phishing",10
"INC-03547","COMP-02713","Phishing",11
"INC-03548","COMP-03883","Phishing",47
"INC-03549","COMP-03077","Ransomware",13
"INC-03550","COMP-02173","Phishing",43
"INC-03551","COMP-02932","Ransomware",50
"INC-03552","COMP-04227","Ransomware",46
"INC-03553","COMP-06601","Insider Threat",24
"INC-03554","COMP-06034","Ransomware",137
"INC-03555","COMP-04556","Ransomware",36
"INC-03556","COMP-03973","Phishing",95
"INC-03557","COMP-06254","Phishing",62
"INC-03558","COMP-00235","Ransomware",68
"INC-03559","COMP-00611","Phishing",10
"INC-03560","COMP-01270","Phishing",11
"INC-03561","COMP-00142","Ransomware",25
"INC-03562","COMP-03056","Insider Threat",19
"INC-03563","COMP-07549","Phishing",28
"INC-03564","COMP-01619","Phishing",8
"INC-03565","COMP-03513","Phishing",33
"INC-03566","COMP-04129","Ransomware",18
"INC-03567","COMP-03868","Ransomware",14
"INC-03568","COMP-06823","Phishing",11
"INC-03569","COMP-01723","Ransomware",15
"INC-03570","COMP-06647","Insider Threat",69
"INC-03571","COMP-03156","Phishing",35
"INC-03572","COMP-07586","Phishing",14
"INC-03573","COMP-00830","Phishing",24
"INC-03574","COMP-05205","Ransomware",84
"INC-03575","COMP-00486","Phishing",9
"INC-03576","COMP-01029","Phishing",55
"INC-03577","COMP-01686","Insider Threat",32
"INC-03578","COMP-06418","Ransomware",12
"INC-03579","COMP-06682","Ransomware",7
"INC-03580","COMP-07456","Ransomware",79
"INC-03581","COMP-04551","Phishing",7
"INC-03582","COMP-02902","Ransomware",14
"INC-03583","COMP-06510","Ransomware",23
"INC-03584","COMP-01792","Phishing",11
"INC-03585","COMP-00026","Phishing",43
"INC-03586","COMP-03766","Ransomware",40
"INC-03587","COMP-05028","Phishing",17
"INC-03588","COMP-06521","Ransomware",34
"INC-03589","COMP-02221","Ransomware",53
"INC-03590","COMP-00309","Phishing",16
"INC-03591","COMP-04609","Ransomware",25
"INC-03592","COMP-05812","Phishing",32
"INC-03593","COMP-03208","Phishing",10
"INC-03594","COMP-06291","Phishing",16
"INC-03595","COMP-00510","Insider Threat",37
"INC-03596","COMP-02841","Ransomware",22
"INC-03597","COMP-02458","Phishing",7
"INC-03598","COMP-04180","Phishing",28
"INC-03599","COMP-05119","Phishing",48
"INC-03600","COMP-01213","Phishing",26
"INC-03601","COMP-02727","Insider Threat",64
"INC-03602","COMP-04458","Phishing",21
"INC-03603","COMP-04425","Phishing",14
"INC-03604","COMP-05575","Phishing",22
"INC-03605","COMP-04990","Phishing",63
"INC-03606","COMP-03589","Phishing",14
"INC-03607","COMP-02799","Ransomware",42
"INC-03608","COMP-07913","Phishing",58
"INC-03609","COMP-03619","Ransomware",201
"INC-03610","COMP-02626","Ransomware",4
"INC-03611","COMP-03345","Insider Threat",14
"INC-03612","COMP-04309","Phishing",27
"INC-03613","COMP-07846","Ransomware",14
"INC-03614","COMP-06291","Phishing",68
"INC-03615","COMP-05709","Phishing",87
"INC-03616","COMP-04051","Ransomware",24
"INC-03617","COMP-02736","Phishing",16
"INC-03618","COMP-07915","Ransomware",57
"INC-03619","COMP-01421","Ransomware",6
"INC-03620","COMP-06650","Phishing",18
"INC-03621","COMP-06537","Phishing",26
"INC-03622","COMP-05657","Ransomware",137
"INC-03623","COMP-00229","Ransomware",7
"INC-03624","COMP-05187","Ransomware",23
"INC-03625","COMP-03534","Phishing",10
"INC-03626","COMP-07960","Phishing",13
"INC-03627","COMP-05847","Phishing",27
"INC-03628","COMP-02411","Phishing",38
"INC-03629","COMP-02951","Ransomware",19
"INC-03630","COMP-02705","Insider Threat",52
"INC-03631","COMP-06915","Phishing",20
"INC-03632","COMP-03826","Phishing",10
"INC-03633","COMP-06698","Ransomware",49
"INC-03634","COMP-07854","Phishing",9
"INC-03635","COMP-03630","Insider Threat",15
"INC-03636","COMP-02926","Phishing",12
"INC-03637","COMP-06521","Phishing",16
"INC-03638","COMP-04541","Insider Threat",61
"INC-03639","COMP-06112","Ransomware",93
"INC-03640","COMP-06025","Phishing",24
"INC-03641","COMP-02687","Ransomware",57
"INC-03642","COMP-06949","Phishing",51
"INC-03643","COMP-05457","Insider Threat",10
"INC-03644","COMP-03361","Phishing",24
"INC-03645","COMP-07055","Phishing",53
"INC-03646","COMP-03600","Phishing",22
"INC-03647","COMP-07037","Phishing",19
"INC-03648","COMP-07698","Phishing",6
"INC-03649","COMP-01616","Phishing",15
"INC-03650","COMP-07847","Phishing",58
"INC-03651","COMP-07871","Phishing",51
"INC-03652","COMP-00405","Ransomware",26
"INC-03653","COMP-04080","Phishing",21
"INC-03654","COMP-02032","Phishing",14
"INC-03655","COMP-03816","Insider Threat",25
"INC-03656","COMP-03998","Ransomware",15
"INC-03657","COMP-03128","Phishing",14
"INC-03658","COMP-02857","Ransomware",12
"INC-03659","COMP-03716","Ransomware",98
"INC-03660","COMP-06135","Phishing",15
"INC-03661","COMP-01466","Ransomware",24
"INC-03662","COMP-02686","Phishing",42
"INC-03663","COMP-04177","Insider Threat",7
"INC-03664","COMP-05066","Phishing",21
"INC-03665","COMP-04733","Phishing",31
"INC-03666","COMP-06148","Phishing",9
"INC-03667","COMP-02187","Phishing",12
"INC-03668","COMP-00959","Phishing",69
"INC-03669","COMP-06915","Ransomware",206
"INC-03670","COMP-06001","Ransomware",41
"INC-03671","COMP-04422","Insider Threat",7
"INC-03672","COMP-02714","Phishing",33
"INC-03673","COMP-03627","Ransomware",25
"INC-03674","COMP-07531","Insider Threat",13
"INC-03675","COMP-02430","Phishing",25
"INC-03676","COMP-07838","Insider Threat",69
"INC-03677","COMP-02093","Ransomware",12
"INC-03678","COMP-00389","Phishing",21
"INC-03679","COMP-02440","Phishing",19
"INC-03680","COMP-01017","Phishing",24
"INC-03681","COMP-01282","Phishing",3
"INC-03682","COMP-04005","Ransomware",39
"INC-03683","COMP-01780","Ransomware",28
"INC-03684","COMP-06274","Ransomware",22
"INC-03685","COMP-07377","Insider Threat",21
"INC-03686","COMP-03740","Ransomware",19
"INC-03687","COMP-00880","Phishing",20
"INC-03688","COMP-01182","Ransomware",51
"INC-03689","COMP-05860","Phishing",16
"INC-03690","COMP-01687","Ransomware",21
"INC-03691","COMP-02047","Phishing",13
"INC-03692","COMP-00081","Phishing",22
"INC-03693","COMP-03349","Phishing",7
"INC-03694","COMP-03864","Phishing",270
"INC-03695","COMP-00571","Ransomware",9
"INC-03696","COMP-04152","Ransomware",32
"INC-03697","COMP-00596","Phishing",98
"INC-03698","COMP-06474","Insider Threat",50
"INC-03699","COMP-01342","Phishing",27
"INC-03700","COMP-07681","Phishing",19
"INC-03701","COMP-01457","Insider Threat",20
"INC-03702","COMP-05560","Ransomware",19
"INC-03703","COMP-05867","Ransomware",6
"INC-03704","COMP-05936","Phishing",20
"INC-03705","COMP-05660","Phishing",13
"INC-03706","COMP-03511","Phishing",5
"INC-03707","COMP-06574","Phishing",19
"INC-03708","COMP-03088","Phishing",11
"INC-03709","COMP-04252","Ransomware",11
"INC-03710","COMP-03562","Phishing",18
"INC-03711","COMP-03939","Insider Threat",6
"INC-03712","COMP-02735","Phishing",9
"INC-03713","COMP-05991","Phishing",13
"INC-03714","COMP-04029","Insider Threat",13
"INC-03715","COMP-05720","Phishing",57
"INC-03716","COMP-03430","Phishing",10
"INC-03717","COMP-02620","Phishing",12
"INC-03718","COMP-02554","Phishing",27
"INC-03719","COMP-06124","Phishing",27
"INC-03720","COMP-03509","Phishing",57
"INC-03721","COMP-05364","Phishing",25
"INC-03722","COMP-05834","Ransomware",22
"INC-03723","COMP-02204","Ransomware",42
"INC-03724","COMP-03040","Insider Threat",16
"INC-03725","COMP-06835","Ransomware",90
"INC-03726","COMP-05951","Ransomware",12
"INC-03727","COMP-03907","Ransomware",13
"INC-03728","COMP-06154","Ransomware",12
"INC-03729","COMP-01399","Insider Threat",24
"INC-03730","COMP-07127","Phishing",41
"INC-03731","COMP-06749","Ransomware",24
"INC-03732","COMP-06968","Insider Threat",9
"INC-03733","COMP-04425","Ransomware",41
"INC-03734","COMP-01601","Insider Threat",92
"INC-03735","COMP-03726","Phishing",38
"INC-03736","COMP-05581","Ransomware",9
"INC-03737","COMP-04896","Ransomware",52
"INC-03738","COMP-02445","Ransomware",8
"INC-03739","COMP-01854","Ransomware",24
"INC-03740","COMP-01115","Phishing",17
"INC-03741","COMP-06611","Phishing",45
"INC-03742","COMP-03475","Ransomware",40
"INC-03743","COMP-07952","Phishing",13
"INC-03744","COMP-04021","Phishing",4
"INC-03745","COMP-00566","Ransomware",44
"INC-03746","COMP-02659","Phishing",16
"INC-03747","COMP-04144","Insider Threat",17
"INC-03748","COMP-00679","Phishing",17
"INC-03749","COMP-07490","Insider Threat",90
"INC-03750","COMP-07866","Phishing",10
"INC-03751","COMP-04952","Phishing",13
"INC-03752","COMP-03712","Ransomware",17
"INC-03753","COMP-06247","Ransomware",10
"INC-03754","COMP-03591","Ransomware",23
"INC-03755","COMP-01622","Phishing",19
"INC-03756","COMP-03834","Phishing",16
"INC-03757","COMP-03175","Ransomware",34
"INC-03758","COMP-05012","Phishing",43
"INC-03759","COMP-02570","Phishing",21
"INC-03760","COMP-04978","Phishing",25
"INC-03761","COMP-05956","Phishing",10
"INC-03762","COMP-04523","Phishing",32
"INC-03763","COMP-00174","Ransomware",20
"INC-03764","COMP-04056","Phishing",19
"INC-03765","COMP-03030","Ransomware",15
"INC-03766","COMP-03933","Phishing",31
"INC-03767","COMP-07570","Phishing",58
"INC-03768","COMP-00955","Phishing",37
"INC-03769","COMP-00888","Ransomware",20
"INC-03770","COMP-04143","Phishing",35
"INC-03771","COMP-01290","Insider Threat",19
"INC-03772","COMP-05688","Phishing",25
"INC-03773","COMP-00930","Ransomware",66
"INC-03774","COMP-02519","Phishing",5
"INC-03775","COMP-04385","Insider Threat",33
"INC-03776","COMP-01598","Phishing",33
"INC-03777","COMP-06379","Ransomware",34
"INC-03778","COMP-01598","Phishing",8
"INC-03779","COMP-01988","Insider Threat",91
"INC-03780","COMP-03036","Ransomware",113
"INC-03781","COMP-00285","Ransomware",14
"INC-03782","COMP-05474","Ransomware",26
"INC-03783","COMP-05282","Ransomware",18
"INC-03784","COMP-02775","Phishing",21
"INC-03785","COMP-02909","Phishing",19
"INC-03786","COMP-02414","Phishing",58
"INC-03787","COMP-05501","Ransomware",72
"INC-03788","COMP-05204","Ransomware",14
"INC-03789","COMP-01321","Insider Threat",66
"INC-03790","COMP-01679","Insider Threat",29
"INC-03791","COMP-06046","Ransomware",18
"INC-03792","COMP-05832","Phishing",26
"INC-03793","COMP-00121","Phishing",39
"INC-03794","COMP-01441","Ransomware",25
"INC-03795","COMP-05107","Phishing",191
"INC-03796","COMP-07625","Ransomware",30
"INC-03797","COMP-06026","Ransomware",8
"INC-03798","COMP-05255","Ransomware",16
"INC-03799","COMP-05568","Phishing",18
"INC-03800","COMP-06227","Insider Threat",15
"INC-03801","COMP-04182","Insider Threat",12
"INC-03802","COMP-05311","Ransomware",26
"INC-03803","COMP-06066","Phishing",57
"INC-03804","COMP-03456","Phishing",3
"INC-03805","COMP-04611","Ransomware",38
"INC-03806","COMP-05725","Phishing",51
"INC-03807","COMP-01327","Phishing",42
"INC-03808","COMP-07611","Ransomware",13
"INC-03809","COMP-03184","Insider Threat",8
"INC-03810","COMP-06061","Phishing",85
"INC-03811","COMP-04942","Phishing",56
"INC-03812","COMP-06516","Ransomware",4
"INC-03813","COMP-03089","Ransomware",7
"INC-03814","COMP-04210","Phishing",11
"INC-03815","COMP-06507","Phishing",8
"INC-03816","COMP-05676","Phishing",120
"INC-03817","COMP-01538","Ransomware",76
"INC-03818","COMP-01636","Ransomware",33
"INC-03819","COMP-05779","Ransomware",30
"INC-03820","COMP-05369","Ransomware",20
"INC-03821","COMP-02425","Phishing",13
"INC-03822","COMP-04145","Insider Threat",25
"INC-03823","COMP-00228","Ransomware",151
"INC-03824","COMP-02788","Phishing",8
"INC-03825","COMP-02554","Phishing",67
"INC-03826","COMP-03882","Ransomware",67
"INC-03827","COMP-02902","Phishing",22
"INC-03828","COMP-06862","Insider Threat",37
"INC-03829","COMP-04009","Ransomware",16
"INC-03830","COMP-02807","Ransomware",7
"INC-03831","COMP-00682","Phishing",56
"INC-03832","COMP-07243","Ransomware",34
"INC-03833","COMP-06848","Phishing",43
"INC-03834","COMP-03264","Ransomware",92
"INC-03835","COMP-02373","Phishing",20
"INC-03836","COMP-07229","Phishing",37
"INC-03837","COMP-04278","Phishing",34
"INC-03838","COMP-06729","Ransomware",43
"INC-03839","COMP-01985","Ransomware",30
"INC-03840","COMP-04040","Phishing",28
"INC-03841","COMP-00580","Phishing",12
"INC-03842","COMP-03677","Ransomware",10
"INC-03843","COMP-06005","Insider Threat",63
"INC-03844","COMP-07403","Phishing",12
"INC-03845","COMP-04709","Ransomware",29
"INC-03846","COMP-07098","Phishing",11
"INC-03847","COMP-07770","Ransomware",34
"INC-03848","COMP-03331","Phishing",138
"INC-03849","COMP-06196","Phishing",8
"INC-03850","COMP-04028","Phishing",47
"INC-03851","COMP-07493","Phishing",11
"INC-03852","COMP-02024","Phishing",74
"INC-03853","COMP-07567","Ransomware",22
"INC-03854","COMP-06670","Ransomware",7
"INC-03855","COMP-02386","Ransomware",12
"INC-03856","COMP-01549","Ransomware",21
"INC-03857","COMP-01082","Phishing",26
"INC-03858","COMP-06428","Phishing",22
"INC-03859","COMP-05081","Ransomware",7
"INC-03860","COMP-00003","Phishing",14
"INC-03861","COMP-04208","Ransomware",19
"INC-03862","COMP-01955","Ransomware",55
"INC-03863","COMP-05364","Ransomware",5
"INC-03864","COMP-03785","Phishing",12
"INC-03865","COMP-00491","Ransomware",8
"INC-03866","COMP-07722","Ransomware",86
"INC-03867","COMP-01352","Ransomware",12
"INC-03868","COMP-06676","Phishing",180
"INC-03869","COMP-00949","Phishing",57
"INC-03870","COMP-02382","Phishing",111
"INC-03871","COMP-03688","Insider Threat",7
"INC-03872","COMP-07427","Phishing",21
"INC-03873","COMP-02173","Ransomware",166
"INC-03874","COMP-05520","Ransomware",39
"INC-03875","COMP-04041","Ransomware",16
"INC-03876","COMP-06729","Ransomware",14
"INC-03877","COMP-02384","Phishing",40
"INC-03878","COMP-04671","Phishing",7
"INC-03879","COMP-03041","Phishing",51
"INC-03880","COMP-06734","Phishing",7
"INC-03881","COMP-07001","Phishing",15
"INC-03882","COMP-06595","Phishing",19
"INC-03883","COMP-00615","Phishing",30
"INC-03884","COMP-00072","Insider Threat",58
"INC-03885","COMP-03589","Phishing",55
"INC-03886","COMP-05590","Phishing",19
"INC-03887","COMP-01668","Ransomware",7
"INC-03888","COMP-05129","Phishing",102
"INC-03889","COMP-01565","Phishing",7
"INC-03890","COMP-05681","Phishing",59
"INC-03891","COMP-06769","Insider Threat",17
"INC-03892","COMP-05573","Insider Threat",20
"INC-03893","COMP-06699","Phishing",145
"INC-03894","COMP-05104","Insider Threat",27
"INC-03895","COMP-03659","Insider Threat",35
"INC-03896","COMP-02298","Ransomware",92
"INC-03897","COMP-02097","Phishing",15
"INC-03898","COMP-04744","Ransomware",22
"INC-03899","COMP-06029","Phishing",57
"INC-03900","COMP-06314","Phishing",35
"INC-03901","COMP-01422","Phishing",13
"INC-03902","COMP-05157","Phishing",14
"INC-03903","COMP-03736","Insider Threat",14
"INC-03904","COMP-06358","Insider Threat",39
"INC-03905","COMP-04821","Phishing",19
"INC-03906","COMP-02910","Insider Threat",60
"INC-03907","COMP-02459","Insider Threat",42
"INC-03908","COMP-06709","Insider Threat",11
"INC-03909","COMP-02896","Ransomware",33
"INC-03910","COMP-07822","Phishing",21
"INC-03911","COMP-07052","Ransomware",21
"INC-03912","COMP-07881","Ransomware",26
"INC-03913","COMP-04048","Phishing",45
"INC-03914","COMP-04514","Insider Threat",30
"INC-03915","COMP-06829","Ransomware",17
"INC-03916","COMP-06484","Ransomware",24
"INC-03917","COMP-06157","Phishing",17
"INC-03918","COMP-01019","Phishing",3
"INC-03919","COMP-06739","Phishing",30
"INC-03920","COMP-02772","Phishing",14
"INC-03921","COMP-03259","Phishing",5
"INC-03922","COMP-01468","Insider Threat",101
"INC-03923","COMP-02102","Ransomware",46
"INC-03924","COMP-06437","Insider Threat",17
"INC-03925","COMP-04444","Phishing",9
"INC-03926","COMP-01164","Ransomware",5
"INC-03927","COMP-01435","Phishing",98
"INC-03928","COMP-04228","Phishing",55
"INC-03929","COMP-01981","Phishing",30
"INC-03930","COMP-06977","Ransomware",42
"INC-03931","COMP-04093","Ransomware",16
"INC-03932","COMP-06037","Phishing",31
"INC-03933","COMP-05312","Ransomware",26
"INC-03934","COMP-05530","Phishing",19
"INC-03935","COMP-01521","Ransomware",45
"INC-03936","COMP-03514","Ransomware",13
"INC-03937","COMP-01496","Insider Threat",22
"INC-03938","COMP-00498","Insider Threat",16
"INC-03939","COMP-03172","Ransomware",5
"INC-03940","COMP-01893","Phishing",33
"INC-03941","COMP-04400","Phishing",88
"INC-03942","COMP-07097","Phishing",54
"INC-03943","COMP-05641","Insider Threat",66
"INC-03944","COMP-04819","Phishing",14
"INC-03945","COMP-04201","Ransomware",22
"INC-03946","COMP-02274","Phishing",45
"INC-03947","COMP-02402","Phishing",18
"INC-03948","COMP-02708","Phishing",35
"INC-03949","COMP-03720","Insider Threat",5
"INC-03950","COMP-02592","Phishing",19
"INC-03951","COMP-01292","Phishing",34
"INC-03952","COMP-03978","Phishing",171
"INC-03953","COMP-02628","Ransomware",18
"INC-03954","COMP-01123","Phishing",36
"INC-03955","COMP-03318","Insider Threat",48
"INC-03956","COMP-07368","Ransomware",4
"INC-03957","COMP-01518","Ransomware",14
"INC-03958","COMP-07860","Ransomware",71
"INC-03959","COMP-02160","Ransomware",14
"INC-03960","COMP-02015","Ransomware",34
"INC-03961","COMP-03324","Phishing",36
"INC-03962","COMP-04441","Phishing",14
"INC-03963","COMP-00418","Phishing",72
"INC-03964","COMP-00859","Ransomware",25
"INC-03965","COMP-01399","Phishing",9
"INC-03966","COMP-00527","Phishing",11
"INC-03967","COMP-05060","Phishing",70
"INC-03968","COMP-05615","Phishing",42
"INC-03969","COMP-03570","Insider Threat",53
"INC-03970","COMP-02297","Insider Threat",23
"INC-03971","COMP-06168","Phishing",95
"INC-03972","COMP-07240","Insider Threat",35
"INC-03973","COMP-03685","Phishing",29
"INC-03974","COMP-05809","Ransomware",60
"INC-03975","COMP-04204","Phishing",14
"INC-03976","COMP-05889","Insider Threat",29
"INC-03977","COMP-00026","Insider Threat",56
"INC-03978","COMP-06055","Phishing",91
"INC-03979","COMP-02364","Ransomware",71
"INC-03980","COMP-06438","Phishing",13
"INC-03981","COMP-06420","Phishing",14
"INC-03982","COMP-06904","Phishing",18
"INC-03983","COMP-07262","Phishing",23
"INC-03984","COMP-01623","Ransomware",21
"INC-03985","COMP-00699","Ransomware",57
"INC-03986","COMP-07470","Phishing",31
"INC-03987","COMP-01308","Phishing",29
"INC-03988","COMP-00624","Ransomware",11
"INC-03989","COMP-06325","Ransomware",23
"INC-03990","COMP-01749","Phishing",15
"INC-03991","COMP-04669","Phishing",6
"INC-03992","COMP-03669","Ransomware",33
"INC-03993","COMP-07246","Phishing",16
"INC-03994","COMP-02515","Phishing",128
"INC-03995","COMP-05882","Ransomware",16
"INC-03996","COMP-06561","Insider Threat",36
"INC-03997","COMP-05968","Ransomware",80
"INC-03998","COMP-00046","Ransomware",40
"INC-03999","COMP-04977","Ransomware",13
"INC-04000","COMP-02490","Ransomware",7
"INC-04001","COMP-02369","Insider Threat",45
"INC-04002","COMP-05275","Phishing",13
"INC-04003","COMP-02474","Phishing",17
"INC-04004","COMP-01007","Insider Threat",25
"INC-04005","COMP-02680","Ransomware",21
"INC-04006","COMP-02580","Phishing",60
"INC-04007","COMP-02411","Ransomware",12
"INC-04008","COMP-00772","Ransomware",30
"INC-04009","COMP-07860","Phishing",57
"INC-04010","COMP-04362","Ransomware",35
"INC-04011","COMP-05032","Phishing",20
"INC-04012","COMP-02434","Phishing",16
"INC-04013","COMP-06726","Ransomware",21
"INC-04014","COMP-04385","Phishing",12
"INC-04015","COMP-05305","Ransomware",163
"INC-04016","COMP-02371","Insider Threat",15
"INC-04017","COMP-05677","Ransomware",18
"INC-04018","COMP-06428","Ransomware",27
"INC-04019","COMP-01113","Ransomware",4
"INC-04020","COMP-02038","Insider Threat",33
"INC-04021","COMP-07553","Ransomware",61
"INC-04022","COMP-02767","Phishing",175
"INC-04023","COMP-04725","Phishing",6
"INC-04024","COMP-00269","Phishing",56
"INC-04025","COMP-01343","Phishing",28
"INC-04026","COMP-06831","Phishing",92
"INC-04027","COMP-07700","Ransomware",22
"INC-04028","COMP-00381","Ransomware",93
"INC-04029","COMP-06990","Ransomware",3
"INC-04030","COMP-06562","Phishing",12
"INC-04031","COMP-05394","Insider Threat",56
"INC-04032","COMP-02912","Phishing",54
"INC-04033","COMP-03556","Phishing",18
"INC-04034","COMP-04526","Ransomware",20
"INC-04035","COMP-06381","Phishing",22
"INC-04036","COMP-03182","Phishing",91
"INC-04037","COMP-07856","Phishing",8
"INC-04038","COMP-00053","Ransomware",23
"INC-04039","COMP-04020","Ransomware",21
"INC-04040","COMP-03880","Ransomware",93
"INC-04041","COMP-00185","Ransomware",27
"INC-04042","COMP-06509","Phishing",25
"INC-04043","COMP-03748","Ransomware",15
"INC-04044","COMP-06085","Insider Threat",7
"INC-04045","COMP-03980","Ransomware",26
"INC-04046","COMP-06737","Insider Threat",15
"INC-04047","COMP-03735","Ransomware",7
"INC-04048","COMP-03797","Insider Threat",23
"INC-04049","COMP-00343","Ransomware",17
"INC-04050","COMP-05828","Ransomware",24
"INC-04051","COMP-04174","Insider Threat",30
"INC-04052","COMP-04112","Ransomware",33
"INC-04053","COMP-00563","Insider Threat",19
"INC-04054","COMP-00421","Ransomware",57
"INC-04055","COMP-00164","Ransomware",156
"INC-04056","COMP-05632","Ransomware",13
"INC-04057","COMP-05914","Ransomware",27
"INC-04058","COMP-07102","Insider Threat",72
"INC-04059","COMP-03162","Phishing",61
"INC-04060","COMP-02973","Phishing",48
"INC-04061","COMP-05505","Ransomware",8
"INC-04062","COMP-02763","Ransomware",22
"INC-04063","COMP-07495","Phishing",13
"INC-04064","COMP-03024","Phishing",4
"INC-04065","COMP-01705","Phishing",4
"INC-04066","COMP-06969","Phishing",60
"INC-04067","COMP-03692","Insider Threat",88
"INC-04068","COMP-00408","Phishing",18
"INC-04069","COMP-00529","Phishing",5
"INC-04070","COMP-04917","Ransomware",75
"INC-04071","COMP-06977","Ransomware",11
"INC-04072","COMP-02070","Ransomware",28
"INC-04073","COMP-03693","Ransomware",56
"INC-04074","COMP-06630","Insider Threat",22
"INC-04075","COMP-03640","Phishing",87
"INC-04076","COMP-03936","Phishing",12
"INC-04077","COMP-01154","Phishing",9
"INC-04078","COMP-02208","Phishing",42
"INC-04079","COMP-04255","Ransomware",12
"INC-04080","COMP-02629","Ransomware",42
"INC-04081","COMP-00847","Insider Threat",21
"INC-04082","COMP-05022","Phishing",33
"INC-04083","COMP-03492","Ransomware",4
"INC-04084","COMP-00680","Phishing",36
"INC-04085","COMP-00339","Phishing",12
"INC-04086","COMP-07556","Insider Threat",8
"INC-04087","COMP-06441","Phishing",31
"INC-04088","COMP-02983","Phishing",38
"INC-04089","COMP-02777","Phishing",36
"INC-04090","COMP-02302","Ransomware",15
"INC-04091","COMP-07297","Phishing",23
"INC-04092","COMP-06329","Phishing",44
"INC-04093","COMP-02392","Insider Threat",14
"INC-04094","COMP-06935","Insider Threat",112
"INC-04095","COMP-01410","Phishing",40
"INC-04096","COMP-04589","Ransomware",43
"INC-04097","COMP-07023","Ransomware",12
"INC-04098","COMP-04160","Phishing",5
"INC-04099","COMP-05323","Insider Threat",27
"INC-04100","COMP-01654","Phishing",31
"INC-04101","COMP-03314","Phishing",56
"INC-04102","COMP-02040","Ransomware",37
"INC-04103","COMP-06442","Phishing",25
"INC-04104","COMP-05241","Ransomware",18
"INC-04105","COMP-00442","Phishing",17
"INC-04106","COMP-02442","Ransomware",38
"INC-04107","COMP-04484","Insider Threat",13
"INC-04108","COMP-01381","Ransomware",28
"INC-04109","COMP-01170","Phishing",59
"INC-04110","COMP-05709","Ransomware",11
"INC-04111","COMP-01876","Phishing",32
"INC-04112","COMP-07890","Ransomware",58
"INC-04113","COMP-04787","Phishing",5
"INC-04114","COMP-00435","Insider Threat",10
"INC-04115","COMP-06484","Phishing",99
"INC-04116","COMP-00760","Phishing",93
"INC-04117","COMP-03235","Ransomware",38
"INC-04118","COMP-02676","Phishing",23
"INC-04119","COMP-00858","Phishing",81
"INC-04120","COMP-00586","Ransomware",29
"INC-04121","COMP-02135","Phishing",19
"INC-04122","COMP-01262","Phishing",19
"INC-04123","COMP-04893","Phishing",22
"INC-04124","COMP-03545","Phishing",118
"INC-04125","COMP-05262","Insider Threat",15
"INC-04126","COMP-00909","Ransomware",59
"INC-04127","COMP-05697","Phishing",54
"INC-04128","COMP-07243","Ransomware",6
"INC-04129","COMP-07677","Phishing",40
"INC-04130","COMP-06139","Phishing",81
"INC-04131","COMP-04771","Phishing",28
"INC-04132","COMP-07310","Ransomware",41
"INC-04133","COMP-04412","Phishing",5
"INC-04134","COMP-05336","Phishing",23
"INC-04135","COMP-04010","Insider Threat",39
"INC-04136","COMP-02944","Phishing",23
"INC-04137","COMP-04476","Phishing",17
"INC-04138","COMP-01323","Phishing",7
"INC-04139","COMP-06362","Phishing",29
"INC-04140","COMP-02725","Phishing",50
"INC-04141","COMP-00308","Ransomware",22
"INC-04142","COMP-03805","Phishing",78
"INC-04143","COMP-00280","Ransomware",14
"INC-04144","COMP-02067","Phishing",23
"INC-04145","COMP-04189","Ransomware",7
"INC-04146","COMP-06673","Phishing",25
"INC-04147","COMP-05703","Phishing",30
"INC-04148","COMP-05337","Phishing",22
"INC-04149","COMP-06619","Phishing",11
"INC-04150","COMP-02344","Ransomware",20
"INC-04151","COMP-01402","Ransomware",17
"INC-04152","COMP-04280","Ransomware",13
"INC-04153","COMP-04552","Ransomware",26
"INC-04154","COMP-00798","Ransomware",18
"INC-04155","COMP-02480","Phishing",11
"INC-04156","COMP-00914","Ransomware",55
"INC-04157","COMP-02625","Ransomware",20
"INC-04158","COMP-02135","Phishing",42
"INC-04159","COMP-03558","Phishing",15
"INC-04160","COMP-06457","Phishing",15
"INC-04161","COMP-07478","Phishing",7
"INC-04162","COMP-03776","Phishing",40
"INC-04163","COMP-06808","Phishing",43
"INC-04164","COMP-00839","Ransomware",12
"INC-04165","COMP-01244","Phishing",118
"INC-04166","COMP-00671","Phishing",10
"INC-04167","COMP-03816","Phishing",16
"INC-04168","COMP-04564","Phishing",48
"INC-04169","COMP-00240","Ransomware",18
"INC-04170","COMP-02301","Phishing",15
"INC-04171","COMP-02454","Ransomware",154
"INC-04172","COMP-02100","Ransomware",77
"INC-04173","COMP-03115","Phishing",78
"INC-04174","COMP-04048","Ransomware",206
"INC-04175","COMP-05116","Insider Threat",49
"INC-04176","COMP-05537","Insider Threat",53
"INC-04177","COMP-01987","Ransomware",7
"INC-04178","COMP-04583","Phishing",12
"INC-04179","COMP-00286","Phishing",28
"INC-04180","COMP-00624","Ransomware",9
"INC-04181","COMP-05439","Phishing",12
"INC-04182","COMP-01284","Insider Threat",7
"INC-04183","COMP-07798","Insider Threat",32
"INC-04184","COMP-03915","Ransomware",49
"INC-04185","COMP-05316","Insider Threat",4
"INC-04186","COMP-03977","Phishing",39
"INC-04187","COMP-01156","Ransomware",92
"INC-04188","COMP-05965","Phishing",34
"INC-04189","COMP-03409","Phishing",28
"INC-04190","COMP-00421","Phishing",9
"INC-04191","COMP-05171","Phishing",13
"INC-04192","COMP-03214","Ransomware",15
"INC-04193","COMP-04852","Phishing",21
"INC-04194","COMP-05091","Phishing",24
"INC-04195","COMP-06402","Ransomware",15
"INC-04196","COMP-06615","Insider Threat",38
"INC-04197","COMP-02490","Ransomware",15
"INC-04198","COMP-06960","Phishing",26
"INC-04199","COMP-01801","Ransomware",24
"INC-04200","COMP-06231","Ransomware",6
"INC-04201","COMP-01223","Insider Threat",33
"INC-04202","COMP-05332","Ransomware",30
"INC-04203","COMP-06550","Insider Threat",9
"INC-04204","COMP-05691","Phishing",27
"INC-04205","COMP-06213","Phishing",61
"INC-04206","COMP-07415","Insider Threat",51
"INC-04207","COMP-03030","Ransomware",51
"INC-04208","COMP-07404","Ransomware",24
"INC-04209","COMP-07074","Phishing",28
"INC-04210","COMP-05708","Ransomware",117
"INC-04211","COMP-07858","Ransomware",15
"INC-04212","COMP-00039","Insider Threat",13
"INC-04213","COMP-07732","Insider Threat",37
"INC-04214","COMP-00998","Phishing",36
"INC-04215","COMP-01014","Ransomware",19
"INC-04216","COMP-07028","Phishing",10
"INC-04217","COMP-01980","Ransomware",22
"INC-04218","COMP-04178","Phishing",87
"INC-04219","COMP-06206","Phishing",57
"INC-04220","COMP-03793","Phishing",30
"INC-04221","COMP-06203","Ransomware",17
"INC-04222","COMP-04027","Phishing",11
"INC-04223","COMP-07742","Phishing",25
"INC-04224","COMP-04509","Phishing",26
"INC-04225","COMP-00139","Ransomware",41
"INC-04226","COMP-05168","Insider Threat",75
"INC-04227","COMP-06449","Phishing",41
"INC-04228","COMP-06074","Phishing",35
"INC-04229","COMP-01094","Phishing",48
"INC-04230","COMP-01153","Insider Threat",9
"INC-04231","COMP-06507","Phishing",197
"INC-04232","COMP-05484","Phishing",12
"INC-04233","COMP-04711","Phishing",15
"INC-04234","COMP-03768","Ransomware",83
"INC-04235","COMP-02006","Phishing",13
"INC-04236","COMP-00323","Phishing",5
"INC-04237","COMP-00340","Phishing",18
"INC-04238","COMP-02275","Insider Threat",30
"INC-04239","COMP-07110","Phishing",55
"INC-04240","COMP-03451","Insider Threat",7
"INC-04241","COMP-02768","Insider Threat",30
"INC-04242","COMP-06739","Phishing",56
"INC-04243","COMP-02622","Insider Threat",18
"INC-04244","COMP-00314","Ransomware",22
"INC-04245","COMP-02770","Phishing",19
"INC-04246","COMP-02410","Ransomware",14
"INC-04247","COMP-05282","Ransomware",10
"INC-04248","COMP-04859","Ransomware",26
"INC-04249","COMP-01708","Insider Threat",39
"INC-04250","COMP-03891","Phishing",19
"INC-04251","COMP-06203","Phishing",58
"INC-04252","COMP-06932","Phishing",27
"INC-04253","COMP-06290","Phishing",11
"INC-04254","COMP-01963","Phishing",90
"INC-04255","COMP-02195","Ransomware",10
"INC-04256","COMP-01341","Insider Threat",28
"INC-04257","COMP-05184","Ransomware",12
"INC-04258","COMP-06676","Ransomware",32
"INC-04259","COMP-01905","Phishing",19
"INC-04260","COMP-02085","Ransomware",11
"INC-04261","COMP-02086","Ransomware",15
"INC-04262","COMP-01274","Phishing",158
"INC-04263","COMP-01261","Ransomware",33
"INC-04264","COMP-07158","Phishing",12
"INC-04265","COMP-03858","Phishing",18
"INC-04266","COMP-03846","Insider Threat",14
"INC-04267","COMP-02824","Phishing",17
"INC-04268","COMP-06884","Phishing",11
"INC-04269","COMP-00673","Ransomware",45
"INC-04270","COMP-05008","Insider Threat",43
"INC-04271","COMP-03386","Ransomware",49
"INC-04272","COMP-07757","Ransomware",212
"INC-04273","COMP-03205","Ransomware",15
"INC-04274","COMP-00797","Ransomware",7
"INC-04275","COMP-00062","Phishing",47
"INC-04276","COMP-07884","Phishing",43
"INC-04277","COMP-00919","Insider Threat",26
"INC-04278","COMP-00591","Ransomware",23
"INC-04279","COMP-00154","Ransomware",13
"INC-04280","COMP-07698","Phishing",25
"INC-04281","COMP-04125","Insider Threat",18
"INC-04282","COMP-04108","Ransomware",197
"INC-04283","COMP-04700","Ransomware",58
"INC-04284","COMP-03602","Phishing",38
"INC-04285","COMP-02529","Phishing",52
"INC-04286","COMP-02107","Ransomware",7
"INC-04287","COMP-06771","Ransomware",17
"INC-04288","COMP-03464","Ransomware",58
"INC-04289","COMP-02472","Phishing",29
"INC-04290","COMP-07382","Ransomware",13
"INC-04291","COMP-07935","Phishing",71
"INC-04292","COMP-02750","Phishing",12
"INC-04293","COMP-07743","Phishing",151
"INC-04294","COMP-03690","Phishing",22
"INC-04295","COMP-02304","Insider Threat",2
"INC-04296","COMP-05332","Insider Threat",33
"INC-04297","COMP-02245","Phishing",18
"INC-04298","COMP-01910","Insider Threat",22
"INC-04299","COMP-06926","Phishing",40
"INC-04300","COMP-03083","Phishing",46
"INC-04301","COMP-00245","Insider Threat",92
"INC-04302","COMP-04358","Ransomware",24
"INC-04303","COMP-03001","Phishing",4
"INC-04304","COMP-03925","Phishing",129
"INC-04305","COMP-04726","Insider Threat",14
"INC-04306","COMP-03086","Ransomware",19
"INC-04307","COMP-04947","Insider Threat",9
"INC-04308","COMP-06262","Phishing",66
"INC-04309","COMP-06318","Insider Threat",20
"INC-04310","COMP-02485","Insider Threat",10
"INC-04311","COMP-02073","Ransomware",11
"INC-04312","COMP-00583","Ransomware",51
"INC-04313","COMP-00096","Phishing",27
"INC-04314","COMP-04926","Phishing",36
"INC-04315","COMP-05796","Phishing",25
"INC-04316","COMP-04500","Ransomware",33
"INC-04317","COMP-03301","Phishing",26
"INC-04318","COMP-07346","Insider Threat",4
"INC-04319","COMP-00630","Phishing",15
"INC-04320","COMP-04773","Ransomware",28
"INC-04321","COMP-05315","Phishing",43
"INC-04322","COMP-04810","Insider Threat",47
"INC-04323","COMP-07761","Phishing",25
"INC-04324","COMP-05780","Phishing",14
"INC-04325","COMP-01866","Phishing",140
"INC-04326","COMP-02621","Phishing",21
"INC-04327","COMP-00983","Phishing",35
"INC-04328","COMP-03155","Phishing",20
"INC-04329","COMP-00373","Phishing",49
"INC-04330","COMP-01220","Insider Threat",49
"INC-04331","COMP-01671","Phishing",10
"INC-04332","COMP-02325","Insider Threat",25
"INC-04333","COMP-05674","Phishing",29
"INC-04334","COMP-03259","Phishing",14
"INC-04335","COMP-04951","Phishing",19
"INC-04336","COMP-00862","Ransomware",13
"INC-04337","COMP-06142","Insider Threat",11
"INC-04338","COMP-02024","Ransomware",24
"INC-04339","COMP-06911","Phishing",62
"INC-04340","COMP-06812","Phishing",12
"INC-04341","COMP-07951","Ransomware",13
"INC-04342","COMP-03652","Phishing",146
"INC-04343","COMP-07895","Ransomware",14
"INC-04344","COMP-06775","Insider Threat",30
"INC-04345","COMP-05101","Ransomware",10
"INC-04346","COMP-05902","Phishing",53
"INC-04347","COMP-04280","Phishing",33
"INC-04348","COMP-02694","Phishing",45
"INC-04349","COMP-04367","Ransomware",20
"INC-04350","COMP-04808","Phishing",3
"INC-04351","COMP-05855","Phishing",38
"INC-04352","COMP-05000","Phishing",87
"INC-04353","COMP-05754","Ransomware",20
"INC-04354","COMP-07161","Phishing",44
"INC-04355","COMP-07198","Phishing",11
"INC-04356","COMP-07365","Phishing",49
"INC-04357","COMP-04748","Ransomware",13
"INC-04358","COMP-07142","Phishing",16
"INC-04359","COMP-06285","Phishing",15
"INC-04360","COMP-00286","Phishing",33
"INC-04361","COMP-00649","Phishing",25
"INC-04362","COMP-03840","Phishing",21
"INC-04363","COMP-05572","Phishing",8
"INC-04364","COMP-07812","Insider Threat",20
"INC-04365","COMP-02154","Ransomware",32
"INC-04366","COMP-00616","Ransomware",76
"INC-04367","COMP-03383","Phishing",57
"INC-04368","COMP-05705","Phishing",37
"INC-04369","COMP-01490","Ransomware",35
"INC-04370","COMP-06797","Ransomware",21
"INC-04371","COMP-01111","Phishing",12
"INC-04372","COMP-01077","Insider Threat",32
"INC-04373","COMP-06771","Phishing",13
"INC-04374","COMP-00668","Ransomware",22
"INC-04375","COMP-01549","Phishing",101
"INC-04376","COMP-06068","Ransomware",9
"INC-04377","COMP-05267","Phishing",13
"INC-04378","COMP-03279","Phishing",36
"INC-04379","COMP-04144","Phishing",47
"INC-04380","COMP-01180","Phishing",10
"INC-04381","COMP-03962","Phishing",45
"INC-04382","COMP-02899","Ransomware",32
"INC-04383","COMP-00808","Phishing",41
"INC-04384","COMP-04985","Ransomware",37
"INC-04385","COMP-07544","Ransomware",54
"INC-04386","COMP-06048","Ransomware",12
"INC-04387","COMP-07250","Phishing",79
"INC-04388","COMP-00062","Phishing",42
"INC-04389","COMP-00662","Ransomware",49
"INC-04390","COMP-02043","Ransomware",48
"INC-04391","COMP-03260","Phishing",26
"INC-04392","COMP-01101","Phishing",20
"INC-04393","COMP-03444","Ransomware",52
"INC-04394","COMP-02677","Phishing",16
"INC-04395","COMP-07852","Phishing",25
"INC-04396","COMP-02834","Phishing",35
"INC-04397","COMP-07581","Insider Threat",17
"INC-04398","COMP-03898","Phishing",117
"INC-04399","COMP-03353","Phishing",18
"INC-04400","COMP-05746","Ransomware",90
"INC-04401","COMP-00411","Ransomware",37
"INC-04402","COMP-03046","Ransomware",24
"INC-04403","COMP-03271","Ransomware",6
"INC-04404","COMP-04865","Phishing",8
"INC-04405","COMP-03495","Phishing",51
"INC-04406","COMP-01714","Insider Threat",30
"INC-04407","COMP-02647","Ransomware",3
"INC-04408","COMP-01637","Insider Threat",19
"INC-04409","COMP-01813","Phishing",17
"INC-04410","COMP-01509","Phishing",9
"INC-04411","COMP-06254","Insider Threat",28
"INC-04412","COMP-07823","Phishing",18
"INC-04413","COMP-05951","Ransomware",12
"INC-04414","COMP-01631","Ransomware",84
"INC-04415","COMP-00290","Phishing",29
"INC-04416","COMP-02536","Ransomware",5
"INC-04417","COMP-06003","Phishing",56
"INC-04418","COMP-06838","Phishing",19
"INC-04419","COMP-03879","Phishing",46
"INC-04420","COMP-02731","Ransomware",33
"INC-04421","COMP-07784","Ransomware",14
"INC-04422","COMP-04175","Phishing",51
"INC-04423","COMP-01064","Ransomware",21
"INC-04424","COMP-06761","Insider Threat",11
"INC-04425","COMP-06705","Phishing",18
"INC-04426","COMP-07580","Ransomware",22
"INC-04427","COMP-03316","Ransomware",28
"INC-04428","COMP-03005","Phishing",11
"INC-04429","COMP-05119","Ransomware",45
"INC-04430","COMP-04421","Ransomware",24
"INC-04431","COMP-02047","Insider Threat",22
"INC-04432","COMP-05318","Ransomware",7
"INC-04433","COMP-00273","Phishing",22
"INC-04434","COMP-07342","Ransomware",31
"INC-04435","COMP-01552","Ransomware",15
"INC-04436","COMP-02488","Ransomware",8
"INC-04437","COMP-04065","Phishing",44
"INC-04438","COMP-01272","Phishing",19
"INC-04439","COMP-06623","Ransomware",19
"INC-04440","COMP-05845","Ransomware",24
"INC-04441","COMP-07977","Ransomware",15
"INC-04442","COMP-03189","Phishing",58
"INC-04443","COMP-01369","Insider Threat",12
"INC-04444","COMP-04327","Ransomware",24
"INC-04445","COMP-01925","Phishing",6
"INC-04446","COMP-06386","Phishing",6
"INC-04447","COMP-03214","Ransomware",47
"INC-04448","COMP-02071","Ransomware",61
"INC-04449","COMP-01071","Phishing",50
"INC-04450","COMP-02273","Ransomware",40
"INC-04451","COMP-07675","Ransomware",10
"INC-04452","COMP-05148","Phishing",45
"INC-04453","COMP-03126","Insider Threat",10
"INC-04454","COMP-01252","Insider Threat",96
"INC-04455","COMP-02397","Ransomware",87
"INC-04456","COMP-05860","Ransomware",33
"INC-04457","COMP-02909","Insider Threat",43
"INC-04458","COMP-01716","Phishing",19
"INC-04459","COMP-02300","Phishing",63
"INC-04460","COMP-06571","Phishing",17
"INC-04461","COMP-01720","Insider Threat",7
"INC-04462","COMP-00942","Ransomware",17
"INC-04463","COMP-04105","Insider Threat",42
"INC-04464","COMP-05220","Insider Threat",45
"INC-04465","COMP-07947","Phishing",11
"INC-04466","COMP-06459","Phishing",70
"INC-04467","COMP-03169","Phishing",27
"INC-04468","COMP-07222","Ransomware",22
"INC-04469","COMP-00558","Phishing",68
"INC-04470","COMP-05435","Ransomware",154
"INC-04471","COMP-02480","Ransomware",40
"INC-04472","COMP-00135","Ransomware",6
"INC-04473","COMP-04903","Insider Threat",45
"INC-04474","COMP-06697","Phishing",15
"INC-04475","COMP-07961","Phishing",29
"INC-04476","COMP-05061","Ransomware",10
"INC-04477","COMP-02892","Insider Threat",40
"INC-04478","COMP-03157","Insider Threat",55
"INC-04479","COMP-00920","Ransomware",30
"INC-04480","COMP-06435","Phishing",105
"INC-04481","COMP-03906","Ransomware",6
"INC-04482","COMP-02668","Phishing",28
"INC-04483","COMP-02218","Phishing",18
"INC-04484","COMP-02190","Ransomware",130
"INC-04485","COMP-01778","Ransomware",23
"INC-04486","COMP-01324","Phishing",33
"INC-04487","COMP-02939","Phishing",21
"INC-04488","COMP-00782","Insider Threat",7
"INC-04489","COMP-03334","Ransomware",38
"INC-04490","COMP-02771","Ransomware",14
"INC-04491","COMP-02431","Phishing",17
"INC-04492","COMP-01316","Ransomware",125
"INC-04493","COMP-02895","Phishing",13
"INC-04494","COMP-06319","Phishing",33
"INC-04495","COMP-04656","Ransomware",22
"INC-04496","COMP-05562","Phishing",26
"INC-04497","COMP-01815","Phishing",108
"INC-04498","COMP-01988","Phishing",21
"INC-04499","COMP-01866","Phishing",22
"INC-04500","COMP-01879","Phishing",100
"INC-04501","COMP-01691","Phishing",65
"INC-04502","COMP-05786","Phishing",31
"INC-04503","COMP-03639","Ransomware",33
"INC-04504","COMP-04209","Phishing",43
"INC-04505","COMP-01165","Phishing",46
"INC-04506","COMP-03419","Insider Threat",74
"INC-04507","COMP-06714","Phishing",17
"INC-04508","COMP-07170","Ransomware",26
"INC-04509","COMP-00893","Ransomware",8
"INC-04510","COMP-03967","Phishing",69
"INC-04511","COMP-02252","Insider Threat",37
"INC-04512","COMP-03572","Insider Threat",3
"INC-04513","COMP-04832","Phishing",46
"INC-04514","COMP-03735","Insider Threat",52
"INC-04515","COMP-01726","Phishing",37
"INC-04516","COMP-00259","Ransomware",57
"INC-04517","COMP-07209","Phishing",30
"INC-04518","COMP-01599","Phishing",20
"INC-04519","COMP-03333","Phishing",16
"INC-04520","COMP-05834","Phishing",7
"INC-04521","COMP-01148","Ransomware",29
"INC-04522","COMP-06103","Ransomware",12
"INC-04523","COMP-03798","Phishing",20
"INC-04524","COMP-02681","Ransomware",10
"INC-04525","COMP-00224","Phishing",109
"INC-04526","COMP-04938","Phishing",9
"INC-04527","COMP-04428","Ransomware",99
"INC-04528","COMP-01895","Phishing",27
"INC-04529","COMP-05159","Phishing",51
"INC-04530","COMP-00985","Insider Threat",15
"INC-04531","COMP-03362","Phishing",23
"INC-04532","COMP-02256","Insider Threat",16
"INC-04533","COMP-01857","Phishing",6
"INC-04534","COMP-02495","Ransomware",60
"INC-04535","COMP-05908","Ransomware",111
"INC-04536","COMP-06099","Insider Threat",10
"INC-04537","COMP-03497","Insider Threat",31
"INC-04538","COMP-05401","Ransomware",14
"INC-04539","COMP-00266","Phishing",19
"INC-04540","COMP-05960","Phishing",18
"INC-04541","COMP-00527","Ransomware",32
"INC-04542","COMP-01432","Phishing",26
"INC-04543","COMP-00459","Phishing",28
"INC-04544","COMP-00561","Phishing",22
"INC-04545","COMP-01955","Phishing",38
"INC-04546","COMP-04486","Ransomware",26
"INC-04547","COMP-07924","Phishing",31
"INC-04548","COMP-03100","Ransomware",154
"INC-04549","COMP-05925","Ransomware",22
"INC-04550","COMP-01939","Ransomware",18
"INC-04551","COMP-06720","Ransomware",22
"INC-04552","COMP-05964","Phishing",11
"INC-04553","COMP-05754","Ransomware",73
"INC-04554","COMP-07884","Ransomware",24
"INC-04555","COMP-06002","Insider Threat",35
"INC-04556","COMP-04639","Ransomware",24
"INC-04557","COMP-04221","Phishing",18
"INC-04558","COMP-01975","Ransomware",17
"INC-04559","COMP-07972","Ransomware",16
"INC-04560","COMP-06146","Insider Threat",123
"INC-04561","COMP-02510","Ransomware",11
"INC-04562","COMP-00510","Ransomware",51
"INC-04563","COMP-07393","Phishing",22
"INC-04564","COMP-00489","Insider Threat",8
"INC-04565","COMP-03250","Ransomware",38
"INC-04566","COMP-03915","Insider Threat",25
"INC-04567","COMP-00273","Ransomware",12
"INC-04568","COMP-05217","Ransomware",25
"INC-04569","COMP-06575","Insider Threat",34
"INC-04570","COMP-06045","Insider Threat",57
"INC-04571","COMP-01314","Ransomware",9
"INC-04572","COMP-02348","Phishing",27
"INC-04573","COMP-06688","Ransomware",15
"INC-04574","COMP-02062","Phishing",14
"INC-04575","COMP-00847","Ransomware",24
"INC-04576","COMP-01953","Phishing",61
"INC-04577","COMP-01827","Insider Threat",13
"INC-04578","COMP-01302","Insider Threat",20
"INC-04579","COMP-00690","Phishing",36
"INC-04580","COMP-05349","Phishing",11
"INC-04581","COMP-03365","Ransomware",14
"INC-04582","COMP-06632","Phishing",40
"INC-04583","COMP-03818","Phishing",14
"INC-04584","COMP-04458","Phishing",31
"INC-04585","COMP-03172","Phishing",14
"INC-04586","COMP-00514","Ransomware",54
"INC-04587","COMP-02788","Ransomware",37
"INC-04588","COMP-05762","Ransomware",56
"INC-04589","COMP-02281","Phishing",22
"INC-04590","COMP-00674","Ransomware",61
"INC-04591","COMP-00944","Phishing",22
"INC-04592","COMP-04595","Phishing",42
"INC-04593","COMP-00792","Ransomware",25
"INC-04594","COMP-03559","Ransomware",63
"INC-04595","COMP-03688","Insider Threat",70
"INC-04596","COMP-06565","Insider Threat",18
"INC-04597","COMP-05618","Ransomware",11
"INC-04598","COMP-03548","Ransomware",10
"INC-04599","COMP-05199","Insider Threat",14
"INC-04600","COMP-00161","Phishing",6
"INC-04601","COMP-00532","Phishing",75
"INC-04602","COMP-03884","Phishing",17
"INC-04603","COMP-04196","Insider Threat",10
"INC-04604","COMP-00766","Phishing",7
"INC-04605","COMP-03356","Insider Threat",36
"INC-04606","COMP-01208","Ransomware",10
"INC-04607","COMP-01672","Phishing",29
"INC-04608","COMP-03621","Phishing",11
"INC-04609","COMP-01645","Phishing",15
"INC-04610","COMP-07051","Insider Threat",29
"INC-04611","COMP-01781","Phishing",103
"INC-04612","COMP-00060","Insider Threat",24
"INC-04613","COMP-02009","Ransomware",32
"INC-04614","COMP-04806","Ransomware",17
"INC-04615","COMP-05099","Ransomware",3
"INC-04616","COMP-03064","Phishing",44
"INC-04617","COMP-05776","Ransomware",52
"INC-04618","COMP-07399","Phishing",52
"INC-04619","COMP-06822","Phishing",14
"INC-04620","COMP-03930","Phishing",10
"INC-04621","COMP-02433","Phishing",34
"INC-04622","COMP-00030","Phishing",5
"INC-04623","COMP-03514","Insider Threat",6
"INC-04624","COMP-04628","Ransomware",15
"INC-04625","COMP-00196","Ransomware",25
"INC-04626","COMP-02832","Ransomware",6
"INC-04627","COMP-01346","Phishing",16
"INC-04628","COMP-06287","Insider Threat",11
"INC-04629","COMP-07368","Ransomware",23
"INC-04630","COMP-00928","Ransomware",6
"INC-04631","COMP-04462","Ransomware",66
"INC-04632","COMP-07032","Ransomware",18
"INC-04633","COMP-04427","Phishing",47
"INC-04634","COMP-06551","Insider Threat",24
"INC-04635","COMP-00992","Phishing",4
"INC-04636","COMP-01254","Ransomware",17
"INC-04637","COMP-03631","Ransomware",77
"INC-04638","COMP-02674","Insider Threat",46
"INC-04639","COMP-07132","Insider Threat",28
"INC-04640","COMP-04059","Phishing",43
"INC-04641","COMP-05624","Phishing",3
"INC-04642","COMP-07538","Ransomware",24
"INC-04643","COMP-02303","Phishing",113
"INC-04644","COMP-04168","Phishing",15
"INC-04645","COMP-07165","Phishing",42
"INC-04646","COMP-00043","Ransomware",14
"INC-04647","COMP-00814","Phishing",50
"INC-04648","COMP-00772","Phishing",19
"INC-04649","COMP-04963","Phishing",23
"INC-04650","COMP-04151","Phishing",15
"INC-04651","COMP-07132","Phishing",38
"INC-04652","COMP-05226","Phishing",62
"INC-04653","COMP-02924","Ransomware",52
"INC-04654","COMP-02293","Ransomware",5
"INC-04655","COMP-06697","Ransomware",23
"INC-04656","COMP-02209","Phishing",7
"INC-04657","COMP-04098","Phishing",36
"INC-04658","COMP-02179","Phishing",37
"INC-04659","COMP-05935","Phishing",39
"INC-04660","COMP-01543","Phishing",25
"INC-04661","COMP-02341","Ransomware",54
"INC-04662","COMP-01589","Phishing",2
"INC-04663","COMP-06352","Phishing",19
"INC-04664","COMP-04968","Phishing",19
"INC-04665","COMP-07518","Phishing",49
"INC-04666","COMP-07660","Ransomware",33
"INC-04667","COMP-00477","Ransomware",74
"INC-04668","COMP-03052","Ransomware",11
"INC-04669","COMP-07245","Ransomware",10
"INC-04670","COMP-02768","Phishing",17
"INC-04671","COMP-07581","Phishing",44
"INC-04672","COMP-01178","Insider Threat",59
"INC-04673","COMP-05164","Phishing",43
"INC-04674","COMP-00038","Phishing",24
"INC-04675","COMP-07914","Ransomware",15
"INC-04676","COMP-02520","Phishing",67
"INC-04677","COMP-07149","Phishing",30
"INC-04678","COMP-05851","Phishing",34
"INC-04679","COMP-07773","Insider Threat",29
"INC-04680","COMP-07914","Phishing",20
"INC-04681","COMP-02643","Ransomware",28
"INC-04682","COMP-03424","Phishing",118
"INC-04683","COMP-07139","Insider Threat",10
"INC-04684","COMP-03740","Ransomware",16
"INC-04685","COMP-06198","Ransomware",12
"INC-04686","COMP-03565","Insider Threat",41
"INC-04687","COMP-01532","Phishing",10
"INC-04688","COMP-07005","Ransomware",19
"INC-04689","COMP-06000","Insider Threat",52
"INC-04690","COMP-06268","Phishing",30
"INC-04691","COMP-07742","Ransomware",24
"INC-04692","COMP-06183","Ransomware",96
"INC-04693","COMP-03666","Phishing",5
"INC-04694","COMP-06468","Ransomware",23
"INC-04695","COMP-01230","Insider Threat",11
"INC-04696","COMP-02152","Phishing",51
"INC-04697","COMP-01508","Insider Threat",22
"INC-04698","COMP-01572","Phishing",34
"INC-04699","COMP-05110","Ransomware",22
"INC-04700","COMP-01477","Phishing",51
"INC-04701","COMP-06304","Ransomware",25
"INC-04702","COMP-03125","Phishing",4
"INC-04703","COMP-01900","Phishing",20
"INC-04704","COMP-06080","Ransomware",6
"INC-04705","COMP-01391","Ransomware",11
"INC-04706","COMP-04185","Phishing",13
"INC-04707","COMP-05305","Ransomware",18
"INC-04708","COMP-05527","Phishing",26
"INC-04709","COMP-03922","Insider Threat",21
"INC-04710","COMP-07300","Phishing",10
"INC-04711","COMP-07358","Ransomware",67
"INC-04712","COMP-04505","Phishing",17
"INC-04713","COMP-04460","Ransomware",26
"INC-04714","COMP-00890","Ransomware",24
"INC-04715","COMP-06134","Phishing",37
"INC-04716","COMP-02980","Ransomware",6
"INC-04717","COMP-01095","Ransomware",64
"INC-04718","COMP-02823","Phishing",17
"INC-04719","COMP-04300","Ransomware",34
"INC-04720","COMP-01445","Ransomware",15
"INC-04721","COMP-06572","Ransomware",35
"INC-04722","COMP-02084","Ransomware",28
"INC-04723","COMP-06446","Ransomware",22
"INC-04724","COMP-04430","Phishing",23
"INC-04725","COMP-06414","Phishing",13
"INC-04726","COMP-00684","Ransomware",13
"INC-04727","COMP-06882","Ransomware",27
"INC-04728","COMP-02054","Insider Threat",26
"INC-04729","COMP-00233","Ransomware",17
"INC-04730","COMP-02614","Insider Threat",19
"INC-04731","COMP-04990","Ransomware",7
"INC-04732","COMP-00888","Insider Threat",22
"INC-04733","COMP-03644","Phishing",103
"INC-04734","COMP-05577","Phishing",95
"INC-04735","COMP-02528","Phishing",124
"INC-04736","COMP-01439","Phishing",43
"INC-04737","COMP-06372","Ransomware",103
"INC-04738","COMP-00228","Insider Threat",21
"INC-04739","COMP-07806","Phishing",29
"INC-04740","COMP-01829","Phishing",15
"INC-04741","COMP-06808","Phishing",46
"INC-04742","COMP-01651","Phishing",10
"INC-04743","COMP-05009","Ransomware",84
"INC-04744","COMP-00105","Ransomware",41
"INC-04745","COMP-04284","Ransomware",30
"INC-04746","COMP-05936","Ransomware",52
"INC-04747","COMP-06010","Ransomware",12
"INC-04748","COMP-03676","Insider Threat",32
"INC-04749","COMP-07937","Ransomware",11
"INC-04750","COMP-02917","Phishing",20
"INC-04751","COMP-07509","Ransomware",60
"INC-04752","COMP-02890","Phishing",38
"INC-04753","COMP-06202","Insider Threat",40
"INC-04754","COMP-02871","Ransomware",48
"INC-04755","COMP-05303","Ransomware",8
"INC-04756","COMP-07763","Ransomware",26
"INC-04757","COMP-01509","Ransomware",44
"INC-04758","COMP-00754","Phishing",110
"INC-04759","COMP-00626","Ransomware",8
"INC-04760","COMP-04763","Ransomware",55
"INC-04761","COMP-01395","Insider Threat",5
"INC-04762","COMP-02893","Insider Threat",9
"INC-04763","COMP-01072","Insider Threat",156
"INC-04764","COMP-06741","Ransomware",58
"INC-04765","COMP-00288","Phishing",19
"INC-04766","COMP-00104","Phishing",15
"INC-04767","COMP-07699","Insider Threat",44
"INC-04768","COMP-05679","Phishing",38
"INC-04769","COMP-02919","Ransomware",48
"INC-04770","COMP-00414","Phishing",84
"INC-04771","COMP-07216","Phishing",59
"INC-04772","COMP-03340","Ransomware",10
"INC-04773","COMP-06505","Phishing",31
"INC-04774","COMP-07327","Ransomware",24
"INC-04775","COMP-06380","Ransomware",15
"INC-04776","COMP-00690","Phishing",60
"INC-04777","COMP-01312","Insider Threat",15
"INC-04778","COMP-01391","Phishing",22
"INC-04779","COMP-01338","Ransomware",11
"INC-04780","COMP-00709","Phishing",50
"INC-04781","COMP-06100","Phishing",21
"INC-04782","COMP-00970","Phishing",9
"INC-04783","COMP-04350","Ransomware",92
"INC-04784","COMP-05315","Phishing",44
"INC-04785","COMP-02509","Phishing",26
"INC-04786","COMP-04281","Phishing",24
"INC-04787","COMP-05266","Phishing",27
"INC-04788","COMP-07285","Insider Threat",12
"INC-04789","COMP-00720","Phishing",29
"INC-04790","COMP-03513","Ransomware",11
"INC-04791","COMP-02924","Insider Threat",19
"INC-04792","COMP-06064","Phishing",53
"INC-04793","COMP-06444","Phishing",15
"INC-04794","COMP-05503","Ransomware",16
"INC-04795","COMP-05602","Phishing",77
"INC-04796","COMP-01436","Insider Threat",8
"INC-04797","COMP-07461","Insider Threat",19
"INC-04798","COMP-04774","Ransomware",24
"INC-04799","COMP-06703","Ransomware",54
"INC-04800","COMP-00186","Ransomware",11
"INC-04801","COMP-05622","Ransomware",45
"INC-04802","COMP-06476","Ransomware",15
"INC-04803","COMP-04355","Phishing",22
"INC-04804","COMP-03038","Ransomware",14
"INC-04805","COMP-05193","Phishing",28
"INC-04806","COMP-01228","Insider Threat",56
"INC-04807","COMP-04629","Phishing",9
"INC-04808","COMP-00524","Ransomware",39
"INC-04809","COMP-03674","Ransomware",100
"INC-04810","COMP-07049","Phishing",42
"INC-04811","COMP-05065","Insider Threat",7
"INC-04812","COMP-03479","Phishing",18
"INC-04813","COMP-04026","Ransomware",30
"INC-04814","COMP-04310","Phishing",3
"INC-04815","COMP-04002","Insider Threat",19
"INC-04816","COMP-05365","Ransomware",56
"INC-04817","COMP-02572","Ransomware",27
"INC-04818","COMP-00322","Phishing",16
"INC-04819","COMP-02258","Phishing",34
"INC-04820","COMP-07223","Ransomware",33
"INC-04821","COMP-07920","Phishing",13
"INC-04822","COMP-04494","Phishing",9
"INC-04823","COMP-05419","Insider Threat",44
"INC-04824","COMP-01271","Phishing",105
"INC-04825","COMP-01082","Phishing",17
"INC-04826","COMP-01925","Insider Threat",5
"INC-04827","COMP-06754","Ransomware",58
"INC-04828","COMP-01299","Phishing",26
"INC-04829","COMP-00476","Phishing",30
"INC-04830","COMP-02885","Phishing",16
"INC-04831","COMP-02568","Phishing",23
"INC-04832","COMP-02083","Phishing",96
"INC-04833","COMP-04956","Phishing",119
"INC-04834","COMP-03285","Phishing",62
"INC-04835","COMP-04209","Phishing",460
"INC-04836","COMP-02998","Phishing",193
"INC-04837","COMP-02554","Phishing",37
"INC-04838","COMP-02299","Ransomware",16
"INC-04839","COMP-06997","Phishing",19
"INC-04840","COMP-00665","Phishing",9
"INC-04841","COMP-00450","Ransomware",43
"INC-04842","COMP-07691","Ransomware",43
"INC-04843","COMP-00026","Ransomware",23
"INC-04844","COMP-03890","Ransomware",38
"INC-04845","COMP-05260","Phishing",20
"INC-04846","COMP-03095","Phishing",9
"INC-04847","COMP-07425","Insider Threat",26
"INC-04848","COMP-00624","Insider Threat",6
"INC-04849","COMP-07706","Phishing",16
"INC-04850","COMP-01347","Ransomware",20
"INC-04851","COMP-00083","Phishing",9
"INC-04852","COMP-01981","Insider Threat",42
"INC-04853","COMP-05195","Ransomware",37
"INC-04854","COMP-04630","Phishing",16
"INC-04855","COMP-01230","Ransomware",97
"INC-04856","COMP-04188","Phishing",15
"INC-04857","COMP-05117","Phishing",17
"INC-04858","COMP-04230","Insider Threat",21
"INC-04859","COMP-05180","Ransomware",26
"INC-04860","COMP-02943","Phishing",14
"INC-04861","COMP-07777","Ransomware",37
"INC-04862","COMP-01157","Insider Threat",5
"INC-04863","COMP-04248","Phishing",17
"INC-04864","COMP-06004","Phishing",10
"INC-04865","COMP-04878","Ransomware",22
"INC-04866","COMP-01011","Insider Threat",22
"INC-04867","COMP-07112","Phishing",27
"INC-04868","COMP-04199","Phishing",34
"INC-04869","COMP-07500","Phishing",77
"INC-04870","COMP-02284","Phishing",20
"INC-04871","COMP-04808","Ransomware",6
"INC-04872","COMP-02982","Phishing",14
"INC-04873","COMP-07097","Insider Threat",60
"INC-04874","COMP-04007","Phishing",12
"INC-04875","COMP-05037","Phishing",51
"INC-04876","COMP-05642","Ransomware",18
"INC-04877","COMP-02477","Phishing",54
"INC-04878","COMP-06738","Phishing",31
"INC-04879","COMP-06787","Phishing",21
"INC-04880","COMP-04129","Phishing",24
"INC-04881","COMP-01558","Phishing",9
"INC-04882","COMP-03077","Ransomware",9
"INC-04883","COMP-00479","Phishing",16
"INC-04884","COMP-07483","Phishing",7
"INC-04885","COMP-04429","Phishing",25
"INC-04886","COMP-07597","Phishing",34
"INC-04887","COMP-04323","Phishing",11
"INC-04888","COMP-03526","Insider Threat",22
"INC-04889","COMP-06980","Insider Threat",62
"INC-04890","COMP-03995","Ransomware",16
"INC-04891","COMP-05968","Phishing",21
"INC-04892","COMP-05810","Ransomware",62
"INC-04893","COMP-04844","Ransomware",9
"INC-04894","COMP-01993","Ransomware",5
"INC-04895","COMP-07360","Ransomware",123
"INC-04896","COMP-06360","Phishing",60
"INC-04897","COMP-01608","Phishing",13
"INC-04898","COMP-07751","Phishing",2
"INC-04899","COMP-01779","Phishing",24
"INC-04900","COMP-02444","Phishing",128
"INC-04901","COMP-01792","Ransomware",29
"INC-04902","COMP-02514","Ransomware",36
"INC-04903","COMP-01553","Phishing",63
"INC-04904","COMP-00113","Ransomware",12
"INC-04905","COMP-06204","Ransomware",77
"INC-04906","COMP-01956","Phishing",27
"INC-04907","COMP-03921","Ransomware",34
"INC-04908","COMP-01921","Phishing",62
"INC-04909","COMP-02304","Ransomware",23
"INC-04910","COMP-00650","Phishing",35
"INC-04911","COMP-07448","Phishing",31
"INC-04912","COMP-04031","Phishing",6
"INC-04913","COMP-01793","Insider Threat",23
"INC-04914","COMP-06338","Phishing",106
"INC-04915","COMP-02902","Phishing",56
"INC-04916","COMP-06603","Phishing",24
"INC-04917","COMP-02435","Ransomware",152
"INC-04918","COMP-04913","Phishing",27
"INC-04919","COMP-06634","Phishing",22
"INC-04920","COMP-07284","Ransomware",9
"INC-04921","COMP-01680","Ransomware",339
"INC-04922","COMP-01464","Ransomware",13
"INC-04923","COMP-07540","Phishing",8
"INC-04924","COMP-04522","Phishing",75
"INC-04925","COMP-05000","Phishing",26
"INC-04926","COMP-06265","Insider Threat",44
"INC-04927","COMP-06923","Insider Threat",35
"INC-04928","COMP-02007","Phishing",31
"INC-04929","COMP-01921","Ransomware",46
"INC-04930","COMP-06140","Phishing",22
"INC-04931","COMP-06709","Phishing",12
"INC-04932","COMP-02110","Ransomware",26
"INC-04933","COMP-01524","Phishing",49
"INC-04934","COMP-00944","Ransomware",26
"INC-04935","COMP-00369","Ransomware",2
"INC-04936","COMP-03247","Phishing",23
"INC-04937","COMP-06572","Phishing",16
"INC-04938","COMP-05653","Ransomware",39
"INC-04939","COMP-06440","Phishing",43
"INC-04940","COMP-05766","Phishing",48
"INC-04941","COMP-02002","Insider Threat",42
"INC-04942","COMP-04037","Phishing",8
"INC-04943","COMP-01684","Phishing",143
"INC-04944","COMP-04908","Insider Threat",67
"INC-04945","COMP-04999","Phishing",43
"INC-04946","COMP-06781","Phishing",6
"INC-04947","COMP-00632","Ransomware",13
"INC-04948","COMP-07616","Ransomware",20
"INC-04949","COMP-07374","Phishing",10
"INC-04950","COMP-06790","Phishing",9
"INC-04951","COMP-00692","Phishing",14
"INC-04952","COMP-05712","Phishing",30
"INC-04953","COMP-00154","Ransomware",52
"INC-04954","COMP-04917","Phishing",32
"INC-04955","COMP-01214","Phishing",93
"INC-04956","COMP-05163","Ransomware",27
"INC-04957","COMP-00829","Phishing",16
"INC-04958","COMP-00387","Ransomware",38
"INC-04959","COMP-03017","Phishing",55
"INC-04960","COMP-03724","Phishing",4
"INC-04961","COMP-00887","Phishing",11
"INC-04962","COMP-00893","Phishing",14
"INC-04963","COMP-03131","Ransomware",56
"INC-04964","COMP-05283","Phishing",25
"INC-04965","COMP-03012","Ransomware",14
"INC-04966","COMP-02338","Phishing",21
"INC-04967","COMP-01091","Ransomware",74
"INC-04968","COMP-05634","Phishing",5
"INC-04969","COMP-00878","Ransomware",42
"INC-04970","COMP-02002","Ransomware",15
"INC-04971","COMP-00787","Phishing",29
"INC-04972","COMP-00840","Ransomware",39
"INC-04973","COMP-04825","Phishing",263
"INC-04974","COMP-00828","Phishing",16
"INC-04975","COMP-07853","Ransomware",9
"INC-04976","COMP-06161","Ransomware",7
"INC-04977","COMP-02320","Ransomware",42
"INC-04978","COMP-02209","Phishing",9
"INC-04979","COMP-07079","Phishing",23
"INC-04980","COMP-06257","Phishing",18
"INC-04981","COMP-06075","Ransomware",51
"INC-04982","COMP-00773","Ransomware",210
"INC-04983","COMP-07101","Phishing",7
"INC-04984","COMP-01784","Insider Threat",5
"INC-04985","COMP-00574","Ransomware",22
"INC-04986","COMP-02490","Phishing",37
"INC-04987","COMP-03880","Ransomware",48
"INC-04988","COMP-01242","Phishing",15
"INC-04989","COMP-02529","Insider Threat",28
"INC-04990","COMP-06810","Phishing",44
"INC-04991","COMP-04071","Insider Threat",9
"INC-04992","COMP-07266","Ransomware",12
"INC-04993","COMP-07302","Insider Threat",20
"INC-04994","COMP-01593","Phishing",23
"INC-04995","COMP-01315","Ransomware",116
"INC-04996","COMP-05573","Phishing",22
"INC-04997","COMP-04049","Ransomware",9
"INC-04998","COMP-01435","Phishing",10
"INC-04999","COMP-07633","Insider Threat",46
"INC-05000","COMP-07166","Ransomware",57
"INC-05001","COMP-04287","Phishing",36
"INC-05002","COMP-02197","Insider Threat",25
"INC-05003","COMP-06455","Phishing",5
"INC-05004","COMP-02892","Phishing",26
"INC-05005","COMP-01107","Phishing",15
"INC-05006","COMP-00233","Ransomware",37
"INC-05007","COMP-02749","Phishing",20
"INC-05008","COMP-04721","Phishing",26
"INC-05009","COMP-06398","Phishing",29
"INC-05010","COMP-07071","Ransomware",37
"INC-05011","COMP-01046","Phishing",19
"INC-05012","COMP-07394","Insider Threat",35
"INC-05013","COMP-07717","Ransomware",26
"INC-05014","COMP-07588","Phishing",11
"INC-05015","COMP-07446","Insider Threat",39
"INC-05016","COMP-03635","Phishing",19
"INC-05017","COMP-02553","Phishing",45
"INC-05018","COMP-00436","Ransomware",39
"INC-05019","COMP-07250","Phishing",26
"INC-05020","COMP-02082","Phishing",17
"INC-05021","COMP-02760","Ransomware",27
"INC-05022","COMP-05706","Phishing",7
"INC-05023","COMP-05136","Phishing",16
"INC-05024","COMP-02033","Phishing",33
"INC-05025","COMP-06581","Phishing",39
"INC-05026","COMP-02962","Ransomware",37
"INC-05027","COMP-07900","Phishing",28
"INC-05028","COMP-03659","Phishing",21
"INC-05029","COMP-03697","Ransomware",7
"INC-05030","COMP-04051","Phishing",33
"INC-05031","COMP-01592","Phishing",34
"INC-05032","COMP-07686","Phishing",32
"INC-05033","COMP-02489","Phishing",10
"INC-05034","COMP-05872","Ransomware",21
"INC-05035","COMP-00661","Ransomware",10
"INC-05036","COMP-05406","Ransomware",13
"INC-05037","COMP-04284","Ransomware",33
"INC-05038","COMP-06212","Ransomware",6
"INC-05039","COMP-01213","Phishing",34
"INC-05040","COMP-00893","Ransomware",6
"INC-05041","COMP-01815","Phishing",20
"INC-05042","COMP-05540","Ransomware",18
"INC-05043","COMP-07197","Ransomware",7
"INC-05044","COMP-07344","Phishing",52
"INC-05045","COMP-06055","Ransomware",14
"INC-05046","COMP-05835","Ransomware",40
"INC-05047","COMP-01390","Phishing",22
"INC-05048","COMP-05255","Ransomware",52
"INC-05049","COMP-03275","Phishing",77
"INC-05050","COMP-04989","Ransomware",21
"INC-05051","COMP-00783","Phishing",49
"INC-05052","COMP-06822","Phishing",123
"INC-05053","COMP-04196","Phishing",55
"INC-05054","COMP-01167","Phishing",35
"INC-05055","COMP-01953","Insider Threat",36
"INC-05056","COMP-05722","Phishing",16
"INC-05057","COMP-02130","Insider Threat",11
"INC-05058","COMP-00222","Phishing",13
"INC-05059","COMP-07738","Phishing",17
"INC-05060","COMP-05690","Phishing",14
"INC-05061","COMP-05282","Phishing",30
"INC-05062","COMP-06574","Phishing",18
"INC-05063","COMP-00555","Ransomware",10
"INC-05064","COMP-01208","Phishing",15
"INC-05065","COMP-01400","Phishing",22
"INC-05066","COMP-06683","Phishing",18
"INC-05067","COMP-02089","Phishing",8
"INC-05068","COMP-02005","Ransomware",3
"INC-05069","COMP-01538","Phishing",25
"INC-05070","COMP-00863","Ransomware",69
"INC-05071","COMP-01702","Ransomware",164
"INC-05072","COMP-05636","Insider Threat",5
"INC-05073","COMP-00684","Phishing",12
"INC-05074","COMP-02054","Phishing",51
"INC-05075","COMP-00758","Phishing",27
"INC-05076","COMP-01970","Ransomware",20
"INC-05077","COMP-05185","Phishing",41
"INC-05078","COMP-01524","Ransomware",49
"INC-05079","COMP-06582","Ransomware",34
"INC-05080","COMP-06353","Insider Threat",9
"INC-05081","COMP-04723","Ransomware",96
"INC-05082","COMP-06020","Insider Threat",26
"INC-05083","COMP-04907","Insider Threat",415
"INC-05084","COMP-05421","Phishing",25
"INC-05085","COMP-01931","Ransomware",47
"INC-05086","COMP-00597","Ransomware",36
"INC-05087","COMP-05990","Phishing",17
"INC-05088","COMP-07416","Ransomware",75
"INC-05089","COMP-00645","Ransomware",35
"INC-05090","COMP-02739","Insider Threat",12
"INC-05091","COMP-05320","Insider Threat",13
"INC-05092","COMP-03557","Ransomware",8
"INC-05093","COMP-05542","Phishing",9
"INC-05094","COMP-05958","Phishing",28
"INC-05095","COMP-02276","Phishing",10
"INC-05096","COMP-04315","Ransomware",47
"INC-05097","COMP-05008","Phishing",20
"INC-05098","COMP-04562","Phishing",38
"INC-05099","COMP-07066","Insider Threat",14
"INC-05100","COMP-07005","Ransomware",5
"INC-05101","COMP-05395","Ransomware",33
"INC-05102","COMP-04049","Ransomware",26
"INC-05103","COMP-04957","Ransomware",59
"INC-05104","COMP-07855","Phishing",17
"INC-05105","COMP-04651","Phishing",11
"INC-05106","COMP-01852","Phishing",9
"INC-05107","COMP-06018","Insider Threat",48
"INC-05108","COMP-00396","Ransomware",12
"INC-05109","COMP-06594","Phishing",19
"INC-05110","COMP-06916","Ransomware",21
"INC-05111","COMP-07946","Phishing",9
"INC-05112","COMP-05974","Phishing",3
"INC-05113","COMP-04687","Phishing",18
"INC-05114","COMP-07068","Phishing",30
"INC-05115","COMP-02912","Phishing",16
"INC-05116","COMP-01597","Ransomware",33
"INC-05117","COMP-02048","Phishing",25
"INC-05118","COMP-01221","Ransomware",36
"INC-05119","COMP-04109","Ransomware",7
"INC-05120","COMP-03450","Ransomware",20
"INC-05121","COMP-00285","Phishing",36
"INC-05122","COMP-02191","Insider Threat",28
"INC-05123","COMP-03472","Phishing",70
"INC-05124","COMP-04990","Insider Threat",42
"INC-05125","COMP-05096","Insider Threat",40
"INC-05126","COMP-04334","Insider Threat",46
"INC-05127","COMP-04028","Ransomware",29
"INC-05128","COMP-06013","Phishing",16
"INC-05129","COMP-01788","Ransomware",51
"INC-05130","COMP-04630","Ransomware",31
"INC-05131","COMP-07255","Phishing",96
"INC-05132","COMP-02511","Phishing",31
"INC-05133","COMP-05399","Ransomware",10
"INC-05134","COMP-01318","Ransomware",39
"INC-05135","COMP-00768","Ransomware",4
"INC-05136","COMP-02594","Phishing",16
"INC-05137","COMP-03041","Ransomware",36
"INC-05138","COMP-04140","Ransomware",23
"INC-05139","COMP-04991","Phishing",143
"INC-05140","COMP-05723","Ransomware",27
"INC-05141","COMP-02245","Insider Threat",33
"INC-05142","COMP-01249","Ransomware",17
"INC-05143","COMP-01331","Insider Threat",13
"INC-05144","COMP-07399","Ransomware",47
"INC-05145","COMP-07302","Phishing",35
"INC-05146","COMP-05148","Ransomware",25
"INC-05147","COMP-01667","Phishing",17
"INC-05148","COMP-04166","Ransomware",38
"INC-05149","COMP-07768","Ransomware",49
"INC-05150","COMP-05236","Phishing",25
"INC-05151","COMP-07790","Insider Threat",23
"INC-05152","COMP-05157","Ransomware",32
"INC-05153","COMP-01436","Phishing",20
"INC-05154","COMP-06315","Phishing",11
"INC-05155","COMP-05730","Ransomware",69
"INC-05156","COMP-04577","Ransomware",36
"INC-05157","COMP-02267","Phishing",39
"INC-05158","COMP-05161","Ransomware",14
"INC-05159","COMP-02553","Phishing",24
"INC-05160","COMP-05265","Ransomware",21
"INC-05161","COMP-06480","Phishing",13
"INC-05162","COMP-02792","Ransomware",14
"INC-05163","COMP-01952","Ransomware",6
"INC-05164","COMP-00072","Phishing",24
"INC-05165","COMP-07644","Phishing",16
"INC-05166","COMP-07745","Ransomware",7
"INC-05167","COMP-06105","Phishing",32
"INC-05168","COMP-02061","Phishing",6
"INC-05169","COMP-01692","Phishing",17
"INC-05170","COMP-00447","Insider Threat",8
"INC-05171","COMP-00046","Phishing",31
"INC-05172","COMP-07415","Phishing",48
"INC-05173","COMP-03909","Phishing",33
"INC-05174","COMP-05384","Insider Threat",120
"INC-05175","COMP-07575","Insider Threat",5
"INC-05176","COMP-06056","Ransomware",21
"INC-05177","COMP-07321","Insider Threat",61
"INC-05178","COMP-02315","Phishing",37
"INC-05179","COMP-07425","Phishing",17
"INC-05180","COMP-07068","Phishing",26
"INC-05181","COMP-01210","Ransomware",64
"INC-05182","COMP-03939","Phishing",16
"INC-05183","COMP-04670","Ransomware",13
"INC-05184","COMP-05846","Phishing",29
"INC-05185","COMP-04908","Phishing",88
"INC-05186","COMP-02923","Phishing",3
"INC-05187","COMP-03535","Ransomware",48
"INC-05188","COMP-02211","Phishing",42
"INC-05189","COMP-02142","Ransomware",9
"INC-05190","COMP-06377","Phishing",118
"INC-05191","COMP-02553","Ransomware",23
"INC-05192","COMP-00383","Phishing",16
"INC-05193","COMP-01279","Phishing",36
"INC-05194","COMP-06894","Insider Threat",128
"INC-05195","COMP-07713","Phishing",50
"INC-05196","COMP-07074","Ransomware",10
"INC-05197","COMP-02326","Phishing",6
"INC-05198","COMP-01409","Phishing",26
"INC-05199","COMP-05224","Ransomware",34
"INC-05200","COMP-00683","Insider Threat",11
"INC-05201","COMP-07938","Ransomware",16
"INC-05202","COMP-06255","Ransomware",14
"INC-05203","COMP-04543","Ransomware",14
"INC-05204","COMP-01874","Phishing",17
"INC-05205","COMP-03319","Phishing",115
"INC-05206","COMP-00774","Phishing",13
"INC-05207","COMP-00655","Phishing",73
"INC-05208","COMP-04005","Ransomware",29
"INC-05209","COMP-00919","Phishing",16
"INC-05210","COMP-07388","Ransomware",31
"INC-05211","COMP-04993","Phishing",83
"INC-05212","COMP-04682","Phishing",61
"INC-05213","COMP-07707","Ransomware",21
"INC-05214","COMP-00489","Phishing",19
"INC-05215","COMP-01527","Phishing",24
"INC-05216","COMP-06015","Phishing",15
"INC-05217","COMP-07489","Phishing",18
"INC-05218","COMP-07684","Ransomware",35
"INC-05219","COMP-01954","Ransomware",29
"INC-05220","COMP-01699","Ransomware",46
"INC-05221","COMP-01170","Phishing",44
"INC-05222","COMP-05468","Insider Threat",20
"INC-05223","COMP-02033","Insider Threat",8
"INC-05224","COMP-01577","Ransomware",38
"INC-05225","COMP-01582","Ransomware",15
"INC-05226","COMP-02703","Ransomware",17
"INC-05227","COMP-05582","Ransomware",17
"INC-05228","COMP-04612","Ransomware",38
"INC-05229","COMP-01199","Ransomware",52
"INC-05230","COMP-02606","Ransomware",179
"INC-05231","COMP-03197","Phishing",10
"INC-05232","COMP-03083","Phishing",25
"INC-05233","COMP-00430","Phishing",17
"INC-05234","COMP-00434","Ransomware",47
"INC-05235","COMP-01624","Ransomware",27
"INC-05236","COMP-03650","Ransomware",14
"INC-05237","COMP-01465","Phishing",20
"INC-05238","COMP-00092","Phishing",36
"INC-05239","COMP-06780","Ransomware",24
"INC-05240","COMP-06159","Phishing",18
"INC-05241","COMP-04910","Phishing",114
"INC-05242","COMP-07729","Phishing",79
"INC-05243","COMP-00479","Ransomware",49
"INC-05244","COMP-00060","Phishing",35
"INC-05245","COMP-06944","Phishing",27
"INC-05246","COMP-00388","Ransomware",20
"INC-05247","COMP-01810","Ransomware",48
"INC-05248","COMP-06504","Phishing",21
"INC-05249","COMP-02212","Phishing",7
"INC-05250","COMP-03351","Phishing",30
"INC-05251","COMP-06696","Ransomware",19
"INC-05252","COMP-02767","Phishing",12
"INC-05253","COMP-00657","Phishing",9
"INC-05254","COMP-00406","Ransomware",59
"INC-05255","COMP-07194","Ransomware",31
"INC-05256","COMP-01534","Phishing",5
"INC-05257","COMP-00447","Phishing",25
"INC-05258","COMP-04475","Phishing",45
"INC-05259","COMP-05769","Phishing",8
"INC-05260","COMP-07271","Phishing",13
"INC-05261","COMP-04731","Phishing",12
"INC-05262","COMP-06770","Phishing",15
"INC-05263","COMP-01861","Phishing",17
"INC-05264","COMP-06438","Ransomware",56
"INC-05265","COMP-07030","Ransomware",81
"INC-05266","COMP-00362","Insider Threat",40
"INC-05267","COMP-01641","Phishing",181
"INC-05268","COMP-06233","Phishing",22
"INC-05269","COMP-00184","Ransomware",42
"INC-05270","COMP-00336","Insider Threat",30
"INC-05271","COMP-07867","Ransomware",43
"INC-05272","COMP-07524","Ransomware",40
"INC-05273","COMP-00326","Phishing",33
"INC-05274","COMP-06408","Phishing",67
"INC-05275","COMP-02141","Ransomware",29
"INC-05276","COMP-07501","Ransomware",28
"INC-05277","COMP-02023","Phishing",14
"INC-05278","COMP-02378","Phishing",10
"INC-05279","COMP-05804","Phishing",6
"INC-05280","COMP-02029","Insider Threat",17
"INC-05281","COMP-07931","Ransomware",20
"INC-05282","COMP-07138","Ransomware",92
"INC-05283","COMP-06143","Insider Threat",23
"INC-05284","COMP-02817","Insider Threat",71
"INC-05285","COMP-04375","Phishing",55
"INC-05286","COMP-05371","Phishing",30
"INC-05287","COMP-05594","Ransomware",30
"INC-05288","COMP-04522","Phishing",50
"INC-05289","COMP-01643","Ransomware",13
"INC-05290","COMP-05613","Phishing",23
"INC-05291","COMP-00751","Ransomware",46
"INC-05292","COMP-05127","Ransomware",15
"INC-05293","COMP-01119","Phishing",32
"INC-05294","COMP-04688","Ransomware",59
"INC-05295","COMP-00594","Ransomware",41
"INC-05296","COMP-02255","Phishing",32
"INC-05297","COMP-05909","Phishing",37
"INC-05298","COMP-06267","Insider Threat",58
"INC-05299","COMP-06945","Phishing",21
"INC-05300","COMP-05717","Insider Threat",36
"INC-05301","COMP-05771","Phishing",2
"INC-05302","COMP-00506","Phishing",56
"INC-05303","COMP-06375","Phishing",37
"INC-05304","COMP-04807","Phishing",86
"INC-05305","COMP-07628","Phishing",35
"INC-05306","COMP-02775","Phishing",20
"INC-05307","COMP-00929","Phishing",4
"INC-05308","COMP-03544","Insider Threat",4
"INC-05309","COMP-07166","Phishing",52
"INC-05310","COMP-03739","Insider Threat",36
"INC-05311","COMP-05827","Ransomware",60
"INC-05312","COMP-03607","Phishing",123
"INC-05313","COMP-04903","Phishing",40
"INC-05314","COMP-08000","Insider Threat",13
"INC-05315","COMP-05021","Phishing",10
"INC-05316","COMP-01304","Ransomware",26
"INC-05317","COMP-06607","Ransomware",11
"INC-05318","COMP-05285","Phishing",21
"INC-05319","COMP-03169","Phishing",41
"INC-05320","COMP-01403","Ransomware",45
"INC-05321","COMP-04715","Phishing",56
"INC-05322","COMP-05046","Ransomware",39
"INC-05323","COMP-03636","Phishing",23
"INC-05324","COMP-01050","Insider Threat",76
"INC-05325","COMP-03120","Phishing",30
"INC-05326","COMP-04968","Phishing",17
"INC-05327","COMP-05664","Phishing",49
"INC-05328","COMP-05743","Ransomware",26
"INC-05329","COMP-01495","Insider Threat",5
"INC-05330","COMP-04103","Phishing",52
"INC-05331","COMP-04219","Phishing",29
"INC-05332","COMP-00174","Phishing",117
"INC-05333","COMP-06043","Phishing",9
"INC-05334","COMP-06131","Ransomware",45
"INC-05335","COMP-06131","Ransomware",29
"INC-05336","COMP-03024","Ransomware",7
"INC-05337","COMP-05329","Phishing",33
"INC-05338","COMP-03847","Ransomware",21
"INC-05339","COMP-02789","Phishing",14
"INC-05340","COMP-06471","Insider Threat",34
"INC-05341","COMP-06420","Ransomware",6
"INC-05342","COMP-03420","Insider Threat",14
"INC-05343","COMP-07380","Insider Threat",17
"INC-05344","COMP-02980","Ransomware",20
"INC-05345","COMP-02791","Phishing",57
"INC-05346","COMP-01643","Ransomware",24
"INC-05347","COMP-06341","Ransomware",18
"INC-05348","COMP-05245","Phishing",22
"INC-05349","COMP-03567","Insider Threat",21
"INC-05350","COMP-04426","Phishing",18
"INC-05351","COMP-01305","Phishing",10
"INC-05352","COMP-07622","Phishing",13
"INC-05353","COMP-07220","Insider Threat",11
"INC-05354","COMP-00982","Ransomware",13
"INC-05355","COMP-03025","Insider Threat",40
"INC-05356","COMP-04333","Ransomware",25
"INC-05357","COMP-03954","Ransomware",15
"INC-05358","COMP-02379","Phishing",23
"INC-05359","COMP-04913","Ransomware",45
"INC-05360","COMP-04717","Ransomware",110
"INC-05361","COMP-02362","Phishing",28
"INC-05362","COMP-04994","Insider Threat",18
"INC-05363","COMP-06492","Ransomware",39
"INC-05364","COMP-01910","Insider Threat",40
"INC-05365","COMP-06281","Ransomware",29
"INC-05366","COMP-03425","Ransomware",24
"INC-05367","COMP-05320","Phishing",7
"INC-05368","COMP-02346","Ransomware",17
"INC-05369","COMP-04235","Phishing",56
"INC-05370","COMP-05638","Ransomware",18
"INC-05371","COMP-02977","Ransomware",28
"INC-05372","COMP-05617","Phishing",52
"INC-05373","COMP-06192","Phishing",43
"INC-05374","COMP-00920","Phishing",52
"INC-05375","COMP-03966","Insider Threat",31
"INC-05376","COMP-05700","Ransomware",20
"INC-05377","COMP-01285","Insider Threat",22
"INC-05378","COMP-07524","Phishing",10
"INC-05379","COMP-01353","Ransomware",11
"INC-05380","COMP-06080","Phishing",34
"INC-05381","COMP-01249","Phishing",62
"INC-05382","COMP-02874","Phishing",29
"INC-05383","COMP-06929","Ransomware",16
"INC-05384","COMP-04106","Phishing",47
"INC-05385","COMP-06025","Phishing",55
"INC-05386","COMP-00209","Phishing",36
"INC-05387","COMP-05249","Ransomware",14
"INC-05388","COMP-03713","Phishing",42
"INC-05389","COMP-03483","Insider Threat",140
"INC-05390","COMP-04953","Phishing",17
"INC-05391","COMP-02138","Ransomware",37
"INC-05392","COMP-07761","Ransomware",21
"INC-05393","COMP-01491","Ransomware",19
"INC-05394","COMP-01208","Phishing",9
"INC-05395","COMP-05167","Phishing",5
"INC-05396","COMP-03097","Phishing",57
"INC-05397","COMP-00709","Phishing",13
"INC-05398","COMP-01150","Phishing",14
"INC-05399","COMP-05274","Phishing",12
"INC-05400","COMP-04784","Insider Threat",29
"INC-05401","COMP-02383","Phishing",6
"INC-05402","COMP-02197","Phishing",12
"INC-05403","COMP-04482","Insider Threat",7
"INC-05404","COMP-02230","Ransomware",130
"INC-05405","COMP-06604","Ransomware",6
"INC-05406","COMP-03714","Phishing",11
"INC-05407","COMP-04391","Phishing",26
"INC-05408","COMP-06667","Ransomware",13
"INC-05409","COMP-00631","Phishing",8
"INC-05410","COMP-03580","Phishing",56
"INC-05411","COMP-00476","Phishing",22
"INC-05412","COMP-05856","Ransomware",26
"INC-05413","COMP-04549","Phishing",7
"INC-05414","COMP-04403","Phishing",67
"INC-05415","COMP-06677","Ransomware",32
"INC-05416","COMP-00877","Phishing",26
"INC-05417","COMP-07985","Phishing",11
"INC-05418","COMP-01134","Insider Threat",25
"INC-05419","COMP-06964","Ransomware",37
"INC-05420","COMP-06340","Phishing",55
"INC-05421","COMP-00780","Insider Threat",31
"INC-05422","COMP-01510","Phishing",15
"INC-05423","COMP-00047","Ransomware",58
"INC-05424","COMP-01103","Ransomware",10
"INC-05425","COMP-04618","Phishing",72
"INC-05426","COMP-06479","Phishing",25
"INC-05427","COMP-00680","Ransomware",18
"INC-05428","COMP-06138","Ransomware",14
"INC-05429","COMP-03594","Insider Threat",16
"INC-05430","COMP-00224","Ransomware",19
"INC-05431","COMP-00561","Phishing",73
"INC-05432","COMP-03074","Ransomware",44
"INC-05433","COMP-03468","Phishing",24
"INC-05434","COMP-00403","Ransomware",112
"INC-05435","COMP-03372","Phishing",23
"INC-05436","COMP-01296","Phishing",12
"INC-05437","COMP-02074","Insider Threat",112
"INC-05438","COMP-04726","Phishing",5
"INC-05439","COMP-07358","Insider Threat",68
"INC-05440","COMP-07893","Phishing",39
"INC-05441","COMP-04800","Phishing",8
"INC-05442","COMP-05472","Phishing",81
"INC-05443","COMP-03289","Phishing",7
"INC-05444","COMP-02056","Phishing",23
"INC-05445","COMP-01641","Phishing",12
"INC-05446","COMP-03042","Phishing",23
"INC-05447","COMP-05135","Phishing",52
"INC-05448","COMP-04242","Ransomware",37
"INC-05449","COMP-02941","Ransomware",17
"INC-05450","COMP-05461","Phishing",39
"INC-05451","COMP-04222","Ransomware",11
"INC-05452","COMP-07195","Phishing",23
"INC-05453","COMP-07042","Phishing",27
"INC-05454","COMP-02102","Ransomware",5
"INC-05455","COMP-05378","Insider Threat",8
"INC-05456","COMP-00865","Insider Threat",12
"INC-05457","COMP-03069","Ransomware",46
"INC-05458","COMP-02667","Phishing",44
"INC-05459","COMP-01475","Ransomware",15
"INC-05460","COMP-07513","Phishing",4
"INC-05461","COMP-04216","Ransomware",13
"INC-05462","COMP-07258","Phishing",16
"INC-05463","COMP-07471","Ransomware",130
"INC-05464","COMP-02164","Ransomware",21
"INC-05465","COMP-07622","Phishing",20
"INC-05466","COMP-02202","Ransomware",80
"INC-05467","COMP-01282","Insider Threat",17
"INC-05468","COMP-04382","Ransomware",36
"INC-05469","COMP-03743","Phishing",23
"INC-05470","COMP-07908","Phishing",14
"INC-05471","COMP-06242","Phishing",27
"INC-05472","COMP-06802","Phishing",31
"INC-05473","COMP-07037","Phishing",58
"INC-05474","COMP-04724","Phishing",24
"INC-05475","COMP-04645","Ransomware",15
"INC-05476","COMP-04771","Phishing",13
"INC-05477","COMP-05818","Phishing",34
"INC-05478","COMP-03004","Ransomware",20
"INC-05479","COMP-01337","Insider Threat",35
"INC-05480","COMP-06000","Phishing",18
"INC-05481","COMP-04534","Ransomware",18
"INC-05482","COMP-07617","Ransomware",9
"INC-05483","COMP-05377","Phishing",35
"INC-05484","COMP-00412","Phishing",46
"INC-05485","COMP-05278","Insider Threat",12
"INC-05486","COMP-07290","Insider Threat",139
"INC-05487","COMP-05128","Ransomware",27
"INC-05488","COMP-05973","Phishing",6
"INC-05489","COMP-06201","Phishing",38
"INC-05490","COMP-01947","Ransomware",32
"INC-05491","COMP-05678","Ransomware",20
"INC-05492","COMP-07097","Ransomware",36
"INC-05493","COMP-07490","Insider Threat",37
"INC-05494","COMP-06930","Insider Threat",42
"INC-05495","COMP-03838","Phishing",11
"INC-05496","COMP-07396","Phishing",49
"INC-05497","COMP-07481","Phishing",16
"INC-05498","COMP-07300","Phishing",14
"INC-05499","COMP-07165","Phishing",76
"INC-05500","COMP-01863","Phishing",6
"INC-05501","COMP-01702","Ransomware",48
"INC-05502","COMP-00861","Ransomware",6
"INC-05503","COMP-01529","Phishing",41
"INC-05504","COMP-03950","Phishing",40
"INC-05505","COMP-02383","Ransomware",18
"INC-05506","COMP-06054","Ransomware",9
"INC-05507","COMP-01881","Phishing",20
"INC-05508","COMP-02896","Ransomware",32
"INC-05509","COMP-03420","Ransomware",157
"INC-05510","COMP-00357","Phishing",13
"INC-05511","COMP-00375","Ransomware",38
"INC-05512","COMP-04070","Insider Threat",10
"INC-05513","COMP-07943","Phishing",5
"INC-05514","COMP-04340","Ransomware",11
"INC-05515","COMP-06611","Ransomware",70
"INC-05516","COMP-07125","Insider Threat",21
"INC-05517","COMP-01745","Ransomware",45
"INC-05518","COMP-01767","Ransomware",7
"INC-05519","COMP-00603","Ransomware",29
"INC-05520","COMP-02571","Ransomware",17
"INC-05521","COMP-02928","Insider Threat",24
"INC-05522","COMP-04992","Phishing",54
"INC-05523","COMP-05755","Insider Threat",6
"INC-05524","COMP-00434","Phishing",36
"INC-05525","COMP-00409","Insider Threat",49
"INC-05526","COMP-03174","Phishing",31
"INC-05527","COMP-06216","Insider Threat",44
"INC-05528","COMP-02416","Phishing",130
"INC-05529","COMP-06640","Phishing",34
"INC-05530","COMP-06551","Phishing",17
"INC-05531","COMP-06772","Ransomware",37
"INC-05532","COMP-07891","Phishing",20
"INC-05533","COMP-05175","Phishing",25
"INC-05534","COMP-04435","Ransomware",3
"INC-05535","COMP-00405","Phishing",14
"INC-05536","COMP-02477","Ransomware",33
"INC-05537","COMP-05565","Ransomware",93
"INC-05538","COMP-05787","Ransomware",15
"INC-05539","COMP-02599","Ransomware",45
"INC-05540","COMP-01009","Ransomware",29
"INC-05541","COMP-02637","Insider Threat",19
"INC-05542","COMP-01748","Ransomware",22
"INC-05543","COMP-05898","Ransomware",39
"INC-05544","COMP-00156","Phishing",85
"INC-05545","COMP-02334","Phishing",24
"INC-05546","COMP-06144","Insider Threat",65
"INC-05547","COMP-07080","Ransomware",30
"INC-05548","COMP-06312","Ransomware",37
"INC-05549","COMP-05157","Phishing",10
"INC-05550","COMP-03821","Insider Threat",17
"INC-05551","COMP-03034","Phishing",25
"INC-05552","COMP-05234","Ransomware",95
"INC-05553","COMP-06362","Insider Threat",13
"INC-05554","COMP-05507","Phishing",26
"INC-05555","COMP-04762","Ransomware",35
"INC-05556","COMP-02753","Insider Threat",35
"INC-05557","COMP-07451","Ransomware",22
"INC-05558","COMP-00482","Phishing",27
"INC-05559","COMP-06615","Ransomware",5
"INC-05560","COMP-07494","Phishing",19
"INC-05561","COMP-06463","Phishing",10
"INC-05562","COMP-04829","Phishing",19
"INC-05563","COMP-07673","Phishing",29
"INC-05564","COMP-07457","Phishing",49
"INC-05565","COMP-06941","Phishing",48
"INC-05566","COMP-01817","Ransomware",24
"INC-05567","COMP-02484","Ransomware",14
"INC-05568","COMP-01833","Ransomware",24
"INC-05569","COMP-07961","Phishing",7
"INC-05570","COMP-03870","Ransomware",21
"INC-05571","COMP-00217","Phishing",16
"INC-05572","COMP-04886","Phishing",19
"INC-05573","COMP-00423","Ransomware",23
"INC-05574","COMP-03162","Phishing",11
"INC-05575","COMP-02855","Insider Threat",13
"INC-05576","COMP-07087","Phishing",8
"INC-05577","COMP-02695","Phishing",50
"INC-05578","COMP-01402","Phishing",71
"INC-05579","COMP-02901","Ransomware",11
"INC-05580","COMP-05093","Ransomware",18
"INC-05581","COMP-06949","Insider Threat",62
"INC-05582","COMP-03328","Phishing",45
"INC-05583","COMP-02876","Insider Threat",48
"INC-05584","COMP-00479","Phishing",18
"INC-05585","COMP-02666","Ransomware",124
"INC-05586","COMP-04552","Insider Threat",9
"INC-05587","COMP-01077","Ransomware",30
"INC-05588","COMP-00605","Ransomware",22
"INC-05589","COMP-02038","Ransomware",76
"INC-05590","COMP-05105","Ransomware",7
"INC-05591","COMP-02306","Insider Threat",22
"INC-05592","COMP-01142","Insider Threat",8
"INC-05593","COMP-00266","Insider Threat",12
"INC-05594","COMP-06007","Ransomware",7
"INC-05595","COMP-07592","Phishing",165
"INC-05596","COMP-01208","Insider Threat",26
"INC-05597","COMP-03850","Phishing",8
"INC-05598","COMP-03025","Insider Threat",39
"INC-05599","COMP-03714","Insider Threat",46
"INC-05600","COMP-00136","Ransomware",19
"INC-05601","COMP-06968","Ransomware",61
"INC-05602","COMP-00296","Phishing",15
"INC-05603","COMP-04807","Phishing",57
"INC-05604","COMP-01369","Ransomware",6
"INC-05605","COMP-05727","Ransomware",18
"INC-05606","COMP-03253","Insider Threat",97
"INC-05607","COMP-00588","Phishing",8
"INC-05608","COMP-04502","Phishing",11
"INC-05609","COMP-01495","Ransomware",16
"INC-05610","COMP-04870","Phishing",7
"INC-05611","COMP-03926","Phishing",92
"INC-05612","COMP-03456","Insider Threat",26
"INC-05613","COMP-07047","Ransomware",53
"INC-05614","COMP-07388","Ransomware",19
"INC-05615","COMP-07235","Insider Threat",67
"INC-05616","COMP-05127","Ransomware",41
"INC-05617","COMP-03326","Ransomware",21
"INC-05618","COMP-07176","Ransomware",30
"INC-05619","COMP-00336","Ransomware",29
"INC-05620","COMP-02444","Ransomware",86
"INC-05621","COMP-06655","Phishing",30
"INC-05622","COMP-02821","Phishing",18
"INC-05623","COMP-00071","Phishing",3
"INC-05624","COMP-05584","Phishing",7
"INC-05625","COMP-06419","Ransomware",24
"INC-05626","COMP-07288","Phishing",18
"INC-05627","COMP-07760","Ransomware",28
"INC-05628","COMP-04742","Phishing",23
"INC-05629","COMP-04789","Phishing",77
"INC-05630","COMP-01081","Phishing",8
"INC-05631","COMP-02919","Phishing",14
"INC-05632","COMP-06837","Phishing",12
"INC-05633","COMP-01187","Ransomware",25
"INC-05634","COMP-07038","Phishing",18
"INC-05635","COMP-07412","Phishing",23
"INC-05636","COMP-05300","Ransomware",59
"INC-05637","COMP-05722","Ransomware",69
"INC-05638","COMP-06870","Ransomware",38
"INC-05639","COMP-00885","Ransomware",36
"INC-05640","COMP-00732","Ransomware",54
"INC-05641","COMP-04177","Phishing",4
"INC-05642","COMP-07305","Ransomware",28
"INC-05643","COMP-03380","Phishing",16
"INC-05644","COMP-03017","Ransomware",42
"INC-05645","COMP-03085","Phishing",11
"INC-05646","COMP-05304","Phishing",9
"INC-05647","COMP-01638","Phishing",145
"INC-05648","COMP-04995","Phishing",20
"INC-05649","COMP-00784","Phishing",32
"INC-05650","COMP-01966","Insider Threat",25
"INC-05651","COMP-02718","Ransomware",9
"INC-05652","COMP-04511","Ransomware",31
"INC-05653","COMP-05349","Insider Threat",48
"INC-05654","COMP-06723","Phishing",30
"INC-05655","COMP-03402","Phishing",12
"INC-05656","COMP-04919","Ransomware",52
"INC-05657","COMP-01667","Phishing",94
"INC-05658","COMP-05836","Ransomware",58
"INC-05659","COMP-07014","Ransomware",20
"INC-05660","COMP-06939","Insider Threat",28
"INC-05661","COMP-01996","Ransomware",14
"INC-05662","COMP-01202","Ransomware",91
"INC-05663","COMP-03020","Phishing",44
"INC-05664","COMP-00954","Phishing",28
"INC-05665","COMP-00210","Phishing",12
"INC-05666","COMP-04409","Insider Threat",24
"INC-05667","COMP-02414","Ransomware",24
"INC-05668","COMP-05944","Phishing",32
"INC-05669","COMP-00885","Phishing",19
"INC-05670","COMP-01785","Ransomware",64
"INC-05671","COMP-07017","Phishing",7
"INC-05672","COMP-02786","Ransomware",45
"INC-05673","COMP-00465","Phishing",91
"INC-05674","COMP-07852","Insider Threat",17
"INC-05675","COMP-02958","Phishing",18
"INC-05676","COMP-07394","Phishing",26
"INC-05677","COMP-06499","Phishing",55
"INC-05678","COMP-01115","Insider Threat",30
"INC-05679","COMP-02740","Ransomware",20
"INC-05680","COMP-05746","Insider Threat",15
"INC-05681","COMP-02695","Ransomware",22
"INC-05682","COMP-02036","Phishing",25
"INC-05683","COMP-06160","Phishing",30
"INC-05684","COMP-02043","Insider Threat",42
"INC-05685","COMP-01569","Insider Threat",58
"INC-05686","COMP-06314","Insider Threat",12
"INC-05687","COMP-05706","Phishing",12
"INC-05688","COMP-00459","Ransomware",8
"INC-05689","COMP-05063","Ransomware",27
"INC-05690","COMP-07563","Ransomware",19
"INC-05691","COMP-06951","Ransomware",46
"INC-05692","COMP-04265","Phishing",21
"INC-05693","COMP-04897","Ransomware",53
"INC-05694","COMP-05161","Ransomware",17
"INC-05695","COMP-02910","Insider Threat",10
"INC-05696","COMP-06684","Ransomware",29
"INC-05697","COMP-05657","Phishing",11
"INC-05698","COMP-05187","Phishing",8
"INC-05699","COMP-06651","Ransomware",40
"INC-05700","COMP-06605","Ransomware",10
"INC-05701","COMP-01597","Phishing",19
"INC-05702","COMP-05000","Phishing",13
"INC-05703","COMP-06074","Ransomware",45
"INC-05704","COMP-07778","Phishing",20
"INC-05705","COMP-07139","Phishing",25
"INC-05706","COMP-05919","Phishing",61
"INC-05707","COMP-04574","Phishing",15
"INC-05708","COMP-07629","Phishing",14
"INC-05709","COMP-05398","Phishing",39
"INC-05710","COMP-05058","Phishing",124
"INC-05711","COMP-04203","Phishing",61
"INC-05712","COMP-04880","Ransomware",57
"INC-05713","COMP-05159","Phishing",17
"INC-05714","COMP-03037","Ransomware",23
"INC-05715","COMP-00049","Phishing",26
"INC-05716","COMP-04230","Phishing",10
"INC-05717","COMP-00515","Phishing",13
"INC-05718","COMP-06529","Phishing",44
"INC-05719","COMP-05350","Phishing",21
"INC-05720","COMP-01801","Phishing",11
"INC-05721","COMP-03300","Ransomware",66
"INC-05722","COMP-02640","Insider Threat",17
"INC-05723","COMP-03386","Phishing",29
"INC-05724","COMP-04732","Ransomware",80
"INC-05725","COMP-01244","Phishing",13
"INC-05726","COMP-02762","Phishing",4
"INC-05727","COMP-07463","Ransomware",31
"INC-05728","COMP-02880","Insider Threat",28
"INC-05729","COMP-04045","Phishing",51
"INC-05730","COMP-03910","Insider Threat",20
"INC-05731","COMP-06445","Phishing",15
"INC-05732","COMP-06235","Ransomware",25
"INC-05733","COMP-02178","Insider Threat",35
"INC-05734","COMP-01595","Insider Threat",31
"INC-05735","COMP-02981","Insider Threat",11
"INC-05736","COMP-02309","Phishing",68
"INC-05737","COMP-02235","Phishing",20
"INC-05738","COMP-02829","Insider Threat",16
"INC-05739","COMP-06896","Ransomware",29
"INC-05740","COMP-02416","Phishing",6
"INC-05741","COMP-06077","Phishing",33
"INC-05742","COMP-01976","Ransomware",50
"INC-05743","COMP-00099","Ransomware",6
"INC-05744","COMP-06346","Ransomware",19
"INC-05745","COMP-00854","Phishing",15
"INC-05746","COMP-00379","Phishing",36
"INC-05747","COMP-05202","Phishing",100
"INC-05748","COMP-05060","Insider Threat",12
"INC-05749","COMP-03251","Insider Threat",9
"INC-05750","COMP-05892","Phishing",10
"INC-05751","COMP-07417","Insider Threat",27
"INC-05752","COMP-00105","Ransomware",15
"INC-05753","COMP-01867","Ransomware",13
"INC-05754","COMP-01428","Ransomware",16
"INC-05755","COMP-05325","Phishing",17
"INC-05756","COMP-05899","Ransomware",34
"INC-05757","COMP-04312","Phishing",29
"INC-05758","COMP-01077","Phishing",55
"INC-05759","COMP-00905","Phishing",22
"INC-05760","COMP-05186","Ransomware",9
"INC-05761","COMP-05329","Ransomware",31
"INC-05762","COMP-03487","Ransomware",12
"INC-05763","COMP-07184","Ransomware",46
"INC-05764","COMP-03861","Ransomware",34
"INC-05765","COMP-05073","Phishing",90
"INC-05766","COMP-02480","Phishing",6
"INC-05767","COMP-04796","Insider Threat",39
"INC-05768","COMP-00159","Ransomware",14
"INC-05769","COMP-05259","Ransomware",15
"INC-05770","COMP-00266","Phishing",26
"INC-05771","COMP-07290","Phishing",52
"INC-05772","COMP-00934","Ransomware",9
"INC-05773","COMP-06442","Phishing",8
"INC-05774","COMP-04250","Ransomware",12
"INC-05775","COMP-06386","Phishing",40
"INC-05776","COMP-05295","Phishing",46
"INC-05777","COMP-02006","Phishing",14
"INC-05778","COMP-02589","Phishing",98
"INC-05779","COMP-04329","Phishing",12
"INC-05780","COMP-04114","Phishing",8
"INC-05781","COMP-04982","Ransomware",72
"INC-05782","COMP-06648","Phishing",33
"INC-05783","COMP-06167","Insider Threat",5
"INC-05784","COMP-05351","Phishing",68
"INC-05785","COMP-05592","Ransomware",12
"INC-05786","COMP-07315","Ransomware",12
"INC-05787","COMP-05638","Ransomware",22
"INC-05788","COMP-01039","Phishing",49
"INC-05789","COMP-03725","Phishing",66
"INC-05790","COMP-05440","Ransomware",100
"INC-05791","COMP-02265","Phishing",32
"INC-05792","COMP-04157","Phishing",25
"INC-05793","COMP-04096","Ransomware",13
"INC-05794","COMP-00024","Insider Threat",18
"INC-05795","COMP-04303","Phishing",63
"INC-05796","COMP-07607","Phishing",17
"INC-05797","COMP-07691","Ransomware",23
"INC-05798","COMP-05312","Ransomware",20
"INC-05799","COMP-02669","Phishing",12
"INC-05800","COMP-03741","Insider Threat",45
"INC-05801","COMP-05385","Phishing",58
"INC-05802","COMP-03227","Phishing",23
"INC-05803","COMP-01384","Phishing",17
"INC-05804","COMP-01148","Phishing",29
"INC-05805","COMP-01271","Phishing",32
"INC-05806","COMP-02955","Ransomware",25
"INC-05807","COMP-07834","Phishing",10
"INC-05808","COMP-04299","Phishing",24
"INC-05809","COMP-03666","Insider Threat",29
"INC-05810","COMP-00474","Phishing",13
"INC-05811","COMP-01692","Ransomware",8
"INC-05812","COMP-01185","Ransomware",41
"INC-05813","COMP-04616","Ransomware",62
"INC-05814","COMP-06545","Insider Threat",26
"INC-05815","COMP-07122","Phishing",32
"INC-05816","COMP-02965","Phishing",13
"INC-05817","COMP-06467","Ransomware",72
"INC-05818","COMP-07999","Insider Threat",19
"INC-05819","COMP-06121","Ransomware",45
"INC-05820","COMP-04883","Phishing",15
"INC-05821","COMP-01332","Phishing",27
"INC-05822","COMP-03661","Ransomware",23
"INC-05823","COMP-01584","Insider Threat",19
"INC-05824","COMP-05429","Phishing",49
"INC-05825","COMP-07997","Ransomware",10
"INC-05826","COMP-05928","Phishing",33
"INC-05827","COMP-04189","Ransomware",18
"INC-05828","COMP-00921","Phishing",37
"INC-05829","COMP-03292","Phishing",37
"INC-05830","COMP-03779","Phishing",20
"INC-05831","COMP-00259","Ransomware",40
"INC-05832","COMP-01263","Ransomware",98
"INC-05833","COMP-04361","Phishing",37
"INC-05834","COMP-03948","Ransomware",5
"INC-05835","COMP-00721","Phishing",29
"INC-05836","COMP-01304","Ransomware",11
"INC-05837","COMP-05317","Phishing",10
"INC-05838","COMP-04619","Insider Threat",21
"INC-05839","COMP-03406","Phishing",29
"INC-05840","COMP-01996","Ransomware",29
"INC-05841","COMP-06138","Phishing",25
"INC-05842","COMP-00468","Phishing",37
"INC-05843","COMP-02671","Phishing",41
"INC-05844","COMP-03757","Insider Threat",34
"INC-05845","COMP-06009","Insider Threat",133
"INC-05846","COMP-06741","Insider Threat",9
"INC-05847","COMP-02410","Ransomware",63
"INC-05848","COMP-03471","Ransomware",41
"INC-05849","COMP-03098","Ransomware",5
"INC-05850","COMP-01883","Phishing",35
"INC-05851","COMP-06651","Ransomware",82
"INC-05852","COMP-04724","Phishing",28
"INC-05853","COMP-00477","Ransomware",19
"INC-05854","COMP-05674","Insider Threat",36
"INC-05855","COMP-01017","Ransomware",6
"INC-05856","COMP-01085","Phishing",20
"INC-05857","COMP-05790","Phishing",52
"INC-05858","COMP-06644","Ransomware",12
"INC-05859","COMP-06262","Insider Threat",14
"INC-05860","COMP-02793","Ransomware",19
"INC-05861","COMP-04587","Phishing",24
"INC-05862","COMP-00243","Insider Threat",48
"INC-05863","COMP-05209","Insider Threat",16
"INC-05864","COMP-04331","Ransomware",176
"INC-05865","COMP-07961","Phishing",22
"INC-05866","COMP-01987","Ransomware",50
"INC-05867","COMP-05831","Phishing",60
"INC-05868","COMP-01695","Insider Threat",9
"INC-05869","COMP-06030","Phishing",19
"INC-05870","COMP-01255","Insider Threat",39
"INC-05871","COMP-00023","Phishing",38
"INC-05872","COMP-04877","Ransomware",69
"INC-05873","COMP-07717","Phishing",24
"INC-05874","COMP-03865","Phishing",56
"INC-05875","COMP-04233","Ransomware",40
"INC-05876","COMP-02763","Ransomware",45
"INC-05877","COMP-01613","Ransomware",28
"INC-05878","COMP-01733","Ransomware",37
"INC-05879","COMP-04780","Ransomware",22
"INC-05880","COMP-05836","Phishing",21
"INC-05881","COMP-03288","Insider Threat",40
"INC-05882","COMP-07037","Phishing",23
"INC-05883","COMP-01520","Ransomware",39
"INC-05884","COMP-07151","Phishing",77
"INC-05885","COMP-03430","Phishing",61
"INC-05886","COMP-07822","Phishing",9
"INC-05887","COMP-01816","Ransomware",21
"INC-05888","COMP-07377","Ransomware",21
"INC-05889","COMP-03575","Ransomware",33
"INC-05890","COMP-07604","Ransomware",8
"INC-05891","COMP-06149","Phishing",26
"INC-05892","COMP-07024","Ransomware",9
"INC-05893","COMP-00868","Phishing",38
"INC-05894","COMP-00437","Phishing",9
"INC-05895","COMP-05725","Insider Threat",4
"INC-05896","COMP-06091","Phishing",53
"INC-05897","COMP-06691","Phishing",72
"INC-05898","COMP-00700","Insider Threat",20
"INC-05899","COMP-04749","Phishing",17
"INC-05900","COMP-04176","Ransomware",6
"INC-05901","COMP-05599","Phishing",27
"INC-05902","COMP-00604","Phishing",25
"INC-05903","COMP-02955","Phishing",8
"INC-05904","COMP-07662","Ransomware",10
"INC-05905","COMP-05425","Ransomware",12
"INC-05906","COMP-07723","Phishing",18
"INC-05907","COMP-00701","Ransomware",31
"INC-05908","COMP-03540","Phishing",143
"INC-05909","COMP-04175","Insider Threat",54
"INC-05910","COMP-05097","Phishing",34
"INC-05911","COMP-03118","Phishing",20
"INC-05912","COMP-00206","Phishing",4
"INC-05913","COMP-05956","Ransomware",25
"INC-05914","COMP-07105","Insider Threat",7
"INC-05915","COMP-05721","Phishing",98
"INC-05916","COMP-02597","Insider Threat",14
"INC-05917","COMP-05334","Ransomware",23
"INC-05918","COMP-04908","Phishing",13
"INC-05919","COMP-07768","Phishing",20
"INC-05920","COMP-04449","Phishing",25
"INC-05921","COMP-04306","Phishing",23
"INC-05922","COMP-04759","Ransomware",10
"INC-05923","COMP-00243","Ransomware",30
"INC-05924","COMP-02476","Insider Threat",42
"INC-05925","COMP-02339","Ransomware",20
"INC-05926","COMP-07989","Phishing",58
"INC-05927","COMP-02618","Phishing",27
"INC-05928","COMP-07713","Insider Threat",32
"INC-05929","COMP-05092","Phishing",19
"INC-05930","COMP-06250","Phishing",30
"INC-05931","COMP-06412","Phishing",68
"INC-05932","COMP-02511","Insider Threat",20
"INC-05933","COMP-05461","Ransomware",6
"INC-05934","COMP-01891","Phishing",25
"INC-05935","COMP-00726","Ransomware",92
"INC-05936","COMP-07525","Ransomware",5
"INC-05937","COMP-03745","Phishing",10
"INC-05938","COMP-04280","Phishing",5
"INC-05939","COMP-07579","Phishing",175
"INC-05940","COMP-07848","Phishing",55
"INC-05941","COMP-02666","Phishing",3
"INC-05942","COMP-06183","Ransomware",36
"INC-05943","COMP-02197","Phishing",49
"INC-05944","COMP-03722","Phishing",6
"INC-05945","COMP-04430","Phishing",6
"INC-05946","COMP-01365","Ransomware",32
"INC-05947","COMP-04145","Phishing",12
"INC-05948","COMP-02689","Insider Threat",57
"INC-05949","COMP-00074","Insider Threat",22
"INC-05950","COMP-03738","Phishing",10
"INC-05951","COMP-02818","Ransomware",26
"INC-05952","COMP-07864","Ransomware",10
"INC-05953","COMP-02128","Phishing",33
"INC-05954","COMP-00493","Ransomware",13
"INC-05955","COMP-05133","Ransomware",15
"INC-05956","COMP-01357","Phishing",30
"INC-05957","COMP-01523","Phishing",28
"INC-05958","COMP-01514","Phishing",60
"INC-05959","COMP-04609","Ransomware",15
"INC-05960","COMP-00764","Ransomware",31
"INC-05961","COMP-05969","Insider Threat",32
"INC-05962","COMP-06047","Phishing",6
"INC-05963","COMP-06871","Ransomware",23
"INC-05964","COMP-05376","Insider Threat",10
"INC-05965","COMP-00779","Ransomware",41
"INC-05966","COMP-06673","Insider Threat",45
"INC-05967","COMP-01754","Ransomware",21
"INC-05968","COMP-04889","Ransomware",25
"INC-05969","COMP-06621","Insider Threat",33
"INC-05970","COMP-04616","Phishing",4
"INC-05971","COMP-07344","Ransomware",99
"INC-05972","COMP-03952","Insider Threat",39
"INC-05973","COMP-04351","Insider Threat",28
"INC-05974","COMP-06945","Phishing",8
"INC-05975","COMP-05667","Phishing",46
"INC-05976","COMP-01332","Phishing",69
"INC-05977","COMP-00905","Phishing",52
"INC-05978","COMP-03888","Ransomware",24
"INC-05979","COMP-02977","Ransomware",74
"INC-05980","COMP-00642","Phishing",9
"INC-05981","COMP-02359","Phishing",26
"INC-05982","COMP-04184","Ransomware",12
"INC-05983","COMP-00740","Ransomware",20
"INC-05984","COMP-07542","Phishing",56
"INC-05985","COMP-03434","Phishing",32
"INC-05986","COMP-03153","Ransomware",42
"INC-05987","COMP-07410","Ransomware",10
"INC-05988","COMP-07702","Ransomware",53
"INC-05989","COMP-05070","Phishing",38
"INC-05990","COMP-01360","Phishing",5
"INC-05991","COMP-00975","Phishing",26
"INC-05992","COMP-00524","Phishing",11
"INC-05993","COMP-06251","Ransomware",19
"INC-05994","COMP-05618","Phishing",11
"INC-05995","COMP-07658","Insider Threat",13
"INC-05996","COMP-00235","Phishing",24
"INC-05997","COMP-01350","Phishing",7
"INC-05998","COMP-06881","Phishing",14
"INC-05999","COMP-01766","Ransomware",34
"INC-06000","COMP-04883","Phishing",40
"INC-06001","COMP-00693","Insider Threat",10
"INC-06002","COMP-03039","Phishing",4
"INC-06003","COMP-03909","Phishing",14
"INC-06004","COMP-02337","Insider Threat",10
"INC-06005","COMP-04938","Phishing",48
"INC-06006","COMP-02192","Ransomware",75
"INC-06007","COMP-06398","Phishing",34
"INC-06008","COMP-01684","Phishing",19
"INC-06009","COMP-04607","Ransomware",56
"INC-06010","COMP-01737","Phishing",20
"INC-06011","COMP-00742","Phishing",12
"INC-06012","COMP-02982","Phishing",76
"INC-06013","COMP-07693","Phishing",17
"INC-06014","COMP-02981","Phishing",31
"INC-06015","COMP-01995","Ransomware",23
"INC-06016","COMP-03004","Phishing",136
"INC-06017","COMP-04434","Phishing",73
"INC-06018","COMP-06031","Phishing",26
"INC-06019","COMP-06138","Insider Threat",14
"INC-06020","COMP-04892","Ransomware",14
"INC-06021","COMP-05908","Phishing",46
"INC-06022","COMP-04367","Ransomware",10
"INC-06023","COMP-01319","Ransomware",44
"INC-06024","COMP-03505","Phishing",15
"INC-06025","COMP-01215","Ransomware",45
"INC-06026","COMP-02944","Ransomware",17
"INC-06027","COMP-02106","Ransomware",46
"INC-06028","COMP-03202","Phishing",51
"INC-06029","COMP-02713","Insider Threat",22
"INC-06030","COMP-05785","Ransomware",49
"INC-06031","COMP-07201","Ransomware",33
"INC-06032","COMP-05631","Phishing",41
"INC-06033","COMP-01152","Phishing",29
"INC-06034","COMP-06728","Ransomware",15
"INC-06035","COMP-04320","Ransomware",23
"INC-06036","COMP-02209","Phishing",13
"INC-06037","COMP-00428","Insider Threat",4
"INC-06038","COMP-06704","Phishing",14
"INC-06039","COMP-05969","Phishing",60
"INC-06040","COMP-01319","Phishing",5
"INC-06041","COMP-01670","Phishing",20
"INC-06042","COMP-06998","Ransomware",7
"INC-06043","COMP-06020","Ransomware",16
"INC-06044","COMP-07315","Insider Threat",33
"INC-06045","COMP-03457","Insider Threat",19
"INC-06046","COMP-06136","Phishing",30
"INC-06047","COMP-01285","Phishing",6
"INC-06048","COMP-07749","Ransomware",59
"INC-06049","COMP-02285","Phishing",38
"INC-06050","COMP-01197","Ransomware",7
"INC-06051","COMP-05662","Phishing",19
"INC-06052","COMP-06877","Phishing",55
"INC-06053","COMP-07679","Phishing",10
"INC-06054","COMP-03161","Phishing",19
"INC-06055","COMP-07803","Insider Threat",33
"INC-06056","COMP-03561","Ransomware",17
"INC-06057","COMP-02649","Phishing",5
"INC-06058","COMP-05279","Insider Threat",35
"INC-06059","COMP-07642","Insider Threat",27
"INC-06060","COMP-03130","Phishing",41
"INC-06061","COMP-02685","Phishing",19
"INC-06062","COMP-05288","Insider Threat",6
"INC-06063","COMP-00104","Phishing",42
"INC-06064","COMP-07438","Phishing",37
"INC-06065","COMP-05271","Phishing",37
"INC-06066","COMP-03113","Phishing",24
"INC-06067","COMP-06910","Insider Threat",33
"INC-06068","COMP-06304","Ransomware",16
"INC-06069","COMP-02402","Phishing",33
"INC-06070","COMP-07760","Phishing",11
"INC-06071","COMP-06161","Phishing",18
"INC-06072","COMP-01205","Phishing",11
"INC-06073","COMP-03247","Ransomware",10
"INC-06074","COMP-05697","Phishing",44
"INC-06075","COMP-05590","Phishing",11
"INC-06076","COMP-01128","Ransomware",8
"INC-06077","COMP-00770","Ransomware",24
"INC-06078","COMP-04415","Phishing",16
"INC-06079","COMP-05559","Ransomware",20
"INC-06080","COMP-07563","Ransomware",13
"INC-06081","COMP-01274","Ransomware",26
"INC-06082","COMP-06149","Ransomware",11
"INC-06083","COMP-06464","Ransomware",3
"INC-06084","COMP-03864","Insider Threat",10
"INC-06085","COMP-04767","Ransomware",17
"INC-06086","COMP-00352","Phishing",12
"INC-06087","COMP-01322","Insider Threat",15
"INC-06088","COMP-02760","Ransomware",10
"INC-06089","COMP-04389","Ransomware",73
"INC-06090","COMP-04505","Ransomware",15
"INC-06091","COMP-06824","Phishing",24
"INC-06092","COMP-00600","Ransomware",83
"INC-06093","COMP-05778","Ransomware",24
"INC-06094","COMP-02389","Ransomware",27
"INC-06095","COMP-07942","Ransomware",26
"INC-06096","COMP-03027","Phishing",26
"INC-06097","COMP-07000","Phishing",11
"INC-06098","COMP-01292","Phishing",21
"INC-06099","COMP-01745","Insider Threat",12
"INC-06100","COMP-04100","Ransomware",11
"INC-06101","COMP-07431","Ransomware",31
"INC-06102","COMP-05808","Ransomware",5
"INC-06103","COMP-01846","Ransomware",44
"INC-06104","COMP-07496","Phishing",72
"INC-06105","COMP-03889","Insider Threat",100
"INC-06106","COMP-01761","Phishing",9
"INC-06107","COMP-00790","Phishing",39
"INC-06108","COMP-04435","Phishing",22
"INC-06109","COMP-00037","Ransomware",19
"INC-06110","COMP-03525","Phishing",12
"INC-06111","COMP-02018","Ransomware",63
"INC-06112","COMP-02299","Insider Threat",11
"INC-06113","COMP-01156","Ransomware",28
"INC-06114","COMP-04234","Phishing",47
"INC-06115","COMP-04907","Phishing",11
"INC-06116","COMP-02221","Phishing",29
"INC-06117","COMP-06933","Phishing",24
"INC-06118","COMP-03223","Phishing",12
"INC-06119","COMP-00244","Phishing",68
"INC-06120","COMP-07563","Ransomware",20
"INC-06121","COMP-07018","Insider Threat",2
"INC-06122","COMP-05237","Insider Threat",35
"INC-06123","COMP-07507","Phishing",62
"INC-06124","COMP-03533","Phishing",25
"INC-06125","COMP-04285","Ransomware",24
"INC-06126","COMP-02661","Ransomware",31
"INC-06127","COMP-00744","Phishing",38
"INC-06128","COMP-01583","Ransomware",27
"INC-06129","COMP-04675","Phishing",50
"INC-06130","COMP-02899","Ransomware",10
"INC-06131","COMP-03029","Phishing",26
"INC-06132","COMP-02565","Phishing",29
"INC-06133","COMP-01370","Ransomware",15
"INC-06134","COMP-07621","Phishing",46
"INC-06135","COMP-06469","Ransomware",42
"INC-06136","COMP-07803","Ransomware",108
"INC-06137","COMP-07795","Phishing",54
"INC-06138","COMP-00048","Ransomware",9
"INC-06139","COMP-03970","Ransomware",34
"INC-06140","COMP-02382","Phishing",60
"INC-06141","COMP-06708","Ransomware",17
"INC-06142","COMP-00046","Phishing",32
"INC-06143","COMP-05449","Ransomware",27
"INC-06144","COMP-02169","Phishing",4
"INC-06145","COMP-04332","Ransomware",31
"INC-06146","COMP-07095","Insider Threat",12
"INC-06147","COMP-03662","Phishing",10
"INC-06148","COMP-01983","Ransomware",8
"INC-06149","COMP-05386","Phishing",57
"INC-06150","COMP-03852","Phishing",20
"INC-06151","COMP-01673","Phishing",18
"INC-06152","COMP-02345","Insider Threat",49
"INC-06153","COMP-01995","Phishing",37
"INC-06154","COMP-07005","Phishing",57
"INC-06155","COMP-05894","Ransomware",5
"INC-06156","COMP-07686","Phishing",32
"INC-06157","COMP-06347","Ransomware",27
"INC-06158","COMP-03994","Ransomware",19
"INC-06159","COMP-03390","Ransomware",12
"INC-06160","COMP-02153","Phishing",30
"INC-06161","COMP-05038","Phishing",11
"INC-06162","COMP-07892","Phishing",7
"INC-06163","COMP-06707","Phishing",16
"INC-06164","COMP-03603","Ransomware",10
"INC-06165","COMP-02882","Ransomware",38
"INC-06166","COMP-03504","Phishing",21
"INC-06167","COMP-07134","Phishing",20
"INC-06168","COMP-03804","Ransomware",8
"INC-06169","COMP-01099","Insider Threat",44
"INC-06170","COMP-06282","Phishing",115
"INC-06171","COMP-06246","Phishing",27
"INC-06172","COMP-05126","Phishing",11
"INC-06173","COMP-07476","Ransomware",6
"INC-06174","COMP-06790","Ransomware",8
"INC-06175","COMP-03327","Phishing",25
"INC-06176","COMP-03876","Ransomware",54
"INC-06177","COMP-01418","Ransomware",61
"INC-06178","COMP-03971","Ransomware",12
"INC-06179","COMP-02248","Insider Threat",12
"INC-06180","COMP-02383","Ransomware",68
"INC-06181","COMP-07043","Ransomware",18
"INC-06182","COMP-00961","Ransomware",16
"INC-06183","COMP-03139","Ransomware",87
"INC-06184","COMP-07345","Ransomware",9
"INC-06185","COMP-02916","Insider Threat",8
"INC-06186","COMP-02420","Phishing",62
"INC-06187","COMP-04651","Phishing",54
"INC-06188","COMP-07824","Ransomware",20
"INC-06189","COMP-06640","Phishing",18
"INC-06190","COMP-07602","Ransomware",4
"INC-06191","COMP-06198","Phishing",22
"INC-06192","COMP-07723","Phishing",9
"INC-06193","COMP-03258","Phishing",19
"INC-06194","COMP-00575","Phishing",88
"INC-06195","COMP-00161","Ransomware",49
"INC-06196","COMP-05748","Phishing",37
"INC-06197","COMP-03012","Phishing",17
"INC-06198","COMP-01496","Insider Threat",17
"INC-06199","COMP-04512","Ransomware",20
"INC-06200","COMP-06396","Insider Threat",31
"INC-06201","COMP-00069","Phishing",83
"INC-06202","COMP-03579","Ransomware",10
"INC-06203","COMP-07899","Phishing",34
"INC-06204","COMP-03470","Ransomware",57
"INC-06205","COMP-04238","Ransomware",52
"INC-06206","COMP-06294","Ransomware",30
"INC-06207","COMP-02986","Phishing",36
"INC-06208","COMP-05826","Phishing",181
"INC-06209","COMP-03894","Ransomware",23
"INC-06210","COMP-05661","Insider Threat",26
"INC-06211","COMP-02888","Insider Threat",138
"INC-06212","COMP-04191","Phishing",14
"INC-06213","COMP-01016","Phishing",53
"INC-06214","COMP-03545","Ransomware",283
"INC-06215","COMP-00341","Phishing",17
"INC-06216","COMP-07680","Phishing",18
"INC-06217","COMP-03233","Phishing",33
"INC-06218","COMP-00869","Insider Threat",18
"INC-06219","COMP-04060","Phishing",156
"INC-06220","COMP-00379","Ransomware",37
"INC-06221","COMP-04864","Phishing",61
"INC-06222","COMP-03026","Ransomware",89
"INC-06223","COMP-04175","Ransomware",59
"INC-06224","COMP-06901","Insider Threat",98
"INC-06225","COMP-06603","Ransomware",13
"INC-06226","COMP-01190","Phishing",30
"INC-06227","COMP-02560","Phishing",52
"INC-06228","COMP-06155","Phishing",22
"INC-06229","COMP-05949","Phishing",25
"INC-06230","COMP-07967","Ransomware",19
"INC-06231","COMP-00683","Phishing",28
"INC-06232","COMP-07172","Phishing",34
"INC-06233","COMP-04810","Ransomware",7
"INC-06234","COMP-03243","Phishing",26
"INC-06235","COMP-01439","Ransomware",3
"INC-06236","COMP-04920","Phishing",16
"INC-06237","COMP-07325","Ransomware",4
"INC-06238","COMP-00857","Phishing",22
"INC-06239","COMP-03171","Phishing",25
"INC-06240","COMP-02027","Phishing",18
"INC-06241","COMP-07492","Phishing",15
"INC-06242","COMP-06669","Phishing",4
"INC-06243","COMP-05284","Phishing",39
"INC-06244","COMP-01945","Insider Threat",117
"INC-06245","COMP-04786","Phishing",10
"INC-06246","COMP-01100","Phishing",17
"INC-06247","COMP-07439","Ransomware",28
"INC-06248","COMP-05489","Ransomware",14
"INC-06249","COMP-02964","Phishing",30
"INC-06250","COMP-07136","Ransomware",51
"INC-06251","COMP-01365","Phishing",54
"INC-06252","COMP-03306","Phishing",6
"INC-06253","COMP-03673","Phishing",26
"INC-06254","COMP-07666","Phishing",59
"INC-06255","COMP-00239","Ransomware",55
"INC-06256","COMP-01277","Phishing",38
"INC-06257","COMP-05241","Ransomware",97
"INC-06258","COMP-00058","Phishing",8
"INC-06259","COMP-05332","Phishing",43
"INC-06260","COMP-03181","Ransomware",7
"INC-06261","COMP-00384","Phishing",33
"INC-06262","COMP-03189","Ransomware",83
"INC-06263","COMP-05690","Ransomware",19
"INC-06264","COMP-05917","Phishing",15
"INC-06265","COMP-07968","Ransomware",4
"INC-06266","COMP-07330","Phishing",11
"INC-06267","COMP-07892","Phishing",33
"INC-06268","COMP-02914","Ransomware",29
"INC-06269","COMP-03979","Phishing",38
"INC-06270","COMP-05710","Insider Threat",13
"INC-06271","COMP-06659","Phishing",7
"INC-06272","COMP-04434","Ransomware",18
"INC-06273","COMP-03412","Insider Threat",20
"INC-06274","COMP-06132","Phishing",99
"INC-06275","COMP-01456","Ransomware",20
"INC-06276","COMP-01383","Ransomware",30
"INC-06277","COMP-03870","Phishing",16
"INC-06278","COMP-00037","Insider Threat",6
"INC-06279","COMP-02717","Phishing",15
"INC-06280","COMP-05493","Phishing",117
"INC-06281","COMP-03645","Ransomware",69
"INC-06282","COMP-07408","Insider Threat",96
"INC-06283","COMP-05429","Ransomware",50
"INC-06284","COMP-05690","Phishing",8
"INC-06285","COMP-06443","Phishing",26
"INC-06286","COMP-00372","Ransomware",27
"INC-06287","COMP-06220","Ransomware",29
"INC-06288","COMP-07504","Phishing",62
"INC-06289","COMP-02374","Ransomware",3
"INC-06290","COMP-02670","Phishing",14
"INC-06291","COMP-06912","Ransomware",18
"INC-06292","COMP-07315","Phishing",31
"INC-06293","COMP-01150","Phishing",29
"INC-06294","COMP-00291","Phishing",3
"INC-06295","COMP-06910","Phishing",40
"INC-06296","COMP-01483","Ransomware",20
"INC-06297","COMP-07417","Ransomware",31
"INC-06298","COMP-02006","Phishing",8
"INC-06299","COMP-04730","Phishing",8
"INC-06300","COMP-01246","Ransomware",32
"INC-06301","COMP-03381","Insider Threat",23
"INC-06302","COMP-01028","Ransomware",29
"INC-06303","COMP-02134","Phishing",10
"INC-06304","COMP-04602","Ransomware",5
"INC-06305","COMP-00831","Ransomware",15
"INC-06306","COMP-05511","Phishing",15
"INC-06307","COMP-04645","Ransomware",13
"INC-06308","COMP-02831","Phishing",14
"INC-06309","COMP-03845","Phishing",54
"INC-06310","COMP-06184","Ransomware",22
"INC-06311","COMP-04294","Ransomware",16
"INC-06312","COMP-03386","Ransomware",8
"INC-06313","COMP-01489","Phishing",18
"INC-06314","COMP-02174","Ransomware",13
"INC-06315","COMP-01679","Insider Threat",8
"INC-06316","COMP-00625","Phishing",24
"INC-06317","COMP-07127","Insider Threat",114
"INC-06318","COMP-07445","Phishing",21
"INC-06319","COMP-02853","Phishing",25
"INC-06320","COMP-00303","Insider Threat",25
"INC-06321","COMP-00011","Insider Threat",13
"INC-06322","COMP-02926","Ransomware",33
"INC-06323","COMP-04160","Ransomware",15
"INC-06324","COMP-07260","Phishing",16
"INC-06325","COMP-05546","Phishing",20
"INC-06326","COMP-03986","Phishing",43
"INC-06327","COMP-04444","Ransomware",7
"INC-06328","COMP-01096","Phishing",12
"INC-06329","COMP-03931","Ransomware",51
"INC-06330","COMP-06338","Phishing",47
"INC-06331","COMP-00564","Phishing",12
"INC-06332","COMP-03739","Phishing",28
"INC-06333","COMP-02725","Phishing",28
"INC-06334","COMP-04083","Ransomware",26
"INC-06335","COMP-06282","Insider Threat",44
"INC-06336","COMP-02106","Ransomware",34
"INC-06337","COMP-03095","Phishing",103
"INC-06338","COMP-02458","Ransomware",105
"INC-06339","COMP-04376","Ransomware",44
"INC-06340","COMP-02872","Insider Threat",18
"INC-06341","COMP-05834","Ransomware",10
"INC-06342","COMP-00609","Phishing",13
"INC-06343","COMP-04752","Phishing",12
"INC-06344","COMP-00333","Phishing",13
"INC-06345","COMP-05755","Ransomware",28
"INC-06346","COMP-03547","Ransomware",5
"INC-06347","COMP-06985","Ransomware",104
"INC-06348","COMP-02444","Phishing",6
"INC-06349","COMP-04001","Ransomware",18
"INC-06350","COMP-01092","Phishing",60
"INC-06351","COMP-06335","Phishing",13
"INC-06352","COMP-00054","Ransomware",39
"INC-06353","COMP-01138","Phishing",27
"INC-06354","COMP-00390","Phishing",48
"INC-06355","COMP-07799","Phishing",62
"INC-06356","COMP-00730","Insider Threat",19
"INC-06357","COMP-07586","Ransomware",60
"INC-06358","COMP-00015","Phishing",50
"INC-06359","COMP-01391","Ransomware",21
"INC-06360","COMP-03109","Ransomware",120
"INC-06361","COMP-00827","Insider Threat",64
"INC-06362","COMP-05649","Ransomware",15
"INC-06363","COMP-03112","Ransomware",21
"INC-06364","COMP-04288","Phishing",37
"INC-06365","COMP-01360","Phishing",36
"INC-06366","COMP-07496","Insider Threat",45
"INC-06367","COMP-02921","Phishing",10
"INC-06368","COMP-05851","Ransomware",140
"INC-06369","COMP-03222","Phishing",50
"INC-06370","COMP-07654","Phishing",63
"INC-06371","COMP-00791","Phishing",23
"INC-06372","COMP-05091","Phishing",22
"INC-06373","COMP-01008","Phishing",37
"INC-06374","COMP-04153","Phishing",40
"INC-06375","COMP-04386","Insider Threat",38
"INC-06376","COMP-03000","Phishing",13
"INC-06377","COMP-00501","Phishing",68
"INC-06378","COMP-05200","Phishing",4
"INC-06379","COMP-02411","Phishing",47
"INC-06380","COMP-03168","Ransomware",11
"INC-06381","COMP-03138","Ransomware",32
"INC-06382","COMP-00244","Ransomware",15
"INC-06383","COMP-04295","Insider Threat",35
"INC-06384","COMP-05903","Insider Threat",24
"INC-06385","COMP-06558","Ransomware",20
"INC-06386","COMP-03463","Phishing",48
"INC-06387","COMP-04197","Insider Threat",67
"INC-06388","COMP-04544","Phishing",27
"INC-06389","COMP-01797","Phishing",11
"INC-06390","COMP-00941","Phishing",25
"INC-06391","COMP-01345","Ransomware",3
"INC-06392","COMP-07131","Ransomware",13
"INC-06393","COMP-00683","Phishing",46
"INC-06394","COMP-01447","Ransomware",69
"INC-06395","COMP-03142","Ransomware",21
"INC-06396","COMP-02088","Phishing",27
"INC-06397","COMP-00507","Ransomware",40
"INC-06398","COMP-07213","Phishing",16
"INC-06399","COMP-02064","Ransomware",44
"INC-06400","COMP-05192","Ransomware",45
"INC-06401","COMP-03752","Phishing",231
"INC-06402","COMP-01718","Phishing",33
"INC-06403","COMP-01669","Phishing",16
"INC-06404","COMP-03914","Ransomware",46
"INC-06405","COMP-02955","Phishing",20
"INC-06406","COMP-06712","Ransomware",13
"INC-06407","COMP-04012","Ransomware",6
"INC-06408","COMP-07728","Ransomware",15
"INC-06409","COMP-00389","Phishing",21
"INC-06410","COMP-06611","Insider Threat",12
"INC-06411","COMP-03892","Insider Threat",6
"INC-06412","COMP-06800","Ransomware",30
"INC-06413","COMP-03237","Ransomware",26
"INC-06414","COMP-00793","Phishing",62
"INC-06415","COMP-04076","Phishing",93
"INC-06416","COMP-07729","Phishing",46
"INC-06417","COMP-04535","Phishing",26
"INC-06418","COMP-03540","Ransomware",24
"INC-06419","COMP-03934","Insider Threat",15
"INC-06420","COMP-05716","Ransomware",23
"INC-06421","COMP-01528","Phishing",21
"INC-06422","COMP-03726","Ransomware",35
"INC-06423","COMP-07034","Insider Threat",13
"INC-06424","COMP-07321","Insider Threat",14
"INC-06425","COMP-03469","Phishing",42
"INC-06426","COMP-05397","Phishing",25
"INC-06427","COMP-00103","Phishing",13
"INC-06428","COMP-02073","Phishing",41
"INC-06429","COMP-00357","Ransomware",15
"INC-06430","COMP-05325","Phishing",18
"INC-06431","COMP-00278","Ransomware",35
"INC-06432","COMP-02416","Phishing",108
"INC-06433","COMP-03300","Phishing",3
"INC-06434","COMP-05459","Insider Threat",43
"INC-06435","COMP-02328","Ransomware",47
"INC-06436","COMP-07763","Phishing",115
"INC-06437","COMP-01588","Ransomware",39
"INC-06438","COMP-00711","Ransomware",13
"INC-06439","COMP-03243","Ransomware",44
"INC-06440","COMP-04795","Ransomware",18
"INC-06441","COMP-00018","Ransomware",18
"INC-06442","COMP-07096","Phishing",24
"INC-06443","COMP-01329","Phishing",60
"INC-06444","COMP-04122","Phishing",18
"INC-06445","COMP-02346","Ransomware",8
"INC-06446","COMP-07017","Phishing",17
"INC-06447","COMP-02200","Phishing",6
"INC-06448","COMP-06026","Ransomware",24
"INC-06449","COMP-01462","Phishing",56
"INC-06450","COMP-05651","Phishing",5
"INC-06451","COMP-04771","Phishing",66
"INC-06452","COMP-02873","Insider Threat",19
"INC-06453","COMP-02587","Phishing",21
"INC-06454","COMP-04528","Phishing",42
"INC-06455","COMP-02074","Ransomware",57
"INC-06456","COMP-06709","Ransomware",13
"INC-06457","COMP-01562","Insider Threat",19
"INC-06458","COMP-04891","Phishing",56
"INC-06459","COMP-04020","Ransomware",21
"INC-06460","COMP-02812","Phishing",27
"INC-06461","COMP-01413","Phishing",11
"INC-06462","COMP-02726","Phishing",20
"INC-06463","COMP-01636","Ransomware",23
"INC-06464","COMP-04391","Phishing",19
"INC-06465","COMP-02383","Phishing",23
"INC-06466","COMP-01252","Ransomware",30
"INC-06467","COMP-03191","Phishing",14
"INC-06468","COMP-06078","Ransomware",79
"INC-06469","COMP-03412","Ransomware",19
"INC-06470","COMP-04290","Ransomware",39
"INC-06471","COMP-02409","Phishing",16
"INC-06472","COMP-07253","Phishing",15
"INC-06473","COMP-07434","Phishing",10
"INC-06474","COMP-04397","Ransomware",13
"INC-06475","COMP-00608","Phishing",15
"INC-06476","COMP-01987","Ransomware",54
"INC-06477","COMP-04798","Ransomware",17
"INC-06478","COMP-01561","Ransomware",10
"INC-06479","COMP-01019","Ransomware",22
"INC-06480","COMP-02334","Phishing",31
"INC-06481","COMP-01749","Ransomware",152
"INC-06482","COMP-07750","Phishing",60
"INC-06483","COMP-02001","Ransomware",11
"INC-06484","COMP-00695","Ransomware",29
"INC-06485","COMP-03831","Insider Threat",28
"INC-06486","COMP-00040","Phishing",54
"INC-06487","COMP-05787","Insider Threat",26
"INC-06488","COMP-07898","Phishing",8
"INC-06489","COMP-02365","Phishing",15
"INC-06490","COMP-01282","Phishing",7
"INC-06491","COMP-00562","Phishing",8
"INC-06492","COMP-03491","Phishing",70
"INC-06493","COMP-02519","Phishing",58
"INC-06494","COMP-01934","Phishing",19
"INC-06495","COMP-04433","Insider Threat",36
"INC-06496","COMP-05002","Phishing",26
"INC-06497","COMP-02023","Ransomware",27
"INC-06498","COMP-07479","Phishing",71
"INC-06499","COMP-06496","Phishing",25
"INC-06500","COMP-07918","Phishing",21
"INC-06501","COMP-03533","Ransomware",18
"INC-06502","COMP-04439","Ransomware",40
"INC-06503","COMP-04686","Phishing",43
"INC-06504","COMP-01143","Ransomware",24
"INC-06505","COMP-04722","Ransomware",17
"INC-06506","COMP-05180","Insider Threat",20
"INC-06507","COMP-07083","Phishing",29
"INC-06508","COMP-02694","Ransomware",17
"INC-06509","COMP-03226","Phishing",36
"INC-06510","COMP-06333","Phishing",68
"INC-06511","COMP-06377","Ransomware",31
"INC-06512","COMP-03808","Ransomware",12
"INC-06513","COMP-06303","Phishing",43
"INC-06514","COMP-02519","Phishing",29
"INC-06515","COMP-07695","Phishing",57
"INC-06516","COMP-05822","Phishing",20
"INC-06517","COMP-02425","Phishing",8
"INC-06518","COMP-06805","Ransomware",11
"INC-06519","COMP-00845","Phishing",28
"INC-06520","COMP-02175","Phishing",57
"INC-06521","COMP-05425","Phishing",11
"INC-06522","COMP-06321","Ransomware",27
"INC-06523","COMP-02922","Insider Threat",53
"INC-06524","COMP-02507","Ransomware",19
"INC-06525","COMP-04961","Phishing",16
"INC-06526","COMP-07393","Phishing",36
"INC-06527","COMP-02131","Phishing",16
"INC-06528","COMP-03136","Ransomware",5
"INC-06529","COMP-02523","Phishing",38
"INC-06530","COMP-05190","Ransomware",21
"INC-06531","COMP-01119","Ransomware",10
"INC-06532","COMP-07693","Phishing",16
"INC-06533","COMP-07205","Phishing",7
"INC-06534","COMP-07053","Insider Threat",10
"INC-06535","COMP-00111","Phishing",35
"INC-06536","COMP-05641","Ransomware",23
"INC-06537","COMP-07802","Ransomware",23
"INC-06538","COMP-03042","Insider Threat",13
"INC-06539","COMP-07846","Phishing",31
"INC-06540","COMP-06779","Phishing",25
"INC-06541","COMP-03935","Insider Threat",100
"INC-06542","COMP-04046","Ransomware",10
"INC-06543","COMP-07420","Phishing",25
"INC-06544","COMP-01004","Insider Threat",26
"INC-06545","COMP-03712","Ransomware",235
"INC-06546","COMP-03859","Ransomware",42
"INC-06547","COMP-00258","Phishing",30
"INC-06548","COMP-07221","Ransomware",45
"INC-06549","COMP-07594","Phishing",12
"INC-06550","COMP-03285","Ransomware",24
"INC-06551","COMP-00749","Phishing",60
"INC-06552","COMP-06705","Ransomware",28
"INC-06553","COMP-04618","Phishing",5
"INC-06554","COMP-01085","Ransomware",42
"INC-06555","COMP-06093","Phishing",22
"INC-06556","COMP-01301","Phishing",11
"INC-06557","COMP-07682","Ransomware",51
"INC-06558","COMP-00198","Insider Threat",56
"INC-06559","COMP-06676","Ransomware",29
"INC-06560","COMP-05684","Insider Threat",17
"INC-06561","COMP-00083","Phishing",39
"INC-06562","COMP-07383","Phishing",67
"INC-06563","COMP-06072","Phishing",20
"INC-06564","COMP-02263","Insider Threat",35
"INC-06565","COMP-05635","Phishing",24
"INC-06566","COMP-00946","Ransomware",64
"INC-06567","COMP-07857","Phishing",30
"INC-06568","COMP-07903","Ransomware",110
"INC-06569","COMP-01055","Phishing",25
"INC-06570","COMP-06064","Ransomware",69
"INC-06571","COMP-07679","Ransomware",27
"INC-06572","COMP-04602","Phishing",22
"INC-06573","COMP-05628","Phishing",18
"INC-06574","COMP-03720","Ransomware",20
"INC-06575","COMP-00726","Phishing",8
"INC-06576","COMP-06180","Phishing",12
"INC-06577","COMP-07949","Phishing",28
"INC-06578","COMP-01218","Phishing",15
"INC-06579","COMP-01601","Phishing",19
"INC-06580","COMP-04719","Insider Threat",80
"INC-06581","COMP-06216","Phishing",50
"INC-06582","COMP-01383","Phishing",6
"INC-06583","COMP-03641","Ransomware",61
"INC-06584","COMP-00673","Insider Threat",9
"INC-06585","COMP-01818","Ransomware",26
"INC-06586","COMP-07864","Ransomware",44
"INC-06587","COMP-04090","Insider Threat",12
"INC-06588","COMP-00132","Phishing",28
"INC-06589","COMP-01218","Phishing",54
"INC-06590","COMP-00222","Ransomware",24
"INC-06591","COMP-03923","Ransomware",125
"INC-06592","COMP-02385","Ransomware",39
"INC-06593","COMP-00302","Phishing",23
"INC-06594","COMP-02750","Ransomware",13
"INC-06595","COMP-03372","Phishing",26
"INC-06596","COMP-07942","Phishing",16
"INC-06597","COMP-05441","Phishing",21
"INC-06598","COMP-04281","Phishing",30
"INC-06599","COMP-04606","Phishing",85
"INC-06600","COMP-05302","Phishing",12
"INC-06601","COMP-01829","Phishing",27
"INC-06602","COMP-04622","Insider Threat",8
"INC-06603","COMP-06383","Ransomware",48
"INC-06604","COMP-03532","Phishing",105
"INC-06605","COMP-00971","Phishing",10
"INC-06606","COMP-00331","Ransomware",17
"INC-06607","COMP-04321","Ransomware",123
"INC-06608","COMP-00270","Phishing",18
"INC-06609","COMP-06851","Ransomware",37
"INC-06610","COMP-05522","Phishing",27
"INC-06611","COMP-04161","Insider Threat",18
"INC-06612","COMP-02572","Insider Threat",26
"INC-06613","COMP-06278","Ransomware",8
"INC-06614","COMP-00977","Phishing",57
"INC-06615","COMP-03175","Phishing",9
"INC-06616","COMP-03628","Phishing",17
"INC-06617","COMP-04150","Phishing",29
"INC-06618","COMP-00435","Ransomware",42
"INC-06619","COMP-05398","Phishing",18
"INC-06620","COMP-07640","Insider Threat",18
"INC-06621","COMP-03267","Ransomware",11
"INC-06622","COMP-05626","Phishing",103
"INC-06623","COMP-03936","Ransomware",29
"INC-06624","COMP-01346","Ransomware",15
"INC-06625","COMP-00771","Ransomware",10
"INC-06626","COMP-06063","Phishing",61
"INC-06627","COMP-00275","Phishing",28
"INC-06628","COMP-03837","Phishing",17
"INC-06629","COMP-05140","Insider Threat",29
"INC-06630","COMP-00889","Phishing",64
"INC-06631","COMP-02776","Phishing",66
"INC-06632","COMP-07734","Phishing",22
"INC-06633","COMP-02309","Ransomware",61
"INC-06634","COMP-04186","Phishing",7
"INC-06635","COMP-05022","Phishing",13
"INC-06636","COMP-03061","Ransomware",34
"INC-06637","COMP-05129","Phishing",11
"INC-06638","COMP-05134","Phishing",15
"INC-06639","COMP-04242","Phishing",13
"INC-06640","COMP-00202","Phishing",28
"INC-06641","COMP-01674","Insider Threat",21
"INC-06642","COMP-05690","Ransomware",21
"INC-06643","COMP-03972","Ransomware",13
"INC-06644","COMP-00396","Ransomware",39
"INC-06645","COMP-02068","Phishing",56
"INC-06646","COMP-05421","Phishing",30
"INC-06647","COMP-01346","Ransomware",10
"INC-06648","COMP-06491","Phishing",41
"INC-06649","COMP-01817","Ransomware",122
"INC-06650","COMP-03731","Ransomware",17
"INC-06651","COMP-00868","Insider Threat",14
"INC-06652","COMP-02368","Phishing",4
"INC-06653","COMP-06889","Phishing",10
"INC-06654","COMP-03578","Phishing",20
"INC-06655","COMP-00956","Ransomware",16
"INC-06656","COMP-03900","Ransomware",37
"INC-06657","COMP-02905","Ransomware",7
"INC-06658","COMP-02692","Phishing",29
"INC-06659","COMP-06951","Phishing",17
"INC-06660","COMP-02777","Phishing",27
"INC-06661","COMP-06631","Phishing",34
"INC-06662","COMP-07478","Phishing",22
"INC-06663","COMP-03719","Phishing",11
"INC-06664","COMP-07559","Phishing",22
"INC-06665","COMP-04328","Ransomware",92
"INC-06666","COMP-06449","Ransomware",58
"INC-06667","COMP-02954","Insider Threat",17
"INC-06668","COMP-03008","Phishing",3
"INC-06669","COMP-07034","Insider Threat",93
"INC-06670","COMP-05767","Ransomware",12
"INC-06671","COMP-02130","Ransomware",16
"INC-06672","COMP-03570","Phishing",11
"INC-06673","COMP-05446","Phishing",31
"INC-06674","COMP-01035","Phishing",8
"INC-06675","COMP-06981","Phishing",64
"INC-06676","COMP-07497","Ransomware",20
"INC-06677","COMP-01448","Phishing",59
"INC-06678","COMP-00100","Phishing",22
"INC-06679","COMP-04724","Ransomware",52
"INC-06680","COMP-03327","Phishing",10
"INC-06681","COMP-05759","Phishing",31
"INC-06682","COMP-04144","Phishing",37
"INC-06683","COMP-07376","Ransomware",12
"INC-06684","COMP-06613","Ransomware",14
"INC-06685","COMP-03230","Phishing",21
"INC-06686","COMP-04748","Ransomware",30
"INC-06687","COMP-01731","Insider Threat",18
"INC-06688","COMP-00336","Ransomware",16
"INC-06689","COMP-00189","Phishing",7
"INC-06690","COMP-07883","Ransomware",9
"INC-06691","COMP-00641","Phishing",205
"INC-06692","COMP-04666","Phishing",45
"INC-06693","COMP-03413","Ransomware",23
"INC-06694","COMP-04585","Insider Threat",16
"INC-06695","COMP-01878","Phishing",7
"INC-06696","COMP-03499","Ransomware",9
"INC-06697","COMP-01938","Phishing",28
"INC-06698","COMP-02935","Phishing",15
"INC-06699","COMP-01336","Phishing",9
"INC-06700","COMP-06404","Ransomware",25
"INC-06701","COMP-06167","Phishing",24
"INC-06702","COMP-00820","Ransomware",5
"INC-06703","COMP-00515","Phishing",5
"INC-06704","COMP-04885","Ransomware",15
"INC-06705","COMP-02680","Ransomware",26
"INC-06706","COMP-04795","Phishing",32
"INC-06707","COMP-04406","Phishing",24
"INC-06708","COMP-00087","Ransomware",57
"INC-06709","COMP-04931","Phishing",19
"INC-06710","COMP-02263","Phishing",69
"INC-06711","COMP-05207","Phishing",39
"INC-06712","COMP-04755","Phishing",44
"INC-06713","COMP-00305","Phishing",17
"INC-06714","COMP-03523","Insider Threat",41
"INC-06715","COMP-03769","Ransomware",21
"INC-06716","COMP-07900","Insider Threat",10
"INC-06717","COMP-02481","Phishing",34
"INC-06718","COMP-02706","Ransomware",69
"INC-06719","COMP-02257","Ransomware",16
"INC-06720","COMP-02697","Insider Threat",42
"INC-06721","COMP-00155","Phishing",61
"INC-06722","COMP-04688","Phishing",19
"INC-06723","COMP-00278","Insider Threat",19
"INC-06724","COMP-05378","Ransomware",28
"INC-06725","COMP-03068","Phishing",32
"INC-06726","COMP-07609","Phishing",15
"INC-06727","COMP-00760","Ransomware",9
"INC-06728","COMP-01522","Phishing",33
"INC-06729","COMP-05772","Ransomware",20
"INC-06730","COMP-04307","Insider Threat",10
"INC-06731","COMP-02767","Phishing",35
"INC-06732","COMP-05761","Phishing",25
"INC-06733","COMP-02512","Ransomware",38
"INC-06734","COMP-03652","Phishing",120
"INC-06735","COMP-05610","Ransomware",17
"INC-06736","COMP-04340","Ransomware",23
"INC-06737","COMP-05826","Ransomware",101
"INC-06738","COMP-03903","Insider Threat",23
"INC-06739","COMP-00081","Phishing",38
"INC-06740","COMP-02826","Ransomware",67
"INC-06741","COMP-07162","Phishing",75
"INC-06742","COMP-07676","Ransomware",15
"INC-06743","COMP-05598","Phishing",18
"INC-06744","COMP-05307","Ransomware",15
"INC-06745","COMP-00719","Phishing",24
"INC-06746","COMP-01015","Ransomware",43
"INC-06747","COMP-03009","Ransomware",12
"INC-06748","COMP-07323","Phishing",18
"INC-06749","COMP-01250","Phishing",8
"INC-06750","COMP-02554","Insider Threat",30
"INC-06751","COMP-05847","Phishing",86
"INC-06752","COMP-05670","Insider Threat",23
"INC-06753","COMP-04355","Phishing",173
"INC-06754","COMP-00667","Insider Threat",43
"INC-06755","COMP-05158","Ransomware",24
"INC-06756","COMP-04732","Ransomware",41
"INC-06757","COMP-01800","Phishing",24
"INC-06758","COMP-04802","Phishing",14
"INC-06759","COMP-00972","Phishing",27
"INC-06760","COMP-05745","Phishing",10
"INC-06761","COMP-06587","Phishing",42
"INC-06762","COMP-01589","Ransomware",49
"INC-06763","COMP-06468","Phishing",26
"INC-06764","COMP-03572","Ransomware",15
"INC-06765","COMP-06593","Phishing",16
"INC-06766","COMP-01622","Phishing",48
"INC-06767","COMP-03886","Insider Threat",14
"INC-06768","COMP-02219","Ransomware",35
"INC-06769","COMP-01116","Phishing",57
"INC-06770","COMP-06187","Phishing",41
"INC-06771","COMP-06581","Phishing",18
"INC-06772","COMP-05480","Phishing",42
"INC-06773","COMP-06640","Phishing",30
"INC-06774","COMP-04639","Ransomware",11
"INC-06775","COMP-00768","Phishing",82
"INC-06776","COMP-03154","Insider Threat",21
"INC-06777","COMP-07663","Phishing",92
"INC-06778","COMP-06709","Phishing",24
"INC-06779","COMP-06706","Ransomware",26
"INC-06780","COMP-01778","Phishing",54
"INC-06781","COMP-04332","Phishing",60
"INC-06782","COMP-01457","Phishing",15
"INC-06783","COMP-01793","Phishing",19
"INC-06784","COMP-04558","Phishing",13
"INC-06785","COMP-07334","Insider Threat",33
"INC-06786","COMP-06616","Ransomware",5
"INC-06787","COMP-00389","Phishing",12
"INC-06788","COMP-02982","Ransomware",146
"INC-06789","COMP-03847","Phishing",12
"INC-06790","COMP-07211","Ransomware",102
"INC-06791","COMP-01339","Ransomware",9
"INC-06792","COMP-07999","Phishing",47
"INC-06793","COMP-05469","Phishing",17
"INC-06794","COMP-05261","Ransomware",9
"INC-06795","COMP-05334","Phishing",28
"INC-06796","COMP-07503","Phishing",13
"INC-06797","COMP-04642","Phishing",142
"INC-06798","COMP-05175","Insider Threat",31
"INC-06799","COMP-06544","Phishing",8
"INC-06800","COMP-00517","Phishing",43
"INC-06801","COMP-02770","Ransomware",115
"INC-06802","COMP-05959","Phishing",79
"INC-06803","COMP-06933","Ransomware",10
"INC-06804","COMP-06415","Phishing",33
"INC-06805","COMP-01640","Ransomware",31
"INC-06806","COMP-02179","Phishing",11
"INC-06807","COMP-02894","Insider Threat",24
"INC-06808","COMP-02473","Ransomware",23
"INC-06809","COMP-00574","Phishing",13
"INC-06810","COMP-06230","Phishing",23
"INC-06811","COMP-00001","Ransomware",5
"INC-06812","COMP-00827","Ransomware",65
"INC-06813","COMP-05848","Phishing",42
"INC-06814","COMP-06529","Insider Threat",17
"INC-06815","COMP-04901","Ransomware",16
"INC-06816","COMP-07729","Ransomware",28
"INC-06817","COMP-01196","Phishing",43
"INC-06818","COMP-03374","Ransomware",200
"INC-06819","COMP-03502","Phishing",18
"INC-06820","COMP-05130","Phishing",14
"INC-06821","COMP-07999","Insider Threat",50
"INC-06822","COMP-07164","Phishing",14
"INC-06823","COMP-00660","Ransomware",24
"INC-06824","COMP-03729","Ransomware",16
"INC-06825","COMP-03703","Phishing",82
"INC-06826","COMP-05025","Phishing",59
"INC-06827","COMP-06423","Phishing",14
"INC-06828","COMP-03369","Phishing",126
"INC-06829","COMP-00706","Ransomware",105
"INC-06830","COMP-01859","Phishing",10
"INC-06831","COMP-00374","Insider Threat",42
"INC-06832","COMP-06832","Phishing",28
"INC-06833","COMP-07283","Phishing",22
"INC-06834","COMP-05740","Phishing",31
"INC-06835","COMP-00755","Phishing",11
"INC-06836","COMP-00999","Phishing",91
"INC-06837","COMP-04733","Ransomware",54
"INC-06838","COMP-02871","Ransomware",16
"INC-06839","COMP-03302","Insider Threat",6
"INC-06840","COMP-00814","Phishing",6
"INC-06841","COMP-03255","Phishing",5
"INC-06842","COMP-07488","Phishing",14
"INC-06843","COMP-00077","Phishing",37
"INC-06844","COMP-06302","Phishing",11
"INC-06845","COMP-03304","Phishing",70
"INC-06846","COMP-05216","Phishing",14
"INC-06847","COMP-07510","Ransomware",30
"INC-06848","COMP-05765","Phishing",28
"INC-06849","COMP-04755","Insider Threat",20
"INC-06850","COMP-04996","Ransomware",33
"INC-06851","COMP-04927","Phishing",19
"INC-06852","COMP-04164","Ransomware",25
"INC-06853","COMP-00809","Ransomware",11
"INC-06854","COMP-06607","Phishing",86
"INC-06855","COMP-05755","Ransomware",87
"INC-06856","COMP-00876","Phishing",63
"INC-06857","COMP-05223","Ransomware",120
"INC-06858","COMP-06419","Phishing",24
"INC-06859","COMP-06195","Ransomware",51
"INC-06860","COMP-02664","Phishing",65
"INC-06861","COMP-03307","Ransomware",29
"INC-06862","COMP-04999","Phishing",12
"INC-06863","COMP-03953","Phishing",24
"INC-06864","COMP-00590","Phishing",6
"INC-06865","COMP-00170","Insider Threat",36
"INC-06866","COMP-01730","Ransomware",13
"INC-06867","COMP-02840","Ransomware",47
"INC-06868","COMP-06361","Phishing",34
"INC-06869","COMP-03690","Insider Threat",46
"INC-06870","COMP-03685","Ransomware",12
"INC-06871","COMP-02614","Insider Threat",39
"INC-06872","COMP-02292","Ransomware",84
"INC-06873","COMP-06678","Phishing",26
"INC-06874","COMP-02687","Ransomware",53
"INC-06875","COMP-02052","Insider Threat",37
"INC-06876","COMP-06281","Phishing",25
"INC-06877","COMP-05915","Ransomware",40
"INC-06878","COMP-00803","Phishing",29
"INC-06879","COMP-06931","Phishing",29
"INC-06880","COMP-02304","Phishing",17
"INC-06881","COMP-06353","Ransomware",106
"INC-06882","COMP-05959","Phishing",44
"INC-06883","COMP-06778","Ransomware",5
"INC-06884","COMP-04572","Ransomware",32
"INC-06885","COMP-07957","Phishing",58
"INC-06886","COMP-03194","Phishing",13
"INC-06887","COMP-02252","Phishing",28
"INC-06888","COMP-01352","Phishing",6
"INC-06889","COMP-02195","Ransomware",98
"INC-06890","COMP-06150","Phishing",33
"INC-06891","COMP-04940","Phishing",15
"INC-06892","COMP-03496","Insider Threat",42
"INC-06893","COMP-01080","Phishing",63
"INC-06894","COMP-02874","Ransomware",12
"INC-06895","COMP-00260","Insider Threat",71
"INC-06896","COMP-01143","Ransomware",19
"INC-06897","COMP-06685","Phishing",33
"INC-06898","COMP-04521","Ransomware",20
"INC-06899","COMP-07045","Phishing",10
"INC-06900","COMP-00930","Phishing",8
"INC-06901","COMP-01918","Ransomware",111
"INC-06902","COMP-02441","Phishing",14
"INC-06903","COMP-02755","Ransomware",25
"INC-06904","COMP-07898","Phishing",6
"INC-06905","COMP-03561","Phishing",22
"INC-06906","COMP-01431","Phishing",17
"INC-06907","COMP-00495","Phishing",13
"INC-06908","COMP-02181","Phishing",29
"INC-06909","COMP-01842","Phishing",20
"INC-06910","COMP-02765","Insider Threat",51
"INC-06911","COMP-07354","Insider Threat",44
"INC-06912","COMP-00873","Phishing",11
"INC-06913","COMP-05781","Phishing",13
"INC-06914","COMP-07907","Insider Threat",9
"INC-06915","COMP-06241","Phishing",11
"INC-06916","COMP-01307","Ransomware",97
"INC-06917","COMP-06027","Ransomware",270
"INC-06918","COMP-04894","Insider Threat",182
"INC-06919","COMP-00991","Ransomware",36
"INC-06920","COMP-03856","Phishing",63
"INC-06921","COMP-00779","Insider Threat",34
"INC-06922","COMP-03431","Ransomware",37
"INC-06923","COMP-01913","Insider Threat",29
"INC-06924","COMP-06896","Insider Threat",39
"INC-06925","COMP-00299","Phishing",46
"INC-06926","COMP-00090","Phishing",17
"INC-06927","COMP-01849","Ransomware",42
"INC-06928","COMP-05219","Phishing",111
"INC-06929","COMP-04006","Ransomware",56
"INC-06930","COMP-03525","Ransomware",30
"INC-06931","COMP-06035","Ransomware",23
"INC-06932","COMP-04612","Phishing",31
"INC-06933","COMP-05249","Ransomware",14
"INC-06934","COMP-07372","Phishing",7
"INC-06935","COMP-01974","Ransomware",72
"INC-06936","COMP-07769","Phishing",12
"INC-06937","COMP-01414","Ransomware",31
"INC-06938","COMP-01504","Insider Threat",99
"INC-06939","COMP-04464","Phishing",41
"INC-06940","COMP-01813","Phishing",114
"INC-06941","COMP-01603","Insider Threat",8
"INC-06942","COMP-01509","Phishing",14
"INC-06943","COMP-00644","Insider Threat",29
"INC-06944","COMP-07772","Ransomware",23
"INC-06945","COMP-07903","Ransomware",43
"INC-06946","COMP-01990","Insider Threat",68
"INC-06947","COMP-06502","Phishing",91
"INC-06948","COMP-03219","Ransomware",70
"INC-06949","COMP-07309","Insider Threat",13
"INC-06950","COMP-02153","Insider Threat",24
"INC-06951","COMP-01640","Phishing",35
"INC-06952","COMP-03739","Phishing",19
"INC-06953","COMP-01206","Insider Threat",24
"INC-06954","COMP-05639","Phishing",18
"INC-06955","COMP-05121","Phishing",39
"INC-06956","COMP-07935","Phishing",80
"INC-06957","COMP-04191","Phishing",10
"INC-06958","COMP-04473","Ransomware",35
"INC-06959","COMP-03330","Phishing",10
"INC-06960","COMP-03099","Insider Threat",25
"INC-06961","COMP-06169","Ransomware",20
"INC-06962","COMP-07221","Insider Threat",17
"INC-06963","COMP-06904","Phishing",22
"INC-06964","COMP-00259","Phishing",97
"INC-06965","COMP-07874","Phishing",52
"INC-06966","COMP-03813","Ransomware",33
"INC-06967","COMP-05898","Ransomware",16
"INC-06968","COMP-05577","Phishing",25
"INC-06969","COMP-07619","Phishing",27
"INC-06970","COMP-04098","Ransomware",75
"INC-06971","COMP-05248","Phishing",38
"INC-06972","COMP-04567","Phishing",26
"INC-06973","COMP-05970","Phishing",22
"INC-06974","COMP-02981","Insider Threat",6
"INC-06975","COMP-05082","Ransomware",16
"INC-06976","COMP-00662","Ransomware",18
"INC-06977","COMP-05214","Ransomware",12
"INC-06978","COMP-07809","Phishing",80
"INC-06979","COMP-02401","Phishing",77
"INC-06980","COMP-05600","Phishing",16
"INC-06981","COMP-04726","Phishing",46
"INC-06982","COMP-04575","Insider Threat",44
"INC-06983","COMP-06898","Ransomware",34
"INC-06984","COMP-00863","Phishing",109
"INC-06985","COMP-07494","Phishing",8
"INC-06986","COMP-04551","Ransomware",25
"INC-06987","COMP-05176","Ransomware",70
"INC-06988","COMP-02841","Ransomware",17
"INC-06989","COMP-04743","Phishing",11
"INC-06990","COMP-04554","Insider Threat",20
"INC-06991","COMP-03412","Ransomware",49
"INC-06992","COMP-04452","Ransomware",25
"INC-06993","COMP-06116","Ransomware",10
"INC-06994","COMP-06058","Phishing",55
"INC-06995","COMP-02850","Phishing",29
"INC-06996","COMP-02714","Phishing",51
"INC-06997","COMP-07527","Phishing",13
"INC-06998","COMP-06394","Ransomware",45
"INC-06999","COMP-04670","Insider Threat",11
"INC-07000","COMP-02361","Phishing",35
"INC-07001","COMP-00716","Insider Threat",36
"INC-07002","COMP-04425","Ransomware",7
"INC-07003","COMP-00883","Insider Threat",50
"INC-07004","COMP-05620","Insider Threat",7
"INC-07005","COMP-04578","Insider Threat",11
"INC-07006","COMP-05079","Insider Threat",68
"INC-07007","COMP-01613","Phishing",24
"INC-07008","COMP-07205","Ransomware",45
"INC-07009","COMP-00936","Phishing",28
"INC-07010","COMP-04377","Phishing",4
"INC-07011","COMP-04247","Insider Threat",7
"INC-07012","COMP-03286","Phishing",10
"INC-07013","COMP-00569","Ransomware",17
"INC-07014","COMP-06266","Phishing",42
"INC-07015","COMP-01347","Insider Threat",12
"INC-07016","COMP-01017","Phishing",21
"INC-07017","COMP-00498","Ransomware",39
"INC-07018","COMP-02874","Insider Threat",14
"INC-07019","COMP-05945","Phishing",111
"INC-07020","COMP-06714","Phishing",24
"INC-07021","COMP-06892","Insider Threat",109
"INC-07022","COMP-02348","Ransomware",20
"INC-07023","COMP-00233","Ransomware",10
"INC-07024","COMP-00037","Phishing",124
"INC-07025","COMP-03361","Phishing",77
"INC-07026","COMP-00491","Phishing",65
"INC-07027","COMP-03497","Phishing",180
"INC-07028","COMP-02035","Phishing",46
"INC-07029","COMP-02368","Phishing",27
"INC-07030","COMP-01850","Ransomware",34
"INC-07031","COMP-06751","Ransomware",6
"INC-07032","COMP-01620","Phishing",5
"INC-07033","COMP-00997","Phishing",35
"INC-07034","COMP-00174","Phishing",16
"INC-07035","COMP-03400","Phishing",47
"INC-07036","COMP-02685","Insider Threat",15
"INC-07037","COMP-01394","Ransomware",132
"INC-07038","COMP-05356","Phishing",22
"INC-07039","COMP-03249","Ransomware",3
"INC-07040","COMP-06045","Phishing",129
"INC-07041","COMP-06604","Phishing",37
"INC-07042","COMP-04110","Ransomware",30
"INC-07043","COMP-05315","Phishing",16
"INC-07044","COMP-05492","Phishing",47
"INC-07045","COMP-04392","Phishing",42
"INC-07046","COMP-06147","Ransomware",65
"INC-07047","COMP-01120","Ransomware",31
"INC-07048","COMP-06283","Ransomware",23
"INC-07049","COMP-05344","Ransomware",34
"INC-07050","COMP-01195","Insider Threat",7
"INC-07051","COMP-05352","Phishing",32
"INC-07052","COMP-07519","Phishing",20
"INC-07053","COMP-01572","Phishing",161
"INC-07054","COMP-04484","Ransomware",21
"INC-07055","COMP-05378","Phishing",36
"INC-07056","COMP-03482","Phishing",12
"INC-07057","COMP-06573","Phishing",10
"INC-07058","COMP-03393","Ransomware",7
"INC-07059","COMP-01738","Phishing",13
"INC-07060","COMP-03250","Phishing",7
"INC-07061","COMP-02955","Phishing",31
"INC-07062","COMP-01188","Ransomware",19
"INC-07063","COMP-02402","Phishing",11
"INC-07064","COMP-04825","Phishing",41
"INC-07065","COMP-03847","Phishing",23
"INC-07066","COMP-07434","Insider Threat",3
"INC-07067","COMP-07386","Insider Threat",11
"INC-07068","COMP-06845","Ransomware",34
"INC-07069","COMP-03150","Phishing",8
"INC-07070","COMP-03480","Phishing",34
"INC-07071","COMP-04279","Phishing",39
"INC-07072","COMP-06879","Phishing",10
"INC-07073","COMP-01414","Phishing",23
"INC-07074","COMP-01068","Insider Threat",52
"INC-07075","COMP-01902","Ransomware",34
"INC-07076","COMP-01322","Insider Threat",107
"INC-07077","COMP-02678","Phishing",45
"INC-07078","COMP-06855","Insider Threat",33
"INC-07079","COMP-02991","Ransomware",14
"INC-07080","COMP-03908","Phishing",39
"INC-07081","COMP-07432","Phishing",3
"INC-07082","COMP-06442","Ransomware",38
"INC-07083","COMP-07927","Phishing",23
"INC-07084","COMP-07013","Phishing",27
"INC-07085","COMP-02074","Phishing",38
"INC-07086","COMP-04249","Phishing",20
"INC-07087","COMP-07739","Phishing",31
"INC-07088","COMP-01227","Phishing",30
"INC-07089","COMP-00596","Phishing",12
"INC-07090","COMP-05370","Phishing",14
"INC-07091","COMP-07650","Phishing",14
"INC-07092","COMP-01751","Phishing",27
"INC-07093","COMP-04589","Phishing",70
"INC-07094","COMP-04710","Ransomware",25
"INC-07095","COMP-03797","Ransomware",36
"INC-07096","COMP-03018","Phishing",11
"INC-07097","COMP-06731","Insider Threat",29
"INC-07098","COMP-05137","Phishing",22
"INC-07099","COMP-01513","Phishing",35
"INC-07100","COMP-04397","Ransomware",10
"INC-07101","COMP-03796","Phishing",37
"INC-07102","COMP-01234","Phishing",21
"INC-07103","COMP-01929","Phishing",96
"INC-07104","COMP-03644","Insider Threat",29
"INC-07105","COMP-02941","Phishing",13
"INC-07106","COMP-01621","Phishing",38
"INC-07107","COMP-04127","Ransomware",20
"INC-07108","COMP-02956","Insider Threat",11
"INC-07109","COMP-02387","Insider Threat",30
"INC-07110","COMP-04420","Phishing",18
"INC-07111","COMP-04895","Insider Threat",38
"INC-07112","COMP-00795","Phishing",49
"INC-07113","COMP-01104","Phishing",16
"INC-07114","COMP-01799","Phishing",2
"INC-07115","COMP-03029","Insider Threat",18
"INC-07116","COMP-02016","Phishing",10
"INC-07117","COMP-00681","Ransomware",23
"INC-07118","COMP-06025","Phishing",17
"INC-07119","COMP-06432","Ransomware",68
"INC-07120","COMP-01011","Phishing",32
"INC-07121","COMP-02304","Phishing",29
"INC-07122","COMP-06697","Phishing",26
"INC-07123","COMP-01785","Ransomware",8
"INC-07124","COMP-05583","Insider Threat",317
"INC-07125","COMP-03188","Ransomware",9
"INC-07126","COMP-05536","Phishing",20
"INC-07127","COMP-05070","Insider Threat",19
"INC-07128","COMP-02541","Ransomware",21
"INC-07129","COMP-06696","Phishing",11
"INC-07130","COMP-00907","Ransomware",28
"INC-07131","COMP-06736","Phishing",34
"INC-07132","COMP-07264","Insider Threat",18
"INC-07133","COMP-03931","Phishing",10
"INC-07134","COMP-07818","Phishing",95
"INC-07135","COMP-06430","Phishing",15
"INC-07136","COMP-03031","Phishing",4
"INC-07137","COMP-06102","Phishing",28
"INC-07138","COMP-07486","Insider Threat",24
"INC-07139","COMP-05066","Ransomware",4
"INC-07140","COMP-02815","Ransomware",31
"INC-07141","COMP-02996","Ransomware",21
"INC-07142","COMP-02992","Phishing",311
"INC-07143","COMP-00623","Phishing",29
"INC-07144","COMP-01630","Ransomware",19
"INC-07145","COMP-00209","Insider Threat",42
"INC-07146","COMP-02198","Phishing",9
"INC-07147","COMP-07440","Ransomware",62
"INC-07148","COMP-02484","Ransomware",108
"INC-07149","COMP-00959","Phishing",27
"INC-07150","COMP-00560","Ransomware",57
"INC-07151","COMP-02185","Ransomware",18
"INC-07152","COMP-07514","Phishing",18
"INC-07153","COMP-03165","Phishing",19
"INC-07154","COMP-01331","Phishing",29
"INC-07155","COMP-03283","Phishing",63
"INC-07156","COMP-07281","Ransomware",37
"INC-07157","COMP-01405","Ransomware",36
"INC-07158","COMP-05375","Ransomware",30
"INC-07159","COMP-01225","Phishing",33
"INC-07160","COMP-03240","Ransomware",17
"INC-07161","COMP-03583","Phishing",22
"INC-07162","COMP-00537","Phishing",16
"INC-07163","COMP-05304","Ransomware",48
"INC-07164","COMP-00278","Phishing",9
"INC-07165","COMP-01570","Phishing",9
"INC-07166","COMP-04004","Ransomware",20
"INC-07167","COMP-01056","Phishing",57
"INC-07168","COMP-04624","Ransomware",141
"INC-07169","COMP-02973","Ransomware",9
"INC-07170","COMP-01207","Phishing",14
"INC-07171","COMP-05654","Phishing",7
"INC-07172","COMP-02964","Phishing",79
"INC-07173","COMP-02874","Phishing",22
"INC-07174","COMP-07562","Phishing",43
"INC-07175","COMP-05390","Ransomware",22
"INC-07176","COMP-05058","Phishing",57
"INC-07177","COMP-04653","Phishing",130
"INC-07178","COMP-04484","Insider Threat",6
"INC-07179","COMP-00455","Phishing",38
"INC-07180","COMP-06405","Insider Threat",22
"INC-07181","COMP-06674","Phishing",37
"INC-07182","COMP-05926","Ransomware",42
"INC-07183","COMP-02266","Phishing",8
"INC-07184","COMP-07850","Phishing",18
"INC-07185","COMP-00535","Phishing",26
"INC-07186","COMP-07110","Phishing",18
"INC-07187","COMP-01434","Phishing",13
"INC-07188","COMP-04204","Phishing",42
"INC-07189","COMP-03155","Ransomware",23
"INC-07190","COMP-01898","Phishing",32
"INC-07191","COMP-04893","Phishing",15
"INC-07192","COMP-03767","Ransomware",20
"INC-07193","COMP-01822","Insider Threat",81
"INC-07194","COMP-05431","Phishing",14
"INC-07195","COMP-02821","Phishing",28
"INC-07196","COMP-01808","Ransomware",46
"INC-07197","COMP-05623","Phishing",56
"INC-07198","COMP-04282","Phishing",42
"INC-07199","COMP-06533","Phishing",44
"INC-07200","COMP-02434","Phishing",46
"INC-07201","COMP-00543","Phishing",6
"INC-07202","COMP-02738","Insider Threat",25
"INC-07203","COMP-07267","Phishing",44
"INC-07204","COMP-01431","Ransomware",16
"INC-07205","COMP-02798","Ransomware",9
"INC-07206","COMP-05999","Phishing",44
"INC-07207","COMP-02216","Phishing",52
"INC-07208","COMP-00195","Phishing",29
"INC-07209","COMP-07641","Ransomware",10
"INC-07210","COMP-04924","Phishing",18
"INC-07211","COMP-07888","Phishing",105
"INC-07212","COMP-06874","Phishing",122
"INC-07213","COMP-00857","Insider Threat",55
"INC-07214","COMP-03056","Ransomware",58
"INC-07215","COMP-03355","Phishing",47
"INC-07216","COMP-07432","Ransomware",7
"INC-07217","COMP-07942","Phishing",21
"INC-07218","COMP-01909","Phishing",33
"INC-07219","COMP-07419","Phishing",40
"INC-07220","COMP-05088","Phishing",24
"INC-07221","COMP-05178","Ransomware",6
"INC-07222","COMP-07105","Phishing",43
"INC-07223","COMP-02319","Ransomware",50
"INC-07224","COMP-03464","Phishing",20
"INC-07225","COMP-01268","Phishing",14
"INC-07226","COMP-03744","Phishing",7
"INC-07227","COMP-03742","Ransomware",16
"INC-07228","COMP-05266","Phishing",4
"INC-07229","COMP-04544","Phishing",108
"INC-07230","COMP-03662","Ransomware",14
"INC-07231","COMP-01674","Ransomware",42
"INC-07232","COMP-01770","Phishing",17
"INC-07233","COMP-05908","Insider Threat",17
"INC-07234","COMP-04134","Phishing",14
"INC-07235","COMP-00022","Ransomware",22
"INC-07236","COMP-03208","Phishing",23
"INC-07237","COMP-02723","Phishing",39
"INC-07238","COMP-00812","Phishing",28
"INC-07239","COMP-00382","Phishing",44
"INC-07240","COMP-03077","Ransomware",129
"INC-07241","COMP-06922","Phishing",5
"INC-07242","COMP-00409","Phishing",84
"INC-07243","COMP-02249","Insider Threat",62
"INC-07244","COMP-03797","Phishing",12
"INC-07245","COMP-05067","Phishing",124
"INC-07246","COMP-03588","Phishing",40
"INC-07247","COMP-07565","Phishing",12
"INC-07248","COMP-02744","Phishing",49
"INC-07249","COMP-06072","Insider Threat",19
"INC-07250","COMP-01966","Ransomware",10
"INC-07251","COMP-00884","Phishing",12
"INC-07252","COMP-01751","Insider Threat",25
"INC-07253","COMP-07003","Phishing",126
"INC-07254","COMP-02764","Ransomware",84
"INC-07255","COMP-06587","Ransomware",47
"INC-07256","COMP-05298","Ransomware",20
"INC-07257","COMP-03586","Phishing",40
"INC-07258","COMP-05394","Phishing",85
"INC-07259","COMP-07711","Phishing",19
"INC-07260","COMP-01320","Ransomware",23
"INC-07261","COMP-04006","Ransomware",178
"INC-07262","COMP-05931","Phishing",26
"INC-07263","COMP-07081","Ransomware",4
"INC-07264","COMP-06056","Insider Threat",18
"INC-07265","COMP-06298","Ransomware",6
"INC-07266","COMP-07440","Ransomware",72
"INC-07267","COMP-06197","Phishing",92
"INC-07268","COMP-00204","Phishing",76
"INC-07269","COMP-03779","Phishing",76
"INC-07270","COMP-00970","Phishing",18
"INC-07271","COMP-02758","Ransomware",12
"INC-07272","COMP-07490","Insider Threat",15
"INC-07273","COMP-05394","Phishing",12
"INC-07274","COMP-05693","Insider Threat",18
"INC-07275","COMP-05033","Phishing",12
"INC-07276","COMP-02153","Insider Threat",107
"INC-07277","COMP-02404","Ransomware",114
"INC-07278","COMP-02989","Phishing",13
"INC-07279","COMP-00065","Phishing",29
"INC-07280","COMP-06389","Ransomware",20
"INC-07281","COMP-00717","Ransomware",8
"INC-07282","COMP-07787","Insider Threat",11
"INC-07283","COMP-04172","Phishing",19
"INC-07284","COMP-03351","Ransomware",28
"INC-07285","COMP-02958","Ransomware",7
"INC-07286","COMP-00790","Phishing",7
"INC-07287","COMP-03773","Insider Threat",9
"INC-07288","COMP-06113","Phishing",32
"INC-07289","COMP-06351","Phishing",8
"INC-07290","COMP-01757","Phishing",28
"INC-07291","COMP-00321","Ransomware",51
"INC-07292","COMP-06186","Insider Threat",7
"INC-07293","COMP-01863","Ransomware",11
"INC-07294","COMP-04103","Ransomware",63
"INC-07295","COMP-03848","Ransomware",43
"INC-07296","COMP-01755","Phishing",29
"INC-07297","COMP-05996","Insider Threat",67
"INC-07298","COMP-03990","Ransomware",22
"INC-07299","COMP-05195","Ransomware",40
"INC-07300","COMP-01809","Phishing",182
"INC-07301","COMP-07676","Phishing",48
"INC-07302","COMP-05310","Ransomware",28
"INC-07303","COMP-01834","Phishing",96
"INC-07304","COMP-01776","Phishing",10
"INC-07305","COMP-03492","Phishing",17
"INC-07306","COMP-03318","Ransomware",103
"INC-07307","COMP-00058","Phishing",18
"INC-07308","COMP-00362","Phishing",56
"INC-07309","COMP-00430","Phishing",58
"INC-07310","COMP-04525","Phishing",23
"INC-07311","COMP-07895","Insider Threat",20
"INC-07312","COMP-06093","Ransomware",46
"INC-07313","COMP-06568","Ransomware",7
"INC-07314","COMP-02575","Phishing",31
"INC-07315","COMP-05196","Ransomware",57
"INC-07316","COMP-04938","Ransomware",8
"INC-07317","COMP-02137","Ransomware",35
"INC-07318","COMP-03597","Phishing",9
"INC-07319","COMP-00218","Ransomware",32
"INC-07320","COMP-04154","Phishing",25
"INC-07321","COMP-07051","Ransomware",35
"INC-07322","COMP-03110","Phishing",33
"INC-07323","COMP-06392","Insider Threat",45
"INC-07324","COMP-00511","Ransomware",24
"INC-07325","COMP-06906","Phishing",17
"INC-07326","COMP-04137","Insider Threat",123
"INC-07327","COMP-06846","Phishing",68
"INC-07328","COMP-06940","Phishing",70
"INC-07329","COMP-07746","Ransomware",39
"INC-07330","COMP-02733","Ransomware",26
"INC-07331","COMP-01740","Ransomware",246
"INC-07332","COMP-01562","Phishing",56
"INC-07333","COMP-03722","Phishing",28
"INC-07334","COMP-07638","Phishing",20
"INC-07335","COMP-01338","Ransomware",10
"INC-07336","COMP-00476","Phishing",22
"INC-07337","COMP-05622","Phishing",46
"INC-07338","COMP-00160","Phishing",29
"INC-07339","COMP-00307","Phishing",14
"INC-07340","COMP-04948","Insider Threat",116
"INC-07341","COMP-06767","Ransomware",102
"INC-07342","COMP-07230","Ransomware",32
"INC-07343","COMP-00926","Phishing",19
"INC-07344","COMP-02767","Phishing",11
"INC-07345","COMP-03768","Insider Threat",36
"INC-07346","COMP-01601","Ransomware",30
"INC-07347","COMP-03976","Ransomware",186
"INC-07348","COMP-03497","Phishing",30
"INC-07349","COMP-04210","Phishing",14
"INC-07350","COMP-04143","Phishing",25
"INC-07351","COMP-06120","Ransomware",27
"INC-07352","COMP-00461","Ransomware",37
"INC-07353","COMP-04782","Ransomware",28
"INC-07354","COMP-02894","Phishing",28
"INC-07355","COMP-06774","Phishing",9
"INC-07356","COMP-04138","Phishing",90
"INC-07357","COMP-05643","Insider Threat",2
"INC-07358","COMP-06605","Ransomware",16
"INC-07359","COMP-04956","Phishing",11
"INC-07360","COMP-02860","Phishing",8
"INC-07361","COMP-03471","Phishing",41
"INC-07362","COMP-01268","Insider Threat",19
"INC-07363","COMP-03848","Ransomware",41
"INC-07364","COMP-01180","Phishing",7
"INC-07365","COMP-00850","Phishing",36
"INC-07366","COMP-03773","Ransomware",147
"INC-07367","COMP-06225","Phishing",17
"INC-07368","COMP-06034","Phishing",11
"INC-07369","COMP-06356","Phishing",21
"INC-07370","COMP-01827","Phishing",39
"INC-07371","COMP-05676","Phishing",26
"INC-07372","COMP-02626","Phishing",8
"INC-07373","COMP-00521","Phishing",36
"INC-07374","COMP-01685","Phishing",18
"INC-07375","COMP-00536","Ransomware",54
"INC-07376","COMP-00464","Phishing",17
"INC-07377","COMP-05041","Phishing",33
"INC-07378","COMP-00356","Phishing",16
"INC-07379","COMP-07264","Insider Threat",6
"INC-07380","COMP-04816","Phishing",19
"INC-07381","COMP-02786","Ransomware",39
"INC-07382","COMP-06786","Phishing",19
"INC-07383","COMP-07828","Ransomware",13
"INC-07384","COMP-02295","Insider Threat",45
"INC-07385","COMP-03321","Phishing",140
"INC-07386","COMP-04673","Phishing",21
"INC-07387","COMP-06434","Ransomware",28
"INC-07388","COMP-01686","Ransomware",147
"INC-07389","COMP-07932","Ransomware",25
"INC-07390","COMP-03885","Phishing",12
"INC-07391","COMP-07710","Phishing",5
"INC-07392","COMP-06706","Phishing",17
"INC-07393","COMP-05237","Phishing",51
"INC-07394","COMP-04449","Phishing",17
"INC-07395","COMP-04285","Phishing",17
"INC-07396","COMP-02216","Ransomware",58
"INC-07397","COMP-04036","Phishing",11
"INC-07398","COMP-02592","Phishing",7
"INC-07399","COMP-01167","Ransomware",28
"INC-07400","COMP-04215","Ransomware",17
"INC-07401","COMP-03312","Insider Threat",37
"INC-07402","COMP-00249","Phishing",5
"INC-07403","COMP-06263","Ransomware",14
"INC-07404","COMP-05466","Insider Threat",57
"INC-07405","COMP-01504","Phishing",9
"INC-07406","COMP-03431","Phishing",34
"INC-07407","COMP-07021","Phishing",30
"INC-07408","COMP-03562","Phishing",6
"INC-07409","COMP-03546","Ransomware",55
"INC-07410","COMP-00377","Ransomware",32
"INC-07411","COMP-05501","Phishing",37
"INC-07412","COMP-05915","Ransomware",20
"INC-07413","COMP-05540","Ransomware",19
"INC-07414","COMP-01786","Ransomware",44
"INC-07415","COMP-02096","Ransomware",162
"INC-07416","COMP-00992","Ransomware",13
"INC-07417","COMP-03579","Ransomware",41
"INC-07418","COMP-07718","Phishing",60
"INC-07419","COMP-02205","Ransomware",105
"INC-07420","COMP-07236","Phishing",24
"INC-07421","COMP-04535","Ransomware",37
"INC-07422","COMP-00587","Ransomware",12
"INC-07423","COMP-02769","Phishing",40
"INC-07424","COMP-05777","Phishing",25
"INC-07425","COMP-02704","Phishing",99
"INC-07426","COMP-04243","Phishing",29
"INC-07427","COMP-00359","Phishing",26
"INC-07428","COMP-04037","Ransomware",13
"INC-07429","COMP-05004","Phishing",13
"INC-07430","COMP-06156","Phishing",65
"INC-07431","COMP-05629","Ransomware",31
"INC-07432","COMP-04714","Phishing",138
"INC-07433","COMP-06264","Insider Threat",15
"INC-07434","COMP-07171","Phishing",4
"INC-07435","COMP-02750","Phishing",81
"INC-07436","COMP-00748","Phishing",80
"INC-07437","COMP-07520","Phishing",22
"INC-07438","COMP-03050","Phishing",7
"INC-07439","COMP-00151","Phishing",21
"INC-07440","COMP-01940","Phishing",18
"INC-07441","COMP-02343","Phishing",20
"INC-07442","COMP-04842","Insider Threat",18
"INC-07443","COMP-01375","Phishing",25
"INC-07444","COMP-00456","Insider Threat",45
"INC-07445","COMP-02324","Ransomware",47
"INC-07446","COMP-04158","Ransomware",15
"INC-07447","COMP-05611","Phishing",23
"INC-07448","COMP-06301","Phishing",28
"INC-07449","COMP-02419","Insider Threat",3
"INC-07450","COMP-02469","Phishing",82
"INC-07451","COMP-03296","Ransomware",9
"INC-07452","COMP-07040","Ransomware",59
"INC-07453","COMP-07882","Insider Threat",21
"INC-07454","COMP-02330","Ransomware",84
"INC-07455","COMP-07908","Phishing",179
"INC-07456","COMP-06072","Ransomware",25
"INC-07457","COMP-03202","Phishing",16
"INC-07458","COMP-03540","Phishing",34
"INC-07459","COMP-04896","Ransomware",49
"INC-07460","COMP-02016","Phishing",71
"INC-07461","COMP-06129","Phishing",7
"INC-07462","COMP-06051","Phishing",22
"INC-07463","COMP-02014","Phishing",23
"INC-07464","COMP-03901","Phishing",23
"INC-07465","COMP-06431","Phishing",27
"INC-07466","COMP-07810","Phishing",10
"INC-07467","COMP-06326","Phishing",68
"INC-07468","COMP-07953","Ransomware",7
"INC-07469","COMP-06417","Phishing",54
"INC-07470","COMP-00056","Insider Threat",79
"INC-07471","COMP-01302","Ransomware",18
"INC-07472","COMP-07593","Phishing",18
"INC-07473","COMP-06473","Ransomware",28
"INC-07474","COMP-04286","Insider Threat",54
"INC-07475","COMP-04966","Phishing",27
"INC-07476","COMP-05010","Phishing",50
"INC-07477","COMP-01879","Ransomware",38
"INC-07478","COMP-01444","Phishing",81
"INC-07479","COMP-04689","Phishing",28
"INC-07480","COMP-01829","Phishing",26
"INC-07481","COMP-02297","Phishing",11
"INC-07482","COMP-01291","Phishing",12
"INC-07483","COMP-06216","Ransomware",10
"INC-07484","COMP-04303","Ransomware",17
"INC-07485","COMP-02812","Phishing",106
"INC-07486","COMP-03350","Phishing",26
"INC-07487","COMP-03788","Phishing",26
"INC-07488","COMP-01142","Phishing",19
"INC-07489","COMP-01297","Phishing",28
"INC-07490","COMP-01983","Phishing",30
"INC-07491","COMP-06036","Phishing",22
"INC-07492","COMP-05943","Insider Threat",21
"INC-07493","COMP-04066","Phishing",9
"INC-07494","COMP-05677","Phishing",26
"INC-07495","COMP-06080","Ransomware",41
"INC-07496","COMP-06149","Ransomware",7
"INC-07497","COMP-06272","Phishing",20
"INC-07498","COMP-03454","Ransomware",64
"INC-07499","COMP-07829","Phishing",54
"INC-07500","COMP-06643","Phishing",11
"INC-07501","COMP-02688","Phishing",20
"INC-07502","COMP-03820","Ransomware",45
"INC-07503","COMP-05210","Phishing",19
"INC-07504","COMP-03213","Phishing",14
"INC-07505","COMP-01154","Insider Threat",35
"INC-07506","COMP-05594","Phishing",12
"INC-07507","COMP-05693","Phishing",32
"INC-07508","COMP-01876","Phishing",27
"INC-07509","COMP-01950","Ransomware",41
"INC-07510","COMP-00692","Phishing",22
"INC-07511","COMP-06415","Phishing",68
"INC-07512","COMP-04754","Phishing",18
"INC-07513","COMP-06344","Ransomware",26
"INC-07514","COMP-00727","Ransomware",34
"INC-07515","COMP-05555","Phishing",41
"INC-07516","COMP-02235","Ransomware",8
"INC-07517","COMP-00829","Insider Threat",13
"INC-07518","COMP-06021","Phishing",94
"INC-07519","COMP-02025","Phishing",19
"INC-07520","COMP-04337","Insider Threat",19
"INC-07521","COMP-04120","Ransomware",16
"INC-07522","COMP-07074","Ransomware",11
"INC-07523","COMP-02520","Insider Threat",29
"INC-07524","COMP-03615","Phishing",13
"INC-07525","COMP-01069","Insider Threat",32
"INC-07526","COMP-03400","Ransomware",24
"INC-07527","COMP-00059","Phishing",10
"INC-07528","COMP-03726","Phishing",14
"INC-07529","COMP-01739","Phishing",100
"INC-07530","COMP-00176","Phishing",28
"INC-07531","COMP-07780","Ransomware",20
"INC-07532","COMP-03243","Phishing",49
"INC-07533","COMP-00875","Phishing",37
"INC-07534","COMP-03843","Ransomware",54
"INC-07535","COMP-05549","Phishing",6
"INC-07536","COMP-07602","Insider Threat",39
"INC-07537","COMP-04889","Phishing",27
"INC-07538","COMP-07860","Ransomware",43
"INC-07539","COMP-06257","Phishing",167
"INC-07540","COMP-05468","Ransomware",23
"INC-07541","COMP-06674","Ransomware",2
"INC-07542","COMP-01001","Phishing",8
"INC-07543","COMP-05156","Ransomware",29
"INC-07544","COMP-05067","Ransomware",125
"INC-07545","COMP-06820","Ransomware",30
"INC-07546","COMP-02599","Phishing",19
"INC-07547","COMP-02295","Insider Threat",55
"INC-07548","COMP-05303","Ransomware",4
"INC-07549","COMP-03193","Phishing",20
"INC-07550","COMP-00130","Phishing",179
"INC-07551","COMP-01956","Insider Threat",15
"INC-07552","COMP-00879","Phishing",42
"INC-07553","COMP-01269","Ransomware",7
"INC-07554","COMP-04584","Ransomware",11
"INC-07555","COMP-07046","Insider Threat",7
"INC-07556","COMP-05979","Ransomware",30
"INC-07557","COMP-04765","Ransomware",28
"INC-07558","COMP-00267","Phishing",47
"INC-07559","COMP-06449","Phishing",37
"INC-07560","COMP-02650","Phishing",38
"INC-07561","COMP-07289","Phishing",16
"INC-07562","COMP-01641","Phishing",13
"INC-07563","COMP-01325","Phishing",46
"INC-07564","COMP-04056","Phishing",13
"INC-07565","COMP-03675","Phishing",127
"INC-07566","COMP-04263","Ransomware",23
"INC-07567","COMP-01007","Phishing",15
"INC-07568","COMP-03471","Ransomware",10
"INC-07569","COMP-05762","Phishing",49
"INC-07570","COMP-02151","Phishing",32
"INC-07571","COMP-01204","Ransomware",15
"INC-07572","COMP-04300","Phishing",38
"INC-07573","COMP-06179","Ransomware",17
"INC-07574","COMP-00795","Ransomware",15
"INC-07575","COMP-02183","Ransomware",9
"INC-07576","COMP-02912","Ransomware",13
"INC-07577","COMP-06159","Phishing",5
"INC-07578","COMP-04473","Ransomware",26
"INC-07579","COMP-04535","Ransomware",9
"INC-07580","COMP-05580","Phishing",21
"INC-07581","COMP-05679","Insider Threat",26
"INC-07582","COMP-03943","Phishing",22
"INC-07583","COMP-06617","Phishing",82
"INC-07584","COMP-04948","Phishing",5
"INC-07585","COMP-00706","Phishing",27
"INC-07586","COMP-02924","Ransomware",23
"INC-07587","COMP-01980","Ransomware",8
"INC-07588","COMP-05569","Ransomware",47
"INC-07589","COMP-00007","Phishing",34
"INC-07590","COMP-02676","Ransomware",54
"INC-07591","COMP-01993","Ransomware",23
"INC-07592","COMP-02211","Phishing",10
"INC-07593","COMP-00302","Phishing",14
"INC-07594","COMP-04018","Ransomware",17
"INC-07595","COMP-03645","Phishing",18
"INC-07596","COMP-00280","Phishing",100
"INC-07597","COMP-00889","Phishing",105
"INC-07598","COMP-00800","Ransomware",51
"INC-07599","COMP-06361","Phishing",37
"INC-07600","COMP-05604","Ransomware",18
"INC-07601","COMP-05952","Phishing",12
"INC-07602","COMP-04368","Phishing",21
"INC-07603","COMP-00500","Ransomware",151
"INC-07604","COMP-05209","Phishing",8
"INC-07605","COMP-03088","Ransomware",21
"INC-07606","COMP-06287","Insider Threat",48
"INC-07607","COMP-07094","Phishing",12
"INC-07608","COMP-01944","Phishing",38
"INC-07609","COMP-07632","Insider Threat",21
"INC-07610","COMP-04313","Phishing",16
"INC-07611","COMP-05221","Insider Threat",52
"INC-07612","COMP-04784","Insider Threat",29
"INC-07613","COMP-06813","Phishing",60
"INC-07614","COMP-01208","Phishing",30
"INC-07615","COMP-02387","Phishing",14
"INC-07616","COMP-04583","Phishing",57
"INC-07617","COMP-02066","Phishing",104
"INC-07618","COMP-03679","Phishing",57
"INC-07619","COMP-07048","Phishing",24
"INC-07620","COMP-02836","Ransomware",73
"INC-07621","COMP-05697","Insider Threat",30
"INC-07622","COMP-07349","Insider Threat",32
"INC-07623","COMP-06067","Insider Threat",16
"INC-07624","COMP-04249","Phishing",14
"INC-07625","COMP-05243","Ransomware",12
"INC-07626","COMP-00456","Phishing",21
"INC-07627","COMP-06523","Phishing",53
"INC-07628","COMP-04716","Phishing",6
"INC-07629","COMP-02304","Phishing",22
"INC-07630","COMP-04995","Phishing",30
"INC-07631","COMP-02263","Phishing",62
"INC-07632","COMP-05520","Phishing",5
"INC-07633","COMP-06578","Insider Threat",22
"INC-07634","COMP-06739","Ransomware",35
"INC-07635","COMP-03378","Ransomware",8
"INC-07636","COMP-07867","Ransomware",27
"INC-07637","COMP-02150","Insider Threat",22
"INC-07638","COMP-03547","Phishing",23
"INC-07639","COMP-01077","Phishing",24
"INC-07640","COMP-04850","Phishing",19
"INC-07641","COMP-05770","Insider Threat",8
"INC-07642","COMP-07200","Ransomware",44
"INC-07643","COMP-05653","Ransomware",119
"INC-07644","COMP-00813","Phishing",54
"INC-07645","COMP-04410","Ransomware",16
"INC-07646","COMP-03985","Insider Threat",9
"INC-07647","COMP-00380","Ransomware",39
"INC-07648","COMP-04911","Phishing",20
"INC-07649","COMP-01311","Phishing",10
"INC-07650","COMP-06270","Phishing",19
"INC-07651","COMP-04907","Phishing",31
"INC-07652","COMP-07858","Phishing",69
"INC-07653","COMP-06675","Phishing",8
"INC-07654","COMP-06191","Ransomware",15
"INC-07655","COMP-07725","Ransomware",73
"INC-07656","COMP-02133","Phishing",18
"INC-07657","COMP-06228","Ransomware",17
"INC-07658","COMP-07419","Phishing",5
"INC-07659","COMP-02938","Ransomware",13
"INC-07660","COMP-04284","Ransomware",45
"INC-07661","COMP-05079","Phishing",18
"INC-07662","COMP-00488","Phishing",16
"INC-07663","COMP-05649","Phishing",36
"INC-07664","COMP-05644","Phishing",57
"INC-07665","COMP-03872","Phishing",2
"INC-07666","COMP-04180","Ransomware",38
"INC-07667","COMP-01977","Phishing",118
"INC-07668","COMP-01979","Phishing",14
"INC-07669","COMP-00465","Phishing",12
"INC-07670","COMP-05011","Insider Threat",16
"INC-07671","COMP-04652","Phishing",19
"INC-07672","COMP-06097","Ransomware",17
"INC-07673","COMP-06325","Phishing",26
"INC-07674","COMP-06561","Phishing",2
"INC-07675","COMP-06804","Phishing",44
"INC-07676","COMP-02797","Phishing",39
"INC-07677","COMP-04245","Phishing",35
"INC-07678","COMP-02508","Phishing",18
"INC-07679","COMP-00962","Phishing",34
"INC-07680","COMP-00385","Ransomware",51
"INC-07681","COMP-03086","Phishing",24
"INC-07682","COMP-00233","Phishing",18
"INC-07683","COMP-05587","Phishing",8
"INC-07684","COMP-03923","Insider Threat",20
"INC-07685","COMP-05661","Ransomware",33
"INC-07686","COMP-03574","Insider Threat",39
"INC-07687","COMP-05518","Insider Threat",18
"INC-07688","COMP-02894","Ransomware",172
"INC-07689","COMP-04066","Phishing",27
"INC-07690","COMP-00042","Phishing",33
"INC-07691","COMP-01554","Phishing",78
"INC-07692","COMP-01085","Phishing",13
"INC-07693","COMP-06849","Insider Threat",39
"INC-07694","COMP-06810","Ransomware",27
"INC-07695","COMP-02219","Ransomware",31
"INC-07696","COMP-02987","Ransomware",42
"INC-07697","COMP-07771","Phishing",103
"INC-07698","COMP-04906","Ransomware",8
"INC-07699","COMP-00022","Insider Threat",17
"INC-07700","COMP-00707","Insider Threat",16
"INC-07701","COMP-06335","Phishing",20
"INC-07702","COMP-01816","Phishing",67
"INC-07703","COMP-00870","Insider Threat",28
"INC-07704","COMP-05468","Ransomware",24
"INC-07705","COMP-06386","Phishing",38
"INC-07706","COMP-07708","Insider Threat",13
"INC-07707","COMP-02978","Insider Threat",31
"INC-07708","COMP-05147","Ransomware",11
"INC-07709","COMP-05740","Phishing",17
"INC-07710","COMP-07156","Insider Threat",12
"INC-07711","COMP-01506","Ransomware",36
"INC-07712","COMP-06037","Insider Threat",16
"INC-07713","COMP-05673","Insider Threat",127
"INC-07714","COMP-01332","Ransomware",18
"INC-07715","COMP-05464","Phishing",25
"INC-07716","COMP-05613","Phishing",9
"INC-07717","COMP-06187","Ransomware",68
"INC-07718","COMP-06761","Ransomware",174
"INC-07719","COMP-02160","Phishing",19
"INC-07720","COMP-06334","Phishing",66
"INC-07721","COMP-07726","Phishing",51
"INC-07722","COMP-01038","Phishing",7
"INC-07723","COMP-03448","Ransomware",36
"INC-07724","COMP-02684","Insider Threat",12
"INC-07725","COMP-00325","Ransomware",103
"INC-07726","COMP-04092","Phishing",36
"INC-07727","COMP-06884","Phishing",25
"INC-07728","COMP-07949","Phishing",31
"INC-07729","COMP-05327","Phishing",18
"INC-07730","COMP-03285","Phishing",5
"INC-07731","COMP-07363","Phishing",336
"INC-07732","COMP-05006","Phishing",30
"INC-07733","COMP-05138","Insider Threat",44
"INC-07734","COMP-06910","Phishing",64
"INC-07735","COMP-03589","Ransomware",9
"INC-07736","COMP-00496","Phishing",34
"INC-07737","COMP-02773","Phishing",43
"INC-07738","COMP-02118","Ransomware",15
"INC-07739","COMP-07116","Insider Threat",47
"INC-07740","COMP-06770","Ransomware",18
"INC-07741","COMP-01731","Ransomware",5
"INC-07742","COMP-01947","Insider Threat",36
"INC-07743","COMP-01318","Phishing",53
"INC-07744","COMP-02738","Phishing",3
"INC-07745","COMP-07378","Phishing",81
"INC-07746","COMP-07536","Ransomware",71
"INC-07747","COMP-07113","Phishing",27
"INC-07748","COMP-03291","Ransomware",15
"INC-07749","COMP-02292","Ransomware",191
"INC-07750","COMP-00977","Insider Threat",15
"INC-07751","COMP-02243","Insider Threat",66
"INC-07752","COMP-06287","Phishing",13
"INC-07753","COMP-06765","Phishing",23
"INC-07754","COMP-06500","Ransomware",74
"INC-07755","COMP-02993","Phishing",19
"INC-07756","COMP-06786","Phishing",39
"INC-07757","COMP-06999","Ransomware",15
"INC-07758","COMP-03292","Phishing",77
"INC-07759","COMP-02306","Ransomware",19
"INC-07760","COMP-05434","Ransomware",20
"INC-07761","COMP-04163","Phishing",24
"INC-07762","COMP-07164","Ransomware",40
"INC-07763","COMP-07981","Insider Threat",9
"INC-07764","COMP-02838","Ransomware",33
"INC-07765","COMP-04739","Phishing",20
"INC-07766","COMP-03365","Insider Threat",39
"INC-07767","COMP-02931","Phishing",56
"INC-07768","COMP-02197","Ransomware",73
"INC-07769","COMP-04211","Phishing",21
"INC-07770","COMP-05884","Phishing",28
"INC-07771","COMP-06781","Phishing",10
"INC-07772","COMP-07753","Phishing",9
"INC-07773","COMP-03878","Phishing",25
"INC-07774","COMP-07648","Phishing",15
"INC-07775","COMP-00161","Ransomware",55
"INC-07776","COMP-05167","Ransomware",49
"INC-07777","COMP-05241","Ransomware",18
"INC-07778","COMP-05176","Phishing",41
"INC-07779","COMP-01377","Phishing",22
"INC-07780","COMP-07721","Phishing",30
"INC-07781","COMP-07377","Phishing",16
"INC-07782","COMP-06819","Ransomware",14
"INC-07783","COMP-01048","Phishing",6
"INC-07784","COMP-07045","Ransomware",64
"INC-07785","COMP-05425","Ransomware",21
"INC-07786","COMP-04111","Insider Threat",45
"INC-07787","COMP-01780","Phishing",28
"INC-07788","COMP-05373","Ransomware",33
"INC-07789","COMP-06599","Ransomware",45
"INC-07790","COMP-04496","Phishing",4
"INC-07791","COMP-00507","Phishing",14
"INC-07792","COMP-01548","Phishing",45
"INC-07793","COMP-03110","Ransomware",10
"INC-07794","COMP-00018","Ransomware",42
"INC-07795","COMP-06047","Phishing",5
"INC-07796","COMP-05150","Phishing",40
"INC-07797","COMP-00167","Phishing",19
"INC-07798","COMP-06865","Phishing",9
"INC-07799","COMP-05694","Phishing",14
"INC-07800","COMP-00393","Ransomware",9
"INC-07801","COMP-05476","Ransomware",58
"INC-07802","COMP-07002","Phishing",44
"INC-07803","COMP-05888","Ransomware",40
"INC-07804","COMP-02000","Ransomware",46
"INC-07805","COMP-03097","Phishing",26
"INC-07806","COMP-00330","Phishing",24
"INC-07807","COMP-02689","Phishing",28
"INC-07808","COMP-01577","Insider Threat",5
"INC-07809","COMP-07399","Ransomware",56
"INC-07810","COMP-03262","Ransomware",26
"INC-07811","COMP-01454","Phishing",14
"INC-07812","COMP-07503","Ransomware",17
"INC-07813","COMP-02970","Ransomware",20
"INC-07814","COMP-06582","Ransomware",8
"INC-07815","COMP-07793","Insider Threat",19
"INC-07816","COMP-07142","Phishing",3
"INC-07817","COMP-03745","Ransomware",17
"INC-07818","COMP-02610","Ransomware",61
"INC-07819","COMP-06731","Insider Threat",26
"INC-07820","COMP-04596","Phishing",66
"INC-07821","COMP-03313","Phishing",25
"INC-07822","COMP-03858","Phishing",11
"INC-07823","COMP-03438","Phishing",22
"INC-07824","COMP-05008","Phishing",10
"INC-07825","COMP-06005","Phishing",18
"INC-07826","COMP-03974","Ransomware",46
"INC-07827","COMP-04497","Phishing",21
"INC-07828","COMP-05135","Phishing",34
"INC-07829","COMP-05430","Ransomware",43
"INC-07830","COMP-04386","Ransomware",38
"INC-07831","COMP-06633","Phishing",18
"INC-07832","COMP-01465","Phishing",16
"INC-07833","COMP-06693","Ransomware",13
"INC-07834","COMP-01511","Phishing",30
"INC-07835","COMP-05089","Phishing",11
"INC-07836","COMP-02216","Ransomware",66
"INC-07837","COMP-05428","Phishing",36
"INC-07838","COMP-07323","Ransomware",157
"INC-07839","COMP-04981","Phishing",19
"INC-07840","COMP-00682","Ransomware",87
"INC-07841","COMP-05364","Phishing",17
"INC-07842","COMP-05721","Ransomware",30
"INC-07843","COMP-01154","Insider Threat",75
"INC-07844","COMP-01945","Phishing",73
"INC-07845","COMP-03038","Phishing",95
"INC-07846","COMP-04511","Insider Threat",3
"INC-07847","COMP-02397","Ransomware",32
"INC-07848","COMP-02308","Phishing",208
"INC-07849","COMP-06483","Phishing",41
"INC-07850","COMP-01158","Insider Threat",14
"INC-07851","COMP-06128","Phishing",12
"INC-07852","COMP-01628","Phishing",26
"INC-07853","COMP-02327","Phishing",34
"INC-07854","COMP-02374","Phishing",43
"INC-07855","COMP-00635","Ransomware",9
"INC-07856","COMP-05996","Insider Threat",10
"INC-07857","COMP-07921","Ransomware",21
"INC-07858","COMP-02262","Ransomware",15
"INC-07859","COMP-00498","Phishing",72
"INC-07860","COMP-05230","Ransomware",333
"INC-07861","COMP-07077","Ransomware",11
"INC-07862","COMP-02331","Insider Threat",104
"INC-07863","COMP-06340","Ransomware",8
"INC-07864","COMP-06573","Ransomware",72
"INC-07865","COMP-01341","Ransomware",132
"INC-07866","COMP-01939","Phishing",26
"INC-07867","COMP-01017","Ransomware",32
"INC-07868","COMP-03316","Ransomware",35
"INC-07869","COMP-01083","Insider Threat",30
"INC-07870","COMP-01828","Insider Threat",14
"INC-07871","COMP-04688","Phishing",16
"INC-07872","COMP-07946","Ransomware",19
"INC-07873","COMP-02901","Insider Threat",24
"INC-07874","COMP-07341","Ransomware",27
"INC-07875","COMP-07660","Ransomware",40
"INC-07876","COMP-03589","Ransomware",20
"INC-07877","COMP-01891","Phishing",21
"INC-07878","COMP-00123","Phishing",15
"INC-07879","COMP-03502","Insider Threat",11
"INC-07880","COMP-04728","Ransomware",10
"INC-07881","COMP-02544","Phishing",38
"INC-07882","COMP-02975","Phishing",12
"INC-07883","COMP-02319","Insider Threat",51
"INC-07884","COMP-02647","Insider Threat",10
"INC-07885","COMP-06908","Phishing",29
"INC-07886","COMP-04935","Ransomware",8
"INC-07887","COMP-00460","Ransomware",49
"INC-07888","COMP-05495","Ransomware",27
"INC-07889","COMP-01250","Insider Threat",4
"INC-07890","COMP-05592","Insider Threat",18
"INC-07891","COMP-04972","Phishing",24
"INC-07892","COMP-07876","Ransomware",9
"INC-07893","COMP-01306","Phishing",53
"INC-07894","COMP-02258","Phishing",8
"INC-07895","COMP-05268","Phishing",27
"INC-07896","COMP-03747","Phishing",22
"INC-07897","COMP-01987","Ransomware",26
"INC-07898","COMP-07738","Ransomware",24
"INC-07899","COMP-07389","Phishing",53
"INC-07900","COMP-03144","Phishing",49
"INC-07901","COMP-06909","Phishing",79
"INC-07902","COMP-06142","Phishing",53
"INC-07903","COMP-05087","Phishing",12
"INC-07904","COMP-00821","Phishing",13
"INC-07905","COMP-07455","Ransomware",53
"INC-07906","COMP-00680","Phishing",4
"INC-07907","COMP-03257","Ransomware",53
"INC-07908","COMP-01779","Phishing",21
"INC-07909","COMP-03248","Ransomware",12
"INC-07910","COMP-00326","Phishing",45
"INC-07911","COMP-00508","Ransomware",56
"INC-07912","COMP-06277","Ransomware",36
"INC-07913","COMP-07967","Ransomware",37
"INC-07914","COMP-00871","Phishing",18
"INC-07915","COMP-04609","Phishing",49
"INC-07916","COMP-02041","Phishing",13
"INC-07917","COMP-06649","Insider Threat",28
"INC-07918","COMP-01856","Ransomware",31
"INC-07919","COMP-01423","Ransomware",12
"INC-07920","COMP-05939","Ransomware",34
"INC-07921","COMP-05614","Ransomware",23
"INC-07922","COMP-00129","Ransomware",17
"INC-07923","COMP-05720","Ransomware",42
"INC-07924","COMP-02784","Ransomware",7
"INC-07925","COMP-03478","Ransomware",32
"INC-07926","COMP-06295","Ransomware",15
"INC-07927","COMP-05152","Insider Threat",14
"INC-07928","COMP-01924","Phishing",14
"INC-07929","COMP-05680","Phishing",33
"INC-07930","COMP-04887","Phishing",7
"INC-07931","COMP-06771","Phishing",21
"INC-07932","COMP-00461","Insider Threat",42
"INC-07933","COMP-01397","Insider Threat",124
"INC-07934","COMP-03419","Phishing",28
"INC-07935","COMP-01944","Phishing",57
"INC-07936","COMP-05745","Ransomware",7
"INC-07937","COMP-05323","Phishing",26
"INC-07938","COMP-01684","Phishing",20
"INC-07939","COMP-07770","Insider Threat",83
"INC-07940","COMP-04280","Ransomware",34
"INC-07941","COMP-05322","Ransomware",31
"INC-07942","COMP-01891","Phishing",117
"INC-07943","COMP-01229","Phishing",5
"INC-07944","COMP-05253","Ransomware",13
"INC-07945","COMP-06720","Ransomware",40
"INC-07946","COMP-00443","Phishing",41
"INC-07947","COMP-03291","Phishing",20
"INC-07948","COMP-02271","Phishing",10
"INC-07949","COMP-00610","Phishing",23
"INC-07950","COMP-03836","Insider Threat",18
"INC-07951","COMP-05291","Phishing",45
"INC-07952","COMP-00195","Insider Threat",10
"INC-07953","COMP-07732","Ransomware",33
"INC-07954","COMP-07215","Insider Threat",36
"INC-07955","COMP-02629","Phishing",7
"INC-07956","COMP-05387","Phishing",5
"INC-07957","COMP-00068","Phishing",25
"INC-07958","COMP-05334","Ransomware",19
"INC-07959","COMP-06898","Phishing",49
"INC-07960","COMP-03722","Phishing",13
"INC-07961","COMP-05634","Ransomware",70
"INC-07962","COMP-00593","Phishing",15
"INC-07963","COMP-04992","Phishing",14
"INC-07964","COMP-05107","Ransomware",7
"INC-07965","COMP-04896","Phishing",10
"INC-07966","COMP-05768","Phishing",6
"INC-07967","COMP-02609","Phishing",37
"INC-07968","COMP-07734","Phishing",55
"INC-07969","COMP-06886","Insider Threat",21
"INC-07970","COMP-01741","Phishing",79
"INC-07971","COMP-01749","Phishing",106
"INC-07972","COMP-03913","Phishing",9
"INC-07973","COMP-06890","Phishing",21
"INC-07974","COMP-04617","Phishing",9
"INC-07975","COMP-07339","Phishing",89
"INC-07976","COMP-07207","Phishing",7
"INC-07977","COMP-00938","Phishing",29
"INC-07978","COMP-05309","Ransomware",33
"INC-07979","COMP-00286","Insider Threat",25
"INC-07980","COMP-06901","Phishing",5
"INC-07981","COMP-06878","Phishing",23
"INC-07982","COMP-00705","Phishing",39
"INC-07983","COMP-07127","Phishing",95
"INC-07984","COMP-03105","Insider Threat",51
"INC-07985","COMP-00039","Ransomware",17
"INC-07986","COMP-03275","Insider Threat",109
"INC-07987","COMP-00148","Ransomware",11
"INC-07988","COMP-06342","Ransomware",20
"INC-07989","COMP-00330","Ransomware",30
"INC-07990","COMP-03305","Insider Threat",42
"INC-07991","COMP-02970","Phishing",37
"INC-07992","COMP-03433","Phishing",33
"INC-07993","COMP-05625","Phishing",6
"INC-07994","COMP-04488","Phishing",16
"INC-07995","COMP-04167","Phishing",24
"INC-07996","COMP-03199","Ransomware",15
"INC-07997","COMP-00655","Phishing",25
"INC-07998","COMP-05927","Insider Threat",27
"INC-07999","COMP-00878","Phishing",9
"INC-08000","COMP-03617","Phishing",28
