"company_id","industry_sector","employee_count","annual_revenue","primary_cloud_provider","mfa_enabled"
"COMP-00001","Finance & Insurance",76,34943891.88,"AWS",TRUE
"COMP-00002","Finance & Insurance",34,20681201.08,"AWS",TRUE
"COMP-00003","Professional Services",61,13482278.84,"Microsoft Azure",FALSE
"COMP-00004","Healthcare",142,33288748.16,"On-Prem/Hybrid",FALSE
"COMP-00005","Manufacturing",8,1960185.51,"Microsoft Azure",TRUE
"COMP-00006","Retail & E-commerce",27,4926345.62,"AWS",TRUE
"COMP-00007","Healthcare",127,12416056.85,"Google Cloud Platform (GCP)",TRUE
"COMP-00008","Technology",24,8474744.37,"AWS",TRUE
"COMP-00009","Manufacturing",293,56151220.35,"Google Cloud Platform (GCP)",TRUE
"COMP-00010","Healthcare",27,3419603.79,"Google Cloud Platform (GCP)",TRUE
"COMP-00011","Retail & E-commerce",32,14270034.77,"Microsoft Azure",FALSE
"COMP-00012","Healthcare",69,26562933.53,"AWS",TRUE
"COMP-00013","Finance & Insurance",65,24701899.71,"Microsoft Azure",FALSE
"COMP-00014","Professional Services",66,7839887.2,"AWS",FALSE
"COMP-00015","Retail & E-commerce",148,14977447.78,"Other",TRUE
"COMP-00016","Finance & Insurance",179,160712689.51,"Google Cloud Platform (GCP)",FALSE
"COMP-00017","Finance & Insurance",10,6767183.83,"Microsoft Azure",TRUE
"COMP-00018","Technology",283,100225635.79,"AWS",TRUE
"COMP-00019","Retail & E-commerce",452,130098982.77,"AWS",TRUE
"COMP-00020","Manufacturing",36,7273905.61,"AWS",TRUE
"COMP-00021","Finance & Insurance",9,4536802,"Microsoft Azure",TRUE
"COMP-00022","Technology",13,4244093.9,"Microsoft Azure",TRUE
"COMP-00023","Finance & Insurance",9,3603641.69,"Other",FALSE
"COMP-00024","Finance & Insurance",130,79517550.75,"On-Prem/Hybrid",TRUE
"COMP-00025","Technology",193,44176664.3,"AWS",FALSE
"COMP-00026","Retail & E-commerce",528,109373113.02,"AWS",TRUE
"COMP-00027","Professional Services",133,21607751.42,"On-Prem/Hybrid",TRUE
"COMP-00028","Finance & Insurance",273,58038024.11,"Microsoft Azure",TRUE
"COMP-00029","Retail & E-commerce",46,11820367.12,"AWS",FALSE
"COMP-00030","Healthcare",27,14327123,"AWS",TRUE
"COMP-00031","Healthcare",124,51487466.09,"On-Prem/Hybrid",TRUE
"COMP-00032","Healthcare",135,61819023.27,"On-Prem/Hybrid",FALSE
"COMP-00033","Professional Services",7,1051544.71,"AWS",FALSE
"COMP-00034","Manufacturing",277,65792345.99,"AWS",TRUE
"COMP-00035","Technology",43,18633056.29,"Google Cloud Platform (GCP)",TRUE
"COMP-00036","Healthcare",79,18979168.43,"Microsoft Azure",FALSE
"COMP-00037","Technology",27,10264618.33,"Microsoft Azure",FALSE
"COMP-00038","Technology",193,27191399.3,"Microsoft Azure",TRUE
"COMP-00039","Finance & Insurance",58,23093688.39,"Google Cloud Platform (GCP)",TRUE
"COMP-00040","Manufacturing",16,4702160.36,"AWS",TRUE
"COMP-00041","Professional Services",127,67045975.98,"On-Prem/Hybrid",FALSE
"COMP-00042","Retail & E-commerce",12,2281599.15,"AWS",TRUE
"COMP-00043","Technology",72,27895214.45,"Other",TRUE
"COMP-00044","Finance & Insurance",92,57825644.85,"Microsoft Azure",TRUE
"COMP-00045","Retail & E-commerce",2304,207842359.91,"Microsoft Azure",TRUE
"COMP-00046","Finance & Insurance",166,57075530.04,"AWS",TRUE
"COMP-00047","Finance & Insurance",20,15316142.25,"On-Prem/Hybrid",TRUE
"COMP-00048","Manufacturing",141,26823234.95,"Google Cloud Platform (GCP)",FALSE
"COMP-00049","Finance & Insurance",80,42157935.49,"AWS",TRUE
"COMP-00050","Manufacturing",117,35306801.62,"Microsoft Azure",TRUE
"COMP-00051","Professional Services",13,1973379.73,"Microsoft Azure",TRUE
"COMP-00052","Professional Services",677,232753595.77,"Microsoft Azure",FALSE
"COMP-00053","Professional Services",176,35762891.68,"On-Prem/Hybrid",TRUE
"COMP-00054","Healthcare",57,9708141.09,"Microsoft Azure",TRUE
"COMP-00055","Technology",8,1697086.79,"Microsoft Azure",TRUE
"COMP-00056","Healthcare",145,68725145.11,"Microsoft Azure",TRUE
"COMP-00057","Manufacturing",17,5542906.28,"On-Prem/Hybrid",FALSE
"COMP-00058","Technology",22,10310123.18,"AWS",TRUE
"COMP-00059","Professional Services",173,33698499.46,"Microsoft Azure",FALSE
"COMP-00060","Retail & E-commerce",217,93920882.06,"Microsoft Azure",TRUE
"COMP-00061","Manufacturing",57,17064755.27,"AWS",TRUE
"COMP-00062","Finance & Insurance",13,6402608.07,"Microsoft Azure",TRUE
"COMP-00063","Healthcare",5,2186900.29,"AWS",TRUE
"COMP-00064","Manufacturing",17,3188132.53,"On-Prem/Hybrid",TRUE
"COMP-00065","Healthcare",39,11895666.96,"Google Cloud Platform (GCP)",FALSE
"COMP-00066","Technology",28,13496344.29,"AWS",TRUE
"COMP-00067","Professional Services",132,50873641.16,"AWS",FALSE
"COMP-00068","Healthcare",34,16204683.2,"AWS",TRUE
"COMP-00069","Manufacturing",159,28503267.99,"AWS",TRUE
"COMP-00070","Technology",378,92310329.14,"AWS",FALSE
"COMP-00071","Technology",53,14588069.92,"Microsoft Azure",FALSE
"COMP-00072","Technology",18,5593830.17,"AWS",FALSE
"COMP-00073","Technology",22,6435854.47,"AWS",TRUE
"COMP-00074","Retail & E-commerce",224,75417237.15,"Other",TRUE
"COMP-00075","Technology",14,5053302.36,"AWS",TRUE
"COMP-00076","Healthcare",616,187029099.71,"Microsoft Azure",TRUE
"COMP-00077","Technology",126,26407440.19,"On-Prem/Hybrid",TRUE
"COMP-00078","Professional Services",284,55099268.02,"AWS",FALSE
"COMP-00079","Retail & E-commerce",37,6409010.68,"On-Prem/Hybrid",TRUE
"COMP-00080","Technology",42,6745322.9,"AWS",TRUE
"COMP-00081","Manufacturing",154,44457233,"AWS",FALSE
"COMP-00082","Technology",72,18697876.31,"On-Prem/Hybrid",TRUE
"COMP-00083","Professional Services",182,83092266.06,"AWS",TRUE
"COMP-00084","Manufacturing",72,14730973.49,"AWS",TRUE
"COMP-00085","Healthcare",72,24310440.43,"Google Cloud Platform (GCP)",TRUE
"COMP-00086","Manufacturing",744,334907676.03,"AWS",FALSE
"COMP-00087","Technology",162,66565451.88,"Microsoft Azure",TRUE
"COMP-00088","Technology",6,1423678.69,"Microsoft Azure",TRUE
"COMP-00089","Technology",213,35845148.81,"AWS",FALSE
"COMP-00090","Professional Services",40,10780258.69,"AWS",FALSE
"COMP-00091","Manufacturing",94,17165288.38,"Google Cloud Platform (GCP)",TRUE
"COMP-00092","Technology",457,119998136.3,"Microsoft Azure",TRUE
"COMP-00093","Technology",685,219535517,"On-Prem/Hybrid",TRUE
"COMP-00094","Finance & Insurance",8,3361920.88,"Other",FALSE
"COMP-00095","Finance & Insurance",14,9871324.89,"On-Prem/Hybrid",TRUE
"COMP-00096","Healthcare",152,29155565.46,"AWS",TRUE
"COMP-00097","Professional Services",42,9313911.59,"AWS",TRUE
"COMP-00098","Retail & E-commerce",51,17046297.89,"AWS",TRUE
"COMP-00099","Healthcare",394,132456806.74,"Microsoft Azure",FALSE
"COMP-00100","Manufacturing",52,11611888.1,"AWS",TRUE
"COMP-00101","Manufacturing",22,4509931.52,"AWS",TRUE
"COMP-00102","Technology",63,18809863.73,"AWS",TRUE
"COMP-00103","Technology",227,51597396.36,"AWS",FALSE
"COMP-00104","Professional Services",120,61886898.59,"On-Prem/Hybrid",FALSE
"COMP-00105","Finance & Insurance",223,78899112.58,"AWS",TRUE
"COMP-00106","Finance & Insurance",11,4263758.84,"AWS",TRUE
"COMP-00107","Healthcare",104,30583118.19,"AWS",FALSE
"COMP-00108","Healthcare",207,24502301.93,"Other",TRUE
"COMP-00109","Retail & E-commerce",470,120086275.05,"Microsoft Azure",TRUE
"COMP-00110","Technology",5,2518588.86,"AWS",FALSE
"COMP-00111","Manufacturing",35,23390030.34,"AWS",TRUE
"COMP-00112","Healthcare",237,33670832.93,"Microsoft Azure",TRUE
"COMP-00113","Healthcare",169,71264611.3,"AWS",TRUE
"COMP-00114","Retail & E-commerce",138,32256880.15,"Microsoft Azure",TRUE
"COMP-00115","Retail & E-commerce",13,5536528.87,"AWS",FALSE
"COMP-00116","Retail & E-commerce",61,12765167.32,"AWS",FALSE
"COMP-00117","Technology",7,4369535.42,"AWS",TRUE
"COMP-00118","Professional Services",92,6387911.1,"Microsoft Azure",FALSE
"COMP-00119","Manufacturing",27,4654451.79,"Other",TRUE
"COMP-00120","Healthcare",16,6756095.88,"Other",TRUE
"COMP-00121","Professional Services",110,32744020.41,"Google Cloud Platform (GCP)",TRUE
"COMP-00122","Retail & E-commerce",804,151273578.66,"Microsoft Azure",FALSE
"COMP-00123","Manufacturing",13,2952446.04,"AWS",TRUE
"COMP-00124","Manufacturing",32,7652697.6,"Google Cloud Platform (GCP)",FALSE
"COMP-00125","Healthcare",71,38300214.4,"Microsoft Azure",TRUE
"COMP-00126","Professional Services",39,4582073.76,"Other",TRUE
"COMP-00127","Finance & Insurance",26,11393950.33,"AWS",FALSE
"COMP-00128","Finance & Insurance",187,77519714.15,"AWS",TRUE
"COMP-00129","Technology",27,16842382.92,"AWS",FALSE
"COMP-00130","Healthcare",74,21904602.95,"On-Prem/Hybrid",TRUE
"COMP-00131","Finance & Insurance",292,133681351.55,"AWS",TRUE
"COMP-00132","Manufacturing",139,27588957.46,"AWS",FALSE
"COMP-00133","Manufacturing",13,1686863.37,"AWS",TRUE
"COMP-00134","Finance & Insurance",434,200069427.69,"Google Cloud Platform (GCP)",FALSE
"COMP-00135","Finance & Insurance",172,59674947.79,"AWS",TRUE
"COMP-00136","Manufacturing",117,15318442.72,"AWS",TRUE
"COMP-00137","Healthcare",77,21085567.48,"Google Cloud Platform (GCP)",FALSE
"COMP-00138","Technology",32,8588117.96,"Other",TRUE
"COMP-00139","Healthcare",33,9158735.77,"AWS",TRUE
"COMP-00140","Manufacturing",29,8025434.94,"Microsoft Azure",FALSE
"COMP-00141","Technology",17,6325600.33,"AWS",TRUE
"COMP-00142","Technology",171,48073311.51,"AWS",TRUE
"COMP-00143","Retail & E-commerce",18,6054040.58,"AWS",FALSE
"COMP-00144","Healthcare",149,105195136.76,"On-Prem/Hybrid",TRUE
"COMP-00145","Healthcare",32,6512891.02,"AWS",TRUE
"COMP-00146","Healthcare",256,75040594.6,"AWS",TRUE
"COMP-00147","Technology",311,170320892.7,"Microsoft Azure",TRUE
"COMP-00148","Finance & Insurance",92,65544257.54,"Microsoft Azure",TRUE
"COMP-00149","Professional Services",145,40752591.27,"On-Prem/Hybrid",FALSE
"COMP-00150","Technology",125,23271144.17,"AWS",TRUE
"COMP-00151","Healthcare",17,4489386.05,"On-Prem/Hybrid",FALSE
"COMP-00152","Professional Services",236,34722548.7,"Google Cloud Platform (GCP)",TRUE
"COMP-00153","Healthcare",228,26026106.02,"Other",FALSE
"COMP-00154","Professional Services",30,2391263.19,"AWS",FALSE
"COMP-00155","Manufacturing",27,10557761.03,"Other",FALSE
"COMP-00156","Healthcare",139,73833610.31,"Microsoft Azure",FALSE
"COMP-00157","Technology",24,6571417.36,"Microsoft Azure",FALSE
"COMP-00158","Technology",111,15935632.37,"AWS",TRUE
"COMP-00159","Technology",193,107735426.77,"Microsoft Azure",TRUE
"COMP-00160","Manufacturing",65,10896308.03,"Other",FALSE
"COMP-00161","Finance & Insurance",76,36309652.87,"Microsoft Azure",TRUE
"COMP-00162","Manufacturing",40,15076845.66,"Microsoft Azure",TRUE
"COMP-00163","Manufacturing",62,14757725.62,"Microsoft Azure",TRUE
"COMP-00164","Technology",45,27105153.39,"AWS",FALSE
"COMP-00165","Retail & E-commerce",1884,291269852.85,"AWS",FALSE
"COMP-00166","Technology",185,35730955.13,"Microsoft Azure",TRUE
"COMP-00167","Retail & E-commerce",348,99992824.52,"Microsoft Azure",TRUE
"COMP-00168","Professional Services",51,7111363.51,"AWS",FALSE
"COMP-00169","Technology",70,29273174.97,"AWS",TRUE
"COMP-00170","Technology",2428,722724273.19,"On-Prem/Hybrid",TRUE
"COMP-00171","Healthcare",33,10757932.05,"On-Prem/Hybrid",TRUE
"COMP-00172","Retail & E-commerce",42,3925735.27,"AWS",TRUE
"COMP-00173","Retail & E-commerce",76,20337447.37,"AWS",TRUE
"COMP-00174","Retail & E-commerce",339,52330889.21,"AWS",FALSE
"COMP-00175","Retail & E-commerce",5,646108.94,"Google Cloud Platform (GCP)",TRUE
"COMP-00176","Technology",1058,383227540.01,"Microsoft Azure",TRUE
"COMP-00177","Healthcare",24,8324936.93,"Microsoft Azure",TRUE
"COMP-00178","Manufacturing",21,6374427.93,"Microsoft Azure",TRUE
"COMP-00179","Healthcare",60,13239652.44,"AWS",TRUE
"COMP-00180","Healthcare",198,53750485.94,"AWS",TRUE
"COMP-00181","Finance & Insurance",32,19299005.6,"Google Cloud Platform (GCP)",FALSE
"COMP-00182","Finance & Insurance",9,3065949.58,"AWS",TRUE
"COMP-00183","Professional Services",50,21405279.05,"Google Cloud Platform (GCP)",FALSE
"COMP-00184","Professional Services",133,33812438.62,"On-Prem/Hybrid",TRUE
"COMP-00185","Healthcare",254,93933231.2,"On-Prem/Hybrid",TRUE
"COMP-00186","Healthcare",353,70506258.46,"AWS",TRUE
"COMP-00187","Finance & Insurance",53,10770563.19,"AWS",TRUE
"COMP-00188","Healthcare",521,154261049.9,"Microsoft Azure",TRUE
"COMP-00189","Technology",379,136462391.85,"Google Cloud Platform (GCP)",TRUE
"COMP-00190","Professional Services",52,15769771.89,"Microsoft Azure",TRUE
"COMP-00191","Technology",269,106239499.96,"AWS",TRUE
"COMP-00192","Healthcare",320,90720504.04,"Microsoft Azure",TRUE
"COMP-00193","Technology",17,4599044.4,"Microsoft Azure",TRUE
"COMP-00194","Technology",559,148368341.17,"Other",TRUE
"COMP-00195","Technology",82,32846576.82,"AWS",TRUE
"COMP-00196","Technology",164,38036489.07,"AWS",TRUE
"COMP-00197","Retail & E-commerce",81,19173488.08,"Microsoft Azure",TRUE
"COMP-00198","Technology",39,19422129.33,"Microsoft Azure",TRUE
"COMP-00199","Healthcare",562,107724990.08,"AWS",TRUE
"COMP-00200","Healthcare",436,139976797.81,"Microsoft Azure",FALSE
"COMP-00201","Finance & Insurance",25,17316444.75,"Microsoft Azure",TRUE
"COMP-00202","Retail & E-commerce",88,9055525.91,"Other",TRUE
"COMP-00203","Finance & Insurance",172,49269148.05,"Google Cloud Platform (GCP)",TRUE
"COMP-00204","Retail & E-commerce",11,4864486.78,"AWS",FALSE
"COMP-00205","Technology",52,32375860.59,"Other",TRUE
"COMP-00206","Retail & E-commerce",160,44037315.99,"Google Cloud Platform (GCP)",TRUE
"COMP-00207","Finance & Insurance",59,25592620.22,"AWS",TRUE
"COMP-00208","Retail & E-commerce",8,3193721.33,"Google Cloud Platform (GCP)",FALSE
"COMP-00209","Professional Services",15,3238454.89,"AWS",TRUE
"COMP-00210","Professional Services",30,5345149.39,"Microsoft Azure",FALSE
"COMP-00211","Retail & E-commerce",111,21495042.3,"AWS",FALSE
"COMP-00212","Manufacturing",10,2366588.74,"On-Prem/Hybrid",TRUE
"COMP-00213","Professional Services",164,71891081.87,"Microsoft Azure",FALSE
"COMP-00214","Technology",323,80402540.89,"Microsoft Azure",FALSE
"COMP-00215","Retail & E-commerce",46,15739530.24,"Microsoft Azure",TRUE
"COMP-00216","Healthcare",279,115664618.27,"AWS",TRUE
"COMP-00217","Manufacturing",289,34785199.55,"Google Cloud Platform (GCP)",FALSE
"COMP-00218","Professional Services",88,22408250.47,"Other",FALSE
"COMP-00219","Retail & E-commerce",58,23204103.16,"AWS",TRUE
"COMP-00220","Finance & Insurance",72,34896053.08,"AWS",TRUE
"COMP-00221","Retail & E-commerce",9,2558275.98,"On-Prem/Hybrid",FALSE
"COMP-00222","Technology",176,24824825.53,"AWS",TRUE
"COMP-00223","Retail & E-commerce",135,28869740.11,"Microsoft Azure",FALSE
"COMP-00224","Finance & Insurance",75,42784412.05,"Microsoft Azure",TRUE
"COMP-00225","Professional Services",5,967453.9,"Google Cloud Platform (GCP)",TRUE
"COMP-00226","Healthcare",128,29653986.41,"Google Cloud Platform (GCP)",TRUE
"COMP-00227","Professional Services",177,19085216.56,"AWS",TRUE
"COMP-00228","Technology",32,11077722.7,"AWS",FALSE
"COMP-00229","Technology",302,137861455.03,"Other",TRUE
"COMP-00230","Technology",180,54389878.11,"Microsoft Azure",TRUE
"COMP-00231","Professional Services",22,7830056.26,"Microsoft Azure",TRUE
"COMP-00232","Technology",28,6776035.56,"Microsoft Azure",TRUE
"COMP-00233","Professional Services",69,13365371.27,"AWS",TRUE
"COMP-00234","Technology",27,4712463.59,"AWS",FALSE
"COMP-00235","Finance & Insurance",26,11897587.95,"AWS",FALSE
"COMP-00236","Healthcare",460,142714201.53,"Microsoft Azure",TRUE
"COMP-00237","Technology",22,6635328.71,"AWS",TRUE
"COMP-00238","Finance & Insurance",123,36977566.39,"Microsoft Azure",TRUE
"COMP-00239","Manufacturing",14,3186638.81,"AWS",FALSE
"COMP-00240","Retail & E-commerce",89,16347653.76,"Google Cloud Platform (GCP)",TRUE
"COMP-00241","Technology",178,41611331.67,"Microsoft Azure",FALSE
"COMP-00242","Manufacturing",341,87426547.62,"AWS",TRUE
"COMP-00243","Technology",23,6273463.41,"AWS",TRUE
"COMP-00244","Technology",37,7967174,"AWS",FALSE
"COMP-00245","Retail & E-commerce",264,87139054.87,"AWS",FALSE
"COMP-00246","Retail & E-commerce",183,36679005.38,"AWS",TRUE
"COMP-00247","Technology",64,26838319.11,"AWS",TRUE
"COMP-00248","Technology",95,23506317.32,"AWS",TRUE
"COMP-00249","Retail & E-commerce",50,8558968.39,"AWS",TRUE
"COMP-00250","Finance & Insurance",212,52165351.97,"Google Cloud Platform (GCP)",FALSE
"COMP-00251","Professional Services",137,35186692.2,"Google Cloud Platform (GCP)",TRUE
"COMP-00252","Technology",80,33705846.75,"AWS",TRUE
"COMP-00253","Professional Services",33,4630710.48,"Microsoft Azure",FALSE
"COMP-00254","Retail & E-commerce",126,60784694.7,"AWS",TRUE
"COMP-00255","Technology",64,12936552.27,"Microsoft Azure",TRUE
"COMP-00256","Healthcare",10,2281623.95,"On-Prem/Hybrid",TRUE
"COMP-00257","Technology",29,12972411.78,"Microsoft Azure",TRUE
"COMP-00258","Retail & E-commerce",12,2249474.81,"On-Prem/Hybrid",TRUE
"COMP-00259","Manufacturing",276,53600176.31,"AWS",TRUE
"COMP-00260","Manufacturing",554,346911143.49,"Microsoft Azure",TRUE
"COMP-00261","Healthcare",1518,753160125.81,"Microsoft Azure",TRUE
"COMP-00262","Technology",1169,667126035.14,"On-Prem/Hybrid",TRUE
"COMP-00263","Professional Services",36,20851493.58,"On-Prem/Hybrid",FALSE
"COMP-00264","Finance & Insurance",20,12682304.45,"AWS",FALSE
"COMP-00265","Retail & E-commerce",43,13846896.46,"AWS",TRUE
"COMP-00266","Technology",414,72559064.36,"AWS",TRUE
"COMP-00267","Finance & Insurance",27,8353961.04,"AWS",FALSE
"COMP-00268","Technology",38,12956809.87,"On-Prem/Hybrid",FALSE
"COMP-00269","Finance & Insurance",37,9871966.81,"On-Prem/Hybrid",TRUE
"COMP-00270","Finance & Insurance",65,20675486.72,"Google Cloud Platform (GCP)",TRUE
"COMP-00271","Technology",199,34557718.7,"AWS",TRUE
"COMP-00272","Healthcare",15,4832358.63,"On-Prem/Hybrid",TRUE
"COMP-00273","Retail & E-commerce",88,27311217.23,"AWS",TRUE
"COMP-00274","Technology",11,1405399.75,"AWS",FALSE
"COMP-00275","Finance & Insurance",312,177770078.51,"Google Cloud Platform (GCP)",TRUE
"COMP-00276","Professional Services",253,98184141.6,"Other",TRUE
"COMP-00277","Professional Services",124,29238355.42,"Microsoft Azure",FALSE
"COMP-00278","Retail & E-commerce",68,15962399.11,"Microsoft Azure",TRUE
"COMP-00279","Retail & E-commerce",308,41555372.47,"AWS",TRUE
"COMP-00280","Professional Services",189,27917117.41,"On-Prem/Hybrid",TRUE
"COMP-00281","Retail & E-commerce",22,3726096.09,"AWS",TRUE
"COMP-00282","Technology",1850,543888132.82,"AWS",TRUE
"COMP-00283","Technology",42,13225997.26,"Other",TRUE
"COMP-00284","Finance & Insurance",26,9232352.45,"AWS",TRUE
"COMP-00285","Professional Services",152,37781867.91,"AWS",FALSE
"COMP-00286","Technology",124,30802915.09,"Google Cloud Platform (GCP)",TRUE
"COMP-00287","Retail & E-commerce",108,24426831.37,"Microsoft Azure",FALSE
"COMP-00288","Technology",16,5091037.39,"AWS",FALSE
"COMP-00289","Professional Services",101,10355978.66,"Microsoft Azure",FALSE
"COMP-00290","Technology",143,52895129.92,"Microsoft Azure",FALSE
"COMP-00291","Finance & Insurance",1329,659154316.24,"AWS",TRUE
"COMP-00292","Healthcare",35,5834216.66,"Microsoft Azure",FALSE
"COMP-00293","Professional Services",219,45619071.36,"On-Prem/Hybrid",TRUE
"COMP-00294","Professional Services",32,10054004.65,"Microsoft Azure",TRUE
"COMP-00295","Professional Services",129,37161906.76,"AWS",TRUE
"COMP-00296","Technology",28,12973027.49,"On-Prem/Hybrid",TRUE
"COMP-00297","Healthcare",8,2238105.42,"Microsoft Azure",TRUE
"COMP-00298","Manufacturing",6,1591735.62,"Other",FALSE
"COMP-00299","Technology",255,178298527.85,"Google Cloud Platform (GCP)",TRUE
"COMP-00300","Technology",99,24725149.03,"Google Cloud Platform (GCP)",TRUE
"COMP-00301","Retail & E-commerce",143,22758582.63,"Microsoft Azure",FALSE
"COMP-00302","Retail & E-commerce",8,2174548.24,"Microsoft Azure",FALSE
"COMP-00303","Technology",76,29604653.25,"Google Cloud Platform (GCP)",FALSE
"COMP-00304","Professional Services",101,17906891.59,"Google Cloud Platform (GCP)",TRUE
"COMP-00305","Finance & Insurance",653,187213530.02,"Other",TRUE
"COMP-00306","Finance & Insurance",39,16622426.44,"Microsoft Azure",TRUE
"COMP-00307","Professional Services",235,88349210.74,"Google Cloud Platform (GCP)",TRUE
"COMP-00308","Technology",87,42527405.9,"On-Prem/Hybrid",FALSE
"COMP-00309","Professional Services",275,60409640.4,"AWS",TRUE
"COMP-00310","Professional Services",110,18193881.43,"Microsoft Azure",TRUE
"COMP-00311","Technology",109,23011064.04,"AWS",TRUE
"COMP-00312","Finance & Insurance",74,33294643.05,"Microsoft Azure",TRUE
"COMP-00313","Retail & E-commerce",100,22450952.95,"Google Cloud Platform (GCP)",FALSE
"COMP-00314","Technology",100,41518209.23,"AWS",TRUE
"COMP-00315","Technology",73,40941172.42,"AWS",FALSE
"COMP-00316","Finance & Insurance",75,43488593.26,"AWS",TRUE
"COMP-00317","Professional Services",250,59759340.15,"Microsoft Azure",TRUE
"COMP-00318","Manufacturing",72,25192551.35,"Microsoft Azure",FALSE
"COMP-00319","Finance & Insurance",33,8771189.17,"Microsoft Azure",FALSE
"COMP-00320","Finance & Insurance",80,101923810.64,"AWS",TRUE
"COMP-00321","Retail & E-commerce",20,3023156.72,"AWS",TRUE
"COMP-00322","Professional Services",708,112250684.82,"Microsoft Azure",TRUE
"COMP-00323","Technology",1801,1059979168.24,"On-Prem/Hybrid",TRUE
"COMP-00324","Professional Services",87,12570767.06,"Google Cloud Platform (GCP)",TRUE
"COMP-00325","Manufacturing",91,10244461.1,"Google Cloud Platform (GCP)",TRUE
"COMP-00326","Finance & Insurance",28,10774996.8,"Other",FALSE
"COMP-00327","Professional Services",130,28568629.62,"Google Cloud Platform (GCP)",FALSE
"COMP-00328","Healthcare",292,122572827.87,"On-Prem/Hybrid",TRUE
"COMP-00329","Healthcare",230,34413886.07,"AWS",TRUE
"COMP-00330","Healthcare",89,27397756.31,"Microsoft Azure",TRUE
"COMP-00331","Finance & Insurance",408,276302979.21,"Microsoft Azure",TRUE
"COMP-00332","Technology",750,203974861.7,"AWS",TRUE
"COMP-00333","Technology",62,18820093.27,"On-Prem/Hybrid",TRUE
"COMP-00334","Professional Services",150,26157773.37,"Microsoft Azure",FALSE
"COMP-00335","Manufacturing",360,67311348.58,"AWS",TRUE
"COMP-00336","Retail & E-commerce",64,8833168.54,"AWS",FALSE
"COMP-00337","Retail & E-commerce",106,24132263.04,"AWS",FALSE
"COMP-00338","Professional Services",24,6046257.48,"AWS",TRUE
"COMP-00339","Healthcare",31,7598825.12,"Microsoft Azure",TRUE
"COMP-00340","Professional Services",5,1542165.53,"AWS",FALSE
"COMP-00341","Retail & E-commerce",39,9027813.82,"AWS",TRUE
"COMP-00342","Technology",48,10437617.74,"Google Cloud Platform (GCP)",TRUE
"COMP-00343","Healthcare",324,173949361.55,"Microsoft Azure",FALSE
"COMP-00344","Professional Services",24,3117159.33,"Microsoft Azure",TRUE
"COMP-00345","Technology",81,27800889.68,"Google Cloud Platform (GCP)",FALSE
"COMP-00346","Technology",55,12201827.79,"AWS",TRUE
"COMP-00347","Finance & Insurance",57,29270251.38,"Microsoft Azure",TRUE
"COMP-00348","Professional Services",106,18656361.61,"On-Prem/Hybrid",FALSE
"COMP-00349","Healthcare",546,103213081,"Microsoft Azure",TRUE
"COMP-00350","Finance & Insurance",22,7842776.58,"AWS",FALSE
"COMP-00351","Retail & E-commerce",203,113351362.07,"Google Cloud Platform (GCP)",TRUE
"COMP-00352","Manufacturing",39,11348025.99,"Microsoft Azure",TRUE
"COMP-00353","Technology",23,5094301.5,"AWS",TRUE
"COMP-00354","Technology",249,67303480.57,"Microsoft Azure",TRUE
"COMP-00355","Healthcare",19,4060698.9,"Google Cloud Platform (GCP)",FALSE
"COMP-00356","Retail & E-commerce",29,5310911.99,"Microsoft Azure",FALSE
"COMP-00357","Manufacturing",303,50056214.67,"Microsoft Azure",FALSE
"COMP-00358","Finance & Insurance",79,48082615.73,"AWS",FALSE
"COMP-00359","Retail & E-commerce",600,174281260.01,"Microsoft Azure",FALSE
"COMP-00360","Retail & E-commerce",2323,722850512.9,"AWS",TRUE
"COMP-00361","Manufacturing",114,83701589.38,"Microsoft Azure",FALSE
"COMP-00362","Manufacturing",224,43564148.54,"Google Cloud Platform (GCP)",TRUE
"COMP-00363","Professional Services",103,11338958.59,"On-Prem/Hybrid",FALSE
"COMP-00364","Finance & Insurance",46,28790127.08,"Microsoft Azure",TRUE
"COMP-00365","Manufacturing",38,12511643.44,"Other",TRUE
"COMP-00366","Manufacturing",328,85090047.77,"AWS",FALSE
"COMP-00367","Manufacturing",216,51766093.88,"AWS",TRUE
"COMP-00368","Finance & Insurance",159,52119697.74,"AWS",TRUE
"COMP-00369","Professional Services",262,52868131.89,"AWS",TRUE
"COMP-00370","Professional Services",23,3952884.82,"AWS",FALSE
"COMP-00371","Technology",24,21739311.28,"Microsoft Azure",TRUE
"COMP-00372","Professional Services",108,33237811.92,"Microsoft Azure",TRUE
"COMP-00373","Healthcare",172,60270365.68,"AWS",FALSE
"COMP-00374","Technology",358,166533738.27,"AWS",TRUE
"COMP-00375","Healthcare",530,78391153.88,"Microsoft Azure",TRUE
"COMP-00376","Finance & Insurance",112,41836665.77,"Google Cloud Platform (GCP)",TRUE
"COMP-00377","Technology",24,11800035.23,"Other",FALSE
"COMP-00378","Technology",21,7368576.28,"Other",TRUE
"COMP-00379","Technology",28,6411428.37,"Other",TRUE
"COMP-00380","Healthcare",480,229432574.84,"Microsoft Azure",TRUE
"COMP-00381","Manufacturing",146,25619539.93,"AWS",TRUE
"COMP-00382","Retail & E-commerce",538,293971859.93,"AWS",FALSE
"COMP-00383","Professional Services",40,7648897.25,"AWS",TRUE
"COMP-00384","Professional Services",85,4680608.26,"Google Cloud Platform (GCP)",TRUE
"COMP-00385","Manufacturing",193,55735922.83,"AWS",TRUE
"COMP-00386","Healthcare",138,33059644.3,"On-Prem/Hybrid",FALSE
"COMP-00387","Technology",22,6592419.3,"Microsoft Azure",FALSE
"COMP-00388","Finance & Insurance",15,8600174.95,"AWS",TRUE
"COMP-00389","Technology",5,2192414.72,"AWS",TRUE
"COMP-00390","Technology",196,121147948.67,"Google Cloud Platform (GCP)",FALSE
"COMP-00391","Finance & Insurance",184,81464592.99,"Microsoft Azure",FALSE
"COMP-00392","Retail & E-commerce",89,7932642.68,"Google Cloud Platform (GCP)",TRUE
"COMP-00393","Manufacturing",1035,592276120.7,"AWS",TRUE
"COMP-00394","Technology",125,30697874.17,"Microsoft Azure",TRUE
"COMP-00395","Healthcare",50,12367465.42,"Microsoft Azure",FALSE
"COMP-00396","Retail & E-commerce",367,48898431.79,"AWS",TRUE
"COMP-00397","Finance & Insurance",300,221182297.37,"Microsoft Azure",TRUE
"COMP-00398","Finance & Insurance",39,15745290.22,"Microsoft Azure",TRUE
"COMP-00399","Manufacturing",98,15917729.29,"On-Prem/Hybrid",TRUE
"COMP-00400","Technology",261,57022080.62,"On-Prem/Hybrid",TRUE
"COMP-00401","Technology",282,130270721.7,"AWS",TRUE
"COMP-00402","Retail & E-commerce",77,17894324.1,"AWS",TRUE
"COMP-00403","Manufacturing",19,5786466.1,"Google Cloud Platform (GCP)",TRUE
"COMP-00404","Retail & E-commerce",661,147261167.37,"Microsoft Azure",TRUE
"COMP-00405","Finance & Insurance",106,55086455.16,"Google Cloud Platform (GCP)",TRUE
"COMP-00406","Technology",52,16979408.94,"Google Cloud Platform (GCP)",TRUE
"COMP-00407","Finance & Insurance",62,10885835.37,"Microsoft Azure",TRUE
"COMP-00408","Professional Services",53,8307599.91,"AWS",FALSE
"COMP-00409","Technology",12,4095869.55,"Microsoft Azure",TRUE
"COMP-00410","Professional Services",73,19277776.63,"Microsoft Azure",TRUE
"COMP-00411","Technology",295,131155780.38,"Google Cloud Platform (GCP)",TRUE
"COMP-00412","Manufacturing",1398,354029197.82,"AWS",FALSE
"COMP-00413","Technology",47,11439728.1,"Microsoft Azure",TRUE
"COMP-00414","Healthcare",72,48148259.76,"Other",FALSE
"COMP-00415","Technology",198,58059733.39,"Google Cloud Platform (GCP)",FALSE
"COMP-00416","Technology",74,28333436.43,"AWS",TRUE
"COMP-00417","Professional Services",47,8543524.78,"AWS",TRUE
"COMP-00418","Healthcare",60,23788435.02,"AWS",FALSE
"COMP-00419","Retail & E-commerce",118,36848296.74,"AWS",FALSE
"COMP-00420","Technology",6,1237057.72,"AWS",TRUE
"COMP-00421","Technology",42,13691652.25,"On-Prem/Hybrid",TRUE
"COMP-00422","Retail & E-commerce",105,25195257.78,"Microsoft Azure",TRUE
"COMP-00423","Finance & Insurance",164,54942750.19,"Google Cloud Platform (GCP)",FALSE
"COMP-00424","Healthcare",28,6810579.35,"AWS",FALSE
"COMP-00425","Retail & E-commerce",44,7094967.04,"AWS",TRUE
"COMP-00426","Technology",12,2578501.61,"AWS",TRUE
"COMP-00427","Retail & E-commerce",157,33967967.79,"AWS",FALSE
"COMP-00428","Professional Services",192,61190974.78,"AWS",TRUE
"COMP-00429","Manufacturing",82,14595162.38,"Microsoft Azure",FALSE
"COMP-00430","Retail & E-commerce",93,14851318.77,"Google Cloud Platform (GCP)",TRUE
"COMP-00431","Retail & E-commerce",5,2686395.73,"AWS",FALSE
"COMP-00432","Retail & E-commerce",491,80545058.33,"Microsoft Azure",TRUE
"COMP-00433","Retail & E-commerce",63,15420039.01,"AWS",TRUE
"COMP-00434","Technology",44,8891962.6,"Microsoft Azure",FALSE
"COMP-00435","Finance & Insurance",92,61107779.75,"AWS",TRUE
"COMP-00436","Technology",186,68673765.13,"Microsoft Azure",TRUE
"COMP-00437","Retail & E-commerce",595,176668810.63,"AWS",TRUE
"COMP-00438","Technology",143,41026177.88,"Google Cloud Platform (GCP)",TRUE
"COMP-00439","Technology",23,2608251.37,"AWS",TRUE
"COMP-00440","Retail & E-commerce",82,22487271.39,"AWS",FALSE
"COMP-00441","Manufacturing",102,48147342.15,"Microsoft Azure",TRUE
"COMP-00442","Finance & Insurance",110,44772055.49,"AWS",FALSE
"COMP-00443","Professional Services",293,78612993.54,"On-Prem/Hybrid",FALSE
"COMP-00444","Finance & Insurance",81,24073614.66,"Google Cloud Platform (GCP)",FALSE
"COMP-00445","Professional Services",35,9912030.94,"Google Cloud Platform (GCP)",FALSE
"COMP-00446","Retail & E-commerce",479,77964472.55,"Google Cloud Platform (GCP)",TRUE
"COMP-00447","Technology",2427,626907318.8,"AWS",FALSE
"COMP-00448","Healthcare",63,13602538.68,"AWS",TRUE
"COMP-00449","Manufacturing",278,80502825.87,"Google Cloud Platform (GCP)",TRUE
"COMP-00450","Technology",330,107139505.69,"On-Prem/Hybrid",FALSE
"COMP-00451","Retail & E-commerce",272,55451570.63,"Microsoft Azure",TRUE
"COMP-00452","Professional Services",55,6157284.17,"AWS",TRUE
"COMP-00453","Manufacturing",200,44620849.62,"AWS",TRUE
"COMP-00454","Manufacturing",392,112252787.64,"AWS",TRUE
"COMP-00455","Retail & E-commerce",3251,1256044573.03,"On-Prem/Hybrid",TRUE
"COMP-00456","Professional Services",145,44335930.39,"AWS",FALSE
"COMP-00457","Professional Services",98,23980840.89,"Google Cloud Platform (GCP)",TRUE
"COMP-00458","Manufacturing",29,8709175.35,"AWS",TRUE
"COMP-00459","Finance & Insurance",91,38254752.38,"Microsoft Azure",TRUE
"COMP-00460","Healthcare",210,41432351.68,"On-Prem/Hybrid",TRUE
"COMP-00461","Professional Services",200,45385636.32,"Microsoft Azure",TRUE
"COMP-00462","Technology",30,6915745.38,"Microsoft Azure",TRUE
"COMP-00463","Healthcare",91,24211829.31,"Other",FALSE
"COMP-00464","Technology",25,16258596.51,"AWS",TRUE
"COMP-00465","Technology",147,28877252.57,"AWS",TRUE
"COMP-00466","Manufacturing",100,18193300.91,"Microsoft Azure",FALSE
"COMP-00467","Professional Services",387,94354875.55,"Microsoft Azure",FALSE
"COMP-00468","Technology",108,47827121.65,"Microsoft Azure",TRUE
"COMP-00469","Professional Services",301,38101770.92,"AWS",TRUE
"COMP-00470","Finance & Insurance",183,111954915.32,"AWS",TRUE
"COMP-00471","Professional Services",32,7299229.06,"AWS",TRUE
"COMP-00472","Technology",15,6204554.22,"Microsoft Azure",TRUE
"COMP-00473","Finance & Insurance",86,47725970.8,"AWS",TRUE
"COMP-00474","Finance & Insurance",1254,839118981.11,"Microsoft Azure",TRUE
"COMP-00475","Retail & E-commerce",225,35290836.16,"Google Cloud Platform (GCP)",FALSE
"COMP-00476","Retail & E-commerce",169,66562185.43,"On-Prem/Hybrid",TRUE
"COMP-00477","Manufacturing",194,63116832.43,"Microsoft Azure",TRUE
"COMP-00478","Finance & Insurance",423,269352096.1,"AWS",TRUE
"COMP-00479","Technology",683,306038067.89,"Google Cloud Platform (GCP)",TRUE
"COMP-00480","Healthcare",286,82982709.07,"AWS",TRUE
"COMP-00481","Technology",424,121688822.47,"AWS",TRUE
"COMP-00482","Manufacturing",312,113146841.48,"Google Cloud Platform (GCP)",TRUE
"COMP-00483","Healthcare",485,110790942.58,"On-Prem/Hybrid",TRUE
"COMP-00484","Technology",361,116491988.72,"AWS",TRUE
"COMP-00485","Finance & Insurance",13,7032242.06,"Microsoft Azure",TRUE
"COMP-00486","Retail & E-commerce",37,6827399.96,"Microsoft Azure",FALSE
"COMP-00487","Finance & Insurance",68,66731675.23,"Microsoft Azure",FALSE
"COMP-00488","Technology",88,24040496.63,"AWS",TRUE
"COMP-00489","Technology",950,583480117.84,"Microsoft Azure",TRUE
"COMP-00490","Technology",144,56445247.56,"AWS",TRUE
"COMP-00491","Finance & Insurance",324,144515631.8,"Microsoft Azure",FALSE
"COMP-00492","Retail & E-commerce",65,7341001.97,"AWS",FALSE
"COMP-00493","Healthcare",113,18557709.41,"AWS",TRUE
"COMP-00494","Retail & E-commerce",73,23181516.02,"AWS",FALSE
"COMP-00495","Retail & E-commerce",75,18156976.32,"Microsoft Azure",TRUE
"COMP-00496","Technology",771,91910656.69,"AWS",TRUE
"COMP-00497","Healthcare",130,31985959.76,"AWS",TRUE
"COMP-00498","Professional Services",140,23098407.6,"AWS",FALSE
"COMP-00499","Technology",86,16840653.44,"AWS",TRUE
"COMP-00500","Technology",44,14915155.71,"On-Prem/Hybrid",FALSE
"COMP-00501","Technology",71,19287312.73,"Microsoft Azure",TRUE
"COMP-00502","Technology",21,4634243.23,"AWS",TRUE
"COMP-00503","Retail & E-commerce",88,35769722.4,"AWS",TRUE
"COMP-00504","Healthcare",36,11026063.54,"Microsoft Azure",FALSE
"COMP-00505","Technology",375,52433694.47,"AWS",TRUE
"COMP-00506","Finance & Insurance",551,373712064.48,"AWS",TRUE
"COMP-00507","Manufacturing",22,4783873.05,"AWS",FALSE
"COMP-00508","Technology",19,8363614.32,"AWS",FALSE
"COMP-00509","Finance & Insurance",50,25986225.91,"Microsoft Azure",TRUE
"COMP-00510","Professional Services",84,12686774.48,"AWS",TRUE
"COMP-00511","Technology",105,48317978.36,"Microsoft Azure",TRUE
"COMP-00512","Healthcare",235,61505959.72,"AWS",TRUE
"COMP-00513","Technology",27,5665957.61,"AWS",TRUE
"COMP-00514","Professional Services",121,20518217.78,"Google Cloud Platform (GCP)",TRUE
"COMP-00515","Retail & E-commerce",42,8734750.12,"Microsoft Azure",TRUE
"COMP-00516","Professional Services",44,9349159,"AWS",TRUE
"COMP-00517","Technology",174,37462466.65,"AWS",TRUE
"COMP-00518","Professional Services",104,28065207.93,"Google Cloud Platform (GCP)",FALSE
"COMP-00519","Professional Services",211,42118741.52,"On-Prem/Hybrid",FALSE
"COMP-00520","Manufacturing",34,8003404.6,"Microsoft Azure",TRUE
"COMP-00521","Healthcare",100,15126152.39,"AWS",TRUE
"COMP-00522","Finance & Insurance",73,30925213.94,"AWS",TRUE
"COMP-00523","Healthcare",307,97215754.15,"On-Prem/Hybrid",FALSE
"COMP-00524","Technology",87,22127460.24,"Microsoft Azure",TRUE
"COMP-00525","Manufacturing",35,4945878.08,"AWS",TRUE
"COMP-00526","Manufacturing",213,71075808.49,"AWS",FALSE
"COMP-00527","Technology",169,47533771.64,"Microsoft Azure",TRUE
"COMP-00528","Finance & Insurance",239,93484167.58,"AWS",TRUE
"COMP-00529","Retail & E-commerce",110,23914880.48,"Other",FALSE
"COMP-00530","Professional Services",33,5103320.78,"AWS",FALSE
"COMP-00531","Finance & Insurance",15,10415624.01,"Other",FALSE
"COMP-00532","Technology",337,75454346.21,"AWS",TRUE
"COMP-00533","Healthcare",277,77084463.43,"Other",TRUE
"COMP-00534","Manufacturing",94,11486481.75,"On-Prem/Hybrid",TRUE
"COMP-00535","Retail & E-commerce",5,522749.58,"AWS",FALSE
"COMP-00536","Technology",80,35254423.67,"Microsoft Azure",TRUE
"COMP-00537","Technology",241,121656256.73,"Microsoft Azure",TRUE
"COMP-00538","Retail & E-commerce",50,15628495.46,"AWS",TRUE
"COMP-00539","Retail & E-commerce",131,36872849.82,"AWS",FALSE
"COMP-00540","Technology",26,5358412.81,"AWS",FALSE
"COMP-00541","Healthcare",167,63464730.55,"Google Cloud Platform (GCP)",FALSE
"COMP-00542","Finance & Insurance",18,5169476.87,"Microsoft Azure",TRUE
"COMP-00543","Retail & E-commerce",46,20008740.49,"Google Cloud Platform (GCP)",FALSE
"COMP-00544","Technology",397,239087348.39,"On-Prem/Hybrid",TRUE
"COMP-00545","Manufacturing",69,19874788.68,"Microsoft Azure",TRUE
"COMP-00546","Healthcare",495,183655595.07,"AWS",FALSE
"COMP-00547","Manufacturing",140,30574943.55,"Google Cloud Platform (GCP)",TRUE
"COMP-00548","Technology",395,203199525.78,"Microsoft Azure",TRUE
"COMP-00549","Professional Services",83,13722939.18,"Other",FALSE
"COMP-00550","Professional Services",204,21962393.83,"AWS",TRUE
"COMP-00551","Finance & Insurance",171,63683639.16,"Google Cloud Platform (GCP)",FALSE
"COMP-00552","Technology",57,23884157.89,"AWS",TRUE
"COMP-00553","Manufacturing",611,206654437.27,"Microsoft Azure",FALSE
"COMP-00554","Technology",262,54929451.68,"AWS",TRUE
"COMP-00555","Technology",33,17852970.4,"AWS",TRUE
"COMP-00556","Technology",375,124785937.85,"AWS",TRUE
"COMP-00557","Finance & Insurance",51,21566658.54,"AWS",TRUE
"COMP-00558","Professional Services",5,1666612.49,"On-Prem/Hybrid",FALSE
"COMP-00559","Finance & Insurance",69,77751230.2,"AWS",TRUE
"COMP-00560","Healthcare",30,10682592.2,"AWS",TRUE
"COMP-00561","Healthcare",55,7898399.75,"AWS",FALSE
"COMP-00562","Technology",44,19097976.19,"Microsoft Azure",TRUE
"COMP-00563","Technology",5,1249815.93,"Microsoft Azure",TRUE
"COMP-00564","Technology",49,17024656.84,"Microsoft Azure",TRUE
"COMP-00565","Professional Services",286,36177854.18,"Microsoft Azure",TRUE
"COMP-00566","Professional Services",12,3059420.83,"AWS",FALSE
"COMP-00567","Healthcare",513,214354632.32,"AWS",TRUE
"COMP-00568","Professional Services",564,124005374.05,"AWS",TRUE
"COMP-00569","Retail & E-commerce",29,13224211.6,"Google Cloud Platform (GCP)",TRUE
"COMP-00570","Healthcare",1413,196256347.01,"Microsoft Azure",TRUE
"COMP-00571","Manufacturing",24,6415587.83,"Microsoft Azure",TRUE
"COMP-00572","Technology",107,29200485.37,"Other",FALSE
"COMP-00573","Finance & Insurance",56,58036248.99,"AWS",TRUE
"COMP-00574","Technology",408,127357643.84,"AWS",TRUE
"COMP-00575","Technology",20,7402023.04,"Microsoft Azure",TRUE
"COMP-00576","Manufacturing",52,11956852.06,"AWS",FALSE
"COMP-00577","Technology",15,2527041.26,"Microsoft Azure",FALSE
"COMP-00578","Technology",246,98316781.74,"AWS",TRUE
"COMP-00579","Manufacturing",179,34015331.08,"AWS",TRUE
"COMP-00580","Manufacturing",77,15956836.83,"AWS",FALSE
"COMP-00581","Technology",34,24594339.89,"Google Cloud Platform (GCP)",TRUE
"COMP-00582","Finance & Insurance",28,9121987.84,"AWS",TRUE
"COMP-00583","Manufacturing",100,28813729.34,"AWS",TRUE
"COMP-00584","Manufacturing",17,4043421.44,"Microsoft Azure",TRUE
"COMP-00585","Technology",1063,348291723.96,"Google Cloud Platform (GCP)",TRUE
"COMP-00586","Retail & E-commerce",24,11059306.85,"Microsoft Azure",TRUE
"COMP-00587","Finance & Insurance",82,34078584.84,"AWS",TRUE
"COMP-00588","Finance & Insurance",44,18753147.99,"Microsoft Azure",TRUE
"COMP-00589","Retail & E-commerce",66,29382251.63,"Google Cloud Platform (GCP)",FALSE
"COMP-00590","Healthcare",82,37276518.01,"Microsoft Azure",TRUE
"COMP-00591","Professional Services",172,38674129.41,"Microsoft Azure",FALSE
"COMP-00592","Healthcare",33,10744953.77,"Google Cloud Platform (GCP)",TRUE
"COMP-00593","Retail & E-commerce",28,8157466.09,"AWS",TRUE
"COMP-00594","Finance & Insurance",232,142937183.72,"Google Cloud Platform (GCP)",TRUE
"COMP-00595","Healthcare",1006,489811825.3,"AWS",TRUE
"COMP-00596","Retail & E-commerce",213,39559708.36,"Microsoft Azure",TRUE
"COMP-00597","Retail & E-commerce",153,34519802.32,"AWS",FALSE
"COMP-00598","Professional Services",113,12754487.59,"AWS",FALSE
"COMP-00599","Technology",99,53270654.49,"Microsoft Azure",FALSE
"COMP-00600","Retail & E-commerce",9,2427097.62,"Google Cloud Platform (GCP)",FALSE
"COMP-00601","Retail & E-commerce",179,13582570.48,"AWS",TRUE
"COMP-00602","Professional Services",49,13368950.02,"Microsoft Azure",TRUE
"COMP-00603","Healthcare",129,52490322.31,"AWS",TRUE
"COMP-00604","Professional Services",546,133674944.27,"AWS",TRUE
"COMP-00605","Retail & E-commerce",76,25476161.75,"AWS",TRUE
"COMP-00606","Retail & E-commerce",181,44337863.97,"Google Cloud Platform (GCP)",TRUE
"COMP-00607","Healthcare",38,9614469.63,"Microsoft Azure",FALSE
"COMP-00608","Technology",487,125057810.4,"AWS",TRUE
"COMP-00609","Retail & E-commerce",500,56683605.65,"Microsoft Azure",FALSE
"COMP-00610","Retail & E-commerce",227,54453068.9,"AWS",FALSE
"COMP-00611","Retail & E-commerce",234,36161981.27,"AWS",FALSE
"COMP-00612","Retail & E-commerce",128,25158579.39,"AWS",TRUE
"COMP-00613","Manufacturing",142,22932878.4,"Microsoft Azure",FALSE
"COMP-00614","Professional Services",164,69110693.41,"Google Cloud Platform (GCP)",FALSE
"COMP-00615","Healthcare",73,12426328.77,"AWS",FALSE
"COMP-00616","Finance & Insurance",46,41583489.9,"AWS",TRUE
"COMP-00617","Technology",63,21040160.94,"Microsoft Azure",FALSE
"COMP-00618","Technology",170,78551695.47,"AWS",TRUE
"COMP-00619","Retail & E-commerce",57,9776908.78,"AWS",FALSE
"COMP-00620","Professional Services",9,1750436.87,"Microsoft Azure",TRUE
"COMP-00621","Retail & E-commerce",219,38467258.7,"AWS",TRUE
"COMP-00622","Manufacturing",119,14153569.21,"AWS",TRUE
"COMP-00623","Technology",40,19966713.73,"On-Prem/Hybrid",FALSE
"COMP-00624","Healthcare",68,40461695.86,"AWS",TRUE
"COMP-00625","Technology",146,30239483.29,"Google Cloud Platform (GCP)",FALSE
"COMP-00626","Manufacturing",648,181619294.4,"AWS",TRUE
"COMP-00627","Professional Services",325,48531486.77,"Microsoft Azure",TRUE
"COMP-00628","Retail & E-commerce",43,8368276.88,"Other",FALSE
"COMP-00629","Healthcare",1735,416380056.07,"Google Cloud Platform (GCP)",TRUE
"COMP-00630","Retail & E-commerce",427,107157767.12,"Other",TRUE
"COMP-00631","Professional Services",162,33328127.68,"AWS",FALSE
"COMP-00632","Technology",142,48506162.69,"Microsoft Azure",TRUE
"COMP-00633","Technology",50,15023567.33,"Microsoft Azure",TRUE
"COMP-00634","Technology",173,68597936.08,"Microsoft Azure",FALSE
"COMP-00635","Manufacturing",200,51040113.83,"On-Prem/Hybrid",FALSE
"COMP-00636","Healthcare",78,24453870.06,"AWS",TRUE
"COMP-00637","Technology",157,125691535.91,"Microsoft Azure",TRUE
"COMP-00638","Retail & E-commerce",32,6622679.26,"On-Prem/Hybrid",TRUE
"COMP-00639","Finance & Insurance",367,142576410.85,"Other",TRUE
"COMP-00640","Healthcare",81,21446072.91,"Microsoft Azure",FALSE
"COMP-00641","Professional Services",10,1321413.87,"AWS",TRUE
"COMP-00642","Technology",52,28756286.02,"AWS",TRUE
"COMP-00643","Manufacturing",125,31080014.04,"Microsoft Azure",TRUE
"COMP-00644","Healthcare",187,62639233.56,"Microsoft Azure",FALSE
"COMP-00645","Retail & E-commerce",22,4770214.95,"Google Cloud Platform (GCP)",FALSE
"COMP-00646","Manufacturing",96,20825971.78,"Google Cloud Platform (GCP)",FALSE
"COMP-00647","Retail & E-commerce",80,14566075.86,"AWS",FALSE
"COMP-00648","Professional Services",51,8198078.71,"AWS",TRUE
"COMP-00649","Finance & Insurance",29,29180546,"AWS",TRUE
"COMP-00650","Finance & Insurance",18,5395770.27,"Google Cloud Platform (GCP)",TRUE
"COMP-00651","Technology",118,54424348.43,"Google Cloud Platform (GCP)",FALSE
"COMP-00652","Finance & Insurance",24,10228153.38,"Microsoft Azure",TRUE
"COMP-00653","Finance & Insurance",35,8814860.65,"AWS",FALSE
"COMP-00654","Manufacturing",228,70613584.98,"AWS",FALSE
"COMP-00655","Retail & E-commerce",49,10814425.6,"AWS",TRUE
"COMP-00656","Retail & E-commerce",131,19858335.7,"Google Cloud Platform (GCP)",TRUE
"COMP-00657","Technology",309,99547682.52,"Microsoft Azure",TRUE
"COMP-00658","Technology",115,43066941.4,"Microsoft Azure",TRUE
"COMP-00659","Retail & E-commerce",99,33294013.7,"Microsoft Azure",TRUE
"COMP-00660","Professional Services",44,5412733.38,"Google Cloud Platform (GCP)",FALSE
"COMP-00661","Healthcare",36,10561571.02,"AWS",FALSE
"COMP-00662","Finance & Insurance",32,11292651.41,"AWS",TRUE
"COMP-00663","Professional Services",138,20855092.66,"Google Cloud Platform (GCP)",TRUE
"COMP-00664","Healthcare",10,2772708.13,"AWS",FALSE
"COMP-00665","Technology",149,74990062.97,"AWS",TRUE
"COMP-00666","Healthcare",22,4495597.8,"Microsoft Azure",TRUE
"COMP-00667","Manufacturing",111,24874313.86,"Google Cloud Platform (GCP)",FALSE
"COMP-00668","Retail & E-commerce",411,110154976.58,"Google Cloud Platform (GCP)",TRUE
"COMP-00669","Healthcare",167,31101386.37,"AWS",FALSE
"COMP-00670","Professional Services",65,9786250.52,"AWS",FALSE
"COMP-00671","Retail & E-commerce",131,36643216.13,"Microsoft Azure",FALSE
"COMP-00672","Healthcare",12,2512839.47,"Microsoft Azure",TRUE
"COMP-00673","Technology",46,16643198.02,"On-Prem/Hybrid",TRUE
"COMP-00674","Professional Services",65,9809975.54,"Microsoft Azure",FALSE
"COMP-00675","Technology",5,2363284.12,"Google Cloud Platform (GCP)",TRUE
"COMP-00676","Technology",749,295139667,"AWS",TRUE
"COMP-00677","Technology",134,64723692.84,"Microsoft Azure",TRUE
"COMP-00678","Professional Services",317,59404422.38,"AWS",TRUE
"COMP-00679","Professional Services",88,27790455.77,"Other",TRUE
"COMP-00680","Professional Services",161,30318463.67,"Microsoft Azure",TRUE
"COMP-00681","Retail & E-commerce",889,256954174.97,"Google Cloud Platform (GCP)",TRUE
"COMP-00682","Finance & Insurance",93,41967985.51,"AWS",TRUE
"COMP-00683","Healthcare",131,58732028.16,"Microsoft Azure",TRUE
"COMP-00684","Finance & Insurance",173,131701291.36,"Microsoft Azure",TRUE
"COMP-00685","Professional Services",142,24214325.44,"On-Prem/Hybrid",TRUE
"COMP-00686","Healthcare",194,37133037.28,"AWS",FALSE
"COMP-00687","Technology",68,14130189.27,"On-Prem/Hybrid",TRUE
"COMP-00688","Technology",62,14797044.35,"Microsoft Azure",FALSE
"COMP-00689","Healthcare",22,3167504.96,"AWS",TRUE
"COMP-00690","Retail & E-commerce",60,23036362.99,"On-Prem/Hybrid",FALSE
"COMP-00691","Manufacturing",55,11584330.32,"Microsoft Azure",TRUE
"COMP-00692","Technology",45,8976107.74,"On-Prem/Hybrid",FALSE
"COMP-00693","Finance & Insurance",165,38857319.06,"Microsoft Azure",FALSE
"COMP-00694","Healthcare",128,43394279.12,"Microsoft Azure",FALSE
"COMP-00695","Technology",25,5029009.52,"Google Cloud Platform (GCP)",TRUE
"COMP-00696","Healthcare",54,16346017.07,"AWS",FALSE
"COMP-00697","Retail & E-commerce",122,17912933.64,"Microsoft Azure",TRUE
"COMP-00698","Finance & Insurance",137,48304739.24,"Microsoft Azure",FALSE
"COMP-00699","Finance & Insurance",103,50251568.07,"Microsoft Azure",TRUE
"COMP-00700","Retail & E-commerce",43,19345473.52,"Microsoft Azure",TRUE
"COMP-00701","Healthcare",673,185247504.61,"Microsoft Azure",TRUE
"COMP-00702","Retail & E-commerce",156,39312590.49,"AWS",TRUE
"COMP-00703","Technology",43,11352973.56,"Microsoft Azure",TRUE
"COMP-00704","Healthcare",400,40245914.48,"AWS",FALSE
"COMP-00705","Healthcare",55,20629226.68,"On-Prem/Hybrid",TRUE
"COMP-00706","Healthcare",683,278473148.44,"Microsoft Azure",TRUE
"COMP-00707","Technology",93,43369549.69,"Microsoft Azure",TRUE
"COMP-00708","Professional Services",25,3770858.58,"AWS",TRUE
"COMP-00709","Professional Services",153,19807344.22,"Google Cloud Platform (GCP)",TRUE
"COMP-00710","Manufacturing",396,116797911,"Microsoft Azure",TRUE
"COMP-00711","Finance & Insurance",34,7063987.84,"Google Cloud Platform (GCP)",FALSE
"COMP-00712","Finance & Insurance",26,5549108.39,"AWS",TRUE
"COMP-00713","Professional Services",126,19375149.09,"AWS",FALSE
"COMP-00714","Healthcare",10,2833444.29,"Microsoft Azure",TRUE
"COMP-00715","Healthcare",61,8563480.45,"AWS",FALSE
"COMP-00716","Healthcare",45,10281887.42,"Google Cloud Platform (GCP)",FALSE
"COMP-00717","Professional Services",199,27004205.18,"AWS",TRUE
"COMP-00718","Professional Services",10,1954268.57,"Google Cloud Platform (GCP)",TRUE
"COMP-00719","Technology",14,2161336.77,"Microsoft Azure",TRUE
"COMP-00720","Manufacturing",65,26677844.28,"AWS",TRUE
"COMP-00721","Technology",31,8540201.03,"Other",TRUE
"COMP-00722","Manufacturing",141,48674773.11,"Microsoft Azure",TRUE
"COMP-00723","Technology",65,20413168.45,"On-Prem/Hybrid",TRUE
"COMP-00724","Professional Services",45,3678435.06,"Microsoft Azure",TRUE
"COMP-00725","Professional Services",513,86471065.99,"AWS",TRUE
"COMP-00726","Healthcare",8,3971352.86,"AWS",FALSE
"COMP-00727","Professional Services",1594,434729077.07,"AWS",TRUE
"COMP-00728","Retail & E-commerce",119,27866568.48,"Google Cloud Platform (GCP)",FALSE
"COMP-00729","Retail & E-commerce",38,11044048.76,"Microsoft Azure",FALSE
"COMP-00730","Manufacturing",24,2189906.43,"AWS",TRUE
"COMP-00731","Retail & E-commerce",25,5401658.03,"Google Cloud Platform (GCP)",TRUE
"COMP-00732","Finance & Insurance",212,205135700.67,"Microsoft Azure",TRUE
"COMP-00733","Finance & Insurance",305,106018321.2,"AWS",TRUE
"COMP-00734","Finance & Insurance",39,22959055.06,"Microsoft Azure",TRUE
"COMP-00735","Technology",344,82651210.25,"AWS",TRUE
"COMP-00736","Retail & E-commerce",118,37094548.34,"AWS",FALSE
"COMP-00737","Professional Services",42,7327171.89,"Microsoft Azure",TRUE
"COMP-00738","Manufacturing",445,108829781.93,"AWS",TRUE
"COMP-00739","Manufacturing",223,43541280.07,"Microsoft Azure",FALSE
"COMP-00740","Finance & Insurance",20,11248659.71,"AWS",TRUE
"COMP-00741","Finance & Insurance",247,176974468.35,"Microsoft Azure",TRUE
"COMP-00742","Manufacturing",448,162724259.72,"AWS",FALSE
"COMP-00743","Retail & E-commerce",70,6896650.55,"Google Cloud Platform (GCP)",FALSE
"COMP-00744","Finance & Insurance",44,18994049.86,"On-Prem/Hybrid",TRUE
"COMP-00745","Finance & Insurance",235,57805292.19,"Microsoft Azure",TRUE
"COMP-00746","Retail & E-commerce",578,153092610.64,"Microsoft Azure",FALSE
"COMP-00747","Technology",52,20345815.69,"Google Cloud Platform (GCP)",TRUE
"COMP-00748","Healthcare",152,53849035.71,"Microsoft Azure",TRUE
"COMP-00749","Finance & Insurance",790,356594687.12,"Other",TRUE
"COMP-00750","Professional Services",67,19848571.3,"AWS",TRUE
"COMP-00751","Technology",58,5115791.27,"AWS",TRUE
"COMP-00752","Technology",40,11265209.11,"Google Cloud Platform (GCP)",TRUE
"COMP-00753","Professional Services",25,4380734.31,"AWS",TRUE
"COMP-00754","Technology",18,8151943.19,"Other",TRUE
"COMP-00755","Technology",183,68297920.67,"AWS",TRUE
"COMP-00756","Professional Services",63,21949385.16,"Microsoft Azure",FALSE
"COMP-00757","Manufacturing",16,2691110.34,"AWS",FALSE
"COMP-00758","Technology",167,33762544.55,"AWS",FALSE
"COMP-00759","Finance & Insurance",44,16690505.58,"Other",TRUE
"COMP-00760","Finance & Insurance",12,7208160.47,"Microsoft Azure",TRUE
"COMP-00761","Finance & Insurance",40,27851154.32,"Google Cloud Platform (GCP)",TRUE
"COMP-00762","Healthcare",25,9242801.93,"AWS",FALSE
"COMP-00763","Technology",82,25786515.78,"AWS",TRUE
"COMP-00764","Technology",221,55001285.91,"Microsoft Azure",TRUE
"COMP-00765","Manufacturing",296,122088346.02,"Microsoft Azure",TRUE
"COMP-00766","Manufacturing",161,44596372.36,"AWS",TRUE
"COMP-00767","Finance & Insurance",36,18959684.2,"AWS",FALSE
"COMP-00768","Retail & E-commerce",161,38435981.91,"AWS",TRUE
"COMP-00769","Retail & E-commerce",25,4974454.36,"AWS",TRUE
"COMP-00770","Retail & E-commerce",211,49715357.2,"On-Prem/Hybrid",TRUE
"COMP-00771","Retail & E-commerce",74,35652690.64,"AWS",TRUE
"COMP-00772","Technology",55,11124796.7,"Microsoft Azure",TRUE
"COMP-00773","Professional Services",188,29898485.27,"AWS",TRUE
"COMP-00774","Technology",138,31420734.59,"AWS",FALSE
"COMP-00775","Healthcare",9,3241693.11,"Microsoft Azure",TRUE
"COMP-00776","Technology",8,1632996.04,"Google Cloud Platform (GCP)",TRUE
"COMP-00777","Finance & Insurance",1073,419422293.69,"Microsoft Azure",TRUE
"COMP-00778","Finance & Insurance",113,73999140.99,"AWS",TRUE
"COMP-00779","Healthcare",456,140761610.48,"Microsoft Azure",TRUE
"COMP-00780","Finance & Insurance",497,221012836.2,"AWS",TRUE
"COMP-00781","Manufacturing",83,41080380.97,"Microsoft Azure",TRUE
"COMP-00782","Manufacturing",19,2180392.75,"Google Cloud Platform (GCP)",TRUE
"COMP-00783","Professional Services",16,3094933.36,"AWS",FALSE
"COMP-00784","Technology",5,1072071.56,"On-Prem/Hybrid",TRUE
"COMP-00785","Manufacturing",595,213490760.03,"AWS",TRUE
"COMP-00786","Technology",82,24698860.18,"AWS",TRUE
"COMP-00787","Professional Services",257,60450958.86,"AWS",TRUE
"COMP-00788","Manufacturing",70,16404538.77,"AWS",TRUE
"COMP-00789","Professional Services",409,117430025.28,"AWS",TRUE
"COMP-00790","Technology",129,41344701.77,"Google Cloud Platform (GCP)",TRUE
"COMP-00791","Finance & Insurance",130,24606259.5,"Microsoft Azure",TRUE
"COMP-00792","Professional Services",65,11637583.81,"AWS",FALSE
"COMP-00793","Manufacturing",81,10398233.6,"AWS",FALSE
"COMP-00794","Technology",273,58035072.1,"Google Cloud Platform (GCP)",TRUE
"COMP-00795","Manufacturing",5,895216.55,"Other",TRUE
"COMP-00796","Professional Services",32,5551733.05,"AWS",FALSE
"COMP-00797","Professional Services",24,4935716.53,"Microsoft Azure",TRUE
"COMP-00798","Technology",56,16410168.76,"Google Cloud Platform (GCP)",TRUE
"COMP-00799","Healthcare",27,4780010.61,"On-Prem/Hybrid",TRUE
"COMP-00800","Technology",204,108172309.72,"Microsoft Azure",TRUE
"COMP-00801","Finance & Insurance",415,153784559.14,"Microsoft Azure",TRUE
"COMP-00802","Finance & Insurance",274,127432471.78,"AWS",TRUE
"COMP-00803","Technology",331,104979884.37,"AWS",FALSE
"COMP-00804","Retail & E-commerce",250,67498396.62,"AWS",TRUE
"COMP-00805","Retail & E-commerce",255,28101596.24,"Google Cloud Platform (GCP)",TRUE
"COMP-00806","Technology",28,14497580.93,"Microsoft Azure",TRUE
"COMP-00807","Retail & E-commerce",11,2009772.57,"Google Cloud Platform (GCP)",TRUE
"COMP-00808","Technology",1184,448071362.78,"AWS",TRUE
"COMP-00809","Professional Services",43,6706643.05,"AWS",FALSE
"COMP-00810","Retail & E-commerce",678,178582061.35,"AWS",FALSE
"COMP-00811","Technology",13,4467967.22,"AWS",FALSE
"COMP-00812","Finance & Insurance",75,31637346.23,"Microsoft Azure",TRUE
"COMP-00813","Retail & E-commerce",77,16356575.06,"Microsoft Azure",FALSE
"COMP-00814","Manufacturing",110,20229335.69,"AWS",FALSE
"COMP-00815","Healthcare",29,6006540.59,"Microsoft Azure",FALSE
"COMP-00816","Manufacturing",61,16046343.16,"Google Cloud Platform (GCP)",FALSE
"COMP-00817","Finance & Insurance",238,110806619.65,"On-Prem/Hybrid",TRUE
"COMP-00818","Technology",84,22617284.26,"Microsoft Azure",TRUE
"COMP-00819","Technology",46,12811968.44,"Microsoft Azure",FALSE
"COMP-00820","Retail & E-commerce",52,6323449.42,"Microsoft Azure",FALSE
"COMP-00821","Technology",1800,547216495.56,"Microsoft Azure",TRUE
"COMP-00822","Manufacturing",40,20533628.54,"AWS",FALSE
"COMP-00823","Professional Services",194,76248787.91,"AWS",FALSE
"COMP-00824","Technology",420,301902011.89,"Google Cloud Platform (GCP)",TRUE
"COMP-00825","Technology",25,10537694.03,"Google Cloud Platform (GCP)",FALSE
"COMP-00826","Finance & Insurance",58,53559334.93,"Microsoft Azure",FALSE
"COMP-00827","Technology",148,44048552.09,"AWS",TRUE
"COMP-00828","Technology",387,134287417.76,"Microsoft Azure",TRUE
"COMP-00829","Technology",352,88370881.08,"AWS",FALSE
"COMP-00830","Technology",83,36539005.26,"Microsoft Azure",FALSE
"COMP-00831","Technology",139,27737719.92,"AWS",TRUE
"COMP-00832","Retail & E-commerce",114,46347616.83,"Microsoft Azure",FALSE
"COMP-00833","Technology",124,51034790.24,"Google Cloud Platform (GCP)",TRUE
"COMP-00834","Professional Services",72,15885629.37,"AWS",FALSE
"COMP-00835","Manufacturing",10,3629149.84,"AWS",FALSE
"COMP-00836","Manufacturing",65,11324772.03,"Microsoft Azure",FALSE
"COMP-00837","Professional Services",127,29233572.44,"Microsoft Azure",TRUE
"COMP-00838","Manufacturing",142,23414133.2,"On-Prem/Hybrid",TRUE
"COMP-00839","Finance & Insurance",87,35207949.95,"Microsoft Azure",FALSE
"COMP-00840","Technology",147,73671532.12,"AWS",FALSE
"COMP-00841","Healthcare",67,23316372.06,"AWS",FALSE
"COMP-00842","Healthcare",11,3955046.82,"Google Cloud Platform (GCP)",TRUE
"COMP-00843","Technology",72,32351805.81,"AWS",TRUE
"COMP-00844","Manufacturing",77,11122260.71,"On-Prem/Hybrid",FALSE
"COMP-00845","Retail & E-commerce",5,1142191.21,"Microsoft Azure",FALSE
"COMP-00846","Technology",269,115328883.23,"AWS",TRUE
"COMP-00847","Professional Services",24,10184955.94,"AWS",TRUE
"COMP-00848","Professional Services",188,20897144.86,"AWS",TRUE
"COMP-00849","Healthcare",120,50215230.03,"Microsoft Azure",FALSE
"COMP-00850","Technology",28,3986848.3,"AWS",TRUE
"COMP-00851","Retail & E-commerce",120,16282849.89,"Google Cloud Platform (GCP)",FALSE
"COMP-00852","Healthcare",416,293408733.1,"On-Prem/Hybrid",TRUE
"COMP-00853","Professional Services",112,34465398.56,"Microsoft Azure",TRUE
"COMP-00854","Retail & E-commerce",64,12317836.88,"AWS",FALSE
"COMP-00855","Manufacturing",94,18125623.83,"Microsoft Azure",FALSE
"COMP-00856","Technology",62,26712032.73,"Microsoft Azure",TRUE
"COMP-00857","Manufacturing",13,4048552.55,"AWS",TRUE
"COMP-00858","Finance & Insurance",109,68575009.21,"Microsoft Azure",TRUE
"COMP-00859","Retail & E-commerce",30,12208481.26,"AWS",TRUE
"COMP-00860","Finance & Insurance",14,9766737.78,"AWS",TRUE
"COMP-00861","Finance & Insurance",9,2602829.76,"On-Prem/Hybrid",FALSE
"COMP-00862","Manufacturing",57,15933041.45,"AWS",TRUE
"COMP-00863","Professional Services",193,37941465.78,"Microsoft Azure",FALSE
"COMP-00864","Technology",15,3802828.21,"On-Prem/Hybrid",TRUE
"COMP-00865","Professional Services",37,11544934.75,"Microsoft Azure",TRUE
"COMP-00866","Finance & Insurance",154,54098178.03,"AWS",FALSE
"COMP-00867","Technology",19,5756353.43,"AWS",TRUE
"COMP-00868","Technology",547,114873650.88,"On-Prem/Hybrid",TRUE
"COMP-00869","Retail & E-commerce",34,10705960.76,"AWS",FALSE
"COMP-00870","Professional Services",51,9325908.78,"Microsoft Azure",TRUE
"COMP-00871","Healthcare",383,63891862.21,"Google Cloud Platform (GCP)",TRUE
"COMP-00872","Finance & Insurance",172,149535055.04,"AWS",TRUE
"COMP-00873","Technology",251,107912044.57,"Google Cloud Platform (GCP)",FALSE
"COMP-00874","Healthcare",23,6621618.38,"Microsoft Azure",FALSE
"COMP-00875","Retail & E-commerce",322,70347334.63,"Microsoft Azure",TRUE
"COMP-00876","Manufacturing",89,23336392.75,"Google Cloud Platform (GCP)",TRUE
"COMP-00877","Technology",161,35586693.4,"Google Cloud Platform (GCP)",FALSE
"COMP-00878","Retail & E-commerce",93,22142957.19,"AWS",FALSE
"COMP-00879","Finance & Insurance",73,21734127.91,"AWS",FALSE
"COMP-00880","Manufacturing",1139,249348692.65,"AWS",TRUE
"COMP-00881","Finance & Insurance",18,11916340.05,"AWS",FALSE
"COMP-00882","Healthcare",500,109566412.5,"Other",FALSE
"COMP-00883","Manufacturing",60,12151151.64,"AWS",TRUE
"COMP-00884","Healthcare",37,18307722.62,"AWS",TRUE
"COMP-00885","Finance & Insurance",207,54037463.22,"Microsoft Azure",TRUE
"COMP-00886","Technology",55,15649181.42,"Microsoft Azure",TRUE
"COMP-00887","Technology",269,85605618.73,"Microsoft Azure",TRUE
"COMP-00888","Technology",29,13708865.76,"Google Cloud Platform (GCP)",TRUE
"COMP-00889","Healthcare",25,4788830.7,"Other",FALSE
"COMP-00890","Healthcare",415,156904916.3,"Microsoft Azure",TRUE
"COMP-00891","Professional Services",219,33982800.39,"Microsoft Azure",FALSE
"COMP-00892","Retail & E-commerce",74,15544002.95,"On-Prem/Hybrid",TRUE
"COMP-00893","Manufacturing",165,31244544.67,"On-Prem/Hybrid",TRUE
"COMP-00894","Professional Services",96,20435094.04,"Microsoft Azure",FALSE
"COMP-00895","Professional Services",99,29804838.27,"Other",TRUE
"COMP-00896","Finance & Insurance",50,13853397.17,"AWS",FALSE
"COMP-00897","Professional Services",124,31413766.35,"On-Prem/Hybrid",TRUE
"COMP-00898","Technology",78,50381303.83,"Microsoft Azure",TRUE
"COMP-00899","Healthcare",417,153643276.78,"Google Cloud Platform (GCP)",FALSE
"COMP-00900","Manufacturing",12,1636726.34,"Google Cloud Platform (GCP)",FALSE
"COMP-00901","Technology",199,55263445.89,"Microsoft Azure",FALSE
"COMP-00902","Technology",46,16333720.71,"AWS",TRUE
"COMP-00903","Retail & E-commerce",47,3442889.97,"On-Prem/Hybrid",FALSE
"COMP-00904","Technology",85,23713684,"AWS",TRUE
"COMP-00905","Manufacturing",477,179983227.53,"Google Cloud Platform (GCP)",TRUE
"COMP-00906","Finance & Insurance",16,7488032.84,"Microsoft Azure",TRUE
"COMP-00907","Professional Services",30,4778305.91,"AWS",FALSE
"COMP-00908","Technology",69,25859335.63,"Google Cloud Platform (GCP)",TRUE
"COMP-00909","Retail & E-commerce",111,28435946.9,"Google Cloud Platform (GCP)",TRUE
"COMP-00910","Technology",114,26247360.32,"Microsoft Azure",TRUE
"COMP-00911","Professional Services",956,113327889.32,"AWS",TRUE
"COMP-00912","Professional Services",118,31656790.68,"AWS",TRUE
"COMP-00913","Finance & Insurance",83,77169815.03,"Microsoft Azure",TRUE
"COMP-00914","Finance & Insurance",112,41447091,"AWS",TRUE
"COMP-00915","Healthcare",31,3910735.19,"AWS",FALSE
"COMP-00916","Healthcare",218,94059932.11,"Microsoft Azure",FALSE
"COMP-00917","Finance & Insurance",37,17182256.77,"Google Cloud Platform (GCP)",TRUE
"COMP-00918","Manufacturing",30,8274004.88,"Microsoft Azure",TRUE
"COMP-00919","Technology",151,38666427.43,"On-Prem/Hybrid",FALSE
"COMP-00920","Technology",176,54398490.64,"AWS",TRUE
"COMP-00921","Healthcare",14,7750919.65,"AWS",TRUE
"COMP-00922","Finance & Insurance",452,447418297.97,"AWS",TRUE
"COMP-00923","Finance & Insurance",8,5743058.92,"AWS",TRUE
"COMP-00924","Technology",305,422446536.64,"Microsoft Azure",FALSE
"COMP-00925","Manufacturing",98,68692468.94,"Microsoft Azure",TRUE
"COMP-00926","Finance & Insurance",370,205681203.43,"AWS",FALSE
"COMP-00927","Technology",179,46663957.4,"On-Prem/Hybrid",TRUE
"COMP-00928","Professional Services",531,94042596.64,"AWS",FALSE
"COMP-00929","Technology",90,17499132.47,"AWS",TRUE
"COMP-00930","Retail & E-commerce",251,73043636.98,"On-Prem/Hybrid",TRUE
"COMP-00931","Retail & E-commerce",24,6979495.55,"Microsoft Azure",FALSE
"COMP-00932","Finance & Insurance",79,34765175.99,"Other",TRUE
"COMP-00933","Finance & Insurance",488,274189247.21,"AWS",TRUE
"COMP-00934","Finance & Insurance",211,85086235.19,"On-Prem/Hybrid",TRUE
"COMP-00935","Healthcare",15,2506868.52,"Microsoft Azure",FALSE
"COMP-00936","Technology",44,14468418.83,"On-Prem/Hybrid",FALSE
"COMP-00937","Technology",105,16820779.91,"On-Prem/Hybrid",TRUE
"COMP-00938","Professional Services",32,5104633.98,"AWS",FALSE
"COMP-00939","Technology",36,10456460.52,"Microsoft Azure",TRUE
"COMP-00940","Healthcare",687,113855476.04,"On-Prem/Hybrid",TRUE
"COMP-00941","Retail & E-commerce",25,7166705.95,"On-Prem/Hybrid",FALSE
"COMP-00942","Retail & E-commerce",117,31468957.91,"AWS",FALSE
"COMP-00943","Technology",248,63932115.89,"AWS",TRUE
"COMP-00944","Professional Services",115,45619532.5,"AWS",FALSE
"COMP-00945","Healthcare",73,15743421.63,"Other",TRUE
"COMP-00946","Professional Services",200,32920420.99,"AWS",FALSE
"COMP-00947","Technology",50,14651124.66,"Google Cloud Platform (GCP)",TRUE
"COMP-00948","Healthcare",599,172952033.52,"AWS",FALSE
"COMP-00949","Manufacturing",45,8640840.39,"Microsoft Azure",TRUE
"COMP-00950","Technology",22,8643480.16,"AWS",FALSE
"COMP-00951","Professional Services",5,461784.43,"AWS",TRUE
"COMP-00952","Retail & E-commerce",125,22942648.99,"Google Cloud Platform (GCP)",TRUE
"COMP-00953","Professional Services",27,3514095.73,"AWS",TRUE
"COMP-00954","Healthcare",96,25547548.47,"AWS",FALSE
"COMP-00955","Professional Services",14,2625363.57,"AWS",TRUE
"COMP-00956","Manufacturing",289,75585515.93,"Microsoft Azure",TRUE
"COMP-00957","Manufacturing",69,20387271.14,"On-Prem/Hybrid",FALSE
"COMP-00958","Healthcare",342,169288768.47,"AWS",TRUE
"COMP-00959","Manufacturing",167,37771441.96,"Other",FALSE
"COMP-00960","Manufacturing",277,34976036.01,"AWS",TRUE
"COMP-00961","Retail & E-commerce",176,29122216.33,"AWS",TRUE
"COMP-00962","Manufacturing",116,45476896.45,"Google Cloud Platform (GCP)",TRUE
"COMP-00963","Technology",556,123604174.9,"Microsoft Azure",TRUE
"COMP-00964","Healthcare",54,21779228.59,"Google Cloud Platform (GCP)",TRUE
"COMP-00965","Technology",19,5274304.87,"Microsoft Azure",TRUE
"COMP-00966","Finance & Insurance",1019,681323566.53,"Microsoft Azure",TRUE
"COMP-00967","Technology",64,22969870.54,"On-Prem/Hybrid",FALSE
"COMP-00968","Technology",283,84272752.2,"AWS",TRUE
"COMP-00969","Healthcare",62,16992675.13,"Other",TRUE
"COMP-00970","Technology",123,23630686.15,"Microsoft Azure",TRUE
"COMP-00971","Retail & E-commerce",169,23008931.4,"AWS",FALSE
"COMP-00972","Retail & E-commerce",9,1621460.63,"Other",FALSE
"COMP-00973","Manufacturing",134,18012204.36,"AWS",TRUE
"COMP-00974","Manufacturing",29,7277404.48,"AWS",TRUE
"COMP-00975","Technology",884,331053752.3,"Microsoft Azure",TRUE
"COMP-00976","Technology",204,44125965.39,"AWS",TRUE
"COMP-00977","Professional Services",390,73156671.19,"AWS",TRUE
"COMP-00978","Professional Services",65,20713547.36,"AWS",TRUE
"COMP-00979","Healthcare",100,22889251.79,"Microsoft Azure",FALSE
"COMP-00980","Technology",134,40029254.56,"Microsoft Azure",TRUE
"COMP-00981","Retail & E-commerce",142,49497357.51,"Microsoft Azure",FALSE
"COMP-00982","Technology",29,5644731.97,"Microsoft Azure",TRUE
"COMP-00983","Retail & E-commerce",69,7019448.7,"AWS",TRUE
"COMP-00984","Healthcare",21,13154858.17,"Microsoft Azure",TRUE
"COMP-00985","Retail & E-commerce",524,179844712.18,"Microsoft Azure",TRUE
"COMP-00986","Technology",69,16319015.15,"Microsoft Azure",TRUE
"COMP-00987","Finance & Insurance",210,30150154.59,"Microsoft Azure",TRUE
"COMP-00988","Technology",76,24005307.75,"AWS",TRUE
"COMP-00989","Professional Services",227,103607588.19,"Microsoft Azure",TRUE
"COMP-00990","Finance & Insurance",140,68523357.73,"AWS",FALSE
"COMP-00991","Healthcare",316,107546928.99,"Microsoft Azure",FALSE
"COMP-00992","Technology",268,137512384.72,"Microsoft Azure",TRUE
"COMP-00993","Healthcare",161,31383115.15,"On-Prem/Hybrid",TRUE
"COMP-00994","Finance & Insurance",56,44762459.49,"Microsoft Azure",TRUE
"COMP-00995","Technology",53,17949427.27,"Microsoft Azure",TRUE
"COMP-00996","Technology",177,66553152.33,"Microsoft Azure",FALSE
"COMP-00997","Retail & E-commerce",35,12286971.79,"Google Cloud Platform (GCP)",TRUE
"COMP-00998","Technology",362,111245647.52,"AWS",TRUE
"COMP-00999","Retail & E-commerce",192,50434106.5,"Google Cloud Platform (GCP)",TRUE
"COMP-01000","Technology",163,58924540.23,"AWS",FALSE
"COMP-01001","Healthcare",98,13354185.24,"AWS",FALSE
"COMP-01002","Technology",288,88318890.21,"AWS",FALSE
"COMP-01003","Healthcare",131,76372200.36,"AWS",FALSE
"COMP-01004","Retail & E-commerce",76,25182917.79,"Microsoft Azure",TRUE
"COMP-01005","Retail & E-commerce",61,13397012.86,"AWS",TRUE
"COMP-01006","Technology",78,62130668.21,"AWS",TRUE
"COMP-01007","Manufacturing",263,69078292.68,"AWS",TRUE
"COMP-01008","Healthcare",116,30661042.19,"On-Prem/Hybrid",TRUE
"COMP-01009","Technology",50,9442229.21,"Microsoft Azure",TRUE
"COMP-01010","Healthcare",69,71788056.76,"On-Prem/Hybrid",FALSE
"COMP-01011","Retail & E-commerce",6,972598.42,"On-Prem/Hybrid",FALSE
"COMP-01012","Manufacturing",125,17672777.72,"AWS",FALSE
"COMP-01013","Technology",290,162484174.25,"AWS",TRUE
"COMP-01014","Technology",23,7638137.64,"Microsoft Azure",TRUE
"COMP-01015","Technology",101,43364594.95,"AWS",TRUE
"COMP-01016","Healthcare",50,16758477.42,"AWS",FALSE
"COMP-01017","Technology",35,12507094.87,"Google Cloud Platform (GCP)",TRUE
"COMP-01018","Professional Services",100,27418480.8,"Microsoft Azure",FALSE
"COMP-01019","Healthcare",37,9715165.66,"AWS",TRUE
"COMP-01020","Professional Services",82,11366410.61,"AWS",FALSE
"COMP-01021","Finance & Insurance",441,205836446.42,"Microsoft Azure",TRUE
"COMP-01022","Technology",12,5419647.83,"Google Cloud Platform (GCP)",TRUE
"COMP-01023","Professional Services",40,8193977.45,"AWS",TRUE
"COMP-01024","Professional Services",54,3237456.21,"On-Prem/Hybrid",TRUE
"COMP-01025","Technology",402,123586847.07,"Google Cloud Platform (GCP)",FALSE
"COMP-01026","Professional Services",260,42281981.92,"Google Cloud Platform (GCP)",TRUE
"COMP-01027","Retail & E-commerce",84,23346156.53,"Other",TRUE
"COMP-01028","Technology",21,8855703.83,"Google Cloud Platform (GCP)",TRUE
"COMP-01029","Finance & Insurance",125,78866199.1,"AWS",TRUE
"COMP-01030","Finance & Insurance",102,60199163.98,"AWS",FALSE
"COMP-01031","Finance & Insurance",164,41439065.88,"AWS",FALSE
"COMP-01032","Technology",90,69603729,"On-Prem/Hybrid",FALSE
"COMP-01033","Technology",17,8991124.61,"Microsoft Azure",TRUE
"COMP-01034","Technology",64,27138447.67,"On-Prem/Hybrid",TRUE
"COMP-01035","Professional Services",546,52931015.15,"Microsoft Azure",TRUE
"COMP-01036","Retail & E-commerce",12,1936341.58,"AWS",TRUE
"COMP-01037","Finance & Insurance",108,44211491.44,"Microsoft Azure",TRUE
"COMP-01038","Manufacturing",605,96599973.92,"AWS",FALSE
"COMP-01039","Retail & E-commerce",52,6938387.75,"AWS",FALSE
"COMP-01040","Technology",165,39755040.44,"Microsoft Azure",TRUE
"COMP-01041","Finance & Insurance",51,25389141.08,"Google Cloud Platform (GCP)",FALSE
"COMP-01042","Professional Services",147,42775994.82,"On-Prem/Hybrid",TRUE
"COMP-01043","Professional Services",18,4081035.43,"AWS",FALSE
"COMP-01044","Manufacturing",43,20929427.09,"Microsoft Azure",FALSE
"COMP-01045","Healthcare",325,95533943.98,"AWS",TRUE
"COMP-01046","Technology",1400,359202121.26,"On-Prem/Hybrid",TRUE
"COMP-01047","Manufacturing",54,16767453.65,"AWS",TRUE
"COMP-01048","Healthcare",141,59309817.85,"On-Prem/Hybrid",FALSE
"COMP-01049","Finance & Insurance",386,73696219.72,"On-Prem/Hybrid",TRUE
"COMP-01050","Technology",69,14872774.86,"AWS",TRUE
"COMP-01051","Healthcare",107,22886263.58,"AWS",TRUE
"COMP-01052","Technology",223,108173401.23,"Microsoft Azure",TRUE
"COMP-01053","Technology",5,1609570.21,"On-Prem/Hybrid",TRUE
"COMP-01054","Manufacturing",191,35605318.16,"AWS",TRUE
"COMP-01055","Professional Services",32,5975437.25,"Google Cloud Platform (GCP)",FALSE
"COMP-01056","Healthcare",103,50180863.36,"AWS",FALSE
"COMP-01057","Manufacturing",61,6857983.12,"Microsoft Azure",TRUE
"COMP-01058","Retail & E-commerce",82,23516011.4,"AWS",FALSE
"COMP-01059","Technology",272,67705017.82,"Microsoft Azure",TRUE
"COMP-01060","Professional Services",132,28679829.91,"AWS",TRUE
"COMP-01061","Technology",49,19802671.5,"Google Cloud Platform (GCP)",TRUE
"COMP-01062","Finance & Insurance",103,151634568.31,"Google Cloud Platform (GCP)",FALSE
"COMP-01063","Technology",264,68586270.07,"On-Prem/Hybrid",TRUE
"COMP-01064","Technology",170,32769126.24,"Google Cloud Platform (GCP)",FALSE
"COMP-01065","Professional Services",16,1760857.27,"Microsoft Azure",TRUE
"COMP-01066","Manufacturing",5,1628466.4,"AWS",FALSE
"COMP-01067","Finance & Insurance",142,37620434.47,"AWS",TRUE
"COMP-01068","Technology",58,18003743.99,"AWS",TRUE
"COMP-01069","Professional Services",146,24911427,"AWS",FALSE
"COMP-01070","Manufacturing",131,47388331.87,"AWS",TRUE
"COMP-01071","Manufacturing",51,37312186.26,"Microsoft Azure",FALSE
"COMP-01072","Technology",141,23698742.47,"AWS",TRUE
"COMP-01073","Retail & E-commerce",180,18693826.77,"AWS",FALSE
"COMP-01074","Finance & Insurance",286,121003272.41,"Other",TRUE
"COMP-01075","Technology",101,39584207.63,"AWS",TRUE
"COMP-01076","Manufacturing",32,11214956.33,"Google Cloud Platform (GCP)",FALSE
"COMP-01077","Finance & Insurance",71,24976229.07,"Microsoft Azure",FALSE
"COMP-01078","Technology",20,6814046.38,"Microsoft Azure",TRUE
"COMP-01079","Technology",106,45413198.87,"AWS",FALSE
"COMP-01080","Technology",16,3172825.49,"Google Cloud Platform (GCP)",FALSE
"COMP-01081","Retail & E-commerce",1139,176429017.07,"Microsoft Azure",TRUE
"COMP-01082","Finance & Insurance",9,3654243.96,"AWS",FALSE
"COMP-01083","Professional Services",78,14944567.01,"Microsoft Azure",TRUE
"COMP-01084","Healthcare",1021,622373626.98,"AWS",FALSE
"COMP-01085","Healthcare",24,6348506.57,"Google Cloud Platform (GCP)",TRUE
"COMP-01086","Technology",33,6489124.47,"Other",TRUE
"COMP-01087","Finance & Insurance",8,2334203.33,"AWS",FALSE
"COMP-01088","Retail & E-commerce",15,4504825.69,"Microsoft Azure",TRUE
"COMP-01089","Manufacturing",26,9882121.77,"AWS",TRUE
"COMP-01090","Technology",13,5028758.97,"Google Cloud Platform (GCP)",TRUE
"COMP-01091","Finance & Insurance",141,63528065.43,"On-Prem/Hybrid",FALSE
"COMP-01092","Technology",527,78534526.05,"AWS",FALSE
"COMP-01093","Healthcare",32,9287675.21,"AWS",TRUE
"COMP-01094","Retail & E-commerce",23,3979150.07,"Microsoft Azure",TRUE
"COMP-01095","Professional Services",366,89682092.94,"Google Cloud Platform (GCP)",FALSE
"COMP-01096","Retail & E-commerce",15,2963492.9,"On-Prem/Hybrid",TRUE
"COMP-01097","Retail & E-commerce",137,30740257.64,"Microsoft Azure",FALSE
"COMP-01098","Technology",227,78536959.11,"AWS",TRUE
"COMP-01099","Finance & Insurance",1058,581855931.44,"AWS",TRUE
"COMP-01100","Manufacturing",158,34391826.41,"AWS",TRUE
"COMP-01101","Technology",33,12612372.02,"Google Cloud Platform (GCP)",FALSE
"COMP-01102","Manufacturing",453,117241747.77,"Microsoft Azure",TRUE
"COMP-01103","Manufacturing",13,2172086.46,"Google Cloud Platform (GCP)",TRUE
"COMP-01104","Technology",173,70116360.31,"Microsoft Azure",TRUE
"COMP-01105","Retail & E-commerce",100,19326831.33,"Google Cloud Platform (GCP)",FALSE
"COMP-01106","Manufacturing",6,2025087.23,"Google Cloud Platform (GCP)",FALSE
"COMP-01107","Healthcare",83,29248204.19,"Other",FALSE
"COMP-01108","Professional Services",145,29645685.71,"Microsoft Azure",TRUE
"COMP-01109","Healthcare",92,21581133.4,"AWS",TRUE
"COMP-01110","Finance & Insurance",573,269372205.8,"AWS",TRUE
"COMP-01111","Manufacturing",52,7130108.36,"Other",FALSE
"COMP-01112","Professional Services",17,2724762.05,"On-Prem/Hybrid",TRUE
"COMP-01113","Finance & Insurance",64,33314196.85,"Microsoft Azure",TRUE
"COMP-01114","Healthcare",111,39324419.71,"Google Cloud Platform (GCP)",FALSE
"COMP-01115","Technology",5,1975724.3,"AWS",TRUE
"COMP-01116","Technology",57,19515361.6,"AWS",FALSE
"COMP-01117","Healthcare",194,49916478.27,"AWS",FALSE
"COMP-01118","Healthcare",80,12261223.37,"Microsoft Azure",TRUE
"COMP-01119","Technology",183,68053758.6,"Microsoft Azure",FALSE
"COMP-01120","Finance & Insurance",569,301412849.04,"Google Cloud Platform (GCP)",TRUE
"COMP-01121","Healthcare",10,3220565.16,"AWS",FALSE
"COMP-01122","Finance & Insurance",495,138711462.96,"AWS",TRUE
"COMP-01123","Retail & E-commerce",215,43256542.12,"AWS",FALSE
"COMP-01124","Professional Services",475,59397669.24,"Microsoft Azure",FALSE
"COMP-01125","Healthcare",202,41409095.89,"Microsoft Azure",FALSE
"COMP-01126","Healthcare",100,32409934.76,"AWS",FALSE
"COMP-01127","Retail & E-commerce",883,94512781.25,"Google Cloud Platform (GCP)",TRUE
"COMP-01128","Healthcare",70,22932569.8,"AWS",FALSE
"COMP-01129","Technology",8,1250894.8,"Microsoft Azure",FALSE
"COMP-01130","Retail & E-commerce",96,19005628.42,"Microsoft Azure",TRUE
"COMP-01131","Technology",9,2488971.63,"Microsoft Azure",FALSE
"COMP-01132","Healthcare",481,71829617.04,"Microsoft Azure",FALSE
"COMP-01133","Healthcare",16,6551879.2,"AWS",FALSE
"COMP-01134","Technology",380,92195591.94,"AWS",TRUE
"COMP-01135","Retail & E-commerce",38,10718453.54,"Microsoft Azure",FALSE
"COMP-01136","Manufacturing",59,14064941.71,"Microsoft Azure",TRUE
"COMP-01137","Professional Services",536,155897572.84,"AWS",TRUE
"COMP-01138","Technology",160,90668958.13,"Microsoft Azure",TRUE
"COMP-01139","Professional Services",17,3140213.94,"Google Cloud Platform (GCP)",TRUE
"COMP-01140","Retail & E-commerce",73,22649919.87,"AWS",TRUE
"COMP-01141","Professional Services",60,26839651.92,"On-Prem/Hybrid",FALSE
"COMP-01142","Finance & Insurance",31,20930690.56,"Google Cloud Platform (GCP)",FALSE
"COMP-01143","Retail & E-commerce",194,51259702.45,"Other",FALSE
"COMP-01144","Healthcare",2132,724058342.74,"AWS",TRUE
"COMP-01145","Technology",24,6141433.09,"AWS",TRUE
"COMP-01146","Technology",70,14793985.04,"AWS",TRUE
"COMP-01147","Technology",2234,521962940.03,"Google Cloud Platform (GCP)",TRUE
"COMP-01148","Professional Services",116,19206185.18,"AWS",FALSE
"COMP-01149","Retail & E-commerce",60,9917674.54,"Microsoft Azure",TRUE
"COMP-01150","Technology",90,31901981.48,"AWS",FALSE
"COMP-01151","Finance & Insurance",12,4662274.99,"On-Prem/Hybrid",TRUE
"COMP-01152","Technology",76,15533529.77,"On-Prem/Hybrid",TRUE
"COMP-01153","Finance & Insurance",24,8324365.31,"Microsoft Azure",FALSE
"COMP-01154","Healthcare",20,5257708.94,"AWS",TRUE
"COMP-01155","Retail & E-commerce",117,21794335.75,"Other",TRUE
"COMP-01156","Finance & Insurance",37,9759323.99,"Microsoft Azure",TRUE
"COMP-01157","Retail & E-commerce",165,12922803.94,"AWS",TRUE
"COMP-01158","Retail & E-commerce",154,34178258.25,"Other",TRUE
"COMP-01159","Healthcare",140,65858130.65,"Microsoft Azure",FALSE
"COMP-01160","Technology",105,86788207.44,"Google Cloud Platform (GCP)",TRUE
"COMP-01161","Retail & E-commerce",168,16780798.31,"Microsoft Azure",FALSE
"COMP-01162","Retail & E-commerce",24,3649508.36,"On-Prem/Hybrid",TRUE
"COMP-01163","Professional Services",19,5499439.78,"AWS",TRUE
"COMP-01164","Retail & E-commerce",35,8027728.18,"On-Prem/Hybrid",TRUE
"COMP-01165","Technology",352,101656570.01,"Microsoft Azure",TRUE
"COMP-01166","Technology",86,35656504.22,"AWS",TRUE
"COMP-01167","Technology",74,33398161.27,"AWS",TRUE
"COMP-01168","Professional Services",69,16280319.43,"Microsoft Azure",FALSE
"COMP-01169","Manufacturing",102,15803763.92,"AWS",TRUE
"COMP-01170","Retail & E-commerce",169,73362772.75,"AWS",FALSE
"COMP-01171","Technology",94,31091638.4,"AWS",TRUE
"COMP-01172","Manufacturing",292,300398034.5,"AWS",FALSE
"COMP-01173","Finance & Insurance",408,187176995.58,"AWS",FALSE
"COMP-01174","Finance & Insurance",327,203171607.13,"AWS",TRUE
"COMP-01175","Technology",111,42992944.89,"Microsoft Azure",TRUE
"COMP-01176","Technology",491,132488963.91,"Microsoft Azure",TRUE
"COMP-01177","Retail & E-commerce",109,42028511.68,"AWS",TRUE
"COMP-01178","Finance & Insurance",117,62976452.09,"AWS",TRUE
"COMP-01179","Retail & E-commerce",105,15839235.12,"Google Cloud Platform (GCP)",FALSE
"COMP-01180","Finance & Insurance",215,69365766.15,"On-Prem/Hybrid",TRUE
"COMP-01181","Retail & E-commerce",42,5353784.19,"AWS",TRUE
"COMP-01182","Technology",34,6631125.43,"On-Prem/Hybrid",TRUE
"COMP-01183","Manufacturing",639,170359225.02,"AWS",TRUE
"COMP-01184","Technology",18,3687582.3,"Microsoft Azure",TRUE
"COMP-01185","Healthcare",423,163842098.13,"AWS",TRUE
"COMP-01186","Healthcare",13,3246670.47,"Other",TRUE
"COMP-01187","Retail & E-commerce",791,217885778.32,"On-Prem/Hybrid",TRUE
"COMP-01188","Retail & E-commerce",84,13807513.98,"On-Prem/Hybrid",TRUE
"COMP-01189","Retail & E-commerce",1633,164639412.89,"On-Prem/Hybrid",TRUE
"COMP-01190","Finance & Insurance",135,70514486.76,"On-Prem/Hybrid",FALSE
"COMP-01191","Manufacturing",43,11040995.82,"AWS",TRUE
"COMP-01192","Manufacturing",258,100257581.84,"AWS",FALSE
"COMP-01193","Professional Services",124,20534189.93,"Microsoft Azure",TRUE
"COMP-01194","Technology",210,45553998.49,"Microsoft Azure",TRUE
"COMP-01195","Finance & Insurance",122,33761438.75,"On-Prem/Hybrid",FALSE
"COMP-01196","Manufacturing",475,165990129.29,"AWS",TRUE
"COMP-01197","Technology",283,62820374.85,"AWS",TRUE
"COMP-01198","Technology",56,15754264.72,"Microsoft Azure",FALSE
"COMP-01199","Healthcare",120,31270018.92,"On-Prem/Hybrid",TRUE
"COMP-01200","Retail & E-commerce",645,86542853.37,"AWS",TRUE
"COMP-01201","Retail & E-commerce",114,8563770.48,"On-Prem/Hybrid",TRUE
"COMP-01202","Retail & E-commerce",401,75836729.37,"AWS",FALSE
"COMP-01203","Manufacturing",340,93271818.99,"Microsoft Azure",TRUE
"COMP-01204","Technology",120,31409885.56,"AWS",TRUE
"COMP-01205","Healthcare",243,79472702.22,"Microsoft Azure",TRUE
"COMP-01206","Finance & Insurance",47,21350923.1,"Google Cloud Platform (GCP)",TRUE
"COMP-01207","Healthcare",85,28859334.44,"On-Prem/Hybrid",TRUE
"COMP-01208","Retail & E-commerce",918,108415728.14,"AWS",FALSE
"COMP-01209","Professional Services",122,21925419.58,"AWS",FALSE
"COMP-01210","Manufacturing",405,122795805.1,"AWS",TRUE
"COMP-01211","Finance & Insurance",54,25776033.2,"AWS",TRUE
"COMP-01212","Finance & Insurance",5,3799887.08,"AWS",TRUE
"COMP-01213","Technology",30,12521291.76,"Microsoft Azure",TRUE
"COMP-01214","Professional Services",68,17392991.44,"AWS",TRUE
"COMP-01215","Healthcare",21,8079097.91,"AWS",TRUE
"COMP-01216","Retail & E-commerce",248,58808406.9,"On-Prem/Hybrid",FALSE
"COMP-01217","Professional Services",89,14505943.64,"AWS",TRUE
"COMP-01218","Retail & E-commerce",28,8850791.83,"Google Cloud Platform (GCP)",FALSE
"COMP-01219","Technology",330,117881266.64,"AWS",TRUE
"COMP-01220","Healthcare",61,33860296.12,"AWS",TRUE
"COMP-01221","Technology",22,7900335.59,"Google Cloud Platform (GCP)",TRUE
"COMP-01222","Manufacturing",79,12293723.41,"Microsoft Azure",TRUE
"COMP-01223","Manufacturing",109,34421237.4,"AWS",TRUE
"COMP-01224","Professional Services",1571,133056925.45,"AWS",FALSE
"COMP-01225","Finance & Insurance",124,44509746.51,"Microsoft Azure",FALSE
"COMP-01226","Healthcare",58,19719834.29,"AWS",TRUE
"COMP-01227","Manufacturing",27,6472291.77,"AWS",TRUE
"COMP-01228","Technology",110,84887987.95,"Microsoft Azure",TRUE
"COMP-01229","Finance & Insurance",60,28455291.73,"AWS",FALSE
"COMP-01230","Manufacturing",243,70647592.37,"On-Prem/Hybrid",TRUE
"COMP-01231","Healthcare",124,28870674.37,"AWS",TRUE
"COMP-01232","Technology",516,119650959.02,"Microsoft Azure",TRUE
"COMP-01233","Professional Services",118,32807029.85,"Microsoft Azure",TRUE
"COMP-01234","Healthcare",17,5657043.85,"AWS",FALSE
"COMP-01235","Healthcare",31,8844822.79,"Microsoft Azure",TRUE
"COMP-01236","Retail & E-commerce",88,16273460.07,"Other",FALSE
"COMP-01237","Manufacturing",185,57629957.09,"AWS",FALSE
"COMP-01238","Retail & E-commerce",1697,529653412.11,"AWS",TRUE
"COMP-01239","Manufacturing",200,50224211.15,"Google Cloud Platform (GCP)",TRUE
"COMP-01240","Technology",182,56415698.18,"AWS",TRUE
"COMP-01241","Healthcare",20,6354078.38,"Microsoft Azure",TRUE
"COMP-01242","Retail & E-commerce",138,27478574.03,"AWS",TRUE
"COMP-01243","Healthcare",19,3523428.68,"Microsoft Azure",TRUE
"COMP-01244","Finance & Insurance",45,33890384.79,"Microsoft Azure",TRUE
"COMP-01245","Professional Services",254,61446593.66,"AWS",TRUE
"COMP-01246","Healthcare",283,99590858.05,"Microsoft Azure",TRUE
"COMP-01247","Manufacturing",55,10456770.99,"Microsoft Azure",TRUE
"COMP-01248","Healthcare",46,12730699.73,"Other",TRUE
"COMP-01249","Technology",65,19069390.6,"AWS",TRUE
"COMP-01250","Healthcare",873,177999437.24,"AWS",TRUE
"COMP-01251","Healthcare",5,1042409.6,"On-Prem/Hybrid",TRUE
"COMP-01252","Healthcare",77,10837705.72,"Microsoft Azure",FALSE
"COMP-01253","Professional Services",339,66780717.36,"Microsoft Azure",FALSE
"COMP-01254","Technology",74,18922887.42,"Google Cloud Platform (GCP)",TRUE
"COMP-01255","Manufacturing",22,2974456.7,"Microsoft Azure",FALSE
"COMP-01256","Technology",197,71794783.42,"AWS",FALSE
"COMP-01257","Manufacturing",258,32403859,"AWS",TRUE
"COMP-01258","Professional Services",21,3544758.93,"Microsoft Azure",TRUE
"COMP-01259","Professional Services",62,6899738.3,"Google Cloud Platform (GCP)",TRUE
"COMP-01260","Finance & Insurance",199,100881320.09,"Microsoft Azure",FALSE
"COMP-01261","Manufacturing",36,12612867.22,"AWS",FALSE
"COMP-01262","Healthcare",86,27885988.36,"Google Cloud Platform (GCP)",TRUE
"COMP-01263","Healthcare",67,41431387.21,"On-Prem/Hybrid",FALSE
"COMP-01264","Technology",73,11002580.96,"AWS",TRUE
"COMP-01265","Retail & E-commerce",73,14864292.45,"AWS",TRUE
"COMP-01266","Manufacturing",421,165611815.39,"AWS",TRUE
"COMP-01267","Finance & Insurance",337,187356872.31,"AWS",TRUE
"COMP-01268","Manufacturing",159,32635852.2,"Google Cloud Platform (GCP)",FALSE
"COMP-01269","Finance & Insurance",70,32460732.13,"Google Cloud Platform (GCP)",TRUE
"COMP-01270","Professional Services",12,3872218.7,"Google Cloud Platform (GCP)",FALSE
"COMP-01271","Professional Services",29,4731403.12,"AWS",TRUE
"COMP-01272","Healthcare",342,69027293.11,"Microsoft Azure",TRUE
"COMP-01273","Technology",31,10828340.33,"AWS",FALSE
"COMP-01274","Retail & E-commerce",62,25824960.37,"Microsoft Azure",TRUE
"COMP-01275","Manufacturing",334,29971565.28,"Google Cloud Platform (GCP)",TRUE
"COMP-01276","Manufacturing",19,6636982.52,"Microsoft Azure",TRUE
"COMP-01277","Technology",729,306602991.86,"Microsoft Azure",TRUE
"COMP-01278","Healthcare",79,13444550.13,"AWS",FALSE
"COMP-01279","Professional Services",5,2189375.17,"Microsoft Azure",TRUE
"COMP-01280","Professional Services",26,4980660.98,"Google Cloud Platform (GCP)",TRUE
"COMP-01281","Healthcare",64,14531165.15,"Google Cloud Platform (GCP)",TRUE
"COMP-01282","Professional Services",475,115473633.62,"On-Prem/Hybrid",TRUE
"COMP-01283","Professional Services",324,147814205.94,"Google Cloud Platform (GCP)",TRUE
"COMP-01284","Professional Services",212,60491296.24,"AWS",TRUE
"COMP-01285","Technology",146,30254041.89,"Google Cloud Platform (GCP)",TRUE
"COMP-01286","Manufacturing",80,10055046.78,"On-Prem/Hybrid",TRUE
"COMP-01287","Healthcare",49,14123079.15,"Other",TRUE
"COMP-01288","Manufacturing",24,7067562.92,"AWS",TRUE
"COMP-01289","Technology",303,63771179.46,"Google Cloud Platform (GCP)",TRUE
"COMP-01290","Retail & E-commerce",103,18155103.66,"AWS",FALSE
"COMP-01291","Technology",292,70011267.41,"AWS",TRUE
"COMP-01292","Professional Services",1432,217437542.96,"AWS",TRUE
"COMP-01293","Technology",152,40186673.37,"On-Prem/Hybrid",TRUE
"COMP-01294","Healthcare",75,45375321.37,"AWS",TRUE
"COMP-01295","Healthcare",302,61440576.09,"Microsoft Azure",TRUE
"COMP-01296","Technology",53,29170717.58,"Google Cloud Platform (GCP)",TRUE
"COMP-01297","Manufacturing",152,41084513.51,"AWS",FALSE
"COMP-01298","Professional Services",878,142014215.73,"AWS",FALSE
"COMP-01299","Manufacturing",43,11994217.47,"Microsoft Azure",TRUE
"COMP-01300","Professional Services",29,10640712.81,"AWS",FALSE
"COMP-01301","Healthcare",25,11013731.87,"AWS",TRUE
"COMP-01302","Finance & Insurance",398,164584013.79,"AWS",TRUE
"COMP-01303","Retail & E-commerce",184,35260030.87,"AWS",FALSE
"COMP-01304","Technology",414,132136537.16,"Google Cloud Platform (GCP)",TRUE
"COMP-01305","Technology",222,56378113.02,"Microsoft Azure",TRUE
"COMP-01306","Finance & Insurance",118,45241618.64,"Google Cloud Platform (GCP)",FALSE
"COMP-01307","Healthcare",120,40185140.82,"On-Prem/Hybrid",TRUE
"COMP-01308","Finance & Insurance",99,48169484.15,"AWS",TRUE
"COMP-01309","Finance & Insurance",40,24621006.26,"Google Cloud Platform (GCP)",TRUE
"COMP-01310","Retail & E-commerce",105,30982442.17,"Google Cloud Platform (GCP)",TRUE
"COMP-01311","Technology",62,17985541.51,"AWS",TRUE
"COMP-01312","Healthcare",209,34223216.93,"On-Prem/Hybrid",TRUE
"COMP-01313","Professional Services",25,6206695.62,"AWS",TRUE
"COMP-01314","Professional Services",23,3589744.62,"Google Cloud Platform (GCP)",TRUE
"COMP-01315","Professional Services",589,98972136.25,"AWS",TRUE
"COMP-01316","Professional Services",74,12387115.75,"On-Prem/Hybrid",TRUE
"COMP-01317","Technology",432,172995206.24,"AWS",TRUE
"COMP-01318","Manufacturing",310,113154343.28,"Other",TRUE
"COMP-01319","Healthcare",34,25709987.25,"Microsoft Azure",TRUE
"COMP-01320","Retail & E-commerce",29,4051188.27,"Other",TRUE
"COMP-01321","Professional Services",44,8883285.15,"Microsoft Azure",FALSE
"COMP-01322","Retail & E-commerce",8,1478248.76,"AWS",TRUE
"COMP-01323","Finance & Insurance",133,82507061.73,"AWS",FALSE
"COMP-01324","Finance & Insurance",48,22679463.37,"Microsoft Azure",TRUE
"COMP-01325","Retail & E-commerce",16,2618090.76,"AWS",FALSE
"COMP-01326","Healthcare",32,7999598.5,"Microsoft Azure",FALSE
"COMP-01327","Healthcare",386,131269422.8,"Microsoft Azure",TRUE
"COMP-01328","Healthcare",356,97798919.67,"AWS",TRUE
"COMP-01329","Finance & Insurance",375,144342658.86,"Microsoft Azure",TRUE
"COMP-01330","Retail & E-commerce",40,18942303.77,"AWS",TRUE
"COMP-01331","Manufacturing",576,257852670.75,"AWS",TRUE
"COMP-01332","Technology",32,14491001.46,"Other",TRUE
"COMP-01333","Finance & Insurance",197,105939362.55,"AWS",FALSE
"COMP-01334","Finance & Insurance",73,34722498.7,"AWS",TRUE
"COMP-01335","Manufacturing",495,111465893.56,"Microsoft Azure",TRUE
"COMP-01336","Manufacturing",207,72495225.98,"AWS",FALSE
"COMP-01337","Technology",14,4144505.66,"On-Prem/Hybrid",FALSE
"COMP-01338","Technology",519,88100684.69,"AWS",TRUE
"COMP-01339","Retail & E-commerce",60,14623873.36,"On-Prem/Hybrid",TRUE
"COMP-01340","Retail & E-commerce",39,7568947.47,"Microsoft Azure",TRUE
"COMP-01341","Healthcare",60,11835027.04,"AWS",TRUE
"COMP-01342","Professional Services",21,2597793.61,"On-Prem/Hybrid",TRUE
"COMP-01343","Manufacturing",50,19344936.98,"AWS",FALSE
"COMP-01344","Manufacturing",20,5635597.62,"Microsoft Azure",FALSE
"COMP-01345","Retail & E-commerce",518,49971457.71,"Microsoft Azure",TRUE
"COMP-01346","Finance & Insurance",82,37576630.07,"AWS",TRUE
"COMP-01347","Technology",6,2593533.08,"On-Prem/Hybrid",TRUE
"COMP-01348","Professional Services",20,2218962.09,"Google Cloud Platform (GCP)",FALSE
"COMP-01349","Healthcare",61,12355892.95,"Microsoft Azure",FALSE
"COMP-01350","Retail & E-commerce",5,760623.02,"Microsoft Azure",TRUE
"COMP-01351","Technology",7,1728072.85,"Google Cloud Platform (GCP)",TRUE
"COMP-01352","Manufacturing",12,2465391.34,"AWS",FALSE
"COMP-01353","Technology",294,142648304.83,"Microsoft Azure",TRUE
"COMP-01354","Professional Services",124,45090044.47,"Microsoft Azure",FALSE
"COMP-01355","Healthcare",70,24878407.71,"Microsoft Azure",FALSE
"COMP-01356","Technology",16,13917619.67,"Google Cloud Platform (GCP)",TRUE
"COMP-01357","Technology",51,15281297.78,"Google Cloud Platform (GCP)",TRUE
"COMP-01358","Retail & E-commerce",21,6074199.06,"AWS",TRUE
"COMP-01359","Manufacturing",103,28697880.11,"AWS",FALSE
"COMP-01360","Technology",173,73490256.68,"Microsoft Azure",TRUE
"COMP-01361","Retail & E-commerce",71,20029733.01,"AWS",FALSE
"COMP-01362","Healthcare",130,42401729.5,"AWS",FALSE
"COMP-01363","Technology",324,170745763.41,"Microsoft Azure",TRUE
"COMP-01364","Retail & E-commerce",94,22589532.29,"AWS",TRUE
"COMP-01365","Finance & Insurance",26,12502020.17,"Microsoft Azure",TRUE
"COMP-01366","Retail & E-commerce",869,142157288.76,"On-Prem/Hybrid",TRUE
"COMP-01367","Professional Services",120,15426270.46,"AWS",TRUE
"COMP-01368","Technology",50,7813451.53,"AWS",FALSE
"COMP-01369","Finance & Insurance",75,28267420.73,"Microsoft Azure",FALSE
"COMP-01370","Technology",121,34621076.43,"Google Cloud Platform (GCP)",TRUE
"COMP-01371","Professional Services",75,29102825.91,"Microsoft Azure",FALSE
"COMP-01372","Manufacturing",39,9501068.52,"Google Cloud Platform (GCP)",FALSE
"COMP-01373","Professional Services",197,66831629.65,"AWS",TRUE
"COMP-01374","Retail & E-commerce",81,26777691.59,"AWS",TRUE
"COMP-01375","Retail & E-commerce",43,10517831.23,"AWS",FALSE
"COMP-01376","Technology",10,3519294.52,"Microsoft Azure",TRUE
"COMP-01377","Professional Services",46,13069947.41,"Microsoft Azure",TRUE
"COMP-01378","Technology",141,33166412.17,"Other",TRUE
"COMP-01379","Professional Services",196,37584646.4,"AWS",TRUE
"COMP-01380","Finance & Insurance",20,12354642.39,"Microsoft Azure",TRUE
"COMP-01381","Technology",552,137660560.27,"On-Prem/Hybrid",FALSE
"COMP-01382","Finance & Insurance",25,12798905.81,"Microsoft Azure",FALSE
"COMP-01383","Technology",43,21304873.7,"Microsoft Azure",TRUE
"COMP-01384","Technology",111,45757015.5,"Microsoft Azure",TRUE
"COMP-01385","Healthcare",149,47602569.87,"AWS",TRUE
"COMP-01386","Professional Services",88,21582683.8,"AWS",TRUE
"COMP-01387","Technology",44,21563860.82,"Google Cloud Platform (GCP)",TRUE
"COMP-01388","Manufacturing",11,2543986.34,"Microsoft Azure",TRUE
"COMP-01389","Technology",25,9717847.61,"AWS",TRUE
"COMP-01390","Retail & E-commerce",124,8286902.02,"AWS",FALSE
"COMP-01391","Professional Services",138,41567803.23,"Microsoft Azure",TRUE
"COMP-01392","Finance & Insurance",121,67290185.66,"AWS",TRUE
"COMP-01393","Technology",83,49666117.18,"AWS",FALSE
"COMP-01394","Retail & E-commerce",89,23537654.9,"Microsoft Azure",TRUE
"COMP-01395","Technology",102,29596742.42,"AWS",FALSE
"COMP-01396","Retail & E-commerce",3398,315837208.93,"AWS",FALSE
"COMP-01397","Professional Services",91,7500830.01,"Microsoft Azure",TRUE
"COMP-01398","Technology",26,12143144.64,"AWS",TRUE
"COMP-01399","Manufacturing",320,96908598.23,"Google Cloud Platform (GCP)",TRUE
"COMP-01400","Retail & E-commerce",519,178827019.7,"AWS",FALSE
"COMP-01401","Manufacturing",246,137432234,"AWS",TRUE
"COMP-01402","Technology",78,32057894.29,"AWS",FALSE
"COMP-01403","Manufacturing",14,2507722.44,"Microsoft Azure",TRUE
"COMP-01404","Professional Services",227,29200493.07,"Microsoft Azure",TRUE
"COMP-01405","Technology",354,116675152.97,"On-Prem/Hybrid",TRUE
"COMP-01406","Technology",21,4505277.33,"AWS",TRUE
"COMP-01407","Professional Services",26,4830947.11,"AWS",FALSE
"COMP-01408","Manufacturing",40,12949681.77,"AWS",FALSE
"COMP-01409","Technology",30,12949484.05,"AWS",FALSE
"COMP-01410","Retail & E-commerce",87,28993158.25,"AWS",TRUE
"COMP-01411","Professional Services",9,2279992.11,"Microsoft Azure",TRUE
"COMP-01412","Professional Services",107,20939581.71,"AWS",TRUE
"COMP-01413","Technology",58,32688971.28,"Google Cloud Platform (GCP)",TRUE
"COMP-01414","Professional Services",440,97623163.31,"Microsoft Azure",TRUE
"COMP-01415","Technology",25,6567599.06,"AWS",TRUE
"COMP-01416","Retail & E-commerce",840,260101022.99,"AWS",TRUE
"COMP-01417","Healthcare",73,21050621.68,"Microsoft Azure",FALSE
"COMP-01418","Technology",102,14743459.81,"Google Cloud Platform (GCP)",TRUE
"COMP-01419","Professional Services",34,9891280.05,"Microsoft Azure",FALSE
"COMP-01420","Healthcare",10,3024365.56,"Other",TRUE
"COMP-01421","Professional Services",14,6107304.39,"AWS",TRUE
"COMP-01422","Retail & E-commerce",103,13984886.5,"AWS",FALSE
"COMP-01423","Finance & Insurance",87,53085105.22,"Microsoft Azure",FALSE
"COMP-01424","Healthcare",421,127713803.46,"Microsoft Azure",TRUE
"COMP-01425","Retail & E-commerce",78,9062574.05,"Google Cloud Platform (GCP)",FALSE
"COMP-01426","Finance & Insurance",421,220505259.27,"Microsoft Azure",TRUE
"COMP-01427","Professional Services",692,127868519.69,"AWS",TRUE
"COMP-01428","Technology",124,30159244.29,"AWS",TRUE
"COMP-01429","Healthcare",293,96924765.58,"Google Cloud Platform (GCP)",TRUE
"COMP-01430","Finance & Insurance",56,12706663.28,"Microsoft Azure",TRUE
"COMP-01431","Professional Services",14,2132305.19,"On-Prem/Hybrid",TRUE
"COMP-01432","Finance & Insurance",71,26571299.85,"On-Prem/Hybrid",TRUE
"COMP-01433","Finance & Insurance",73,29881630.39,"Microsoft Azure",TRUE
"COMP-01434","Healthcare",22,9385632.53,"AWS",FALSE
"COMP-01435","Professional Services",78,15344587.06,"AWS",TRUE
"COMP-01436","Manufacturing",555,117742895.6,"AWS",TRUE
"COMP-01437","Professional Services",54,10119197.68,"Google Cloud Platform (GCP)",TRUE
"COMP-01438","Finance & Insurance",801,332774802.93,"On-Prem/Hybrid",TRUE
"COMP-01439","Technology",27,7306289.28,"Google Cloud Platform (GCP)",TRUE
"COMP-01440","Professional Services",18,2338462.23,"On-Prem/Hybrid",FALSE
"COMP-01441","Manufacturing",15,2730790.71,"On-Prem/Hybrid",FALSE
"COMP-01442","Technology",138,29495527.7,"Google Cloud Platform (GCP)",FALSE
"COMP-01443","Finance & Insurance",65,21014702.14,"AWS",FALSE
"COMP-01444","Manufacturing",105,33624398.82,"Microsoft Azure",FALSE
"COMP-01445","Professional Services",287,58495453.76,"AWS",FALSE
"COMP-01446","Manufacturing",464,91156642.08,"Microsoft Azure",TRUE
"COMP-01447","Manufacturing",51,12247592.96,"On-Prem/Hybrid",TRUE
"COMP-01448","Finance & Insurance",654,399587874.43,"Google Cloud Platform (GCP)",TRUE
"COMP-01449","Manufacturing",76,40285358.8,"AWS",TRUE
"COMP-01450","Finance & Insurance",60,28607719.56,"Microsoft Azure",FALSE
"COMP-01451","Finance & Insurance",18,6886711.36,"AWS",TRUE
"COMP-01452","Manufacturing",26,8198216.72,"AWS",TRUE
"COMP-01453","Healthcare",81,28902981.37,"On-Prem/Hybrid",TRUE
"COMP-01454","Professional Services",117,25409325.85,"AWS",TRUE
"COMP-01455","Technology",28,8900395.86,"AWS",FALSE
"COMP-01456","Finance & Insurance",339,79707040.57,"AWS",TRUE
"COMP-01457","Technology",416,111372603.91,"On-Prem/Hybrid",TRUE
"COMP-01458","Technology",9,4347546.8,"Microsoft Azure",TRUE
"COMP-01459","Technology",38,10493299.3,"Other",TRUE
"COMP-01460","Technology",214,72856729.34,"AWS",FALSE
"COMP-01461","Manufacturing",287,104716660.52,"Microsoft Azure",TRUE
"COMP-01462","Manufacturing",114,37598881.12,"Microsoft Azure",TRUE
"COMP-01463","Retail & E-commerce",79,25248946.59,"AWS",FALSE
"COMP-01464","Technology",97,34807349.16,"Microsoft Azure",TRUE
"COMP-01465","Manufacturing",154,34656899.76,"Microsoft Azure",FALSE
"COMP-01466","Manufacturing",113,26524807.35,"Microsoft Azure",TRUE
"COMP-01467","Professional Services",4716,604522141.65,"AWS",FALSE
"COMP-01468","Technology",36,7763243.46,"Google Cloud Platform (GCP)",TRUE
"COMP-01469","Professional Services",40,9410466.01,"On-Prem/Hybrid",TRUE
"COMP-01470","Professional Services",203,64692319.68,"AWS",FALSE
"COMP-01471","Healthcare",344,104553646.44,"Microsoft Azure",TRUE
"COMP-01472","Technology",102,26209537.24,"On-Prem/Hybrid",TRUE
"COMP-01473","Retail & E-commerce",98,29900229.44,"AWS",TRUE
"COMP-01474","Healthcare",76,31821671.66,"Microsoft Azure",TRUE
"COMP-01475","Professional Services",401,97187783.15,"Microsoft Azure",TRUE
"COMP-01476","Retail & E-commerce",56,9405753.26,"AWS",TRUE
"COMP-01477","Healthcare",62,22687648.17,"AWS",TRUE
"COMP-01478","Professional Services",364,174008330.47,"On-Prem/Hybrid",TRUE
"COMP-01479","Retail & E-commerce",375,68188406.72,"Google Cloud Platform (GCP)",TRUE
"COMP-01480","Healthcare",61,20863390.17,"Microsoft Azure",FALSE
"COMP-01481","Technology",59,17264551.92,"AWS",FALSE
"COMP-01482","Finance & Insurance",564,223588552.65,"On-Prem/Hybrid",TRUE
"COMP-01483","Finance & Insurance",448,122983938.45,"AWS",TRUE
"COMP-01484","Retail & E-commerce",364,36552160.72,"Microsoft Azure",TRUE
"COMP-01485","Technology",38,18457805.93,"Google Cloud Platform (GCP)",FALSE
"COMP-01486","Manufacturing",18,3282706.22,"Google Cloud Platform (GCP)",TRUE
"COMP-01487","Technology",283,67886708.58,"AWS",FALSE
"COMP-01488","Finance & Insurance",106,33353111.18,"AWS",TRUE
"COMP-01489","Technology",412,143244295.63,"AWS",FALSE
"COMP-01490","Manufacturing",19,2372480.49,"AWS",TRUE
"COMP-01491","Healthcare",830,160001437.25,"Microsoft Azure",TRUE
"COMP-01492","Technology",61,10765785.22,"Microsoft Azure",TRUE
"COMP-01493","Professional Services",76,35008298.63,"Microsoft Azure",FALSE
"COMP-01494","Retail & E-commerce",123,13345484.68,"Microsoft Azure",TRUE
"COMP-01495","Professional Services",41,5589491.7,"Microsoft Azure",FALSE
"COMP-01496","Manufacturing",113,29157868.97,"Microsoft Azure",TRUE
"COMP-01497","Manufacturing",42,7634223.33,"Microsoft Azure",FALSE
"COMP-01498","Healthcare",118,18385678.42,"Microsoft Azure",FALSE
"COMP-01499","Professional Services",31,9392190.88,"On-Prem/Hybrid",FALSE
"COMP-01500","Technology",35,10532676.06,"Google Cloud Platform (GCP)",TRUE
"COMP-01501","Technology",236,78098118.24,"On-Prem/Hybrid",TRUE
"COMP-01502","Finance & Insurance",1257,292495620.6,"Microsoft Azure",TRUE
"COMP-01503","Technology",64,33912368.75,"AWS",FALSE
"COMP-01504","Finance & Insurance",39,20037939.89,"Google Cloud Platform (GCP)",TRUE
"COMP-01505","Professional Services",283,57772483.62,"Google Cloud Platform (GCP)",TRUE
"COMP-01506","Manufacturing",65,10856021.2,"AWS",TRUE
"COMP-01507","Manufacturing",205,51569772.98,"AWS",FALSE
"COMP-01508","Professional Services",13,3186723.13,"Microsoft Azure",FALSE
"COMP-01509","Technology",166,79887660.13,"Microsoft Azure",TRUE
"COMP-01510","Retail & E-commerce",1142,283102192.19,"Google Cloud Platform (GCP)",TRUE
"COMP-01511","Manufacturing",119,23499738.33,"AWS",TRUE
"COMP-01512","Technology",411,201950307.2,"Other",TRUE
"COMP-01513","Manufacturing",102,15941010.78,"Microsoft Azure",FALSE
"COMP-01514","Technology",292,160110182.93,"Google Cloud Platform (GCP)",TRUE
"COMP-01515","Finance & Insurance",57,26007093.71,"AWS",TRUE
"COMP-01516","Technology",55,14954485.15,"AWS",TRUE
"COMP-01517","Manufacturing",149,28197631.97,"AWS",TRUE
"COMP-01518","Professional Services",162,26478548.08,"Microsoft Azure",FALSE
"COMP-01519","Manufacturing",406,89540274.23,"AWS",TRUE
"COMP-01520","Finance & Insurance",281,218154456.89,"AWS",TRUE
"COMP-01521","Healthcare",37,13823842.6,"Google Cloud Platform (GCP)",FALSE
"COMP-01522","Retail & E-commerce",63,13567477.71,"AWS",FALSE
"COMP-01523","Retail & E-commerce",71,33373180.45,"Google Cloud Platform (GCP)",FALSE
"COMP-01524","Manufacturing",196,47419426.59,"Microsoft Azure",TRUE
"COMP-01525","Retail & E-commerce",16,2411715.9,"Google Cloud Platform (GCP)",TRUE
"COMP-01526","Professional Services",296,126502983.44,"Microsoft Azure",TRUE
"COMP-01527","Retail & E-commerce",94,9178583.99,"Microsoft Azure",FALSE
"COMP-01528","Healthcare",105,48930742.86,"AWS",FALSE
"COMP-01529","Healthcare",222,77887805.72,"AWS",FALSE
"COMP-01530","Healthcare",83,13095087.37,"AWS",TRUE
"COMP-01531","Professional Services",39,14172505.81,"Microsoft Azure",FALSE
"COMP-01532","Finance & Insurance",38,9127722.61,"AWS",FALSE
"COMP-01533","Professional Services",46,8980160.85,"Microsoft Azure",FALSE
"COMP-01534","Manufacturing",126,21843830.77,"AWS",FALSE
"COMP-01535","Technology",16,4994355.74,"AWS",TRUE
"COMP-01536","Finance & Insurance",20,13044545.15,"Google Cloud Platform (GCP)",FALSE
"COMP-01537","Technology",258,101490679.21,"Google Cloud Platform (GCP)",TRUE
"COMP-01538","Technology",36,9478873.8,"AWS",TRUE
"COMP-01539","Manufacturing",54,17104867.93,"Other",TRUE
"COMP-01540","Healthcare",1295,245612013.8,"Microsoft Azure",FALSE
"COMP-01541","Finance & Insurance",55,23929797.73,"AWS",TRUE
"COMP-01542","Healthcare",57,16711241.55,"AWS",TRUE
"COMP-01543","Technology",170,25646736.72,"Microsoft Azure",FALSE
"COMP-01544","Professional Services",246,27524190.22,"AWS",TRUE
"COMP-01545","Retail & E-commerce",234,35990887.19,"AWS",FALSE
"COMP-01546","Healthcare",2282,877626908.17,"Microsoft Azure",FALSE
"COMP-01547","Technology",1067,456506334.99,"AWS",FALSE
"COMP-01548","Manufacturing",399,78740772.37,"AWS",TRUE
"COMP-01549","Healthcare",19,2181546.11,"Microsoft Azure",FALSE
"COMP-01550","Manufacturing",64,11534691.91,"Google Cloud Platform (GCP)",FALSE
"COMP-01551","Professional Services",7,1124362.59,"Microsoft Azure",TRUE
"COMP-01552","Finance & Insurance",17,17630071.41,"AWS",TRUE
"COMP-01553","Manufacturing",120,27654931.45,"On-Prem/Hybrid",TRUE
"COMP-01554","Retail & E-commerce",157,30959472.04,"AWS",FALSE
"COMP-01555","Manufacturing",25,11297803,"Other",TRUE
"COMP-01556","Healthcare",55,12837470.98,"Microsoft Azure",TRUE
"COMP-01557","Technology",580,225829717.94,"AWS",TRUE
"COMP-01558","Retail & E-commerce",92,19770315.72,"AWS",TRUE
"COMP-01559","Retail & E-commerce",382,64547525.87,"AWS",TRUE
"COMP-01560","Manufacturing",164,43298448.57,"AWS",FALSE
"COMP-01561","Retail & E-commerce",62,15317317.78,"AWS",TRUE
"COMP-01562","Finance & Insurance",35,24192478.73,"Google Cloud Platform (GCP)",TRUE
"COMP-01563","Healthcare",161,44128104.02,"AWS",TRUE
"COMP-01564","Technology",42,10614009.06,"Google Cloud Platform (GCP)",FALSE
"COMP-01565","Technology",82,19260271.24,"On-Prem/Hybrid",TRUE
"COMP-01566","Healthcare",131,42889363.11,"Microsoft Azure",TRUE
"COMP-01567","Technology",83,23935101.26,"AWS",TRUE
"COMP-01568","Finance & Insurance",28,15150303.17,"Google Cloud Platform (GCP)",FALSE
"COMP-01569","Healthcare",24,5737794.47,"Google Cloud Platform (GCP)",TRUE
"COMP-01570","Retail & E-commerce",131,24691462.55,"On-Prem/Hybrid",FALSE
"COMP-01571","Professional Services",194,24029073.34,"Microsoft Azure",FALSE
"COMP-01572","Finance & Insurance",131,70091540,"Microsoft Azure",TRUE
"COMP-01573","Professional Services",166,45513939.64,"Microsoft Azure",TRUE
"COMP-01574","Technology",24,5340164.84,"AWS",TRUE
"COMP-01575","Retail & E-commerce",65,34015360.31,"AWS",TRUE
"COMP-01576","Manufacturing",222,57952383.39,"On-Prem/Hybrid",TRUE
"COMP-01577","Professional Services",489,49120983.82,"AWS",TRUE
"COMP-01578","Technology",30,11899668.46,"AWS",FALSE
"COMP-01579","Finance & Insurance",12,6210756.17,"AWS",TRUE
"COMP-01580","Technology",103,29733835.44,"AWS",TRUE
"COMP-01581","Manufacturing",139,42238238.61,"AWS",TRUE
"COMP-01582","Technology",265,104831735.31,"AWS",TRUE
"COMP-01583","Manufacturing",516,169333015.05,"Microsoft Azure",TRUE
"COMP-01584","Technology",84,17862709.16,"AWS",FALSE
"COMP-01585","Healthcare",18,7155811.53,"Microsoft Azure",TRUE
"COMP-01586","Professional Services",13,2084284.52,"AWS",TRUE
"COMP-01587","Retail & E-commerce",12,1988610.09,"Other",FALSE
"COMP-01588","Technology",87,49052274.06,"AWS",TRUE
"COMP-01589","Retail & E-commerce",146,15783782.17,"AWS",TRUE
"COMP-01590","Retail & E-commerce",42,12936532,"AWS",FALSE
"COMP-01591","Technology",440,69077497.4,"AWS",TRUE
"COMP-01592","Healthcare",178,64590815.89,"AWS",TRUE
"COMP-01593","Technology",68,27717951.59,"AWS",TRUE
"COMP-01594","Technology",205,55860360.39,"AWS",FALSE
"COMP-01595","Technology",155,29336036.96,"Google Cloud Platform (GCP)",TRUE
"COMP-01596","Retail & E-commerce",59,11634101.26,"Microsoft Azure",FALSE
"COMP-01597","Retail & E-commerce",158,39423223.54,"Microsoft Azure",TRUE
"COMP-01598","Technology",427,345343972.07,"AWS",TRUE
"COMP-01599","Technology",239,55430140.91,"Microsoft Azure",FALSE
"COMP-01600","Manufacturing",187,58474246.61,"Google Cloud Platform (GCP)",TRUE
"COMP-01601","Healthcare",49,8699389.96,"Microsoft Azure",FALSE
"COMP-01602","Manufacturing",110,12228564.68,"AWS",FALSE
"COMP-01603","Healthcare",25,4714886.69,"Microsoft Azure",FALSE
"COMP-01604","Technology",137,74166603.66,"AWS",TRUE
"COMP-01605","Manufacturing",55,12677017.75,"AWS",FALSE
"COMP-01606","Healthcare",33,12468866.44,"AWS",FALSE
"COMP-01607","Retail & E-commerce",30,3618095.22,"Google Cloud Platform (GCP)",TRUE
"COMP-01608","Finance & Insurance",97,47507263.81,"Microsoft Azure",FALSE
"COMP-01609","Technology",69,18183286.8,"On-Prem/Hybrid",TRUE
"COMP-01610","Retail & E-commerce",32,7010772.78,"AWS",TRUE
"COMP-01611","Professional Services",98,29018726.36,"Microsoft Azure",TRUE
"COMP-01612","Professional Services",717,69834049.73,"AWS",FALSE
"COMP-01613","Professional Services",733,177626861.76,"Google Cloud Platform (GCP)",TRUE
"COMP-01614","Finance & Insurance",37,23595548.84,"AWS",TRUE
"COMP-01615","Healthcare",41,12818424.16,"AWS",TRUE
"COMP-01616","Healthcare",97,36570638.58,"AWS",TRUE
"COMP-01617","Finance & Insurance",60,62059796.68,"On-Prem/Hybrid",FALSE
"COMP-01618","Manufacturing",770,227268742.08,"Google Cloud Platform (GCP)",TRUE
"COMP-01619","Manufacturing",163,33583549.17,"Microsoft Azure",FALSE
"COMP-01620","Finance & Insurance",178,97845957.2,"Google Cloud Platform (GCP)",TRUE
"COMP-01621","Technology",178,51003486.26,"Other",FALSE
"COMP-01622","Finance & Insurance",63,28819819.39,"AWS",TRUE
"COMP-01623","Finance & Insurance",245,38547227.07,"Microsoft Azure",FALSE
"COMP-01624","Technology",17,4109100.63,"Other",TRUE
"COMP-01625","Healthcare",89,28744441.76,"Other",FALSE
"COMP-01626","Healthcare",443,242152199.82,"AWS",TRUE
"COMP-01627","Manufacturing",10,1938325.72,"Microsoft Azure",TRUE
"COMP-01628","Professional Services",26,7019306.86,"Microsoft Azure",TRUE
"COMP-01629","Technology",24,8341697.98,"Microsoft Azure",TRUE
"COMP-01630","Professional Services",217,38196611.43,"Microsoft Azure",FALSE
"COMP-01631","Technology",88,26875508.79,"Microsoft Azure",TRUE
"COMP-01632","Technology",66,26716913.25,"Microsoft Azure",TRUE
"COMP-01633","Retail & E-commerce",217,89109944.14,"AWS",FALSE
"COMP-01634","Technology",10,3174270.22,"Google Cloud Platform (GCP)",TRUE
"COMP-01635","Healthcare",274,125174743.45,"Microsoft Azure",FALSE
"COMP-01636","Healthcare",50,15422555.67,"Microsoft Azure",TRUE
"COMP-01637","Technology",141,55580073.73,"Google Cloud Platform (GCP)",TRUE
"COMP-01638","Technology",301,60742133.32,"AWS",TRUE
"COMP-01639","Finance & Insurance",41,15512159.75,"Microsoft Azure",TRUE
"COMP-01640","Finance & Insurance",704,320497752.96,"Microsoft Azure",TRUE
"COMP-01641","Technology",74,46516323.34,"AWS",TRUE
"COMP-01642","Healthcare",238,47754255.9,"Microsoft Azure",TRUE
"COMP-01643","Retail & E-commerce",13,2967755.82,"Microsoft Azure",FALSE
"COMP-01644","Technology",32,12246516.66,"AWS",TRUE
"COMP-01645","Professional Services",81,19439791.03,"Other",TRUE
"COMP-01646","Technology",280,84886940.93,"AWS",TRUE
"COMP-01647","Professional Services",102,21595982.5,"AWS",TRUE
"COMP-01648","Finance & Insurance",17,3535105.21,"Microsoft Azure",TRUE
"COMP-01649","Professional Services",177,30989843.05,"AWS",TRUE
"COMP-01650","Professional Services",120,15291642.88,"AWS",TRUE
"COMP-01651","Healthcare",311,76478750.91,"Google Cloud Platform (GCP)",TRUE
"COMP-01652","Technology",78,26939081.34,"AWS",TRUE
"COMP-01653","Technology",1260,568483074.19,"AWS",TRUE
"COMP-01654","Finance & Insurance",24,15037802.51,"Microsoft Azure",FALSE
"COMP-01655","Technology",187,58862166.67,"Other",TRUE
"COMP-01656","Healthcare",625,134502563.92,"On-Prem/Hybrid",TRUE
"COMP-01657","Retail & E-commerce",52,11259146.08,"AWS",TRUE
"COMP-01658","Professional Services",195,20662557.53,"Google Cloud Platform (GCP)",FALSE
"COMP-01659","Retail & E-commerce",138,27754685.24,"AWS",TRUE
"COMP-01660","Finance & Insurance",56,20033636.94,"Microsoft Azure",FALSE
"COMP-01661","Retail & E-commerce",662,128858559.9,"Google Cloud Platform (GCP)",TRUE
"COMP-01662","Finance & Insurance",65,28119499.73,"Microsoft Azure",FALSE
"COMP-01663","Healthcare",34,6506322.52,"On-Prem/Hybrid",FALSE
"COMP-01664","Manufacturing",9,1613197.78,"Microsoft Azure",TRUE
"COMP-01665","Retail & E-commerce",270,33966779.85,"AWS",FALSE
"COMP-01666","Technology",20,9182081.06,"On-Prem/Hybrid",FALSE
"COMP-01667","Healthcare",180,85956687.86,"Microsoft Azure",TRUE
"COMP-01668","Professional Services",151,20102858.95,"AWS",TRUE
"COMP-01669","Technology",5,1372260.95,"AWS",FALSE
"COMP-01670","Manufacturing",105,41742294.45,"AWS",TRUE
"COMP-01671","Technology",99,42670562.16,"Google Cloud Platform (GCP)",FALSE
"COMP-01672","Technology",229,102745486.2,"Microsoft Azure",FALSE
"COMP-01673","Manufacturing",30,6339382.02,"Other",TRUE
"COMP-01674","Technology",410,294514758.13,"On-Prem/Hybrid",TRUE
"COMP-01675","Professional Services",315,37202868.81,"Microsoft Azure",TRUE
"COMP-01676","Technology",1515,538835639.19,"Microsoft Azure",TRUE
"COMP-01677","Healthcare",521,138599701.8,"AWS",TRUE
"COMP-01678","Technology",33,18545771.81,"AWS",FALSE
"COMP-01679","Technology",98,17081242.71,"Microsoft Azure",TRUE
"COMP-01680","Finance & Insurance",47,20181680.57,"Google Cloud Platform (GCP)",TRUE
"COMP-01681","Healthcare",16,2527087.39,"Microsoft Azure",FALSE
"COMP-01682","Healthcare",10,1994550.14,"Google Cloud Platform (GCP)",TRUE
"COMP-01683","Professional Services",88,9540522.57,"Microsoft Azure",TRUE
"COMP-01684","Technology",22,18232241.44,"AWS",TRUE
"COMP-01685","Technology",134,44321730.79,"Microsoft Azure",TRUE
"COMP-01686","Retail & E-commerce",238,29543305.69,"AWS",TRUE
"COMP-01687","Professional Services",397,100750504.81,"Microsoft Azure",TRUE
"COMP-01688","Technology",66,28943007.51,"Google Cloud Platform (GCP)",FALSE
"COMP-01689","Retail & E-commerce",340,65340081.67,"AWS",TRUE
"COMP-01690","Healthcare",351,154805026.13,"Google Cloud Platform (GCP)",TRUE
"COMP-01691","Technology",141,35660583.24,"Google Cloud Platform (GCP)",TRUE
"COMP-01692","Professional Services",47,14368887.63,"Microsoft Azure",FALSE
"COMP-01693","Technology",282,44880004.36,"AWS",TRUE
"COMP-01694","Finance & Insurance",10,3896738.85,"Microsoft Azure",FALSE
"COMP-01695","Technology",449,285216223.78,"Microsoft Azure",TRUE
"COMP-01696","Healthcare",401,64379736.2,"Other",FALSE
"COMP-01697","Healthcare",78,14707910.93,"AWS",TRUE
"COMP-01698","Technology",122,31167343.36,"On-Prem/Hybrid",TRUE
"COMP-01699","Healthcare",11,1674349.48,"AWS",TRUE
"COMP-01700","Professional Services",40,15482217.99,"Google Cloud Platform (GCP)",TRUE
"COMP-01701","Technology",52,17234368.93,"AWS",TRUE
"COMP-01702","Technology",845,398039530.44,"AWS",TRUE
"COMP-01703","Healthcare",15,3660856.17,"Google Cloud Platform (GCP)",FALSE
"COMP-01704","Retail & E-commerce",28,10203591.09,"AWS",TRUE
"COMP-01705","Professional Services",124,32033289.2,"Google Cloud Platform (GCP)",TRUE
"COMP-01706","Manufacturing",122,28345094.5,"Google Cloud Platform (GCP)",TRUE
"COMP-01707","Technology",69,24478606.06,"AWS",TRUE
"COMP-01708","Technology",95,33189878.56,"Microsoft Azure",TRUE
"COMP-01709","Manufacturing",229,106986256.24,"Other",FALSE
"COMP-01710","Healthcare",62,19296202.16,"Microsoft Azure",TRUE
"COMP-01711","Professional Services",330,56457456.5,"Google Cloud Platform (GCP)",FALSE
"COMP-01712","Healthcare",229,20750976.4,"Microsoft Azure",TRUE
"COMP-01713","Healthcare",730,109008952.5,"Google Cloud Platform (GCP)",TRUE
"COMP-01714","Finance & Insurance",65,29119818.83,"Google Cloud Platform (GCP)",FALSE
"COMP-01715","Retail & E-commerce",26,4957005.68,"AWS",TRUE
"COMP-01716","Technology",119,40762284.17,"Microsoft Azure",TRUE
"COMP-01717","Finance & Insurance",272,119194888.82,"Microsoft Azure",TRUE
"COMP-01718","Professional Services",475,168074517.23,"AWS",TRUE
"COMP-01719","Professional Services",934,106313378.1,"On-Prem/Hybrid",TRUE
"COMP-01720","Healthcare",9,1886172.27,"Microsoft Azure",TRUE
"COMP-01721","Manufacturing",56,9746470.62,"Other",TRUE
"COMP-01722","Manufacturing",436,110019539.13,"Microsoft Azure",TRUE
"COMP-01723","Manufacturing",28,6062549.4,"Microsoft Azure",FALSE
"COMP-01724","Technology",58,18164088.27,"On-Prem/Hybrid",TRUE
"COMP-01725","Manufacturing",21,8120384.04,"Microsoft Azure",FALSE
"COMP-01726","Retail & E-commerce",34,12581634.28,"AWS",TRUE
"COMP-01727","Manufacturing",38,11818623.07,"AWS",FALSE
"COMP-01728","Healthcare",33,11182033.64,"Google Cloud Platform (GCP)",TRUE
"COMP-01729","Retail & E-commerce",176,57489739.05,"Other",TRUE
"COMP-01730","Technology",7,893625.08,"AWS",TRUE
"COMP-01731","Retail & E-commerce",89,21035573.43,"On-Prem/Hybrid",FALSE
"COMP-01732","Manufacturing",515,102741534.8,"AWS",TRUE
"COMP-01733","Finance & Insurance",18,10611483.7,"AWS",FALSE
"COMP-01734","Technology",158,34124224.67,"On-Prem/Hybrid",TRUE
"COMP-01735","Healthcare",22,3633655.67,"Microsoft Azure",FALSE
"COMP-01736","Technology",63,49065525.78,"Microsoft Azure",TRUE
"COMP-01737","Professional Services",109,19778863.29,"AWS",FALSE
"COMP-01738","Healthcare",290,93343431.11,"Google Cloud Platform (GCP)",FALSE
"COMP-01739","Finance & Insurance",119,54459886.49,"AWS",TRUE
"COMP-01740","Technology",38,7365998.84,"Google Cloud Platform (GCP)",TRUE
"COMP-01741","Manufacturing",222,62423114.78,"On-Prem/Hybrid",TRUE
"COMP-01742","Technology",13,5836655.59,"Other",FALSE
"COMP-01743","Professional Services",218,47810971.28,"Google Cloud Platform (GCP)",FALSE
"COMP-01744","Technology",28,6181683.19,"On-Prem/Hybrid",TRUE
"COMP-01745","Manufacturing",22,8016676.6,"AWS",FALSE
"COMP-01746","Technology",102,63794717.31,"Microsoft Azure",FALSE
"COMP-01747","Retail & E-commerce",8,2716461.16,"Other",TRUE
"COMP-01748","Manufacturing",39,8704891.24,"Microsoft Azure",TRUE
"COMP-01749","Retail & E-commerce",34,8042394.59,"Microsoft Azure",FALSE
"COMP-01750","Professional Services",23,3419947.3,"Google Cloud Platform (GCP)",FALSE
"COMP-01751","Technology",113,69822262.59,"Google Cloud Platform (GCP)",TRUE
"COMP-01752","Healthcare",102,38336198.67,"Microsoft Azure",FALSE
"COMP-01753","Technology",171,58911256.09,"AWS",TRUE
"COMP-01754","Manufacturing",711,125735979.99,"Microsoft Azure",TRUE
"COMP-01755","Finance & Insurance",74,33083177.89,"On-Prem/Hybrid",TRUE
"COMP-01756","Technology",979,311892100.75,"Microsoft Azure",TRUE
"COMP-01757","Healthcare",10,3176333.33,"Microsoft Azure",FALSE
"COMP-01758","Professional Services",12,2089508.26,"Microsoft Azure",FALSE
"COMP-01759","Technology",27,13946646.04,"Microsoft Azure",TRUE
"COMP-01760","Retail & E-commerce",65,7701194.6,"Microsoft Azure",TRUE
"COMP-01761","Technology",81,34968247.77,"AWS",TRUE
"COMP-01762","Technology",644,397038320.08,"Microsoft Azure",TRUE
"COMP-01763","Finance & Insurance",52,19521589.63,"AWS",TRUE
"COMP-01764","Technology",314,86714694.96,"On-Prem/Hybrid",TRUE
"COMP-01765","Finance & Insurance",110,51313095.57,"Google Cloud Platform (GCP)",FALSE
"COMP-01766","Finance & Insurance",256,171930956.76,"AWS",TRUE
"COMP-01767","Technology",350,122866848.2,"AWS",TRUE
"COMP-01768","Professional Services",10,1801727.05,"AWS",FALSE
"COMP-01769","Technology",192,48616987.07,"Google Cloud Platform (GCP)",TRUE
"COMP-01770","Finance & Insurance",52,22347951.61,"Google Cloud Platform (GCP)",TRUE
"COMP-01771","Finance & Insurance",52,23684103.62,"Google Cloud Platform (GCP)",FALSE
"COMP-01772","Manufacturing",25,6870422.45,"AWS",TRUE
"COMP-01773","Manufacturing",59,19351717.38,"Other",FALSE
"COMP-01774","Healthcare",18,7750220.23,"Microsoft Azure",TRUE
"COMP-01775","Manufacturing",33,5692149.45,"Google Cloud Platform (GCP)",TRUE
"COMP-01776","Technology",91,20133369.55,"AWS",FALSE
"COMP-01777","Retail & E-commerce",67,8209670.01,"Google Cloud Platform (GCP)",TRUE
"COMP-01778","Retail & E-commerce",220,51110464.67,"Microsoft Azure",FALSE
"COMP-01779","Finance & Insurance",6,2355019.91,"AWS",TRUE
"COMP-01780","Retail & E-commerce",244,73500848.64,"Microsoft Azure",FALSE
"COMP-01781","Retail & E-commerce",156,32046562.21,"Other",FALSE
"COMP-01782","Technology",19,8966713.88,"AWS",FALSE
"COMP-01783","Finance & Insurance",50,18886255.07,"Google Cloud Platform (GCP)",FALSE
"COMP-01784","Professional Services",60,7667766.81,"Google Cloud Platform (GCP)",TRUE
"COMP-01785","Retail & E-commerce",86,20453830.31,"Microsoft Azure",FALSE
"COMP-01786","Professional Services",24,3262204.49,"AWS",TRUE
"COMP-01787","Manufacturing",21,3050792.95,"On-Prem/Hybrid",TRUE
"COMP-01788","Manufacturing",766,244590307.01,"Microsoft Azure",TRUE
"COMP-01789","Technology",29,5832221.82,"AWS",TRUE
"COMP-01790","Professional Services",33,5787084.97,"Microsoft Azure",FALSE
"COMP-01791","Manufacturing",94,16973424.31,"Microsoft Azure",TRUE
"COMP-01792","Healthcare",302,115043098.06,"On-Prem/Hybrid",FALSE
"COMP-01793","Finance & Insurance",28,11296840.04,"Google Cloud Platform (GCP)",TRUE
"COMP-01794","Healthcare",125,35215672.87,"AWS",FALSE
"COMP-01795","Retail & E-commerce",374,129896907.04,"AWS",TRUE
"COMP-01796","Technology",108,26607710.86,"Microsoft Azure",FALSE
"COMP-01797","Finance & Insurance",70,23885720.45,"AWS",TRUE
"COMP-01798","Technology",135,54383652.93,"On-Prem/Hybrid",TRUE
"COMP-01799","Finance & Insurance",103,104058076.15,"AWS",FALSE
"COMP-01800","Technology",27,13572550.42,"Microsoft Azure",TRUE
"COMP-01801","Healthcare",131,55718098.03,"AWS",FALSE
"COMP-01802","Professional Services",32,5283599.08,"Google Cloud Platform (GCP)",TRUE
"COMP-01803","Retail & E-commerce",914,193771022.78,"AWS",FALSE
"COMP-01804","Finance & Insurance",31,14267518.76,"Microsoft Azure",TRUE
"COMP-01805","Retail & E-commerce",623,88851848.59,"AWS",FALSE
"COMP-01806","Manufacturing",151,26970216.22,"AWS",TRUE
"COMP-01807","Professional Services",183,49161457.73,"Other",TRUE
"COMP-01808","Technology",91,27169790.02,"AWS",TRUE
"COMP-01809","Finance & Insurance",17,5168781.79,"Microsoft Azure",TRUE
"COMP-01810","Manufacturing",86,35392410.36,"Google Cloud Platform (GCP)",FALSE
"COMP-01811","Technology",69,18143226.35,"AWS",FALSE
"COMP-01812","Professional Services",1552,339130511.09,"Microsoft Azure",TRUE
"COMP-01813","Retail & E-commerce",143,56782988.32,"Other",FALSE
"COMP-01814","Manufacturing",79,14123922.88,"AWS",FALSE
"COMP-01815","Retail & E-commerce",99,8601630.72,"AWS",FALSE
"COMP-01816","Retail & E-commerce",1088,269054453.47,"AWS",FALSE
"COMP-01817","Manufacturing",13,3458873.34,"AWS",TRUE
"COMP-01818","Technology",82,37927476.41,"Google Cloud Platform (GCP)",FALSE
"COMP-01819","Technology",108,31037494.73,"AWS",TRUE
"COMP-01820","Finance & Insurance",127,45219217.75,"Microsoft Azure",TRUE
"COMP-01821","Manufacturing",472,120256165.23,"AWS",FALSE
"COMP-01822","Healthcare",38,12679871.12,"Microsoft Azure",FALSE
"COMP-01823","Manufacturing",8,2244075.84,"AWS",TRUE
"COMP-01824","Professional Services",48,6495344.17,"AWS",TRUE
"COMP-01825","Finance & Insurance",35,26310514.84,"On-Prem/Hybrid",FALSE
"COMP-01826","Technology",9,2627924.84,"AWS",TRUE
"COMP-01827","Manufacturing",114,22835676.91,"AWS",TRUE
"COMP-01828","Technology",106,36612965.75,"On-Prem/Hybrid",TRUE
"COMP-01829","Finance & Insurance",29,6270153.36,"Google Cloud Platform (GCP)",TRUE
"COMP-01830","Healthcare",1183,386395913.47,"AWS",FALSE
"COMP-01831","Technology",522,237566573.3,"Microsoft Azure",TRUE
"COMP-01832","Healthcare",43,5859283.36,"AWS",TRUE
"COMP-01833","Retail & E-commerce",448,85836211.44,"AWS",FALSE
"COMP-01834","Professional Services",22,3446033.19,"AWS",TRUE
"COMP-01835","Manufacturing",107,32216130.15,"AWS",TRUE
"COMP-01836","Manufacturing",1384,699413252.4,"AWS",TRUE
"COMP-01837","Manufacturing",275,48830078.46,"AWS",FALSE
"COMP-01838","Manufacturing",57,8613364.76,"Microsoft Azure",TRUE
"COMP-01839","Technology",7,1437942.79,"AWS",FALSE
"COMP-01840","Finance & Insurance",215,101164956.4,"AWS",FALSE
"COMP-01841","Finance & Insurance",33,11598986.75,"AWS",TRUE
"COMP-01842","Manufacturing",676,121452850.72,"Microsoft Azure",TRUE
"COMP-01843","Professional Services",436,70384333.21,"On-Prem/Hybrid",TRUE
"COMP-01844","Finance & Insurance",137,51941355.84,"Microsoft Azure",TRUE
"COMP-01845","Technology",489,182952617.7,"AWS",TRUE
"COMP-01846","Manufacturing",14,3837421.85,"Other",TRUE
"COMP-01847","Manufacturing",1222,459012356.25,"AWS",TRUE
"COMP-01848","Healthcare",627,167187825.01,"AWS",FALSE
"COMP-01849","Healthcare",394,66069120.07,"On-Prem/Hybrid",TRUE
"COMP-01850","Healthcare",158,49611049.31,"Google Cloud Platform (GCP)",FALSE
"COMP-01851","Healthcare",34,6644370.21,"Microsoft Azure",TRUE
"COMP-01852","Retail & E-commerce",51,15368512.95,"Other",FALSE
"COMP-01853","Technology",55,20797337.9,"Google Cloud Platform (GCP)",TRUE
"COMP-01854","Finance & Insurance",460,396486871.58,"Microsoft Azure",TRUE
"COMP-01855","Retail & E-commerce",9,944857.35,"AWS",TRUE
"COMP-01856","Healthcare",61,21469547.67,"Microsoft Azure",TRUE
"COMP-01857","Technology",177,42670185.47,"On-Prem/Hybrid",TRUE
"COMP-01858","Finance & Insurance",12,4230450.58,"Microsoft Azure",TRUE
"COMP-01859","Healthcare",47,13462067.76,"Google Cloud Platform (GCP)",TRUE
"COMP-01860","Manufacturing",599,218845629.79,"Google Cloud Platform (GCP)",TRUE
"COMP-01861","Manufacturing",110,16685076.17,"Microsoft Azure",TRUE
"COMP-01862","Finance & Insurance",345,89418278.83,"AWS",TRUE
"COMP-01863","Healthcare",82,15930172.24,"Microsoft Azure",TRUE
"COMP-01864","Retail & E-commerce",272,76047853.61,"Google Cloud Platform (GCP)",TRUE
"COMP-01865","Healthcare",176,67631405.75,"On-Prem/Hybrid",FALSE
"COMP-01866","Healthcare",326,70012671.31,"AWS",TRUE
"COMP-01867","Professional Services",93,37157342.39,"AWS",FALSE
"COMP-01868","Healthcare",27,5180627.02,"AWS",FALSE
"COMP-01869","Manufacturing",18,2511796.54,"On-Prem/Hybrid",TRUE
"COMP-01870","Finance & Insurance",225,173555897.43,"Microsoft Azure",TRUE
"COMP-01871","Technology",54,20100543.49,"Microsoft Azure",TRUE
"COMP-01872","Manufacturing",34,3915015.82,"AWS",TRUE
"COMP-01873","Manufacturing",206,85989552.86,"Microsoft Azure",FALSE
"COMP-01874","Manufacturing",144,25551409.82,"AWS",FALSE
"COMP-01875","Healthcare",23,4560853.6,"Microsoft Azure",FALSE
"COMP-01876","Professional Services",12,2270527.33,"AWS",TRUE
"COMP-01877","Technology",15,6794056.25,"AWS",FALSE
"COMP-01878","Technology",541,284484346.63,"Microsoft Azure",TRUE
"COMP-01879","Technology",156,101025895.56,"AWS",TRUE
"COMP-01880","Technology",65,23596858.08,"AWS",TRUE
"COMP-01881","Technology",168,54307923.61,"Other",FALSE
"COMP-01882","Healthcare",80,16110712.37,"Google Cloud Platform (GCP)",TRUE
"COMP-01883","Technology",15,4062728,"AWS",TRUE
"COMP-01884","Technology",257,132179825.6,"Google Cloud Platform (GCP)",TRUE
"COMP-01885","Finance & Insurance",280,104224212.4,"AWS",TRUE
"COMP-01886","Healthcare",18,4900363.95,"AWS",FALSE
"COMP-01887","Retail & E-commerce",488,98024994.4,"AWS",TRUE
"COMP-01888","Professional Services",76,10573068.9,"AWS",TRUE
"COMP-01889","Technology",36,15561325.86,"Microsoft Azure",FALSE
"COMP-01890","Healthcare",4436,1905284490.86,"Microsoft Azure",FALSE
"COMP-01891","Healthcare",73,19755138.74,"AWS",FALSE
"COMP-01892","Healthcare",12,2807875.72,"Other",FALSE
"COMP-01893","Technology",101,35126972.15,"AWS",FALSE
"COMP-01894","Professional Services",187,42977968.11,"AWS",FALSE
"COMP-01895","Retail & E-commerce",344,76829024.4,"Microsoft Azure",TRUE
"COMP-01896","Professional Services",142,17697716.44,"Google Cloud Platform (GCP)",FALSE
"COMP-01897","Finance & Insurance",79,34960485.45,"AWS",TRUE
"COMP-01898","Technology",45,15751210.55,"AWS",TRUE
"COMP-01899","Professional Services",186,26994562.96,"Google Cloud Platform (GCP)",TRUE
"COMP-01900","Technology",39,7190853.04,"AWS",TRUE
"COMP-01901","Finance & Insurance",266,154582949.33,"Microsoft Azure",TRUE
"COMP-01902","Healthcare",57,25417444.72,"Microsoft Azure",TRUE
"COMP-01903","Finance & Insurance",7,3264508.16,"AWS",TRUE
"COMP-01904","Manufacturing",244,69388304.33,"AWS",TRUE
"COMP-01905","Technology",65,15375598.71,"Other",TRUE
"COMP-01906","Finance & Insurance",93,71638531.72,"AWS",TRUE
"COMP-01907","Technology",626,174884464.06,"On-Prem/Hybrid",TRUE
"COMP-01908","Manufacturing",73,24705172.33,"Other",FALSE
"COMP-01909","Technology",120,29887131.11,"AWS",TRUE
"COMP-01910","Finance & Insurance",108,51076883.19,"Microsoft Azure",TRUE
"COMP-01911","Healthcare",568,155459758.66,"Microsoft Azure",TRUE
"COMP-01912","Professional Services",62,10819242.74,"On-Prem/Hybrid",FALSE
"COMP-01913","Healthcare",34,13428023.3,"Microsoft Azure",TRUE
"COMP-01914","Professional Services",37,4737571.02,"AWS",FALSE
"COMP-01915","Finance & Insurance",7,3639885.05,"Other",FALSE
"COMP-01916","Technology",10,2745425.89,"Microsoft Azure",TRUE
"COMP-01917","Finance & Insurance",429,235630915.78,"Microsoft Azure",TRUE
"COMP-01918","Finance & Insurance",84,46663595.44,"Google Cloud Platform (GCP)",TRUE
"COMP-01919","Finance & Insurance",99,40375339.17,"AWS",TRUE
"COMP-01920","Retail & E-commerce",119,33327363.27,"Google Cloud Platform (GCP)",FALSE
"COMP-01921","Healthcare",382,214293510.2,"AWS",TRUE
"COMP-01922","Finance & Insurance",65,35908334.45,"On-Prem/Hybrid",TRUE
"COMP-01923","Manufacturing",73,7892603.98,"Google Cloud Platform (GCP)",FALSE
"COMP-01924","Professional Services",276,60090236.93,"Microsoft Azure",TRUE
"COMP-01925","Technology",347,75482370.29,"Microsoft Azure",TRUE
"COMP-01926","Finance & Insurance",291,81571827.11,"AWS",TRUE
"COMP-01927","Technology",22,6453655.1,"AWS",FALSE
"COMP-01928","Finance & Insurance",114,55709044.04,"Google Cloud Platform (GCP)",FALSE
"COMP-01929","Manufacturing",53,14518183.75,"AWS",TRUE
"COMP-01930","Technology",52,16647448.28,"Microsoft Azure",TRUE
"COMP-01931","Finance & Insurance",127,70420086.73,"AWS",TRUE
"COMP-01932","Technology",575,236796035.94,"Microsoft Azure",TRUE
"COMP-01933","Finance & Insurance",11,5792383.09,"On-Prem/Hybrid",TRUE
"COMP-01934","Manufacturing",33,19233357.78,"AWS",TRUE
"COMP-01935","Technology",87,16755395.51,"AWS",FALSE
"COMP-01936","Retail & E-commerce",57,20052041.33,"AWS",FALSE
"COMP-01937","Technology",250,102836934.26,"AWS",FALSE
"COMP-01938","Manufacturing",71,7689268.11,"AWS",TRUE
"COMP-01939","Finance & Insurance",51,27411669.71,"Google Cloud Platform (GCP)",TRUE
"COMP-01940","Manufacturing",491,224770416.57,"AWS",TRUE
"COMP-01941","Technology",276,94452550.31,"Microsoft Azure",TRUE
"COMP-01942","Professional Services",27,4739338.51,"Other",TRUE
"COMP-01943","Technology",11,4275520.55,"Microsoft Azure",TRUE
"COMP-01944","Technology",119,18396672.94,"Microsoft Azure",TRUE
"COMP-01945","Healthcare",1605,406536398.99,"AWS",FALSE
"COMP-01946","Technology",50,23358438.86,"AWS",TRUE
"COMP-01947","Finance & Insurance",17,5319230.36,"AWS",FALSE
"COMP-01948","Technology",25,6142870.3,"AWS",TRUE
"COMP-01949","Finance & Insurance",18,7139905.34,"AWS",FALSE
"COMP-01950","Retail & E-commerce",59,12967788.34,"Microsoft Azure",TRUE
"COMP-01951","Healthcare",288,112905847.7,"AWS",TRUE
"COMP-01952","Healthcare",131,29644128.21,"AWS",FALSE
"COMP-01953","Healthcare",308,230936207.93,"AWS",TRUE
"COMP-01954","Finance & Insurance",368,155660345.75,"Microsoft Azure",TRUE
"COMP-01955","Healthcare",120,47938981.67,"Google Cloud Platform (GCP)",FALSE
"COMP-01956","Technology",138,69126422.36,"AWS",FALSE
"COMP-01957","Retail & E-commerce",28,3713606.88,"Microsoft Azure",TRUE
"COMP-01958","Healthcare",200,49586037.65,"AWS",FALSE
"COMP-01959","Technology",99,39790243.6,"AWS",FALSE
"COMP-01960","Technology",36,14346865.14,"AWS",TRUE
"COMP-01961","Healthcare",60,28199004.43,"Microsoft Azure",FALSE
"COMP-01962","Professional Services",116,23117707.06,"Microsoft Azure",TRUE
"COMP-01963","Professional Services",1644,495263484.31,"Microsoft Azure",TRUE
"COMP-01964","Manufacturing",419,134259618.36,"On-Prem/Hybrid",TRUE
"COMP-01965","Healthcare",30,11385316.66,"AWS",FALSE
"COMP-01966","Technology",197,67641344.08,"Microsoft Azure",TRUE
"COMP-01967","Professional Services",31,7655900.9,"AWS",TRUE
"COMP-01968","Healthcare",180,47541806.89,"Google Cloud Platform (GCP)",FALSE
"COMP-01969","Technology",20,5945468.59,"AWS",TRUE
"COMP-01970","Professional Services",16,4077713.5,"AWS",TRUE
"COMP-01971","Finance & Insurance",112,49249636.11,"AWS",TRUE
"COMP-01972","Technology",271,108794970.06,"On-Prem/Hybrid",TRUE
"COMP-01973","Manufacturing",30,13275900.56,"AWS",TRUE
"COMP-01974","Technology",281,141311749.82,"Microsoft Azure",TRUE
"COMP-01975","Finance & Insurance",401,107593005.37,"Microsoft Azure",TRUE
"COMP-01976","Retail & E-commerce",198,40694677.97,"Other",TRUE
"COMP-01977","Healthcare",344,88764206.55,"On-Prem/Hybrid",TRUE
"COMP-01978","Manufacturing",103,29882348.36,"AWS",FALSE
"COMP-01979","Finance & Insurance",732,184408633.75,"On-Prem/Hybrid",TRUE
"COMP-01980","Manufacturing",280,72018218.86,"AWS",TRUE
"COMP-01981","Healthcare",116,20056536.82,"Google Cloud Platform (GCP)",FALSE
"COMP-01982","Technology",44,17502251.89,"On-Prem/Hybrid",FALSE
"COMP-01983","Professional Services",112,13245943.04,"Microsoft Azure",FALSE
"COMP-01984","Professional Services",394,32798163.54,"AWS",TRUE
"COMP-01985","Professional Services",199,58709869.9,"AWS",TRUE
"COMP-01986","Professional Services",40,13670272.71,"Google Cloud Platform (GCP)",FALSE
"COMP-01987","Finance & Insurance",34,13784481.13,"AWS",TRUE
"COMP-01988","Healthcare",171,40374046.06,"On-Prem/Hybrid",FALSE
"COMP-01989","Finance & Insurance",28,6172092.92,"Other",TRUE
"COMP-01990","Healthcare",467,136158796.04,"Microsoft Azure",TRUE
"COMP-01991","Healthcare",85,23918820.43,"Microsoft Azure",FALSE
"COMP-01992","Finance & Insurance",113,29404149.13,"AWS",TRUE
"COMP-01993","Technology",7,1447081.35,"AWS",FALSE
"COMP-01994","Healthcare",433,83235455.81,"Microsoft Azure",FALSE
"COMP-01995","Finance & Insurance",58,22079215.16,"Google Cloud Platform (GCP)",TRUE
"COMP-01996","Professional Services",243,54942160.61,"AWS",TRUE
"COMP-01997","Technology",8,6183742.82,"AWS",FALSE
"COMP-01998","Technology",172,81894267.66,"Microsoft Azure",TRUE
"COMP-01999","Professional Services",139,32648708.67,"Microsoft Azure",TRUE
"COMP-02000","Finance & Insurance",13,5292906.88,"Microsoft Azure",FALSE
"COMP-02001","Finance & Insurance",111,19937330.36,"AWS",TRUE
"COMP-02002","Retail & E-commerce",20,4408199.1,"Microsoft Azure",TRUE
"COMP-02003","Manufacturing",32,4190856.74,"Microsoft Azure",TRUE
"COMP-02004","Finance & Insurance",191,171917969.89,"Microsoft Azure",TRUE
"COMP-02005","Healthcare",79,16894893.77,"On-Prem/Hybrid",TRUE
"COMP-02006","Healthcare",66,17795079.67,"Microsoft Azure",TRUE
"COMP-02007","Manufacturing",38,6790537.79,"AWS",TRUE
"COMP-02008","Healthcare",8,2035988.12,"AWS",FALSE
"COMP-02009","Technology",144,46446988.6,"On-Prem/Hybrid",TRUE
"COMP-02010","Professional Services",5,970463.18,"AWS",TRUE
"COMP-02011","Professional Services",322,41181028.64,"Microsoft Azure",TRUE
"COMP-02012","Technology",110,38705524.35,"AWS",TRUE
"COMP-02013","Manufacturing",101,32855538.85,"AWS",TRUE
"COMP-02014","Manufacturing",51,11619565.64,"AWS",TRUE
"COMP-02015","Technology",7,3448479.7,"Google Cloud Platform (GCP)",FALSE
"COMP-02016","Healthcare",160,47188088.51,"Microsoft Azure",FALSE
"COMP-02017","Technology",130,47506859.58,"Microsoft Azure",FALSE
"COMP-02018","Manufacturing",56,12458648.59,"Microsoft Azure",TRUE
"COMP-02019","Healthcare",126,38797363.42,"AWS",TRUE
"COMP-02020","Finance & Insurance",238,177771810.33,"Google Cloud Platform (GCP)",TRUE
"COMP-02021","Professional Services",159,28670631.42,"Google Cloud Platform (GCP)",FALSE
"COMP-02022","Retail & E-commerce",197,22244579.29,"Microsoft Azure",TRUE
"COMP-02023","Professional Services",162,32777587.38,"AWS",TRUE
"COMP-02024","Technology",43,26683069.24,"On-Prem/Hybrid",TRUE
"COMP-02025","Healthcare",919,121591173.48,"Google Cloud Platform (GCP)",TRUE
"COMP-02026","Manufacturing",176,28227617.25,"AWS",FALSE
"COMP-02027","Professional Services",142,12671945.13,"AWS",TRUE
"COMP-02028","Retail & E-commerce",60,35217895.63,"AWS",FALSE
"COMP-02029","Healthcare",12,5044411.78,"AWS",FALSE
"COMP-02030","Healthcare",68,6830101.57,"Microsoft Azure",TRUE
"COMP-02031","Technology",51,19839944.98,"AWS",TRUE
"COMP-02032","Professional Services",8,2250199.91,"Google Cloud Platform (GCP)",FALSE
"COMP-02033","Technology",233,36920216.01,"AWS",TRUE
"COMP-02034","Technology",83,13162950.91,"AWS",FALSE
"COMP-02035","Technology",465,169118508.21,"On-Prem/Hybrid",TRUE
"COMP-02036","Technology",76,17355457.47,"AWS",FALSE
"COMP-02037","Retail & E-commerce",551,184893329,"Other",TRUE
"COMP-02038","Technology",22,6604316.53,"On-Prem/Hybrid",TRUE
"COMP-02039","Retail & E-commerce",24,3432419.55,"AWS",TRUE
"COMP-02040","Technology",61,20238244.05,"Google Cloud Platform (GCP)",TRUE
"COMP-02041","Finance & Insurance",340,95218151.81,"Microsoft Azure",TRUE
"COMP-02042","Technology",15,5574752.8,"AWS",FALSE
"COMP-02043","Retail & E-commerce",749,121416656.23,"Microsoft Azure",TRUE
"COMP-02044","Healthcare",179,38867232.45,"Microsoft Azure",TRUE
"COMP-02045","Finance & Insurance",177,87546743.38,"AWS",TRUE
"COMP-02046","Healthcare",34,10168941.3,"Microsoft Azure",FALSE
"COMP-02047","Finance & Insurance",111,77909952.65,"AWS",TRUE
"COMP-02048","Technology",38,9644076.69,"AWS",TRUE
"COMP-02049","Professional Services",71,15996422.14,"Microsoft Azure",FALSE
"COMP-02050","Retail & E-commerce",61,15259834.81,"AWS",TRUE
"COMP-02051","Manufacturing",250,30002478.94,"Google Cloud Platform (GCP)",FALSE
"COMP-02052","Manufacturing",56,13679164.58,"Microsoft Azure",FALSE
"COMP-02053","Technology",43,8879988.47,"On-Prem/Hybrid",TRUE
"COMP-02054","Healthcare",88,31943241.42,"Google Cloud Platform (GCP)",TRUE
"COMP-02055","Healthcare",186,70725898.73,"AWS",TRUE
"COMP-02056","Manufacturing",249,58221625.13,"On-Prem/Hybrid",TRUE
"COMP-02057","Technology",196,63771738.82,"Other",FALSE
"COMP-02058","Manufacturing",430,124288894.25,"AWS",FALSE
"COMP-02059","Technology",240,29770384.17,"AWS",TRUE
"COMP-02060","Manufacturing",12,6021018.18,"Microsoft Azure",TRUE
"COMP-02061","Manufacturing",496,155927921.44,"On-Prem/Hybrid",TRUE
"COMP-02062","Technology",293,100104872.5,"Google Cloud Platform (GCP)",TRUE
"COMP-02063","Retail & E-commerce",49,6243040.91,"AWS",TRUE
"COMP-02064","Manufacturing",447,153777474.02,"Other",TRUE
"COMP-02065","Manufacturing",13,5464652.34,"Microsoft Azure",TRUE
"COMP-02066","Healthcare",93,37732052.45,"Other",TRUE
"COMP-02067","Retail & E-commerce",672,146504046.34,"AWS",TRUE
"COMP-02068","Technology",196,108655275.34,"Microsoft Azure",TRUE
"COMP-02069","Professional Services",167,19882218.38,"Microsoft Azure",FALSE
"COMP-02070","Healthcare",9,2575506.76,"Google Cloud Platform (GCP)",TRUE
"COMP-02071","Retail & E-commerce",20,3055391.51,"AWS",TRUE
"COMP-02072","Manufacturing",32,7237518.3,"AWS",FALSE
"COMP-02073","Finance & Insurance",45,30594654.57,"Microsoft Azure",TRUE
"COMP-02074","Manufacturing",654,186033544.18,"Microsoft Azure",TRUE
"COMP-02075","Retail & E-commerce",76,21793660.95,"AWS",TRUE
"COMP-02076","Retail & E-commerce",40,5747213.11,"Microsoft Azure",TRUE
"COMP-02077","Technology",77,36237206.24,"AWS",TRUE
"COMP-02078","Finance & Insurance",407,228152716.72,"AWS",TRUE
"COMP-02079","Technology",143,21323290.18,"Google Cloud Platform (GCP)",TRUE
"COMP-02080","Retail & E-commerce",58,13055774.68,"Microsoft Azure",FALSE
"COMP-02081","Technology",6,1259685.04,"Microsoft Azure",TRUE
"COMP-02082","Technology",210,59862297.91,"AWS",FALSE
"COMP-02083","Technology",59,12434472,"AWS",TRUE
"COMP-02084","Manufacturing",121,21653383.86,"AWS",FALSE
"COMP-02085","Technology",77,24607534.12,"AWS",TRUE
"COMP-02086","Professional Services",69,7545971.88,"Microsoft Azure",FALSE
"COMP-02087","Technology",154,37121599.74,"AWS",FALSE
"COMP-02088","Technology",121,45900165.22,"AWS",TRUE
"COMP-02089","Healthcare",92,32701785.43,"Google Cloud Platform (GCP)",FALSE
"COMP-02090","Technology",765,153877497.84,"Microsoft Azure",TRUE
"COMP-02091","Healthcare",28,3163088.35,"Google Cloud Platform (GCP)",TRUE
"COMP-02092","Manufacturing",163,30814274.69,"AWS",FALSE
"COMP-02093","Retail & E-commerce",140,19490636.95,"AWS",FALSE
"COMP-02094","Professional Services",40,11163913.92,"On-Prem/Hybrid",TRUE
"COMP-02095","Technology",13,7259126.54,"AWS",FALSE
"COMP-02096","Healthcare",150,49643767.64,"AWS",TRUE
"COMP-02097","Technology",199,55595201.91,"AWS",TRUE
"COMP-02098","Technology",215,103808011.37,"AWS",TRUE
"COMP-02099","Manufacturing",120,27174824.5,"Microsoft Azure",FALSE
"COMP-02100","Retail & E-commerce",140,21644278.72,"AWS",TRUE
"COMP-02101","Manufacturing",86,37833385.05,"Microsoft Azure",TRUE
"COMP-02102","Retail & E-commerce",63,11527975.68,"AWS",FALSE
"COMP-02103","Manufacturing",218,61221064.37,"Google Cloud Platform (GCP)",TRUE
"COMP-02104","Manufacturing",150,36431734.52,"AWS",FALSE
"COMP-02105","Retail & E-commerce",1023,530055993.2,"Google Cloud Platform (GCP)",TRUE
"COMP-02106","Professional Services",66,22786578.98,"Microsoft Azure",TRUE
"COMP-02107","Healthcare",20,5784758.11,"On-Prem/Hybrid",TRUE
"COMP-02108","Healthcare",51,10962581.77,"Google Cloud Platform (GCP)",TRUE
"COMP-02109","Manufacturing",127,23609810.27,"Google Cloud Platform (GCP)",TRUE
"COMP-02110","Retail & E-commerce",220,66550744.75,"AWS",TRUE
"COMP-02111","Healthcare",102,17918140.3,"AWS",FALSE
"COMP-02112","Finance & Insurance",147,88274603.11,"Google Cloud Platform (GCP)",TRUE
"COMP-02113","Manufacturing",129,25497843.34,"Microsoft Azure",FALSE
"COMP-02114","Finance & Insurance",256,155409997.36,"AWS",TRUE
"COMP-02115","Finance & Insurance",881,328608493.68,"AWS",TRUE
"COMP-02116","Healthcare",380,145910998.06,"AWS",TRUE
"COMP-02117","Technology",164,75935522.44,"AWS",TRUE
"COMP-02118","Technology",133,40242024.77,"AWS",TRUE
"COMP-02119","Finance & Insurance",26,16563430.64,"AWS",TRUE
"COMP-02120","Retail & E-commerce",191,48710282.95,"AWS",FALSE
"COMP-02121","Professional Services",17,4369858.27,"Microsoft Azure",FALSE
"COMP-02122","Professional Services",50,10868133.43,"AWS",TRUE
"COMP-02123","Retail & E-commerce",1072,186413929.66,"AWS",TRUE
"COMP-02124","Finance & Insurance",49,21329786.55,"Microsoft Azure",TRUE
"COMP-02125","Retail & E-commerce",168,27294887.91,"Google Cloud Platform (GCP)",TRUE
"COMP-02126","Finance & Insurance",173,32625622.56,"AWS",FALSE
"COMP-02127","Professional Services",52,7963882.88,"Microsoft Azure",FALSE
"COMP-02128","Professional Services",42,13094671.73,"Other",TRUE
"COMP-02129","Technology",261,37712169.78,"AWS",TRUE
"COMP-02130","Retail & E-commerce",834,167452487.19,"On-Prem/Hybrid",TRUE
"COMP-02131","Professional Services",111,11854878.28,"Google Cloud Platform (GCP)",FALSE
"COMP-02132","Technology",32,8201880.05,"AWS",TRUE
"COMP-02133","Retail & E-commerce",90,22896962.38,"AWS",TRUE
"COMP-02134","Healthcare",7,1734593.22,"Other",FALSE
"COMP-02135","Technology",37,13043875.29,"Microsoft Azure",FALSE
"COMP-02136","Healthcare",359,47863037.72,"AWS",TRUE
"COMP-02137","Healthcare",16,6921413.26,"Microsoft Azure",FALSE
"COMP-02138","Finance & Insurance",99,55777768.6,"Google Cloud Platform (GCP)",TRUE
"COMP-02139","Professional Services",1113,117701113.75,"AWS",TRUE
"COMP-02140","Technology",24,6832949.92,"AWS",TRUE
"COMP-02141","Finance & Insurance",43,29000516.9,"AWS",TRUE
"COMP-02142","Manufacturing",77,12303442.54,"Microsoft Azure",TRUE
"COMP-02143","Manufacturing",348,77481137.21,"AWS",TRUE
"COMP-02144","Professional Services",50,11571793.97,"AWS",FALSE
"COMP-02145","Technology",28,7441569.53,"AWS",FALSE
"COMP-02146","Healthcare",65,7860183.44,"Microsoft Azure",FALSE
"COMP-02147","Manufacturing",46,13816549.24,"On-Prem/Hybrid",FALSE
"COMP-02148","Finance & Insurance",135,63236466.74,"Microsoft Azure",TRUE
"COMP-02149","Manufacturing",77,24788697.48,"AWS",FALSE
"COMP-02150","Technology",68,19057497.43,"AWS",TRUE
"COMP-02151","Healthcare",22,3152442.81,"Microsoft Azure",TRUE
"COMP-02152","Manufacturing",719,236432816.68,"AWS",TRUE
"COMP-02153","Retail & E-commerce",29,7813586.04,"Google Cloud Platform (GCP)",FALSE
"COMP-02154","Technology",10,3952114.95,"AWS",FALSE
"COMP-02155","Technology",47,14863832.28,"AWS",TRUE
"COMP-02156","Healthcare",26,8468329.51,"AWS",FALSE
"COMP-02157","Technology",437,111939310.81,"Google Cloud Platform (GCP)",TRUE
"COMP-02158","Technology",79,29166702.93,"Microsoft Azure",TRUE
"COMP-02159","Technology",34,7276887.33,"Microsoft Azure",FALSE
"COMP-02160","Finance & Insurance",127,48271542.85,"AWS",TRUE
"COMP-02161","Manufacturing",141,23545848.28,"AWS",TRUE
"COMP-02162","Finance & Insurance",305,89756331.77,"AWS",TRUE
"COMP-02163","Professional Services",44,11753111.41,"Microsoft Azure",TRUE
"COMP-02164","Healthcare",21,3874855.74,"Google Cloud Platform (GCP)",FALSE
"COMP-02165","Professional Services",293,34140215.04,"Microsoft Azure",TRUE
"COMP-02166","Retail & E-commerce",96,20712166.1,"Google Cloud Platform (GCP)",FALSE
"COMP-02167","Technology",61,15628577.55,"Microsoft Azure",TRUE
"COMP-02168","Healthcare",132,32954799.65,"Microsoft Azure",FALSE
"COMP-02169","Manufacturing",85,15219033.23,"Google Cloud Platform (GCP)",TRUE
"COMP-02170","Technology",50,16412570.76,"AWS",TRUE
"COMP-02171","Technology",48,10271282.84,"Microsoft Azure",TRUE
"COMP-02172","Technology",71,8297589.37,"Microsoft Azure",TRUE
"COMP-02173","Professional Services",59,7397907.35,"Google Cloud Platform (GCP)",FALSE
"COMP-02174","Manufacturing",106,21862396.56,"On-Prem/Hybrid",FALSE
"COMP-02175","Technology",306,69390716.89,"Microsoft Azure",FALSE
"COMP-02176","Technology",29,7345972.93,"AWS",TRUE
"COMP-02177","Technology",333,68163762.85,"AWS",FALSE
"COMP-02178","Technology",156,86296038.44,"Google Cloud Platform (GCP)",TRUE
"COMP-02179","Healthcare",32,6966956.86,"On-Prem/Hybrid",FALSE
"COMP-02180","Professional Services",60,11943093.99,"AWS",TRUE
"COMP-02181","Technology",338,198688901.48,"Google Cloud Platform (GCP)",TRUE
"COMP-02182","Finance & Insurance",471,210652689.07,"AWS",TRUE
"COMP-02183","Retail & E-commerce",127,29235908.3,"Google Cloud Platform (GCP)",FALSE
"COMP-02184","Healthcare",72,20775728.63,"On-Prem/Hybrid",FALSE
"COMP-02185","Professional Services",10,2071410.34,"On-Prem/Hybrid",FALSE
"COMP-02186","Healthcare",10,1846996.27,"AWS",TRUE
"COMP-02187","Technology",185,54587620.32,"Google Cloud Platform (GCP)",TRUE
"COMP-02188","Technology",125,27548480.91,"AWS",TRUE
"COMP-02189","Manufacturing",272,46135790.44,"Google Cloud Platform (GCP)",TRUE
"COMP-02190","Finance & Insurance",574,291071640.45,"Microsoft Azure",TRUE
"COMP-02191","Manufacturing",351,39943222.95,"AWS",TRUE
"COMP-02192","Retail & E-commerce",54,15955783.21,"AWS",FALSE
"COMP-02193","Finance & Insurance",285,220357298.48,"AWS",TRUE
"COMP-02194","Finance & Insurance",48,43680830.15,"Microsoft Azure",FALSE
"COMP-02195","Manufacturing",235,36185049.21,"AWS",TRUE
"COMP-02196","Technology",506,204128590.61,"Microsoft Azure",TRUE
"COMP-02197","Retail & E-commerce",96,19791171.23,"Microsoft Azure",TRUE
"COMP-02198","Professional Services",246,43167047.12,"On-Prem/Hybrid",TRUE
"COMP-02199","Finance & Insurance",29,9080146.54,"AWS",FALSE
"COMP-02200","Retail & E-commerce",91,32192663.68,"AWS",FALSE
"COMP-02201","Professional Services",32,4364223.22,"AWS",FALSE
"COMP-02202","Healthcare",109,32333568.09,"Microsoft Azure",TRUE
"COMP-02203","Technology",44,19454581.96,"AWS",TRUE
"COMP-02204","Professional Services",59,7789596.25,"Microsoft Azure",FALSE
"COMP-02205","Professional Services",51,11117829.42,"Microsoft Azure",FALSE
"COMP-02206","Manufacturing",62,15365194.66,"Microsoft Azure",TRUE
"COMP-02207","Retail & E-commerce",35,5402932.52,"Microsoft Azure",TRUE
"COMP-02208","Technology",41,21767552.57,"AWS",TRUE
"COMP-02209","Healthcare",66,16515096.85,"AWS",TRUE
"COMP-02210","Professional Services",365,18441825.67,"Microsoft Azure",TRUE
"COMP-02211","Manufacturing",411,122329535.79,"Microsoft Azure",TRUE
"COMP-02212","Professional Services",87,27724913.22,"AWS",TRUE
"COMP-02213","Retail & E-commerce",191,42720658.13,"On-Prem/Hybrid",TRUE
"COMP-02214","Manufacturing",355,88391094.71,"Microsoft Azure",FALSE
"COMP-02215","Technology",37,13377744.55,"AWS",FALSE
"COMP-02216","Professional Services",65,16205955.63,"Microsoft Azure",TRUE
"COMP-02217","Finance & Insurance",157,73639267.42,"Google Cloud Platform (GCP)",TRUE
"COMP-02218","Technology",194,88665099.6,"AWS",TRUE
"COMP-02219","Healthcare",68,12156182.94,"AWS",TRUE
"COMP-02220","Manufacturing",124,31680286.58,"AWS",FALSE
"COMP-02221","Technology",99,34614131.48,"Google Cloud Platform (GCP)",TRUE
"COMP-02222","Manufacturing",51,9937528.53,"Google Cloud Platform (GCP)",TRUE
"COMP-02223","Healthcare",6,2291535.21,"AWS",TRUE
"COMP-02224","Technology",193,80357845.94,"Other",TRUE
"COMP-02225","Manufacturing",206,108089036.9,"AWS",TRUE
"COMP-02226","Technology",248,118111062.42,"Microsoft Azure",TRUE
"COMP-02227","Finance & Insurance",69,18716869.37,"On-Prem/Hybrid",TRUE
"COMP-02228","Professional Services",719,170190272.17,"Microsoft Azure",TRUE
"COMP-02229","Manufacturing",248,96981295.67,"AWS",FALSE
"COMP-02230","Retail & E-commerce",400,72353658.66,"Microsoft Azure",TRUE
"COMP-02231","Technology",96,34927104.28,"AWS",TRUE
"COMP-02232","Healthcare",5,1481695.19,"On-Prem/Hybrid",FALSE
"COMP-02233","Healthcare",300,33981602.82,"Google Cloud Platform (GCP)",TRUE
"COMP-02234","Manufacturing",40,11210238.43,"Google Cloud Platform (GCP)",TRUE
"COMP-02235","Technology",27,6144248.11,"Microsoft Azure",FALSE
"COMP-02236","Finance & Insurance",54,15689747.71,"Microsoft Azure",TRUE
"COMP-02237","Healthcare",783,125528263.02,"AWS",TRUE
"COMP-02238","Manufacturing",6,2290771.33,"Microsoft Azure",TRUE
"COMP-02239","Finance & Insurance",43,17635654.93,"AWS",TRUE
"COMP-02240","Finance & Insurance",402,153115071.18,"Microsoft Azure",TRUE
"COMP-02241","Technology",53,24021028.72,"Google Cloud Platform (GCP)",TRUE
"COMP-02242","Technology",388,152318032.69,"AWS",FALSE
"COMP-02243","Finance & Insurance",397,271710131.83,"Microsoft Azure",FALSE
"COMP-02244","Technology",947,133157207.95,"AWS",TRUE
"COMP-02245","Finance & Insurance",255,131458626.8,"Microsoft Azure",TRUE
"COMP-02246","Technology",12,4019295.57,"AWS",TRUE
"COMP-02247","Professional Services",8,1409359.21,"Google Cloud Platform (GCP)",FALSE
"COMP-02248","Technology",6,1342358.92,"AWS",TRUE
"COMP-02249","Retail & E-commerce",22,5363391.52,"AWS",TRUE
"COMP-02250","Manufacturing",7,1191304.07,"Microsoft Azure",FALSE
"COMP-02251","Technology",58,10060629.65,"AWS",FALSE
"COMP-02252","Technology",19,4856055.51,"On-Prem/Hybrid",TRUE
"COMP-02253","Professional Services",8,1022987.1,"Microsoft Azure",FALSE
"COMP-02254","Healthcare",20,7008279.09,"Other",TRUE
"COMP-02255","Healthcare",47,12236757.96,"AWS",TRUE
"COMP-02256","Retail & E-commerce",69,13611541.88,"Google Cloud Platform (GCP)",FALSE
"COMP-02257","Technology",19,3576887.16,"On-Prem/Hybrid",TRUE
"COMP-02258","Manufacturing",513,171020118.54,"Microsoft Azure",FALSE
"COMP-02259","Retail & E-commerce",71,33785890.49,"AWS",TRUE
"COMP-02260","Manufacturing",262,68391643.83,"On-Prem/Hybrid",TRUE
"COMP-02261","Retail & E-commerce",206,30795366.83,"Microsoft Azure",FALSE
"COMP-02262","Finance & Insurance",261,58910310.09,"AWS",TRUE
"COMP-02263","Retail & E-commerce",79,10097537.32,"Microsoft Azure",TRUE
"COMP-02264","Manufacturing",91,23183401.76,"AWS",TRUE
"COMP-02265","Manufacturing",21,7753705.54,"Microsoft Azure",TRUE
"COMP-02266","Manufacturing",217,85353269.23,"AWS",TRUE
"COMP-02267","Finance & Insurance",23,7298087.3,"AWS",TRUE
"COMP-02268","Technology",171,38526385.71,"AWS",TRUE
"COMP-02269","Professional Services",62,20593928.75,"AWS",TRUE
"COMP-02270","Healthcare",12,2866553.14,"Google Cloud Platform (GCP)",TRUE
"COMP-02271","Technology",47,11980728.93,"AWS",TRUE
"COMP-02272","Professional Services",155,58410810.97,"AWS",FALSE
"COMP-02273","Healthcare",41,7123673.33,"AWS",TRUE
"COMP-02274","Technology",221,41425939.97,"Microsoft Azure",TRUE
"COMP-02275","Manufacturing",27,10732551.62,"AWS",TRUE
"COMP-02276","Manufacturing",82,30300751.18,"On-Prem/Hybrid",TRUE
"COMP-02277","Manufacturing",12,2676282.96,"AWS",FALSE
"COMP-02278","Manufacturing",41,8700550.05,"On-Prem/Hybrid",TRUE
"COMP-02279","Healthcare",32,3749114.65,"Microsoft Azure",TRUE
"COMP-02280","Healthcare",45,11934978.8,"Google Cloud Platform (GCP)",TRUE
"COMP-02281","Technology",66,13074302.87,"AWS",TRUE
"COMP-02282","Healthcare",130,31995448.09,"AWS",FALSE
"COMP-02283","Finance & Insurance",43,36664628.42,"AWS",TRUE
"COMP-02284","Healthcare",207,81976874.46,"Google Cloud Platform (GCP)",TRUE
"COMP-02285","Manufacturing",30,9183304.55,"AWS",FALSE
"COMP-02286","Finance & Insurance",156,57617471.07,"AWS",TRUE
"COMP-02287","Healthcare",48,11076100.6,"Google Cloud Platform (GCP)",FALSE
"COMP-02288","Finance & Insurance",875,353411318.37,"Google Cloud Platform (GCP)",TRUE
"COMP-02289","Professional Services",82,18492796.26,"AWS",FALSE
"COMP-02290","Manufacturing",213,97764384.57,"Google Cloud Platform (GCP)",FALSE
"COMP-02291","Technology",247,49928763.06,"Microsoft Azure",TRUE
"COMP-02292","Retail & E-commerce",49,12754996.54,"AWS",TRUE
"COMP-02293","Professional Services",179,54545186.64,"AWS",FALSE
"COMP-02294","Technology",31,14407139.95,"AWS",TRUE
"COMP-02295","Technology",352,123661970.02,"AWS",TRUE
"COMP-02296","Healthcare",254,85644397.26,"AWS",FALSE
"COMP-02297","Finance & Insurance",85,103946408.87,"Other",TRUE
"COMP-02298","Technology",61,18970172,"Google Cloud Platform (GCP)",TRUE
"COMP-02299","Professional Services",15,3060317.73,"On-Prem/Hybrid",TRUE
"COMP-02300","Retail & E-commerce",130,67823803.66,"Other",TRUE
"COMP-02301","Retail & E-commerce",236,39581769.64,"AWS",TRUE
"COMP-02302","Healthcare",26,10668695.27,"Google Cloud Platform (GCP)",TRUE
"COMP-02303","Finance & Insurance",199,304401364.29,"AWS",FALSE
"COMP-02304","Retail & E-commerce",218,40055038.74,"AWS",FALSE
"COMP-02305","Healthcare",797,191546686.93,"Microsoft Azure",FALSE
"COMP-02306","Manufacturing",33,9507076.05,"Microsoft Azure",FALSE
"COMP-02307","Healthcare",143,33916717.24,"Microsoft Azure",FALSE
"COMP-02308","Finance & Insurance",7,7949767.73,"AWS",TRUE
"COMP-02309","Finance & Insurance",104,57317811.22,"AWS",TRUE
"COMP-02310","Finance & Insurance",208,148144858.09,"On-Prem/Hybrid",TRUE
"COMP-02311","Manufacturing",417,198387837.58,"Microsoft Azure",FALSE
"COMP-02312","Finance & Insurance",23,15998313.05,"Microsoft Azure",FALSE
"COMP-02313","Finance & Insurance",173,155801352.18,"On-Prem/Hybrid",TRUE
"COMP-02314","Finance & Insurance",86,28152808.32,"AWS",TRUE
"COMP-02315","Manufacturing",146,40499405.71,"Google Cloud Platform (GCP)",TRUE
"COMP-02316","Technology",332,154805704.81,"Microsoft Azure",FALSE
"COMP-02317","Technology",96,28842743.02,"AWS",TRUE
"COMP-02318","Retail & E-commerce",681,150363900.77,"Microsoft Azure",FALSE
"COMP-02319","Technology",34,9631209.69,"AWS",TRUE
"COMP-02320","Finance & Insurance",446,214506323.93,"Google Cloud Platform (GCP)",TRUE
"COMP-02321","Healthcare",349,114422845.49,"On-Prem/Hybrid",TRUE
"COMP-02322","Healthcare",13,1922635.62,"Microsoft Azure",FALSE
"COMP-02323","Technology",60,19654562.04,"Microsoft Azure",FALSE
"COMP-02324","Healthcare",21,2063720.9,"Microsoft Azure",FALSE
"COMP-02325","Retail & E-commerce",306,54044972.25,"AWS",TRUE
"COMP-02326","Finance & Insurance",740,133116225.25,"AWS",TRUE
"COMP-02327","Finance & Insurance",5,2131936.68,"Microsoft Azure",TRUE
"COMP-02328","Healthcare",1239,351639449.89,"Microsoft Azure",TRUE
"COMP-02329","Manufacturing",107,23107792.18,"AWS",FALSE
"COMP-02330","Finance & Insurance",106,37193109.88,"Microsoft Azure",FALSE
"COMP-02331","Professional Services",17,1411397.96,"Microsoft Azure",FALSE
"COMP-02332","Technology",105,42563836.61,"AWS",FALSE
"COMP-02333","Technology",44,30730241.52,"Google Cloud Platform (GCP)",TRUE
"COMP-02334","Professional Services",301,39356308.57,"AWS",TRUE
"COMP-02335","Technology",18,4817213.5,"AWS",FALSE
"COMP-02336","Professional Services",26,5551905.96,"AWS",TRUE
"COMP-02337","Professional Services",164,25163417.43,"Microsoft Azure",FALSE
"COMP-02338","Professional Services",81,17788529.01,"AWS",FALSE
"COMP-02339","Healthcare",63,25320022.69,"AWS",FALSE
"COMP-02340","Retail & E-commerce",25,8137359.81,"Microsoft Azure",FALSE
"COMP-02341","Manufacturing",152,18173723.18,"Microsoft Azure",TRUE
"COMP-02342","Finance & Insurance",46,21120992.25,"Microsoft Azure",TRUE
"COMP-02343","Retail & E-commerce",68,23146785.26,"AWS",TRUE
"COMP-02344","Technology",124,59148552.4,"On-Prem/Hybrid",TRUE
"COMP-02345","Manufacturing",691,215416107.8,"AWS",TRUE
"COMP-02346","Manufacturing",89,44244235.61,"Google Cloud Platform (GCP)",FALSE
"COMP-02347","Professional Services",24,2724335.86,"On-Prem/Hybrid",FALSE
"COMP-02348","Finance & Insurance",55,32761988.93,"Google Cloud Platform (GCP)",TRUE
"COMP-02349","Retail & E-commerce",27,3241046.59,"AWS",TRUE
"COMP-02350","Technology",170,62927615.84,"Other",FALSE
"COMP-02351","Manufacturing",35,16046588.33,"Microsoft Azure",TRUE
"COMP-02352","Healthcare",56,13942689.97,"Microsoft Azure",TRUE
"COMP-02353","Manufacturing",93,18404477.68,"AWS",TRUE
"COMP-02354","Technology",42,5135308.43,"AWS",TRUE
"COMP-02355","Finance & Insurance",78,24029591.22,"AWS",TRUE
"COMP-02356","Finance & Insurance",37,19197537.36,"Microsoft Azure",TRUE
"COMP-02357","Technology",117,40447744.37,"Microsoft Azure",FALSE
"COMP-02358","Healthcare",727,253130278.4,"AWS",TRUE
"COMP-02359","Finance & Insurance",60,19510053.57,"AWS",TRUE
"COMP-02360","Manufacturing",180,23206277.41,"AWS",TRUE
"COMP-02361","Healthcare",20,4856774.04,"Other",TRUE
"COMP-02362","Retail & E-commerce",74,14812309.96,"AWS",FALSE
"COMP-02363","Technology",53,34154037.75,"AWS",TRUE
"COMP-02364","Technology",173,49717659.66,"Google Cloud Platform (GCP)",TRUE
"COMP-02365","Professional Services",100,22122799.58,"On-Prem/Hybrid",TRUE
"COMP-02366","Technology",93,24065904.37,"AWS",TRUE
"COMP-02367","Professional Services",745,75122832.57,"Microsoft Azure",TRUE
"COMP-02368","Technology",66,16462697.01,"AWS",FALSE
"COMP-02369","Technology",107,74888655.69,"Microsoft Azure",TRUE
"COMP-02370","Finance & Insurance",96,72480623.65,"AWS",TRUE
"COMP-02371","Technology",60,38030981.65,"Microsoft Azure",FALSE
"COMP-02372","Retail & E-commerce",263,82794224.21,"AWS",TRUE
"COMP-02373","Professional Services",231,26356677.84,"On-Prem/Hybrid",FALSE
"COMP-02374","Retail & E-commerce",954,215103803.61,"Microsoft Azure",TRUE
"COMP-02375","Professional Services",103,21484144.71,"AWS",TRUE
"COMP-02376","Technology",129,44843605.49,"Microsoft Azure",TRUE
"COMP-02377","Professional Services",141,44734005.46,"On-Prem/Hybrid",FALSE
"COMP-02378","Retail & E-commerce",828,63920084.25,"Microsoft Azure",FALSE
"COMP-02379","Technology",49,11917453.47,"AWS",TRUE
"COMP-02380","Technology",97,26798037.08,"Microsoft Azure",TRUE
"COMP-02381","Manufacturing",84,23746018.73,"AWS",TRUE
"COMP-02382","Healthcare",31,9433056.29,"Google Cloud Platform (GCP)",TRUE
"COMP-02383","Healthcare",105,9745134.78,"On-Prem/Hybrid",FALSE
"COMP-02384","Healthcare",22,7893754.6,"Microsoft Azure",TRUE
"COMP-02385","Healthcare",30,7523188.94,"AWS",TRUE
"COMP-02386","Finance & Insurance",100,50837910.45,"Microsoft Azure",FALSE
"COMP-02387","Healthcare",525,83160372.44,"On-Prem/Hybrid",TRUE
"COMP-02388","Retail & E-commerce",197,25219328.12,"Microsoft Azure",FALSE
"COMP-02389","Manufacturing",712,201756548.98,"On-Prem/Hybrid",TRUE
"COMP-02390","Healthcare",32,8742668.26,"On-Prem/Hybrid",FALSE
"COMP-02391","Finance & Insurance",402,197084072.84,"AWS",TRUE
"COMP-02392","Technology",666,137908136.06,"Microsoft Azure",TRUE
"COMP-02393","Technology",27,3892492.92,"Microsoft Azure",TRUE
"COMP-02394","Healthcare",8,1770233.95,"AWS",FALSE
"COMP-02395","Technology",65,16119901.56,"Google Cloud Platform (GCP)",TRUE
"COMP-02396","Manufacturing",187,33736931.68,"AWS",TRUE
"COMP-02397","Manufacturing",136,25753548.56,"Google Cloud Platform (GCP)",FALSE
"COMP-02398","Finance & Insurance",209,139732672.79,"Microsoft Azure",TRUE
"COMP-02399","Manufacturing",17,3985731.41,"Google Cloud Platform (GCP)",FALSE
"COMP-02400","Healthcare",41,9357205.27,"AWS",TRUE
"COMP-02401","Technology",406,74524890.32,"Google Cloud Platform (GCP)",TRUE
"COMP-02402","Technology",101,27725470.89,"AWS",TRUE
"COMP-02403","Retail & E-commerce",83,13460835.89,"On-Prem/Hybrid",TRUE
"COMP-02404","Manufacturing",127,18443279.09,"On-Prem/Hybrid",FALSE
"COMP-02405","Manufacturing",312,76397755.26,"Microsoft Azure",TRUE
"COMP-02406","Finance & Insurance",7,6785207.69,"On-Prem/Hybrid",TRUE
"COMP-02407","Manufacturing",13,3012317.72,"Microsoft Azure",TRUE
"COMP-02408","Professional Services",226,45777341.54,"AWS",TRUE
"COMP-02409","Healthcare",785,219942903.06,"Google Cloud Platform (GCP)",TRUE
"COMP-02410","Healthcare",79,16103856.79,"On-Prem/Hybrid",FALSE
"COMP-02411","Healthcare",49,15812754.66,"AWS",TRUE
"COMP-02412","Manufacturing",86,17009042.01,"AWS",TRUE
"COMP-02413","Technology",38,9738570.09,"AWS",TRUE
"COMP-02414","Retail & E-commerce",33,6477576.54,"AWS",FALSE
"COMP-02415","Finance & Insurance",20,11972810.66,"Microsoft Azure",TRUE
"COMP-02416","Healthcare",156,23206104.26,"On-Prem/Hybrid",TRUE
"COMP-02417","Manufacturing",104,18146382.32,"Microsoft Azure",FALSE
"COMP-02418","Healthcare",27,10924804.68,"AWS",TRUE
"COMP-02419","Professional Services",73,20170894.96,"AWS",TRUE
"COMP-02420","Professional Services",158,22218382.47,"AWS",TRUE
"COMP-02421","Technology",34,11628992.38,"AWS",FALSE
"COMP-02422","Manufacturing",24,6405811.54,"Other",TRUE
"COMP-02423","Healthcare",106,30320664.47,"Google Cloud Platform (GCP)",TRUE
"COMP-02424","Healthcare",166,62083198.21,"Google Cloud Platform (GCP)",FALSE
"COMP-02425","Manufacturing",29,8567704.25,"Google Cloud Platform (GCP)",FALSE
"COMP-02426","Technology",9,5897804.83,"AWS",TRUE
"COMP-02427","Finance & Insurance",161,149896180.03,"AWS",TRUE
"COMP-02428","Finance & Insurance",48,28801455.48,"AWS",FALSE
"COMP-02429","Retail & E-commerce",691,128619259.61,"Google Cloud Platform (GCP)",TRUE
"COMP-02430","Technology",103,21503779.91,"AWS",TRUE
"COMP-02431","Retail & E-commerce",321,51840850.64,"AWS",FALSE
"COMP-02432","Finance & Insurance",146,45219934.07,"AWS",FALSE
"COMP-02433","Finance & Insurance",82,27330542.13,"AWS",FALSE
"COMP-02434","Retail & E-commerce",355,82943150.36,"Google Cloud Platform (GCP)",FALSE
"COMP-02435","Technology",196,28064547.11,"Microsoft Azure",TRUE
"COMP-02436","Professional Services",85,35023032.76,"On-Prem/Hybrid",FALSE
"COMP-02437","Manufacturing",369,45009719.39,"AWS",TRUE
"COMP-02438","Finance & Insurance",530,202155018.99,"AWS",TRUE
"COMP-02439","Manufacturing",130,50964457.21,"Google Cloud Platform (GCP)",FALSE
"COMP-02440","Retail & E-commerce",280,44901859.75,"AWS",FALSE
"COMP-02441","Manufacturing",32,10123751.78,"AWS",TRUE
"COMP-02442","Finance & Insurance",234,110606627.95,"AWS",FALSE
"COMP-02443","Healthcare",121,47256083.41,"AWS",TRUE
"COMP-02444","Professional Services",457,145767239.89,"Google Cloud Platform (GCP)",TRUE
"COMP-02445","Professional Services",102,17924633.55,"AWS",TRUE
"COMP-02446","Professional Services",91,28397160.31,"Microsoft Azure",FALSE
"COMP-02447","Finance & Insurance",19,12148428.87,"On-Prem/Hybrid",TRUE
"COMP-02448","Retail & E-commerce",237,48211382.5,"Microsoft Azure",TRUE
"COMP-02449","Technology",169,119438305.91,"AWS",TRUE
"COMP-02450","Technology",100,51789361.72,"Microsoft Azure",TRUE
"COMP-02451","Technology",118,29038722.33,"AWS",TRUE
"COMP-02452","Manufacturing",72,16611441.9,"AWS",TRUE
"COMP-02453","Retail & E-commerce",90,24341177.94,"Microsoft Azure",FALSE
"COMP-02454","Retail & E-commerce",262,69812083.29,"AWS",TRUE
"COMP-02455","Manufacturing",278,94374078.1,"AWS",TRUE
"COMP-02456","Technology",33,6841979.26,"AWS",TRUE
"COMP-02457","Manufacturing",23,13745494.44,"Microsoft Azure",FALSE
"COMP-02458","Healthcare",172,68687218.79,"Microsoft Azure",TRUE
"COMP-02459","Healthcare",22,9854817.39,"AWS",TRUE
"COMP-02460","Manufacturing",85,20618847.28,"AWS",FALSE
"COMP-02461","Technology",138,41932186.25,"Google Cloud Platform (GCP)",FALSE
"COMP-02462","Manufacturing",163,50160541.9,"AWS",FALSE
"COMP-02463","Retail & E-commerce",135,37982435.4,"Microsoft Azure",FALSE
"COMP-02464","Retail & E-commerce",99,27009202.95,"Other",TRUE
"COMP-02465","Manufacturing",167,30505346.68,"AWS",TRUE
"COMP-02466","Retail & E-commerce",360,132314409.46,"AWS",FALSE
"COMP-02467","Finance & Insurance",103,18111087.75,"On-Prem/Hybrid",TRUE
"COMP-02468","Technology",153,68122524.66,"AWS",FALSE
"COMP-02469","Retail & E-commerce",118,17191645.46,"Microsoft Azure",FALSE
"COMP-02470","Healthcare",428,136951153.22,"Google Cloud Platform (GCP)",TRUE
"COMP-02471","Finance & Insurance",488,173632706.71,"AWS",TRUE
"COMP-02472","Healthcare",39,12974573.61,"Google Cloud Platform (GCP)",TRUE
"COMP-02473","Professional Services",971,190723413.31,"Microsoft Azure",TRUE
"COMP-02474","Finance & Insurance",304,122019204.91,"Microsoft Azure",TRUE
"COMP-02475","Retail & E-commerce",70,21625763.13,"On-Prem/Hybrid",TRUE
"COMP-02476","Technology",24,12721937.93,"Microsoft Azure",FALSE
"COMP-02477","Manufacturing",124,32285271.73,"AWS",TRUE
"COMP-02478","Technology",958,209315751.51,"Microsoft Azure",TRUE
"COMP-02479","Professional Services",129,26063266.17,"Microsoft Azure",FALSE
"COMP-02480","Healthcare",43,3941796.65,"AWS",TRUE
"COMP-02481","Healthcare",149,29933867.09,"AWS",TRUE
"COMP-02482","Healthcare",45,17212400.69,"Microsoft Azure",TRUE
"COMP-02483","Technology",52,27981995.34,"Google Cloud Platform (GCP)",TRUE
"COMP-02484","Professional Services",63,11788786.83,"Microsoft Azure",TRUE
"COMP-02485","Retail & E-commerce",446,102808650.98,"Microsoft Azure",TRUE
"COMP-02486","Technology",33,13462451.27,"Microsoft Azure",TRUE
"COMP-02487","Professional Services",39,6395376.98,"AWS",TRUE
"COMP-02488","Manufacturing",1065,357732612.99,"Google Cloud Platform (GCP)",TRUE
"COMP-02489","Professional Services",119,32196624.08,"AWS",TRUE
"COMP-02490","Technology",118,115837364.69,"AWS",FALSE
"COMP-02491","Finance & Insurance",44,23050180.69,"Google Cloud Platform (GCP)",TRUE
"COMP-02492","Manufacturing",50,10130174.65,"AWS",FALSE
"COMP-02493","Finance & Insurance",26,15984502.71,"On-Prem/Hybrid",FALSE
"COMP-02494","Finance & Insurance",251,102224685.6,"On-Prem/Hybrid",TRUE
"COMP-02495","Finance & Insurance",353,116226231.57,"Microsoft Azure",TRUE
"COMP-02496","Technology",109,16954530.18,"Microsoft Azure",TRUE
"COMP-02497","Professional Services",358,56160525.15,"AWS",TRUE
"COMP-02498","Professional Services",137,25458210.29,"Microsoft Azure",FALSE
"COMP-02499","Retail & E-commerce",66,9982772.3,"Microsoft Azure",FALSE
"COMP-02500","Healthcare",20,2736354.19,"AWS",TRUE
"COMP-02501","Technology",402,141253086.6,"AWS",TRUE
"COMP-02502","Finance & Insurance",27,12440145.91,"AWS",TRUE
"COMP-02503","Professional Services",201,63714401.72,"Google Cloud Platform (GCP)",FALSE
"COMP-02504","Retail & E-commerce",77,32902863.18,"AWS",TRUE
"COMP-02505","Finance & Insurance",65,40150556.68,"Google Cloud Platform (GCP)",TRUE
"COMP-02506","Retail & E-commerce",32,7287774.53,"AWS",TRUE
"COMP-02507","Professional Services",26,5090689.13,"Google Cloud Platform (GCP)",FALSE
"COMP-02508","Manufacturing",62,12287763.64,"Other",TRUE
"COMP-02509","Technology",51,15923198.34,"AWS",FALSE
"COMP-02510","Finance & Insurance",165,68805589.84,"Google Cloud Platform (GCP)",FALSE
"COMP-02511","Retail & E-commerce",245,64805896.45,"Google Cloud Platform (GCP)",FALSE
"COMP-02512","Healthcare",82,16827687.2,"AWS",TRUE
"COMP-02513","Finance & Insurance",1136,385838887.74,"On-Prem/Hybrid",TRUE
"COMP-02514","Professional Services",42,11052074.33,"Microsoft Azure",FALSE
"COMP-02515","Technology",31,10041448.09,"AWS",TRUE
"COMP-02516","Professional Services",115,16795548.57,"AWS",TRUE
"COMP-02517","Professional Services",301,77411669.81,"AWS",TRUE
"COMP-02518","Manufacturing",32,6314774.59,"On-Prem/Hybrid",FALSE
"COMP-02519","Manufacturing",184,39061413.46,"Google Cloud Platform (GCP)",TRUE
"COMP-02520","Technology",147,56146336,"Microsoft Azure",FALSE
"COMP-02521","Finance & Insurance",37,34961554.76,"On-Prem/Hybrid",TRUE
"COMP-02522","Technology",286,32601539.93,"On-Prem/Hybrid",TRUE
"COMP-02523","Professional Services",42,11180618.87,"Google Cloud Platform (GCP)",TRUE
"COMP-02524","Professional Services",75,20752713.37,"Google Cloud Platform (GCP)",TRUE
"COMP-02525","Finance & Insurance",132,128635400.51,"Google Cloud Platform (GCP)",TRUE
"COMP-02526","Manufacturing",920,288890012.25,"AWS",FALSE
"COMP-02527","Professional Services",16,2290770.99,"On-Prem/Hybrid",TRUE
"COMP-02528","Manufacturing",23,7694497.3,"On-Prem/Hybrid",TRUE
"COMP-02529","Technology",14,3856122.88,"On-Prem/Hybrid",TRUE
"COMP-02530","Retail & E-commerce",28,5247215.88,"Google Cloud Platform (GCP)",TRUE
"COMP-02531","Technology",78,24461786.84,"AWS",TRUE
"COMP-02532","Technology",32,15971868.83,"On-Prem/Hybrid",TRUE
"COMP-02533","Retail & E-commerce",36,6744538.05,"Microsoft Azure",TRUE
"COMP-02534","Retail & E-commerce",491,61078422.25,"Google Cloud Platform (GCP)",FALSE
"COMP-02535","Retail & E-commerce",62,11417453.67,"AWS",TRUE
"COMP-02536","Manufacturing",109,13928139.07,"Microsoft Azure",TRUE
"COMP-02537","Professional Services",143,28309868.79,"AWS",TRUE
"COMP-02538","Finance & Insurance",13,8860605.37,"AWS",FALSE
"COMP-02539","Finance & Insurance",5,981203.45,"Microsoft Azure",TRUE
"COMP-02540","Technology",220,115601550.08,"AWS",FALSE
"COMP-02541","Manufacturing",12,2617702.3,"Google Cloud Platform (GCP)",TRUE
"COMP-02542","Technology",184,54655632.64,"AWS",TRUE
"COMP-02543","Retail & E-commerce",117,33591525.42,"AWS",FALSE
"COMP-02544","Manufacturing",97,36839027.45,"On-Prem/Hybrid",TRUE
"COMP-02545","Professional Services",76,11028565.08,"AWS",TRUE
"COMP-02546","Technology",480,136538793.78,"AWS",TRUE
"COMP-02547","Technology",65,31506652.33,"Google Cloud Platform (GCP)",TRUE
"COMP-02548","Finance & Insurance",148,61769735.34,"Microsoft Azure",TRUE
"COMP-02549","Technology",81,27334960.59,"AWS",TRUE
"COMP-02550","Finance & Insurance",182,55421102.52,"AWS",TRUE
"COMP-02551","Manufacturing",59,13207417.09,"Microsoft Azure",FALSE
"COMP-02552","Manufacturing",40,9602271.47,"Microsoft Azure",TRUE
"COMP-02553","Retail & E-commerce",601,115482527.88,"AWS",TRUE
"COMP-02554","Technology",201,62580211.53,"AWS",TRUE
"COMP-02555","Finance & Insurance",18,8918696.63,"AWS",TRUE
"COMP-02556","Manufacturing",26,4822245.47,"Microsoft Azure",TRUE
"COMP-02557","Manufacturing",98,44024708.44,"Microsoft Azure",TRUE
"COMP-02558","Retail & E-commerce",34,6520896.36,"On-Prem/Hybrid",FALSE
"COMP-02559","Healthcare",64,22734900.96,"Google Cloud Platform (GCP)",TRUE
"COMP-02560","Healthcare",373,83240692.01,"On-Prem/Hybrid",FALSE
"COMP-02561","Retail & E-commerce",53,9122959.68,"Microsoft Azure",TRUE
"COMP-02562","Professional Services",66,8434708.68,"Other",FALSE
"COMP-02563","Technology",112,26056006.68,"AWS",FALSE
"COMP-02564","Retail & E-commerce",17,2879945.37,"AWS",FALSE
"COMP-02565","Manufacturing",42,15567258.2,"Google Cloud Platform (GCP)",TRUE
"COMP-02566","Manufacturing",150,30781107.03,"AWS",FALSE
"COMP-02567","Manufacturing",52,8334529.19,"Microsoft Azure",FALSE
"COMP-02568","Healthcare",50,13328690.98,"Google Cloud Platform (GCP)",TRUE
"COMP-02569","Technology",36,12911563.73,"AWS",FALSE
"COMP-02570","Professional Services",26,12925015.28,"Microsoft Azure",TRUE
"COMP-02571","Retail & E-commerce",109,37498057.41,"AWS",TRUE
"COMP-02572","Professional Services",112,15227058.73,"Microsoft Azure",TRUE
"COMP-02573","Finance & Insurance",141,68997058.16,"On-Prem/Hybrid",TRUE
"COMP-02574","Healthcare",260,78093145.34,"Google Cloud Platform (GCP)",TRUE
"COMP-02575","Technology",52,24686138.04,"On-Prem/Hybrid",FALSE
"COMP-02576","Retail & E-commerce",9,2053301.52,"Microsoft Azure",FALSE
"COMP-02577","Finance & Insurance",176,45133793.36,"AWS",TRUE
"COMP-02578","Technology",108,26704822.9,"Google Cloud Platform (GCP)",TRUE
"COMP-02579","Retail & E-commerce",65,7633388.61,"Google Cloud Platform (GCP)",FALSE
"COMP-02580","Technology",301,54659533.62,"AWS",TRUE
"COMP-02581","Finance & Insurance",17,12905313.42,"Microsoft Azure",TRUE
"COMP-02582","Healthcare",121,52091912.62,"AWS",TRUE
"COMP-02583","Technology",153,42699079.66,"AWS",FALSE
"COMP-02584","Manufacturing",481,145149211.15,"AWS",TRUE
"COMP-02585","Retail & E-commerce",1713,385577878.27,"Microsoft Azure",FALSE
"COMP-02586","Manufacturing",446,117367013.67,"On-Prem/Hybrid",TRUE
"COMP-02587","Manufacturing",94,39905238.59,"AWS",FALSE
"COMP-02588","Finance & Insurance",181,82959818.3,"On-Prem/Hybrid",FALSE
"COMP-02589","Retail & E-commerce",748,151388513.37,"Microsoft Azure",FALSE
"COMP-02590","Finance & Insurance",48,18275824.43,"Google Cloud Platform (GCP)",TRUE
"COMP-02591","Healthcare",64,22898675.68,"AWS",FALSE
"COMP-02592","Healthcare",19,7061411.77,"Google Cloud Platform (GCP)",TRUE
"COMP-02593","Retail & E-commerce",21,4535009.61,"On-Prem/Hybrid",FALSE
"COMP-02594","Technology",35,9244606.22,"Google Cloud Platform (GCP)",TRUE
"COMP-02595","Finance & Insurance",16,6518177.06,"Microsoft Azure",TRUE
"COMP-02596","Professional Services",113,24738003.96,"AWS",FALSE
"COMP-02597","Manufacturing",521,108695486.54,"On-Prem/Hybrid",TRUE
"COMP-02598","Technology",23,8899295.04,"Microsoft Azure",FALSE
"COMP-02599","Healthcare",7,3262362.27,"Other",TRUE
"COMP-02600","Finance & Insurance",142,72331576.76,"Microsoft Azure",FALSE
"COMP-02601","Technology",29,6510656.34,"AWS",TRUE
"COMP-02602","Technology",18,7662871.08,"AWS",TRUE
"COMP-02603","Professional Services",73,15739679.53,"AWS",FALSE
"COMP-02604","Technology",258,126229240.2,"AWS",TRUE
"COMP-02605","Finance & Insurance",21,8498363.28,"AWS",TRUE
"COMP-02606","Retail & E-commerce",54,6739795.54,"AWS",TRUE
"COMP-02607","Manufacturing",118,19301920.07,"AWS",TRUE
"COMP-02608","Professional Services",129,27537790.21,"Google Cloud Platform (GCP)",TRUE
"COMP-02609","Retail & E-commerce",37,12446042.36,"AWS",FALSE
"COMP-02610","Healthcare",61,11649027.71,"Microsoft Azure",TRUE
"COMP-02611","Retail & E-commerce",166,38355301.28,"AWS",TRUE
"COMP-02612","Professional Services",239,70500247.7,"AWS",TRUE
"COMP-02613","Healthcare",38,9243522.49,"AWS",TRUE
"COMP-02614","Finance & Insurance",31,11231302.54,"AWS",TRUE
"COMP-02615","Retail & E-commerce",60,16068377.76,"AWS",TRUE
"COMP-02616","Manufacturing",33,6568174.39,"AWS",TRUE
"COMP-02617","Retail & E-commerce",1170,115793187.56,"AWS",TRUE
"COMP-02618","Technology",3535,1415950135.38,"AWS",TRUE
"COMP-02619","Technology",81,24094125.83,"AWS",FALSE
"COMP-02620","Technology",18,3622014.7,"Google Cloud Platform (GCP)",FALSE
"COMP-02621","Finance & Insurance",263,96371014.55,"AWS",FALSE
"COMP-02622","Professional Services",52,5411035.2,"Other",TRUE
"COMP-02623","Healthcare",31,5484973.14,"AWS",FALSE
"COMP-02624","Technology",25,9508206.66,"On-Prem/Hybrid",TRUE
"COMP-02625","Healthcare",227,61913532.99,"AWS",FALSE
"COMP-02626","Professional Services",18,3466449.57,"Microsoft Azure",FALSE
"COMP-02627","Technology",11,2601223.78,"AWS",TRUE
"COMP-02628","Manufacturing",52,14551259.83,"On-Prem/Hybrid",TRUE
"COMP-02629","Retail & E-commerce",97,21722114.6,"On-Prem/Hybrid",TRUE
"COMP-02630","Professional Services",227,91763886.41,"Microsoft Azure",FALSE
"COMP-02631","Professional Services",557,69911834.25,"Google Cloud Platform (GCP)",FALSE
"COMP-02632","Technology",110,35830137.27,"Other",FALSE
"COMP-02633","Technology",17,5616542.87,"Microsoft Azure",TRUE
"COMP-02634","Finance & Insurance",142,197961993.02,"Google Cloud Platform (GCP)",TRUE
"COMP-02635","Healthcare",320,116726755.69,"Google Cloud Platform (GCP)",TRUE
"COMP-02636","Finance & Insurance",35,17550856.85,"Microsoft Azure",TRUE
"COMP-02637","Finance & Insurance",31,18993359.53,"Google Cloud Platform (GCP)",TRUE
"COMP-02638","Finance & Insurance",88,27205555.23,"Google Cloud Platform (GCP)",TRUE
"COMP-02639","Professional Services",571,112190848.32,"Other",FALSE
"COMP-02640","Healthcare",151,66015357.62,"AWS",FALSE
"COMP-02641","Retail & E-commerce",208,48550214.52,"Microsoft Azure",FALSE
"COMP-02642","Professional Services",17,1514910.05,"Google Cloud Platform (GCP)",TRUE
"COMP-02643","Finance & Insurance",368,217245549.37,"Microsoft Azure",TRUE
"COMP-02644","Retail & E-commerce",30,6300373.15,"Google Cloud Platform (GCP)",TRUE
"COMP-02645","Technology",73,15734608.9,"AWS",TRUE
"COMP-02646","Technology",41,18918013.9,"AWS",TRUE
"COMP-02647","Healthcare",55,23345063.45,"On-Prem/Hybrid",TRUE
"COMP-02648","Healthcare",34,10349471.17,"Microsoft Azure",TRUE
"COMP-02649","Professional Services",256,42795275.57,"Google Cloud Platform (GCP)",TRUE
"COMP-02650","Technology",57,23132088.45,"AWS",FALSE
"COMP-02651","Retail & E-commerce",26,9432091.46,"Microsoft Azure",FALSE
"COMP-02652","Technology",2724,780384125.45,"AWS",TRUE
"COMP-02653","Professional Services",157,37352237.36,"AWS",TRUE
"COMP-02654","Finance & Insurance",144,64017565.49,"AWS",TRUE
"COMP-02655","Finance & Insurance",14,10164037.2,"Google Cloud Platform (GCP)",TRUE
"COMP-02656","Finance & Insurance",203,101494061.36,"AWS",TRUE
"COMP-02657","Technology",251,170262806.04,"AWS",TRUE
"COMP-02658","Retail & E-commerce",93,20666231.12,"AWS",TRUE
"COMP-02659","Healthcare",10,4708383.01,"Microsoft Azure",TRUE
"COMP-02660","Finance & Insurance",345,161691452.32,"AWS",TRUE
"COMP-02661","Finance & Insurance",1078,461262063.7,"Google Cloud Platform (GCP)",TRUE
"COMP-02662","Technology",83,23047116.85,"AWS",TRUE
"COMP-02663","Technology",53,15190010.68,"AWS",FALSE
"COMP-02664","Healthcare",94,14671569.48,"Microsoft Azure",TRUE
"COMP-02665","Technology",709,158628991.71,"Google Cloud Platform (GCP)",TRUE
"COMP-02666","Professional Services",30,6386491.98,"Microsoft Azure",FALSE
"COMP-02667","Healthcare",247,53696237.39,"AWS",TRUE
"COMP-02668","Technology",11,3129173.6,"AWS",FALSE
"COMP-02669","Technology",29,16711264.27,"Microsoft Azure",FALSE
"COMP-02670","Professional Services",11,3142317.44,"AWS",TRUE
"COMP-02671","Technology",117,18560273.91,"AWS",FALSE
"COMP-02672","Retail & E-commerce",28,9698750.77,"AWS",FALSE
"COMP-02673","Professional Services",26,3120093.21,"Microsoft Azure",FALSE
"COMP-02674","Technology",31,10135248.97,"Google Cloud Platform (GCP)",TRUE
"COMP-02675","Professional Services",47,12539212.54,"Google Cloud Platform (GCP)",TRUE
"COMP-02676","Manufacturing",73,12619028.21,"Microsoft Azure",TRUE
"COMP-02677","Healthcare",654,195789446.54,"AWS",TRUE
"COMP-02678","Retail & E-commerce",409,133649654.15,"Microsoft Azure",TRUE
"COMP-02679","Professional Services",57,11231729.68,"Microsoft Azure",TRUE
"COMP-02680","Finance & Insurance",213,216585103.54,"Microsoft Azure",TRUE
"COMP-02681","Retail & E-commerce",103,28429651.61,"AWS",FALSE
"COMP-02682","Finance & Insurance",54,23770876.49,"Microsoft Azure",TRUE
"COMP-02683","Healthcare",156,32393283.78,"AWS",FALSE
"COMP-02684","Manufacturing",104,26680491.64,"AWS",FALSE
"COMP-02685","Technology",208,53275595.25,"On-Prem/Hybrid",TRUE
"COMP-02686","Healthcare",61,15735003.53,"AWS",TRUE
"COMP-02687","Technology",54,19126712.57,"Google Cloud Platform (GCP)",TRUE
"COMP-02688","Technology",50,29864226.9,"Microsoft Azure",TRUE
"COMP-02689","Healthcare",198,39310785.89,"Google Cloud Platform (GCP)",TRUE
"COMP-02690","Finance & Insurance",152,71765349.14,"AWS",TRUE
"COMP-02691","Professional Services",232,26826992.83,"AWS",FALSE
"COMP-02692","Technology",43,19261842.35,"Google Cloud Platform (GCP)",TRUE
"COMP-02693","Technology",52,34469531.26,"Google Cloud Platform (GCP)",FALSE
"COMP-02694","Retail & E-commerce",21,2918226.14,"Microsoft Azure",TRUE
"COMP-02695","Technology",15,3984653.6,"Google Cloud Platform (GCP)",TRUE
"COMP-02696","Technology",187,133823625.37,"AWS",TRUE
"COMP-02697","Healthcare",16,3825875.26,"AWS",FALSE
"COMP-02698","Professional Services",55,13446152.76,"On-Prem/Hybrid",FALSE
"COMP-02699","Professional Services",94,19760283.84,"Microsoft Azure",FALSE
"COMP-02700","Finance & Insurance",23,8822844.29,"Microsoft Azure",TRUE
"COMP-02701","Professional Services",991,202127248,"Google Cloud Platform (GCP)",TRUE
"COMP-02702","Manufacturing",108,15114019.39,"Microsoft Azure",FALSE
"COMP-02703","Retail & E-commerce",115,38596168.19,"AWS",TRUE
"COMP-02704","Professional Services",143,17545565.38,"On-Prem/Hybrid",TRUE
"COMP-02705","Healthcare",71,16585439.67,"AWS",TRUE
"COMP-02706","Healthcare",14,4244027.52,"Microsoft Azure",TRUE
"COMP-02707","Professional Services",115,30192796.28,"AWS",TRUE
"COMP-02708","Professional Services",16,2712498.51,"AWS",TRUE
"COMP-02709","Manufacturing",167,35776920.67,"AWS",FALSE
"COMP-02710","Healthcare",79,15017032.5,"AWS",FALSE
"COMP-02711","Healthcare",134,76750728.91,"Microsoft Azure",TRUE
"COMP-02712","Retail & E-commerce",30,7138600.79,"AWS",TRUE
"COMP-02713","Technology",99,24552032.88,"AWS",TRUE
"COMP-02714","Technology",55,11391615.28,"Microsoft Azure",TRUE
"COMP-02715","Retail & E-commerce",157,54460795.19,"AWS",TRUE
"COMP-02716","Finance & Insurance",68,32572743.2,"On-Prem/Hybrid",TRUE
"COMP-02717","Professional Services",90,15156253.91,"Microsoft Azure",TRUE
"COMP-02718","Retail & E-commerce",51,12291327.06,"Google Cloud Platform (GCP)",TRUE
"COMP-02719","Manufacturing",19,7701581.84,"Microsoft Azure",TRUE
"COMP-02720","Retail & E-commerce",89,32140911.24,"Microsoft Azure",FALSE
"COMP-02721","Technology",89,26935661.38,"Microsoft Azure",TRUE
"COMP-02722","Technology",91,45765595.22,"Microsoft Azure",TRUE
"COMP-02723","Finance & Insurance",23,5452481.52,"AWS",TRUE
"COMP-02724","Finance & Insurance",291,94536521.61,"AWS",TRUE
"COMP-02725","Finance & Insurance",188,98953055.05,"Microsoft Azure",TRUE
"COMP-02726","Technology",67,14422338.91,"AWS",TRUE
"COMP-02727","Technology",187,46529391.55,"AWS",TRUE
"COMP-02728","Manufacturing",16,2882279.43,"Google Cloud Platform (GCP)",TRUE
"COMP-02729","Professional Services",6,1291078.95,"AWS",TRUE
"COMP-02730","Healthcare",130,33785685.81,"On-Prem/Hybrid",FALSE
"COMP-02731","Technology",604,177309422.91,"Microsoft Azure",TRUE
"COMP-02732","Finance & Insurance",44,14146920.17,"Microsoft Azure",FALSE
"COMP-02733","Retail & E-commerce",100,27791668.54,"Microsoft Azure",TRUE
"COMP-02734","Finance & Insurance",197,133417471.43,"Microsoft Azure",FALSE
"COMP-02735","Professional Services",286,63283464.03,"On-Prem/Hybrid",TRUE
"COMP-02736","Finance & Insurance",16,4601959.74,"AWS",TRUE
"COMP-02737","Retail & E-commerce",90,25746895.15,"Microsoft Azure",TRUE
"COMP-02738","Manufacturing",26,14468459.15,"Microsoft Azure",FALSE
"COMP-02739","Technology",67,17932761.82,"Microsoft Azure",TRUE
"COMP-02740","Retail & E-commerce",38,6229337.66,"Microsoft Azure",TRUE
"COMP-02741","Manufacturing",72,6992899.33,"Microsoft Azure",FALSE
"COMP-02742","Technology",62,12514978.3,"Microsoft Azure",TRUE
"COMP-02743","Retail & E-commerce",21,4141767.45,"AWS",TRUE
"COMP-02744","Manufacturing",57,11648543.51,"AWS",TRUE
"COMP-02745","Technology",258,100981376.63,"AWS",TRUE
"COMP-02746","Healthcare",68,10098769.33,"Microsoft Azure",FALSE
"COMP-02747","Manufacturing",22,5931110.57,"AWS",TRUE
"COMP-02748","Technology",93,24827509.65,"On-Prem/Hybrid",FALSE
"COMP-02749","Retail & E-commerce",15,3453933.72,"Microsoft Azure",TRUE
"COMP-02750","Healthcare",33,10883168.79,"AWS",FALSE
"COMP-02751","Retail & E-commerce",68,14239111.45,"On-Prem/Hybrid",TRUE
"COMP-02752","Professional Services",30,4023115.58,"AWS",FALSE
"COMP-02753","Retail & E-commerce",62,12964064.4,"Google Cloud Platform (GCP)",TRUE
"COMP-02754","Manufacturing",367,177403717.85,"Google Cloud Platform (GCP)",TRUE
"COMP-02755","Manufacturing",10,3845953.23,"AWS",TRUE
"COMP-02756","Retail & E-commerce",9,1648849.24,"Microsoft Azure",TRUE
"COMP-02757","Manufacturing",92,7886623.79,"AWS",FALSE
"COMP-02758","Professional Services",57,22249043.07,"AWS",FALSE
"COMP-02759","Professional Services",73,10158619.71,"AWS",FALSE
"COMP-02760","Technology",159,41568664.38,"Microsoft Azure",TRUE
"COMP-02761","Finance & Insurance",316,95318489.4,"On-Prem/Hybrid",TRUE
"COMP-02762","Retail & E-commerce",61,15124513.31,"Microsoft Azure",TRUE
"COMP-02763","Retail & E-commerce",286,36819699.25,"On-Prem/Hybrid",TRUE
"COMP-02764","Technology",666,343523569.98,"Microsoft Azure",TRUE
"COMP-02765","Retail & E-commerce",25,4968436.06,"Microsoft Azure",TRUE
"COMP-02766","Technology",338,167255571.48,"Microsoft Azure",TRUE
"COMP-02767","Healthcare",710,186887053.01,"Microsoft Azure",TRUE
"COMP-02768","Healthcare",241,98179682.46,"On-Prem/Hybrid",TRUE
"COMP-02769","Healthcare",263,46675163.65,"On-Prem/Hybrid",TRUE
"COMP-02770","Finance & Insurance",27,13729570.98,"Microsoft Azure",TRUE
"COMP-02771","Technology",112,44180562.54,"AWS",TRUE
"COMP-02772","Healthcare",141,27678592.26,"AWS",FALSE
"COMP-02773","Technology",69,16475549.82,"Microsoft Azure",TRUE
"COMP-02774","Professional Services",34,6287276.62,"Microsoft Azure",TRUE
"COMP-02775","Technology",116,41044964.77,"AWS",FALSE
"COMP-02776","Manufacturing",31,6670025.8,"Google Cloud Platform (GCP)",TRUE
"COMP-02777","Technology",420,108522387.84,"Microsoft Azure",TRUE
"COMP-02778","Manufacturing",627,84949554.32,"On-Prem/Hybrid",FALSE
"COMP-02779","Technology",112,21351393.98,"Other",TRUE
"COMP-02780","Manufacturing",14,10117901.4,"Microsoft Azure",TRUE
"COMP-02781","Manufacturing",286,97348248.87,"Microsoft Azure",FALSE
"COMP-02782","Retail & E-commerce",31,6633154.18,"Google Cloud Platform (GCP)",FALSE
"COMP-02783","Retail & E-commerce",307,55249897.88,"AWS",TRUE
"COMP-02784","Technology",708,120713631.1,"AWS",TRUE
"COMP-02785","Healthcare",134,22933436.27,"On-Prem/Hybrid",FALSE
"COMP-02786","Healthcare",183,54529389.89,"On-Prem/Hybrid",TRUE
"COMP-02787","Retail & E-commerce",84,14626472.63,"Microsoft Azure",FALSE
"COMP-02788","Professional Services",50,6204053.25,"Microsoft Azure",FALSE
"COMP-02789","Manufacturing",31,7820815.65,"On-Prem/Hybrid",TRUE
"COMP-02790","Technology",78,24770702.31,"Google Cloud Platform (GCP)",TRUE
"COMP-02791","Professional Services",477,43720803.92,"AWS",TRUE
"COMP-02792","Manufacturing",209,24350721.49,"Microsoft Azure",TRUE
"COMP-02793","Technology",70,17348177.38,"Microsoft Azure",TRUE
"COMP-02794","Retail & E-commerce",26,5913002.86,"Microsoft Azure",FALSE
"COMP-02795","Healthcare",61,19507360.63,"On-Prem/Hybrid",FALSE
"COMP-02796","Professional Services",32,6315238.02,"AWS",FALSE
"COMP-02797","Healthcare",207,88163245.23,"Google Cloud Platform (GCP)",TRUE
"COMP-02798","Technology",18,5106009.14,"On-Prem/Hybrid",FALSE
"COMP-02799","Technology",110,58908183.76,"AWS",TRUE
"COMP-02800","Professional Services",356,89963178.13,"Microsoft Azure",FALSE
"COMP-02801","Healthcare",178,66773474.65,"Microsoft Azure",FALSE
"COMP-02802","Healthcare",66,15474586.38,"AWS",TRUE
"COMP-02803","Technology",311,128136180.44,"Google Cloud Platform (GCP)",TRUE
"COMP-02804","Healthcare",1162,298856029.87,"On-Prem/Hybrid",TRUE
"COMP-02805","Retail & E-commerce",89,12556405.07,"AWS",TRUE
"COMP-02806","Technology",32,12130820.33,"Microsoft Azure",FALSE
"COMP-02807","Professional Services",59,19858517.38,"AWS",FALSE
"COMP-02808","Technology",356,92337779.22,"Google Cloud Platform (GCP)",TRUE
"COMP-02809","Retail & E-commerce",649,187691897.82,"AWS",FALSE
"COMP-02810","Technology",66,33180539.79,"Google Cloud Platform (GCP)",TRUE
"COMP-02811","Finance & Insurance",57,22752882.52,"AWS",TRUE
"COMP-02812","Retail & E-commerce",58,11297519.91,"On-Prem/Hybrid",TRUE
"COMP-02813","Technology",18,6188547.59,"Microsoft Azure",FALSE
"COMP-02814","Finance & Insurance",123,63407502.85,"Microsoft Azure",FALSE
"COMP-02815","Professional Services",233,36641196.7,"Microsoft Azure",TRUE
"COMP-02816","Technology",82,15932149.35,"AWS",FALSE
"COMP-02817","Finance & Insurance",351,183555272.28,"AWS",TRUE
"COMP-02818","Finance & Insurance",150,60301408.39,"Microsoft Azure",FALSE
"COMP-02819","Technology",137,27367661.87,"AWS",TRUE
"COMP-02820","Finance & Insurance",197,106263205.88,"Microsoft Azure",TRUE
"COMP-02821","Professional Services",141,28226293.64,"AWS",TRUE
"COMP-02822","Manufacturing",38,11821054.34,"Other",FALSE
"COMP-02823","Retail & E-commerce",571,278213475.54,"Microsoft Azure",FALSE
"COMP-02824","Retail & E-commerce",37,6850148.5,"On-Prem/Hybrid",TRUE
"COMP-02825","Manufacturing",17,4147114.42,"Google Cloud Platform (GCP)",FALSE
"COMP-02826","Finance & Insurance",48,43740915.42,"AWS",TRUE
"COMP-02827","Professional Services",114,22243109.5,"AWS",FALSE
"COMP-02828","Professional Services",26,6513283.57,"Google Cloud Platform (GCP)",TRUE
"COMP-02829","Professional Services",321,106312642.71,"AWS",FALSE
"COMP-02830","Professional Services",117,40864705.4,"AWS",FALSE
"COMP-02831","Finance & Insurance",25,8922582.33,"On-Prem/Hybrid",FALSE
"COMP-02832","Retail & E-commerce",920,172577599.59,"Google Cloud Platform (GCP)",FALSE
"COMP-02833","Retail & E-commerce",92,15647187.13,"AWS",TRUE
"COMP-02834","Retail & E-commerce",22,4834953.35,"Microsoft Azure",FALSE
"COMP-02835","Manufacturing",108,35856876.74,"AWS",FALSE
"COMP-02836","Manufacturing",864,150115207.34,"Microsoft Azure",FALSE
"COMP-02837","Manufacturing",33,7019770.22,"Microsoft Azure",TRUE
"COMP-02838","Healthcare",15,2346508.41,"Google Cloud Platform (GCP)",TRUE
"COMP-02839","Manufacturing",48,13161419.43,"Microsoft Azure",TRUE
"COMP-02840","Retail & E-commerce",151,62128423.29,"AWS",FALSE
"COMP-02841","Manufacturing",63,15205951.16,"AWS",FALSE
"COMP-02842","Technology",143,121614703.49,"Microsoft Azure",TRUE
"COMP-02843","Retail & E-commerce",39,11306305.28,"On-Prem/Hybrid",TRUE
"COMP-02844","Healthcare",151,41404671.42,"Microsoft Azure",TRUE
"COMP-02845","Technology",156,64437638.39,"AWS",TRUE
"COMP-02846","Finance & Insurance",78,35048271.01,"Microsoft Azure",TRUE
"COMP-02847","Retail & E-commerce",123,20791245.47,"On-Prem/Hybrid",FALSE
"COMP-02848","Technology",124,41267246.11,"AWS",TRUE
"COMP-02849","Technology",149,30959730.52,"Microsoft Azure",TRUE
"COMP-02850","Finance & Insurance",465,275260905.24,"Other",TRUE
"COMP-02851","Retail & E-commerce",342,105905400.62,"AWS",TRUE
"COMP-02852","Manufacturing",1085,277551251.44,"AWS",TRUE
"COMP-02853","Professional Services",1148,179858615.26,"Google Cloud Platform (GCP)",FALSE
"COMP-02854","Healthcare",70,15993714.82,"AWS",TRUE
"COMP-02855","Retail & E-commerce",103,31792826.48,"On-Prem/Hybrid",TRUE
"COMP-02856","Professional Services",27,4079207.11,"Google Cloud Platform (GCP)",TRUE
"COMP-02857","Technology",11,4229108.87,"Google Cloud Platform (GCP)",TRUE
"COMP-02858","Healthcare",312,132718687.47,"AWS",TRUE
"COMP-02859","Professional Services",142,36772674.41,"On-Prem/Hybrid",TRUE
"COMP-02860","Healthcare",4940,1200827107.95,"AWS",TRUE
"COMP-02861","Technology",97,40795018.41,"Microsoft Azure",FALSE
"COMP-02862","Retail & E-commerce",70,17060131.36,"On-Prem/Hybrid",TRUE
"COMP-02863","Professional Services",236,31616834.9,"AWS",TRUE
"COMP-02864","Finance & Insurance",14,11505200.96,"AWS",TRUE
"COMP-02865","Healthcare",33,8496709.8,"Microsoft Azure",TRUE
"COMP-02866","Healthcare",330,178551713.06,"Microsoft Azure",TRUE
"COMP-02867","Manufacturing",121,30221680.59,"Microsoft Azure",TRUE
"COMP-02868","Retail & E-commerce",133,30215527.19,"Microsoft Azure",FALSE
"COMP-02869","Healthcare",103,42762020.79,"Other",TRUE
"COMP-02870","Finance & Insurance",21,14734182.34,"Microsoft Azure",FALSE
"COMP-02871","Manufacturing",11,2128972.91,"AWS",TRUE
"COMP-02872","Healthcare",12,2929766.31,"AWS",TRUE
"COMP-02873","Retail & E-commerce",221,35792439.71,"AWS",FALSE
"COMP-02874","Retail & E-commerce",85,21633859.35,"On-Prem/Hybrid",TRUE
"COMP-02875","Healthcare",85,10719242.1,"AWS",TRUE
"COMP-02876","Technology",273,61883974.05,"AWS",TRUE
"COMP-02877","Finance & Insurance",376,413177192.73,"AWS",TRUE
"COMP-02878","Healthcare",17,3391529.29,"Other",FALSE
"COMP-02879","Technology",161,105266900.38,"Microsoft Azure",TRUE
"COMP-02880","Technology",627,120580803.77,"Microsoft Azure",TRUE
"COMP-02881","Healthcare",685,264152165.62,"AWS",TRUE
"COMP-02882","Technology",90,23869408.93,"Microsoft Azure",TRUE
"COMP-02883","Healthcare",274,47534975.27,"Microsoft Azure",FALSE
"COMP-02884","Technology",217,73766519.01,"AWS",TRUE
"COMP-02885","Healthcare",747,151214315.34,"Google Cloud Platform (GCP)",FALSE
"COMP-02886","Technology",744,573196381.81,"Microsoft Azure",TRUE
"COMP-02887","Technology",28,10068718.55,"Microsoft Azure",TRUE
"COMP-02888","Retail & E-commerce",35,4337716.44,"Microsoft Azure",TRUE
"COMP-02889","Finance & Insurance",1088,645479167.16,"On-Prem/Hybrid",TRUE
"COMP-02890","Technology",154,106843952.5,"Microsoft Azure",TRUE
"COMP-02891","Technology",55,31647143.17,"Microsoft Azure",TRUE
"COMP-02892","Technology",179,36726882.54,"Microsoft Azure",FALSE
"COMP-02893","Retail & E-commerce",59,14962952.55,"Google Cloud Platform (GCP)",TRUE
"COMP-02894","Professional Services",207,46798428.52,"AWS",TRUE
"COMP-02895","Retail & E-commerce",40,5801782.88,"On-Prem/Hybrid",FALSE
"COMP-02896","Healthcare",183,50450095.35,"AWS",FALSE
"COMP-02897","Retail & E-commerce",498,105933985.27,"Microsoft Azure",TRUE
"COMP-02898","Retail & E-commerce",162,26064526.62,"Microsoft Azure",TRUE
"COMP-02899","Healthcare",117,31938048.94,"AWS",TRUE
"COMP-02900","Healthcare",9,1151204.41,"AWS",TRUE
"COMP-02901","Retail & E-commerce",69,24647956.37,"Google Cloud Platform (GCP)",TRUE
"COMP-02902","Technology",94,39389355.19,"AWS",TRUE
"COMP-02903","Technology",168,45064135.8,"Microsoft Azure",TRUE
"COMP-02904","Manufacturing",63,12694699.06,"AWS",FALSE
"COMP-02905","Finance & Insurance",83,40172645.11,"AWS",TRUE
"COMP-02906","Finance & Insurance",133,79544363.95,"Microsoft Azure",TRUE
"COMP-02907","Professional Services",40,22859216.47,"Google Cloud Platform (GCP)",TRUE
"COMP-02908","Technology",111,30689285.12,"AWS",FALSE
"COMP-02909","Healthcare",97,20775069.87,"Microsoft Azure",TRUE
"COMP-02910","Retail & E-commerce",17,5345329.53,"Microsoft Azure",FALSE
"COMP-02911","Professional Services",49,7498214.45,"Microsoft Azure",TRUE
"COMP-02912","Healthcare",69,19159672.44,"AWS",TRUE
"COMP-02913","Technology",69,17627733.57,"AWS",TRUE
"COMP-02914","Manufacturing",20,9115241.78,"AWS",FALSE
"COMP-02915","Professional Services",230,71043554.38,"Other",TRUE
"COMP-02916","Finance & Insurance",370,126266619.56,"Microsoft Azure",TRUE
"COMP-02917","Technology",74,53766946.75,"Microsoft Azure",FALSE
"COMP-02918","Finance & Insurance",22,20451094.44,"Google Cloud Platform (GCP)",FALSE
"COMP-02919","Healthcare",175,31641005.55,"Microsoft Azure",TRUE
"COMP-02920","Professional Services",172,44907313.67,"AWS",FALSE
"COMP-02921","Technology",26,8928330.45,"AWS",TRUE
"COMP-02922","Healthcare",72,18971829.73,"Microsoft Azure",FALSE
"COMP-02923","Technology",134,48295142.56,"AWS",FALSE
"COMP-02924","Technology",20,4215395.29,"Microsoft Azure",TRUE
"COMP-02925","Retail & E-commerce",83,35120877.2,"Microsoft Azure",TRUE
"COMP-02926","Professional Services",12,3565848.07,"Google Cloud Platform (GCP)",FALSE
"COMP-02927","Technology",77,19704205.94,"Microsoft Azure",TRUE
"COMP-02928","Healthcare",63,8927580.66,"AWS",TRUE
"COMP-02929","Professional Services",97,9906602.97,"AWS",TRUE
"COMP-02930","Retail & E-commerce",216,22189021.19,"Microsoft Azure",TRUE
"COMP-02931","Professional Services",60,9154147.22,"Other",TRUE
"COMP-02932","Manufacturing",814,250176368.09,"On-Prem/Hybrid",TRUE
"COMP-02933","Finance & Insurance",37,11321822.38,"Other",TRUE
"COMP-02934","Healthcare",240,113494106.61,"AWS",TRUE
"COMP-02935","Professional Services",110,16759213.2,"AWS",TRUE
"COMP-02936","Technology",166,58908546.75,"Google Cloud Platform (GCP)",TRUE
"COMP-02937","Professional Services",673,143806378.29,"Google Cloud Platform (GCP)",TRUE
"COMP-02938","Professional Services",25,4555284.81,"Microsoft Azure",FALSE
"COMP-02939","Professional Services",309,71501151.07,"Microsoft Azure",TRUE
"COMP-02940","Healthcare",19,4646480.39,"Microsoft Azure",TRUE
"COMP-02941","Manufacturing",147,36751104.83,"Other",TRUE
"COMP-02942","Retail & E-commerce",15,2246176.45,"Google Cloud Platform (GCP)",TRUE
"COMP-02943","Professional Services",32,12011668.61,"AWS",FALSE
"COMP-02944","Professional Services",41,15413140.58,"Google Cloud Platform (GCP)",FALSE
"COMP-02945","Professional Services",7,2247358.58,"AWS",TRUE
"COMP-02946","Retail & E-commerce",58,28169804.04,"AWS",FALSE
"COMP-02947","Professional Services",18,3530298.54,"AWS",FALSE
"COMP-02948","Technology",5,2317978.77,"Google Cloud Platform (GCP)",FALSE
"COMP-02949","Finance & Insurance",74,54170296.9,"Microsoft Azure",FALSE
"COMP-02950","Technology",201,69904926.91,"AWS",TRUE
"COMP-02951","Finance & Insurance",22,6999122.31,"Microsoft Azure",FALSE
"COMP-02952","Manufacturing",43,10581197.49,"Microsoft Azure",TRUE
"COMP-02953","Professional Services",111,10791167.85,"Google Cloud Platform (GCP)",FALSE
"COMP-02954","Technology",64,24931373.2,"Google Cloud Platform (GCP)",TRUE
"COMP-02955","Retail & E-commerce",54,8599730.39,"On-Prem/Hybrid",FALSE
"COMP-02956","Retail & E-commerce",396,120517500.05,"AWS",FALSE
"COMP-02957","Professional Services",470,110385439.47,"AWS",TRUE
"COMP-02958","Manufacturing",72,24518817.43,"Microsoft Azure",TRUE
"COMP-02959","Finance & Insurance",183,58671420.39,"On-Prem/Hybrid",TRUE
"COMP-02960","Technology",65,26211177.84,"AWS",TRUE
"COMP-02961","Healthcare",107,55371418.36,"AWS",TRUE
"COMP-02962","Healthcare",42,12120395.56,"AWS",FALSE
"COMP-02963","Technology",30,14077134.93,"On-Prem/Hybrid",TRUE
"COMP-02964","Technology",561,221541262.36,"AWS",TRUE
"COMP-02965","Professional Services",399,80965162.3,"Google Cloud Platform (GCP)",TRUE
"COMP-02966","Manufacturing",172,54630672.15,"Microsoft Azure",TRUE
"COMP-02967","Technology",6,2086596.89,"AWS",FALSE
"COMP-02968","Technology",46,15953433.25,"Microsoft Azure",FALSE
"COMP-02969","Retail & E-commerce",20,3621503.75,"Other",FALSE
"COMP-02970","Retail & E-commerce",195,89057964.39,"Google Cloud Platform (GCP)",TRUE
"COMP-02971","Healthcare",180,67253247.4,"Microsoft Azure",TRUE
"COMP-02972","Finance & Insurance",42,8529247.92,"AWS",TRUE
"COMP-02973","Technology",315,115863006.9,"Microsoft Azure",TRUE
"COMP-02974","Healthcare",255,109806956.85,"AWS",TRUE
"COMP-02975","Technology",30,7112130.31,"AWS",TRUE
"COMP-02976","Technology",85,28892549.58,"Google Cloud Platform (GCP)",TRUE
"COMP-02977","Finance & Insurance",84,19218653.48,"On-Prem/Hybrid",TRUE
"COMP-02978","Healthcare",49,27424761.39,"Google Cloud Platform (GCP)",TRUE
"COMP-02979","Technology",38,14084157.6,"Google Cloud Platform (GCP)",TRUE
"COMP-02980","Finance & Insurance",145,51464228.25,"Microsoft Azure",TRUE
"COMP-02981","Healthcare",429,157760240.08,"Google Cloud Platform (GCP)",TRUE
"COMP-02982","Retail & E-commerce",137,48389797.16,"Microsoft Azure",FALSE
"COMP-02983","Manufacturing",263,46274858.59,"Microsoft Azure",TRUE
"COMP-02984","Finance & Insurance",29,22171444.73,"Google Cloud Platform (GCP)",TRUE
"COMP-02985","Healthcare",29,7235492.87,"Microsoft Azure",TRUE
"COMP-02986","Healthcare",148,47762032.2,"Google Cloud Platform (GCP)",TRUE
"COMP-02987","Healthcare",31,7868353.67,"AWS",FALSE
"COMP-02988","Retail & E-commerce",110,15717449.88,"On-Prem/Hybrid",TRUE
"COMP-02989","Finance & Insurance",25,6507710.33,"AWS",FALSE
"COMP-02990","Finance & Insurance",57,54501945.82,"AWS",TRUE
"COMP-02991","Finance & Insurance",24,8187234.79,"Microsoft Azure",FALSE
"COMP-02992","Technology",72,23429301.76,"Google Cloud Platform (GCP)",TRUE
"COMP-02993","Manufacturing",44,5307758.05,"Microsoft Azure",TRUE
"COMP-02994","Retail & E-commerce",326,67706423.37,"AWS",FALSE
"COMP-02995","Manufacturing",147,30844364.98,"On-Prem/Hybrid",TRUE
"COMP-02996","Finance & Insurance",90,29113042.23,"AWS",TRUE
"COMP-02997","Technology",34,11893032.19,"AWS",TRUE
"COMP-02998","Healthcare",161,40661372.68,"Google Cloud Platform (GCP)",FALSE
"COMP-02999","Technology",141,64814941.05,"Google Cloud Platform (GCP)",TRUE
"COMP-03000","Healthcare",44,16560472.58,"AWS",TRUE
"COMP-03001","Professional Services",493,65561404.3,"Microsoft Azure",FALSE
"COMP-03002","Finance & Insurance",176,58575086.59,"AWS",TRUE
"COMP-03003","Retail & E-commerce",292,39344607.2,"On-Prem/Hybrid",TRUE
"COMP-03004","Retail & E-commerce",45,6591446.15,"AWS",TRUE
"COMP-03005","Technology",278,177147909.68,"On-Prem/Hybrid",FALSE
"COMP-03006","Manufacturing",83,68889361.43,"On-Prem/Hybrid",FALSE
"COMP-03007","Healthcare",66,50297635.07,"On-Prem/Hybrid",FALSE
"COMP-03008","Healthcare",32,10811557.94,"Microsoft Azure",FALSE
"COMP-03009","Technology",6,3077207.86,"Google Cloud Platform (GCP)",FALSE
"COMP-03010","Technology",30,11278078.22,"AWS",FALSE
"COMP-03011","Manufacturing",67,20486750.12,"Microsoft Azure",TRUE
"COMP-03012","Healthcare",328,99687170.04,"Microsoft Azure",TRUE
"COMP-03013","Healthcare",132,46816119.62,"Microsoft Azure",FALSE
"COMP-03014","Healthcare",105,40185745.04,"AWS",FALSE
"COMP-03015","Technology",102,26924928.64,"Google Cloud Platform (GCP)",TRUE
"COMP-03016","Professional Services",124,32550572.27,"AWS",TRUE
"COMP-03017","Healthcare",104,61902150.45,"AWS",TRUE
"COMP-03018","Technology",30,14566805.95,"AWS",TRUE
"COMP-03019","Technology",441,155943486.59,"AWS",TRUE
"COMP-03020","Retail & E-commerce",60,12887992.1,"On-Prem/Hybrid",TRUE
"COMP-03021","Manufacturing",554,155369170.12,"AWS",TRUE
"COMP-03022","Retail & E-commerce",20,3348698.62,"AWS",FALSE
"COMP-03023","Finance & Insurance",45,10908998.44,"On-Prem/Hybrid",FALSE
"COMP-03024","Professional Services",23,7894618.61,"AWS",TRUE
"COMP-03025","Healthcare",89,17673582.6,"Google Cloud Platform (GCP)",TRUE
"COMP-03026","Technology",83,29757808.28,"AWS",TRUE
"COMP-03027","Healthcare",180,101072619.02,"AWS",TRUE
"COMP-03028","Healthcare",184,66753939.88,"On-Prem/Hybrid",TRUE
"COMP-03029","Professional Services",101,43453244.34,"Other",TRUE
"COMP-03030","Technology",527,95495438.32,"Google Cloud Platform (GCP)",TRUE
"COMP-03031","Manufacturing",199,36937298.44,"Microsoft Azure",FALSE
"COMP-03032","Manufacturing",24,6568159.9,"AWS",TRUE
"COMP-03033","Finance & Insurance",110,48391812.61,"Google Cloud Platform (GCP)",FALSE
"COMP-03034","Manufacturing",255,84839827.61,"Google Cloud Platform (GCP)",TRUE
"COMP-03035","Technology",57,30319510.74,"Microsoft Azure",FALSE
"COMP-03036","Finance & Insurance",23,19926369.32,"Microsoft Azure",TRUE
"COMP-03037","Healthcare",450,213056936.68,"Microsoft Azure",TRUE
"COMP-03038","Retail & E-commerce",60,9668954.64,"AWS",TRUE
"COMP-03039","Technology",46,14654531.72,"Google Cloud Platform (GCP)",TRUE
"COMP-03040","Technology",78,29995680.95,"Google Cloud Platform (GCP)",FALSE
"COMP-03041","Professional Services",62,10928251.32,"On-Prem/Hybrid",FALSE
"COMP-03042","Healthcare",218,60358968.13,"Microsoft Azure",FALSE
"COMP-03043","Finance & Insurance",154,59838669.85,"Microsoft Azure",TRUE
"COMP-03044","Retail & E-commerce",399,111262031.51,"On-Prem/Hybrid",TRUE
"COMP-03045","Manufacturing",78,35225625.34,"Microsoft Azure",TRUE
"COMP-03046","Finance & Insurance",106,30453322.16,"On-Prem/Hybrid",TRUE
"COMP-03047","Retail & E-commerce",47,12387817.71,"Microsoft Azure",FALSE
"COMP-03048","Healthcare",192,34790339.96,"Microsoft Azure",TRUE
"COMP-03049","Healthcare",22,6199152.4,"On-Prem/Hybrid",TRUE
"COMP-03050","Technology",89,25514151.48,"AWS",FALSE
"COMP-03051","Retail & E-commerce",144,26059172.99,"Microsoft Azure",TRUE
"COMP-03052","Retail & E-commerce",212,44589326.25,"Google Cloud Platform (GCP)",TRUE
"COMP-03053","Healthcare",42,23357767.34,"AWS",TRUE
"COMP-03054","Technology",60,27987409.09,"Google Cloud Platform (GCP)",TRUE
"COMP-03055","Professional Services",49,11380781.72,"AWS",TRUE
"COMP-03056","Technology",208,54214492.98,"On-Prem/Hybrid",FALSE
"COMP-03057","Technology",230,74433574.93,"AWS",FALSE
"COMP-03058","Healthcare",59,17352154.81,"AWS",FALSE
"COMP-03059","Manufacturing",43,18766154.02,"AWS",FALSE
"COMP-03060","Technology",64,25482652.88,"AWS",TRUE
"COMP-03061","Professional Services",13,2672342.92,"Microsoft Azure",FALSE
"COMP-03062","Finance & Insurance",14,5951868.18,"AWS",FALSE
"COMP-03063","Professional Services",19,1924172.32,"On-Prem/Hybrid",FALSE
"COMP-03064","Professional Services",329,52886672.29,"Microsoft Azure",TRUE
"COMP-03065","Retail & E-commerce",232,44020526.97,"AWS",TRUE
"COMP-03066","Professional Services",31,4396464.54,"Google Cloud Platform (GCP)",TRUE
"COMP-03067","Finance & Insurance",196,158981905.5,"AWS",FALSE
"COMP-03068","Technology",66,37325544.22,"Google Cloud Platform (GCP)",TRUE
"COMP-03069","Manufacturing",147,29292922.55,"Microsoft Azure",FALSE
"COMP-03070","Technology",383,168221521.3,"Microsoft Azure",TRUE
"COMP-03071","Healthcare",118,44379682.27,"Other",TRUE
"COMP-03072","Manufacturing",234,69282320.31,"AWS",FALSE
"COMP-03073","Healthcare",230,135489500.64,"On-Prem/Hybrid",TRUE
"COMP-03074","Technology",407,76177958.35,"Other",TRUE
"COMP-03075","Retail & E-commerce",286,63970986.35,"Microsoft Azure",TRUE
"COMP-03076","Manufacturing",317,134254598.11,"AWS",FALSE
"COMP-03077","Healthcare",48,11077514.53,"Microsoft Azure",TRUE
"COMP-03078","Technology",68,14744897.18,"AWS",TRUE
"COMP-03079","Retail & E-commerce",208,41181954.66,"AWS",TRUE
"COMP-03080","Manufacturing",75,26631257.71,"AWS",FALSE
"COMP-03081","Technology",238,76242151.07,"AWS",TRUE
"COMP-03082","Healthcare",68,12017998.68,"Microsoft Azure",FALSE
"COMP-03083","Manufacturing",203,75699456.52,"Google Cloud Platform (GCP)",FALSE
"COMP-03084","Manufacturing",12,3254422.61,"Microsoft Azure",TRUE
"COMP-03085","Technology",55,25346447.77,"On-Prem/Hybrid",FALSE
"COMP-03086","Technology",122,28674132.12,"On-Prem/Hybrid",TRUE
"COMP-03087","Technology",1430,621897554.97,"AWS",TRUE
"COMP-03088","Technology",45,9496940.25,"Google Cloud Platform (GCP)",TRUE
"COMP-03089","Retail & E-commerce",178,46768492.83,"Google Cloud Platform (GCP)",FALSE
"COMP-03090","Finance & Insurance",438,240148817.86,"AWS",TRUE
"COMP-03091","Retail & E-commerce",36,4171074.39,"Microsoft Azure",TRUE
"COMP-03092","Finance & Insurance",14,8960219.76,"AWS",TRUE
"COMP-03093","Professional Services",51,5528519.48,"Microsoft Azure",FALSE
"COMP-03094","Retail & E-commerce",173,25132628.08,"AWS",FALSE
"COMP-03095","Healthcare",30,13939886.29,"AWS",TRUE
"COMP-03096","Healthcare",39,10740406.19,"AWS",TRUE
"COMP-03097","Technology",211,91191178.91,"AWS",TRUE
"COMP-03098","Technology",88,30016402.69,"Google Cloud Platform (GCP)",TRUE
"COMP-03099","Technology",395,54118960.07,"Google Cloud Platform (GCP)",TRUE
"COMP-03100","Healthcare",10,1525253.69,"AWS",FALSE
"COMP-03101","Healthcare",98,17859600.53,"AWS",TRUE
"COMP-03102","Technology",92,24198338.79,"AWS",TRUE
"COMP-03103","Retail & E-commerce",215,61786353.32,"AWS",FALSE
"COMP-03104","Technology",432,95187369.35,"Microsoft Azure",TRUE
"COMP-03105","Retail & E-commerce",236,47735030.09,"Google Cloud Platform (GCP)",TRUE
"COMP-03106","Retail & E-commerce",45,12548810.07,"AWS",TRUE
"COMP-03107","Professional Services",140,20879459.97,"Microsoft Azure",FALSE
"COMP-03108","Healthcare",1034,615840663.08,"Microsoft Azure",TRUE
"COMP-03109","Technology",51,16054089.82,"On-Prem/Hybrid",TRUE
"COMP-03110","Professional Services",41,17313885.78,"AWS",TRUE
"COMP-03111","Technology",160,45680847.67,"AWS",TRUE
"COMP-03112","Professional Services",1634,207905539.1,"Microsoft Azure",TRUE
"COMP-03113","Manufacturing",9,5051389.59,"Other",FALSE
"COMP-03114","Healthcare",22,10925894.78,"AWS",TRUE
"COMP-03115","Retail & E-commerce",58,20765984.23,"On-Prem/Hybrid",TRUE
"COMP-03116","Finance & Insurance",34,41488990.97,"AWS",TRUE
"COMP-03117","Technology",372,163279489.47,"On-Prem/Hybrid",TRUE
"COMP-03118","Retail & E-commerce",56,12906170.13,"AWS",TRUE
"COMP-03119","Healthcare",721,238812223.69,"On-Prem/Hybrid",TRUE
"COMP-03120","Technology",19,3030344.74,"AWS",TRUE
"COMP-03121","Healthcare",83,10605186.27,"Microsoft Azure",FALSE
"COMP-03122","Retail & E-commerce",79,20662070.89,"Microsoft Azure",FALSE
"COMP-03123","Retail & E-commerce",400,71978593.37,"Microsoft Azure",TRUE
"COMP-03124","Healthcare",29,11180037.99,"AWS",TRUE
"COMP-03125","Retail & E-commerce",59,9985394.36,"Microsoft Azure",TRUE
"COMP-03126","Technology",170,126132937.84,"On-Prem/Hybrid",TRUE
"COMP-03127","Finance & Insurance",50,21304057.21,"AWS",TRUE
"COMP-03128","Technology",295,30242069.35,"AWS",FALSE
"COMP-03129","Manufacturing",142,81251732.3,"Microsoft Azure",TRUE
"COMP-03130","Finance & Insurance",167,92786131.96,"Microsoft Azure",TRUE
"COMP-03131","Finance & Insurance",99,49180182.76,"On-Prem/Hybrid",TRUE
"COMP-03132","Finance & Insurance",247,88774249.87,"Microsoft Azure",TRUE
"COMP-03133","Retail & E-commerce",921,280667010.98,"AWS",TRUE
"COMP-03134","Technology",109,45486285.57,"Google Cloud Platform (GCP)",TRUE
"COMP-03135","Finance & Insurance",57,41595190.56,"AWS",TRUE
"COMP-03136","Professional Services",91,20306509.45,"AWS",TRUE
"COMP-03137","Retail & E-commerce",121,25775293.17,"AWS",TRUE
"COMP-03138","Manufacturing",89,26094743.09,"AWS",TRUE
"COMP-03139","Healthcare",861,124881174.46,"AWS",TRUE
"COMP-03140","Manufacturing",112,31962379.84,"AWS",FALSE
"COMP-03141","Professional Services",109,19777559.01,"On-Prem/Hybrid",TRUE
"COMP-03142","Retail & E-commerce",961,542194148.52,"AWS",FALSE
"COMP-03143","Technology",75,22004342.56,"Google Cloud Platform (GCP)",TRUE
"COMP-03144","Technology",117,45646976,"Other",TRUE
"COMP-03145","Healthcare",298,57503988.7,"AWS",TRUE
"COMP-03146","Healthcare",101,18248429.67,"Other",FALSE
"COMP-03147","Finance & Insurance",70,17294908.33,"AWS",TRUE
"COMP-03148","Healthcare",53,10607636.35,"AWS",FALSE
"COMP-03149","Professional Services",36,3722133.18,"On-Prem/Hybrid",TRUE
"COMP-03150","Retail & E-commerce",317,78276967.41,"AWS",TRUE
"COMP-03151","Finance & Insurance",23,9118514.09,"Microsoft Azure",TRUE
"COMP-03152","Manufacturing",106,17587023.69,"Microsoft Azure",TRUE
"COMP-03153","Retail & E-commerce",62,17668834.3,"On-Prem/Hybrid",TRUE
"COMP-03154","Technology",16,4978024.82,"Microsoft Azure",TRUE
"COMP-03155","Healthcare",75,6827011.65,"Microsoft Azure",FALSE
"COMP-03156","Retail & E-commerce",306,45143474.01,"On-Prem/Hybrid",TRUE
"COMP-03157","Technology",146,55105043.88,"Google Cloud Platform (GCP)",TRUE
"COMP-03158","Healthcare",36,5930831.39,"AWS",TRUE
"COMP-03159","Manufacturing",189,55947933.63,"Google Cloud Platform (GCP)",TRUE
"COMP-03160","Technology",146,59011539.7,"AWS",TRUE
"COMP-03161","Technology",102,20976237.79,"AWS",FALSE
"COMP-03162","Retail & E-commerce",129,27408433.9,"On-Prem/Hybrid",FALSE
"COMP-03163","Technology",47,21791865.58,"AWS",FALSE
"COMP-03164","Technology",39,14738832.88,"On-Prem/Hybrid",TRUE
"COMP-03165","Healthcare",10,5852456.48,"AWS",TRUE
"COMP-03166","Finance & Insurance",35,21232928.42,"On-Prem/Hybrid",TRUE
"COMP-03167","Finance & Insurance",109,57222755.64,"AWS",TRUE
"COMP-03168","Professional Services",92,14109391.93,"Microsoft Azure",TRUE
"COMP-03169","Technology",151,60672174.36,"Microsoft Azure",TRUE
"COMP-03170","Technology",18,2047122.06,"On-Prem/Hybrid",TRUE
"COMP-03171","Technology",63,25027609.57,"AWS",TRUE
"COMP-03172","Technology",93,28580389.79,"Microsoft Azure",FALSE
"COMP-03173","Technology",35,11647258.85,"AWS",TRUE
"COMP-03174","Manufacturing",317,98666206.35,"Microsoft Azure",TRUE
"COMP-03175","Professional Services",20,3635389.48,"AWS",TRUE
"COMP-03176","Professional Services",173,39046090.58,"AWS",FALSE
"COMP-03177","Healthcare",43,13364511.67,"AWS",FALSE
"COMP-03178","Professional Services",115,16130478.83,"On-Prem/Hybrid",TRUE
"COMP-03179","Healthcare",476,101097102.84,"AWS",FALSE
"COMP-03180","Technology",121,29538420.04,"Microsoft Azure",TRUE
"COMP-03181","Manufacturing",93,24454167.92,"Google Cloud Platform (GCP)",TRUE
"COMP-03182","Finance & Insurance",774,587848393.5,"Microsoft Azure",TRUE
"COMP-03183","Healthcare",59,16516715.69,"AWS",FALSE
"COMP-03184","Healthcare",60,20363073.84,"On-Prem/Hybrid",TRUE
"COMP-03185","Professional Services",72,9843939.9,"Other",TRUE
"COMP-03186","Manufacturing",87,23694878.55,"AWS",TRUE
"COMP-03187","Retail & E-commerce",194,40008953,"Microsoft Azure",TRUE
"COMP-03188","Professional Services",37,8893575.49,"On-Prem/Hybrid",TRUE
"COMP-03189","Healthcare",214,39099808.92,"AWS",TRUE
"COMP-03190","Technology",46,18045238.69,"Other",TRUE
"COMP-03191","Professional Services",8,1468873.86,"Microsoft Azure",FALSE
"COMP-03192","Professional Services",93,36799028.74,"AWS",FALSE
"COMP-03193","Technology",50,17282005.62,"Microsoft Azure",TRUE
"COMP-03194","Manufacturing",140,25614254.72,"Microsoft Azure",FALSE
"COMP-03195","Technology",510,202096508.96,"Microsoft Azure",TRUE
"COMP-03196","Technology",28,7994492.57,"AWS",TRUE
"COMP-03197","Finance & Insurance",10,2956887.21,"Microsoft Azure",TRUE
"COMP-03198","Technology",14,4974334.85,"Microsoft Azure",FALSE
"COMP-03199","Technology",5,1357614.75,"AWS",TRUE
"COMP-03200","Finance & Insurance",9,5012848.04,"AWS",TRUE
"COMP-03201","Retail & E-commerce",221,68788575.21,"AWS",FALSE
"COMP-03202","Technology",219,56949764.24,"Other",FALSE
"COMP-03203","Finance & Insurance",46,6071553.8,"On-Prem/Hybrid",TRUE
"COMP-03204","Technology",45,12302863.48,"AWS",FALSE
"COMP-03205","Healthcare",61,11089655.87,"Microsoft Azure",TRUE
"COMP-03206","Technology",283,87512848.32,"AWS",FALSE
"COMP-03207","Retail & E-commerce",169,31013175.86,"AWS",TRUE
"COMP-03208","Technology",131,69570125.96,"Microsoft Azure",TRUE
"COMP-03209","Healthcare",53,16816891.52,"AWS",FALSE
"COMP-03210","Healthcare",52,15905679.89,"AWS",TRUE
"COMP-03211","Finance & Insurance",16,7406564.57,"Google Cloud Platform (GCP)",TRUE
"COMP-03212","Technology",5,899134.16,"Microsoft Azure",TRUE
"COMP-03213","Manufacturing",103,92523540.8,"On-Prem/Hybrid",FALSE
"COMP-03214","Retail & E-commerce",12,1586853.77,"AWS",TRUE
"COMP-03215","Professional Services",40,7146099.37,"AWS",FALSE
"COMP-03216","Professional Services",81,14340295.03,"AWS",TRUE
"COMP-03217","Finance & Insurance",149,62627520.81,"Microsoft Azure",FALSE
"COMP-03218","Finance & Insurance",133,40408866.47,"On-Prem/Hybrid",TRUE
"COMP-03219","Finance & Insurance",49,23721508.19,"AWS",FALSE
"COMP-03220","Healthcare",42,13925443.5,"Microsoft Azure",FALSE
"COMP-03221","Technology",236,65072651.61,"AWS",FALSE
"COMP-03222","Professional Services",245,30757538.14,"AWS",TRUE
"COMP-03223","Healthcare",29,15939894.74,"Google Cloud Platform (GCP)",TRUE
"COMP-03224","Healthcare",29,6356842.09,"AWS",FALSE
"COMP-03225","Manufacturing",81,8534897.27,"Microsoft Azure",FALSE
"COMP-03226","Technology",580,199929831.84,"Microsoft Azure",TRUE
"COMP-03227","Healthcare",102,28474555.87,"AWS",FALSE
"COMP-03228","Technology",40,5317027.99,"Microsoft Azure",TRUE
"COMP-03229","Healthcare",23,7251738.15,"Google Cloud Platform (GCP)",FALSE
"COMP-03230","Healthcare",114,29210498.96,"AWS",TRUE
"COMP-03231","Retail & E-commerce",122,95552076.5,"AWS",TRUE
"COMP-03232","Retail & E-commerce",8,1928948.59,"Other",FALSE
"COMP-03233","Manufacturing",212,46026421.65,"Microsoft Azure",FALSE
"COMP-03234","Technology",123,51570996.57,"Microsoft Azure",TRUE
"COMP-03235","Technology",271,51331059.11,"Microsoft Azure",TRUE
"COMP-03236","Manufacturing",79,31273509.07,"Microsoft Azure",FALSE
"COMP-03237","Technology",44,29542373.89,"Google Cloud Platform (GCP)",FALSE
"COMP-03238","Professional Services",104,21823782.16,"Google Cloud Platform (GCP)",TRUE
"COMP-03239","Healthcare",27,11482571.66,"Google Cloud Platform (GCP)",FALSE
"COMP-03240","Professional Services",371,63218940.82,"AWS",FALSE
"COMP-03241","Retail & E-commerce",18,3351405.54,"AWS",FALSE
"COMP-03242","Finance & Insurance",121,47841330.13,"AWS",FALSE
"COMP-03243","Retail & E-commerce",144,34202742.37,"Microsoft Azure",TRUE
"COMP-03244","Professional Services",58,18605963.18,"Microsoft Azure",TRUE
"COMP-03245","Technology",129,50937509.83,"Microsoft Azure",TRUE
"COMP-03246","Professional Services",35,8475541.09,"Microsoft Azure",FALSE
"COMP-03247","Professional Services",649,143490027.67,"AWS",TRUE
"COMP-03248","Professional Services",389,90882524.72,"Microsoft Azure",TRUE
"COMP-03249","Manufacturing",47,9659255.17,"Google Cloud Platform (GCP)",TRUE
"COMP-03250","Manufacturing",410,97394249.44,"Other",TRUE
"COMP-03251","Professional Services",112,18051282.39,"On-Prem/Hybrid",FALSE
"COMP-03252","Manufacturing",5,1750351.85,"On-Prem/Hybrid",TRUE
"COMP-03253","Retail & E-commerce",215,28762601.02,"Microsoft Azure",FALSE
"COMP-03254","Healthcare",140,23093646.55,"AWS",TRUE
"COMP-03255","Manufacturing",23,5128689.94,"AWS",FALSE
"COMP-03256","Retail & E-commerce",68,22862811.39,"Microsoft Azure",TRUE
"COMP-03257","Retail & E-commerce",433,228436649.54,"Microsoft Azure",FALSE
"COMP-03258","Professional Services",82,10069235.2,"AWS",TRUE
"COMP-03259","Manufacturing",218,40752988.07,"AWS",FALSE
"COMP-03260","Technology",201,33716216.3,"On-Prem/Hybrid",TRUE
"COMP-03261","Retail & E-commerce",26,10251724.26,"On-Prem/Hybrid",FALSE
"COMP-03262","Healthcare",138,36861830.18,"Google Cloud Platform (GCP)",TRUE
"COMP-03263","Professional Services",163,43313343.48,"On-Prem/Hybrid",FALSE
"COMP-03264","Healthcare",154,41102204.92,"AWS",FALSE
"COMP-03265","Professional Services",16,4890401.47,"On-Prem/Hybrid",TRUE
"COMP-03266","Healthcare",59,38008106.61,"AWS",TRUE
"COMP-03267","Healthcare",6,850810.24,"Other",FALSE
"COMP-03268","Professional Services",183,45457227.4,"On-Prem/Hybrid",TRUE
"COMP-03269","Healthcare",142,37479769.84,"Google Cloud Platform (GCP)",FALSE
"COMP-03270","Healthcare",321,110582466.25,"Microsoft Azure",FALSE
"COMP-03271","Finance & Insurance",92,53903840.43,"AWS",TRUE
"COMP-03272","Finance & Insurance",80,20459076.05,"Google Cloud Platform (GCP)",TRUE
"COMP-03273","Technology",68,18462731.88,"Microsoft Azure",TRUE
"COMP-03274","Manufacturing",26,6693255,"On-Prem/Hybrid",TRUE
"COMP-03275","Technology",62,16949323.81,"On-Prem/Hybrid",TRUE
"COMP-03276","Retail & E-commerce",24,3894826.09,"Microsoft Azure",FALSE
"COMP-03277","Healthcare",1932,711395815.25,"Microsoft Azure",TRUE
"COMP-03278","Technology",84,26196719.85,"AWS",TRUE
"COMP-03279","Finance & Insurance",42,21583351.44,"Google Cloud Platform (GCP)",FALSE
"COMP-03280","Finance & Insurance",94,32639873.64,"AWS",TRUE
"COMP-03281","Finance & Insurance",954,383697143.18,"Google Cloud Platform (GCP)",TRUE
"COMP-03282","Manufacturing",252,114470380.18,"AWS",TRUE
"COMP-03283","Professional Services",3845,577552870.16,"On-Prem/Hybrid",TRUE
"COMP-03284","Manufacturing",23,6164882.03,"Google Cloud Platform (GCP)",TRUE
"COMP-03285","Technology",137,59723215.62,"AWS",TRUE
"COMP-03286","Healthcare",61,25747592.3,"On-Prem/Hybrid",TRUE
"COMP-03287","Finance & Insurance",119,70315236.85,"On-Prem/Hybrid",TRUE
"COMP-03288","Retail & E-commerce",169,49771780.23,"AWS",TRUE
"COMP-03289","Finance & Insurance",202,124390927.86,"AWS",TRUE
"COMP-03290","Technology",47,7274624.34,"AWS",TRUE
"COMP-03291","Manufacturing",42,10696839.26,"Other",FALSE
"COMP-03292","Professional Services",61,16297632.91,"AWS",TRUE
"COMP-03293","Finance & Insurance",109,39057781.5,"AWS",FALSE
"COMP-03294","Technology",69,13166138.85,"Google Cloud Platform (GCP)",TRUE
"COMP-03295","Retail & E-commerce",3348,988009333.9,"On-Prem/Hybrid",TRUE
"COMP-03296","Healthcare",256,104827322.13,"AWS",TRUE
"COMP-03297","Technology",25,8758919.18,"Microsoft Azure",TRUE
"COMP-03298","Retail & E-commerce",8,1117238.18,"Google Cloud Platform (GCP)",FALSE
"COMP-03299","Retail & E-commerce",685,128875622.33,"On-Prem/Hybrid",TRUE
"COMP-03300","Retail & E-commerce",49,22274312.41,"On-Prem/Hybrid",FALSE
"COMP-03301","Retail & E-commerce",639,313039944.54,"Other",TRUE
"COMP-03302","Professional Services",49,14659943.81,"On-Prem/Hybrid",TRUE
"COMP-03303","Technology",44,21699875.06,"AWS",FALSE
"COMP-03304","Finance & Insurance",99,61580121.63,"Google Cloud Platform (GCP)",FALSE
"COMP-03305","Retail & E-commerce",95,10984212.64,"Microsoft Azure",TRUE
"COMP-03306","Technology",15,4469972.07,"AWS",TRUE
"COMP-03307","Professional Services",113,26202834.25,"On-Prem/Hybrid",TRUE
"COMP-03308","Retail & E-commerce",157,44055000.27,"Google Cloud Platform (GCP)",TRUE
"COMP-03309","Manufacturing",170,42404883.15,"On-Prem/Hybrid",TRUE
"COMP-03310","Technology",104,15813988.7,"AWS",TRUE
"COMP-03311","Professional Services",25,6629714.77,"On-Prem/Hybrid",TRUE
"COMP-03312","Retail & E-commerce",288,90048987.39,"Microsoft Azure",TRUE
"COMP-03313","Manufacturing",48,10828373.56,"Other",FALSE
"COMP-03314","Retail & E-commerce",19,3192402.95,"On-Prem/Hybrid",TRUE
"COMP-03315","Healthcare",33,4901475.76,"AWS",TRUE
"COMP-03316","Manufacturing",33,6657323.95,"Google Cloud Platform (GCP)",TRUE
"COMP-03317","Professional Services",218,18247068.41,"Google Cloud Platform (GCP)",FALSE
"COMP-03318","Retail & E-commerce",1416,653542430.63,"AWS",FALSE
"COMP-03319","Retail & E-commerce",162,26703952.41,"Google Cloud Platform (GCP)",TRUE
"COMP-03320","Healthcare",88,32382342.32,"Microsoft Azure",TRUE
"COMP-03321","Finance & Insurance",152,57751698.03,"AWS",FALSE
"COMP-03322","Retail & E-commerce",33,5968030.17,"Microsoft Azure",FALSE
"COMP-03323","Finance & Insurance",49,16938817.68,"Microsoft Azure",FALSE
"COMP-03324","Retail & E-commerce",137,28809300.42,"Google Cloud Platform (GCP)",TRUE
"COMP-03325","Finance & Insurance",43,18812419.01,"AWS",FALSE
"COMP-03326","Finance & Insurance",49,27681173.86,"Google Cloud Platform (GCP)",FALSE
"COMP-03327","Retail & E-commerce",26,6059239.95,"AWS",TRUE
"COMP-03328","Healthcare",223,84001567.08,"Microsoft Azure",TRUE
"COMP-03329","Technology",265,194217854.63,"Microsoft Azure",TRUE
"COMP-03330","Finance & Insurance",310,64527087.62,"AWS",FALSE
"COMP-03331","Healthcare",199,103244285.53,"AWS",TRUE
"COMP-03332","Healthcare",348,154344041.06,"Microsoft Azure",TRUE
"COMP-03333","Retail & E-commerce",1375,213847975.93,"AWS",TRUE
"COMP-03334","Professional Services",76,34130992.07,"AWS",FALSE
"COMP-03335","Finance & Insurance",65,37180194.6,"Other",TRUE
"COMP-03336","Retail & E-commerce",42,6437403.44,"AWS",FALSE
"COMP-03337","Technology",1151,518943810.05,"AWS",TRUE
"COMP-03338","Technology",137,38191388.59,"Microsoft Azure",FALSE
"COMP-03339","Retail & E-commerce",20,2865467.71,"Google Cloud Platform (GCP)",FALSE
"COMP-03340","Manufacturing",120,21210422.27,"AWS",TRUE
"COMP-03341","Finance & Insurance",62,28064178.18,"Google Cloud Platform (GCP)",TRUE
"COMP-03342","Retail & E-commerce",113,56348255.02,"Microsoft Azure",FALSE
"COMP-03343","Technology",41,24282885.2,"Google Cloud Platform (GCP)",TRUE
"COMP-03344","Healthcare",78,30192920.87,"AWS",TRUE
"COMP-03345","Professional Services",295,53580948.64,"Google Cloud Platform (GCP)",TRUE
"COMP-03346","Healthcare",17,6060921.57,"Other",FALSE
"COMP-03347","Manufacturing",18,8377499.96,"AWS",FALSE
"COMP-03348","Finance & Insurance",73,28553585.88,"AWS",TRUE
"COMP-03349","Retail & E-commerce",21,4499957.22,"AWS",FALSE
"COMP-03350","Finance & Insurance",87,105352727.18,"AWS",TRUE
"COMP-03351","Technology",1340,445545838.3,"Microsoft Azure",FALSE
"COMP-03352","Technology",55,7509936.62,"AWS",TRUE
"COMP-03353","Retail & E-commerce",49,9192518.07,"AWS",TRUE
"COMP-03354","Retail & E-commerce",5,536904.11,"On-Prem/Hybrid",FALSE
"COMP-03355","Finance & Insurance",146,112444077.02,"AWS",TRUE
"COMP-03356","Retail & E-commerce",13,5544104.7,"AWS",FALSE
"COMP-03357","Technology",83,46760604.54,"Google Cloud Platform (GCP)",TRUE
"COMP-03358","Professional Services",128,45076120.51,"On-Prem/Hybrid",TRUE
"COMP-03359","Finance & Insurance",9,3477962.06,"Microsoft Azure",TRUE
"COMP-03360","Finance & Insurance",808,249616633.83,"Other",TRUE
"COMP-03361","Healthcare",26,5614921.05,"Microsoft Azure",TRUE
"COMP-03362","Technology",257,57600133.3,"AWS",TRUE
"COMP-03363","Technology",36,9902209.13,"Microsoft Azure",FALSE
"COMP-03364","Retail & E-commerce",16,2415652.7,"AWS",FALSE
"COMP-03365","Technology",30,20066636.97,"AWS",TRUE
"COMP-03366","Manufacturing",89,47920152.51,"Google Cloud Platform (GCP)",TRUE
"COMP-03367","Retail & E-commerce",67,10930344.98,"AWS",TRUE
"COMP-03368","Manufacturing",112,30220183.38,"Other",TRUE
"COMP-03369","Manufacturing",277,63046560.47,"AWS",FALSE
"COMP-03370","Retail & E-commerce",23,2852865.39,"Google Cloud Platform (GCP)",TRUE
"COMP-03371","Finance & Insurance",13,3966058.85,"AWS",TRUE
"COMP-03372","Retail & E-commerce",50,9660805.25,"Microsoft Azure",FALSE
"COMP-03373","Retail & E-commerce",13,3071895.46,"Google Cloud Platform (GCP)",FALSE
"COMP-03374","Retail & E-commerce",64,7724446.55,"AWS",FALSE
"COMP-03375","Manufacturing",137,18011600.72,"AWS",TRUE
"COMP-03376","Professional Services",36,4410244.77,"Microsoft Azure",TRUE
"COMP-03377","Finance & Insurance",38,19432574.87,"AWS",TRUE
"COMP-03378","Professional Services",7,789670.64,"Microsoft Azure",TRUE
"COMP-03379","Finance & Insurance",89,42712010.99,"AWS",TRUE
"COMP-03380","Healthcare",51,20625228.88,"AWS",FALSE
"COMP-03381","Healthcare",198,29689204.18,"Microsoft Azure",TRUE
"COMP-03382","Finance & Insurance",111,34132983.92,"Microsoft Azure",TRUE
"COMP-03383","Manufacturing",556,222505147.48,"AWS",TRUE
"COMP-03384","Technology",7,2968376.8,"AWS",TRUE
"COMP-03385","Manufacturing",246,67256711.54,"AWS",TRUE
"COMP-03386","Retail & E-commerce",53,19229385.08,"On-Prem/Hybrid",TRUE
"COMP-03387","Finance & Insurance",23,9772309.71,"On-Prem/Hybrid",TRUE
"COMP-03388","Healthcare",44,15679632.46,"AWS",TRUE
"COMP-03389","Finance & Insurance",70,85704040.5,"Google Cloud Platform (GCP)",FALSE
"COMP-03390","Manufacturing",36,12577595.92,"Google Cloud Platform (GCP)",TRUE
"COMP-03391","Retail & E-commerce",144,34002664.16,"Other",TRUE
"COMP-03392","Finance & Insurance",10,8883435.46,"Microsoft Azure",TRUE
"COMP-03393","Manufacturing",92,14607602.39,"AWS",TRUE
"COMP-03394","Professional Services",131,21949021.67,"Google Cloud Platform (GCP)",FALSE
"COMP-03395","Finance & Insurance",1172,1082878736.57,"Google Cloud Platform (GCP)",TRUE
"COMP-03396","Professional Services",254,43083453.51,"On-Prem/Hybrid",TRUE
"COMP-03397","Finance & Insurance",13,8841165.64,"AWS",FALSE
"COMP-03398","Manufacturing",19,7313921.48,"AWS",TRUE
"COMP-03399","Technology",68,21196221.58,"On-Prem/Hybrid",FALSE
"COMP-03400","Professional Services",141,25771330.96,"Microsoft Azure",FALSE
"COMP-03401","Finance & Insurance",254,156544293.92,"AWS",TRUE
"COMP-03402","Finance & Insurance",247,60268444.66,"Microsoft Azure",TRUE
"COMP-03403","Retail & E-commerce",70,17356141.89,"Other",TRUE
"COMP-03404","Professional Services",846,256785972.83,"Microsoft Azure",FALSE
"COMP-03405","Technology",31,5707315.77,"On-Prem/Hybrid",TRUE
"COMP-03406","Manufacturing",94,27935117.19,"Microsoft Azure",FALSE
"COMP-03407","Finance & Insurance",76,20417997.86,"AWS",FALSE
"COMP-03408","Healthcare",27,8620744.41,"Other",TRUE
"COMP-03409","Retail & E-commerce",65,14538866.73,"Microsoft Azure",FALSE
"COMP-03410","Technology",315,120411836.35,"Microsoft Azure",TRUE
"COMP-03411","Healthcare",266,86515928.41,"AWS",TRUE
"COMP-03412","Finance & Insurance",19,11605342.25,"Microsoft Azure",TRUE
"COMP-03413","Finance & Insurance",122,54471364.25,"Google Cloud Platform (GCP)",TRUE
"COMP-03414","Technology",154,40558480.64,"Microsoft Azure",TRUE
"COMP-03415","Finance & Insurance",416,418878949.82,"AWS",FALSE
"COMP-03416","Technology",38,20228495.26,"AWS",TRUE
"COMP-03417","Professional Services",141,47593179.66,"Microsoft Azure",FALSE
"COMP-03418","Finance & Insurance",92,51970248.59,"Google Cloud Platform (GCP)",TRUE
"COMP-03419","Retail & E-commerce",16,3595482.23,"AWS",TRUE
"COMP-03420","Finance & Insurance",66,94122540.22,"On-Prem/Hybrid",FALSE
"COMP-03421","Technology",84,40615498.56,"AWS",TRUE
"COMP-03422","Technology",133,45851137.49,"Microsoft Azure",FALSE
"COMP-03423","Technology",1150,330590478.35,"Other",TRUE
"COMP-03424","Technology",440,90573929.71,"Microsoft Azure",FALSE
"COMP-03425","Manufacturing",256,60710269.17,"AWS",TRUE
"COMP-03426","Technology",50,21926193.65,"Google Cloud Platform (GCP)",TRUE
"COMP-03427","Professional Services",72,15652172.81,"Google Cloud Platform (GCP)",TRUE
"COMP-03428","Finance & Insurance",84,28124669.22,"AWS",TRUE
"COMP-03429","Healthcare",146,88863835.25,"On-Prem/Hybrid",TRUE
"COMP-03430","Finance & Insurance",25,22975622.07,"Microsoft Azure",FALSE
"COMP-03431","Healthcare",157,50411648.3,"AWS",TRUE
"COMP-03432","Technology",26,7265738.62,"Microsoft Azure",TRUE
"COMP-03433","Manufacturing",1407,240231670.38,"AWS",TRUE
"COMP-03434","Technology",70,26993127.6,"On-Prem/Hybrid",TRUE
"COMP-03435","Professional Services",53,11651011.2,"AWS",FALSE
"COMP-03436","Finance & Insurance",96,118869525.92,"AWS",TRUE
"COMP-03437","Technology",25,8831779.81,"On-Prem/Hybrid",FALSE
"COMP-03438","Healthcare",88,18710109.31,"AWS",TRUE
"COMP-03439","Retail & E-commerce",32,7051231.84,"AWS",TRUE
"COMP-03440","Technology",30,9994622.28,"Google Cloud Platform (GCP)",TRUE
"COMP-03441","Technology",80,31565441.48,"AWS",FALSE
"COMP-03442","Retail & E-commerce",124,29156287.51,"Google Cloud Platform (GCP)",TRUE
"COMP-03443","Healthcare",83,24816640.77,"Google Cloud Platform (GCP)",TRUE
"COMP-03444","Finance & Insurance",21,5838148.28,"Google Cloud Platform (GCP)",FALSE
"COMP-03445","Healthcare",36,19289614.67,"On-Prem/Hybrid",FALSE
"COMP-03446","Healthcare",45,3768479.31,"Google Cloud Platform (GCP)",FALSE
"COMP-03447","Manufacturing",251,51267086.84,"AWS",TRUE
"COMP-03448","Technology",62,13449479.27,"Microsoft Azure",TRUE
"COMP-03449","Technology",120,22267975.55,"On-Prem/Hybrid",TRUE
"COMP-03450","Manufacturing",47,15223511.26,"AWS",FALSE
"COMP-03451","Technology",333,94341636.74,"Microsoft Azure",TRUE
"COMP-03452","Finance & Insurance",25,14528284.94,"Google Cloud Platform (GCP)",FALSE
"COMP-03453","Professional Services",299,32080390.13,"Microsoft Azure",TRUE
"COMP-03454","Healthcare",130,44320437,"AWS",TRUE
"COMP-03455","Manufacturing",62,37991260.2,"AWS",TRUE
"COMP-03456","Healthcare",119,27931492.28,"Microsoft Azure",TRUE
"COMP-03457","Finance & Insurance",158,48336861.01,"AWS",FALSE
"COMP-03458","Professional Services",93,17082525.1,"Microsoft Azure",FALSE
"COMP-03459","Technology",24,9698801.52,"AWS",TRUE
"COMP-03460","Healthcare",30,8572466.53,"AWS",TRUE
"COMP-03461","Technology",45,8456164.58,"Other",TRUE
"COMP-03462","Finance & Insurance",21,11442479.68,"Microsoft Azure",TRUE
"COMP-03463","Retail & E-commerce",95,17811148.45,"AWS",TRUE
"COMP-03464","Technology",21,9976440.76,"Google Cloud Platform (GCP)",FALSE
"COMP-03465","Technology",31,8201142.45,"Microsoft Azure",FALSE
"COMP-03466","Technology",20,7391754.6,"Microsoft Azure",TRUE
"COMP-03467","Technology",143,37188513,"AWS",FALSE
"COMP-03468","Finance & Insurance",46,9805985.07,"AWS",FALSE
"COMP-03469","Technology",87,24263226.68,"Other",TRUE
"COMP-03470","Finance & Insurance",86,48874146.64,"Google Cloud Platform (GCP)",TRUE
"COMP-03471","Professional Services",84,14796596.47,"On-Prem/Hybrid",FALSE
"COMP-03472","Finance & Insurance",33,10945363.68,"Google Cloud Platform (GCP)",TRUE
"COMP-03473","Technology",380,165395933.48,"Microsoft Azure",TRUE
"COMP-03474","Finance & Insurance",28,30083573.48,"On-Prem/Hybrid",TRUE
"COMP-03475","Healthcare",54,14144083.34,"Google Cloud Platform (GCP)",TRUE
"COMP-03476","Manufacturing",29,7734844.76,"AWS",FALSE
"COMP-03477","Healthcare",22,15099677.42,"AWS",TRUE
"COMP-03478","Retail & E-commerce",51,11392070.13,"Google Cloud Platform (GCP)",TRUE
"COMP-03479","Professional Services",94,13349028.61,"AWS",TRUE
"COMP-03480","Finance & Insurance",6,1257878.21,"AWS",TRUE
"COMP-03481","Technology",56,14854687.82,"AWS",FALSE
"COMP-03482","Technology",514,238284198.35,"Google Cloud Platform (GCP)",FALSE
"COMP-03483","Healthcare",70,16526179.91,"Microsoft Azure",FALSE
"COMP-03484","Finance & Insurance",19,7106907.84,"Microsoft Azure",TRUE
"COMP-03485","Technology",123,60525471.62,"Google Cloud Platform (GCP)",TRUE
"COMP-03486","Retail & E-commerce",9,1298579.49,"AWS",TRUE
"COMP-03487","Technology",46,7591628.47,"Microsoft Azure",TRUE
"COMP-03488","Finance & Insurance",41,19771380.63,"AWS",TRUE
"COMP-03489","Manufacturing",10,2075795.3,"AWS",TRUE
"COMP-03490","Professional Services",109,26653100.86,"AWS",TRUE
"COMP-03491","Technology",155,21276212.38,"AWS",TRUE
"COMP-03492","Finance & Insurance",305,103980488.43,"AWS",TRUE
"COMP-03493","Professional Services",585,177814203.67,"Microsoft Azure",TRUE
"COMP-03494","Retail & E-commerce",48,6390982.48,"On-Prem/Hybrid",TRUE
"COMP-03495","Technology",230,87240307.15,"Microsoft Azure",TRUE
"COMP-03496","Professional Services",46,10171820.49,"AWS",FALSE
"COMP-03497","Manufacturing",130,16661337.58,"On-Prem/Hybrid",TRUE
"COMP-03498","Healthcare",33,13866531.72,"AWS",TRUE
"COMP-03499","Technology",82,30026617.19,"Microsoft Azure",FALSE
"COMP-03500","Professional Services",398,97296115.91,"Microsoft Azure",TRUE
"COMP-03501","Technology",128,37235461.75,"AWS",FALSE
"COMP-03502","Manufacturing",55,11973527.26,"Microsoft Azure",FALSE
"COMP-03503","Technology",7,2996838.8,"Microsoft Azure",FALSE
"COMP-03504","Finance & Insurance",114,131939307.88,"Google Cloud Platform (GCP)",TRUE
"COMP-03505","Retail & E-commerce",904,143518770.84,"Microsoft Azure",TRUE
"COMP-03506","Technology",30,12338017.65,"Microsoft Azure",FALSE
"COMP-03507","Finance & Insurance",61,43025754.04,"AWS",TRUE
"COMP-03508","Technology",282,186664083.46,"Google Cloud Platform (GCP)",TRUE
"COMP-03509","Technology",647,204692473.05,"Other",TRUE
"COMP-03510","Manufacturing",36,11035438.29,"Microsoft Azure",TRUE
"COMP-03511","Manufacturing",48,8231774.58,"AWS",TRUE
"COMP-03512","Finance & Insurance",11,6307759.91,"Microsoft Azure",FALSE
"COMP-03513","Professional Services",117,23722595.93,"On-Prem/Hybrid",TRUE
"COMP-03514","Healthcare",445,250137425.15,"Google Cloud Platform (GCP)",TRUE
"COMP-03515","Technology",88,30762013.17,"AWS",FALSE
"COMP-03516","Technology",269,88765375.44,"AWS",TRUE
"COMP-03517","Finance & Insurance",104,34145579.39,"Google Cloud Platform (GCP)",FALSE
"COMP-03518","Manufacturing",134,24218352.06,"AWS",FALSE
"COMP-03519","Professional Services",312,101655248.32,"Microsoft Azure",FALSE
"COMP-03520","Manufacturing",191,54031573.44,"Microsoft Azure",TRUE
"COMP-03521","Finance & Insurance",10,10676056.19,"AWS",TRUE
"COMP-03522","Retail & E-commerce",397,68861041.92,"AWS",FALSE
"COMP-03523","Technology",97,11879083.21,"Microsoft Azure",TRUE
"COMP-03524","Retail & E-commerce",1444,576598366.68,"On-Prem/Hybrid",TRUE
"COMP-03525","Healthcare",1963,995615070.21,"Microsoft Azure",TRUE
"COMP-03526","Technology",31,9485249.4,"On-Prem/Hybrid",TRUE
"COMP-03527","Finance & Insurance",892,207433182.86,"Google Cloud Platform (GCP)",TRUE
"COMP-03528","Manufacturing",124,28676614.61,"Google Cloud Platform (GCP)",TRUE
"COMP-03529","Finance & Insurance",59,22852768.44,"AWS",TRUE
"COMP-03530","Technology",104,30249389.75,"Microsoft Azure",TRUE
"COMP-03531","Technology",170,46677770.12,"Microsoft Azure",TRUE
"COMP-03532","Healthcare",80,22728126.61,"Microsoft Azure",FALSE
"COMP-03533","Retail & E-commerce",31,9217118.51,"Microsoft Azure",TRUE
"COMP-03534","Technology",130,57587004.06,"AWS",TRUE
"COMP-03535","Healthcare",25,5399384.13,"AWS",FALSE
"COMP-03536","Healthcare",81,22067038.68,"AWS",FALSE
"COMP-03537","Professional Services",384,81337515.13,"AWS",TRUE
"COMP-03538","Finance & Insurance",22,3591155.45,"Google Cloud Platform (GCP)",TRUE
"COMP-03539","Healthcare",83,42432627.44,"AWS",TRUE
"COMP-03540","Finance & Insurance",227,61673979.71,"Microsoft Azure",TRUE
"COMP-03541","Professional Services",103,32081448.98,"Microsoft Azure",TRUE
"COMP-03542","Finance & Insurance",59,24661511.1,"AWS",TRUE
"COMP-03543","Technology",33,19563132.11,"AWS",TRUE
"COMP-03544","Technology",83,71793689.95,"Microsoft Azure",TRUE
"COMP-03545","Technology",528,170584889.68,"Microsoft Azure",TRUE
"COMP-03546","Technology",57,14658804.08,"AWS",TRUE
"COMP-03547","Manufacturing",58,17103318.43,"AWS",TRUE
"COMP-03548","Technology",130,58938520.84,"Microsoft Azure",TRUE
"COMP-03549","Professional Services",115,39203351.73,"AWS",TRUE
"COMP-03550","Retail & E-commerce",723,82518654.07,"On-Prem/Hybrid",FALSE
"COMP-03551","Finance & Insurance",844,362776818.4,"Microsoft Azure",TRUE
"COMP-03552","Technology",22,6797791.07,"Microsoft Azure",TRUE
"COMP-03553","Technology",192,59360165.49,"On-Prem/Hybrid",TRUE
"COMP-03554","Manufacturing",165,43187308.53,"Microsoft Azure",FALSE
"COMP-03555","Professional Services",96,11990128.11,"On-Prem/Hybrid",TRUE
"COMP-03556","Retail & E-commerce",122,44833157.72,"AWS",TRUE
"COMP-03557","Healthcare",298,46054179.56,"AWS",FALSE
"COMP-03558","Technology",251,119088094.8,"On-Prem/Hybrid",FALSE
"COMP-03559","Professional Services",26,9303667.14,"Microsoft Azure",TRUE
"COMP-03560","Manufacturing",365,77661986,"AWS",TRUE
"COMP-03561","Manufacturing",554,118866592.07,"AWS",TRUE
"COMP-03562","Finance & Insurance",165,79016331.97,"Microsoft Azure",FALSE
"COMP-03563","Finance & Insurance",5,3337362.61,"On-Prem/Hybrid",TRUE
"COMP-03564","Professional Services",501,105502148.96,"Google Cloud Platform (GCP)",FALSE
"COMP-03565","Finance & Insurance",15,9672118.1,"On-Prem/Hybrid",TRUE
"COMP-03566","Technology",603,241249341.93,"Microsoft Azure",TRUE
"COMP-03567","Retail & E-commerce",81,32365575.92,"Microsoft Azure",FALSE
"COMP-03568","Finance & Insurance",34,16220108.52,"Google Cloud Platform (GCP)",TRUE
"COMP-03569","Technology",12,3977786.92,"AWS",TRUE
"COMP-03570","Manufacturing",280,46332596.7,"Microsoft Azure",TRUE
"COMP-03571","Technology",59,13414180.72,"Microsoft Azure",TRUE
"COMP-03572","Finance & Insurance",74,21328926.55,"Microsoft Azure",TRUE
"COMP-03573","Professional Services",105,17457327.48,"AWS",TRUE
"COMP-03574","Professional Services",64,26563560.89,"Microsoft Azure",TRUE
"COMP-03575","Professional Services",22,4516268.78,"Microsoft Azure",FALSE
"COMP-03576","Technology",5,1657494.56,"AWS",TRUE
"COMP-03577","Technology",250,70341258.53,"Microsoft Azure",TRUE
"COMP-03578","Finance & Insurance",279,134934768.08,"Microsoft Azure",TRUE
"COMP-03579","Healthcare",64,19675705.27,"AWS",TRUE
"COMP-03580","Finance & Insurance",42,17936443.59,"AWS",TRUE
"COMP-03581","Finance & Insurance",305,125488139.07,"Microsoft Azure",TRUE
"COMP-03582","Technology",36,6823713.57,"AWS",TRUE
"COMP-03583","Professional Services",179,36746187.6,"AWS",FALSE
"COMP-03584","Healthcare",18,6487376.41,"AWS",FALSE
"COMP-03585","Technology",266,44987835.47,"Microsoft Azure",TRUE
"COMP-03586","Healthcare",129,32783236.37,"On-Prem/Hybrid",TRUE
"COMP-03587","Technology",90,46492990.43,"On-Prem/Hybrid",TRUE
"COMP-03588","Manufacturing",68,25288892.73,"AWS",TRUE
"COMP-03589","Healthcare",369,68832357.07,"AWS",TRUE
"COMP-03590","Manufacturing",370,84347721.51,"AWS",TRUE
"COMP-03591","Retail & E-commerce",428,127228553.54,"Microsoft Azure",TRUE
"COMP-03592","Professional Services",1585,278052100.34,"On-Prem/Hybrid",FALSE
"COMP-03593","Technology",41,9915289.67,"AWS",TRUE
"COMP-03594","Professional Services",29,6895559.01,"Microsoft Azure",FALSE
"COMP-03595","Retail & E-commerce",1083,165404709.81,"Microsoft Azure",TRUE
"COMP-03596","Technology",113,41504152.89,"AWS",TRUE
"COMP-03597","Retail & E-commerce",416,96654805.33,"AWS",TRUE
"COMP-03598","Finance & Insurance",119,69194218.52,"Other",TRUE
"COMP-03599","Technology",18,5395656.17,"AWS",FALSE
"COMP-03600","Finance & Insurance",332,249515432.57,"Microsoft Azure",TRUE
"COMP-03601","Technology",184,50702318.14,"On-Prem/Hybrid",TRUE
"COMP-03602","Manufacturing",21,5413692.03,"AWS",TRUE
"COMP-03603","Professional Services",52,12286393.36,"AWS",TRUE
"COMP-03604","Finance & Insurance",61,35566441.99,"Microsoft Azure",TRUE
"COMP-03605","Technology",93,16795100.25,"Microsoft Azure",TRUE
"COMP-03606","Professional Services",47,6775675.75,"Other",TRUE
"COMP-03607","Professional Services",47,18411439.54,"Google Cloud Platform (GCP)",FALSE
"COMP-03608","Healthcare",116,28889686.98,"AWS",FALSE
"COMP-03609","Technology",100,28244022.24,"Microsoft Azure",FALSE
"COMP-03610","Retail & E-commerce",6,1062515.69,"AWS",TRUE
"COMP-03611","Retail & E-commerce",33,4776543.4,"AWS",FALSE
"COMP-03612","Manufacturing",60,16201080.69,"Microsoft Azure",FALSE
"COMP-03613","Healthcare",166,33965524.19,"AWS",TRUE
"COMP-03614","Manufacturing",170,48640455.04,"Microsoft Azure",TRUE
"COMP-03615","Finance & Insurance",55,24403599.69,"On-Prem/Hybrid",TRUE
"COMP-03616","Professional Services",34,4338717.06,"Microsoft Azure",FALSE
"COMP-03617","Finance & Insurance",54,18522779.91,"Google Cloud Platform (GCP)",TRUE
"COMP-03618","Healthcare",80,45195177.53,"AWS",FALSE
"COMP-03619","Manufacturing",66,17689527.36,"Google Cloud Platform (GCP)",FALSE
"COMP-03620","Healthcare",75,18895341.43,"Microsoft Azure",FALSE
"COMP-03621","Technology",75,34075253.91,"On-Prem/Hybrid",TRUE
"COMP-03622","Professional Services",6,1472501.62,"Google Cloud Platform (GCP)",TRUE
"COMP-03623","Manufacturing",523,193110981.5,"Other",TRUE
"COMP-03624","Professional Services",19,1912246.58,"Microsoft Azure",TRUE
"COMP-03625","Finance & Insurance",21,11956020.38,"AWS",TRUE
"COMP-03626","Manufacturing",65,17135162.33,"On-Prem/Hybrid",FALSE
"COMP-03627","Finance & Insurance",204,121107073.4,"AWS",TRUE
"COMP-03628","Technology",61,50971576.17,"AWS",TRUE
"COMP-03629","Healthcare",195,52585724.82,"Other",FALSE
"COMP-03630","Manufacturing",55,3611437.57,"Microsoft Azure",TRUE
"COMP-03631","Finance & Insurance",72,18342249.83,"AWS",TRUE
"COMP-03632","Professional Services",32,6960162.99,"Microsoft Azure",FALSE
"COMP-03633","Manufacturing",50,28262956.08,"AWS",TRUE
"COMP-03634","Technology",10,3516455.97,"Microsoft Azure",TRUE
"COMP-03635","Technology",62,17631549.07,"Microsoft Azure",TRUE
"COMP-03636","Technology",9,4319285.08,"Google Cloud Platform (GCP)",TRUE
"COMP-03637","Technology",109,13295757.54,"On-Prem/Hybrid",TRUE
"COMP-03638","Technology",2610,746624762.24,"Google Cloud Platform (GCP)",TRUE
"COMP-03639","Finance & Insurance",9,10942955.84,"Microsoft Azure",TRUE
"COMP-03640","Professional Services",17,2651258,"AWS",TRUE
"COMP-03641","Healthcare",63,22984252.67,"On-Prem/Hybrid",FALSE
"COMP-03642","Professional Services",31,3287972.29,"Google Cloud Platform (GCP)",TRUE
"COMP-03643","Professional Services",120,16085115.6,"AWS",TRUE
"COMP-03644","Healthcare",735,111766458.86,"AWS",FALSE
"COMP-03645","Technology",429,150990246.89,"Google Cloud Platform (GCP)",TRUE
"COMP-03646","Technology",40,13707358.89,"Google Cloud Platform (GCP)",TRUE
"COMP-03647","Technology",377,166488422.32,"Microsoft Azure",TRUE
"COMP-03648","Finance & Insurance",250,137913449.87,"AWS",TRUE
"COMP-03649","Manufacturing",175,54253602.61,"Google Cloud Platform (GCP)",TRUE
"COMP-03650","Healthcare",31,7027224.46,"Google Cloud Platform (GCP)",TRUE
"COMP-03651","Retail & E-commerce",242,38455395.86,"Google Cloud Platform (GCP)",TRUE
"COMP-03652","Technology",206,90083450.43,"Microsoft Azure",FALSE
"COMP-03653","Technology",447,104464380.03,"AWS",TRUE
"COMP-03654","Finance & Insurance",34,34818794.03,"Microsoft Azure",TRUE
"COMP-03655","Finance & Insurance",80,34601561.55,"Google Cloud Platform (GCP)",TRUE
"COMP-03656","Technology",35,8815435.89,"AWS",TRUE
"COMP-03657","Retail & E-commerce",11,1520770.75,"Google Cloud Platform (GCP)",FALSE
"COMP-03658","Finance & Insurance",62,39367365.56,"Microsoft Azure",TRUE
"COMP-03659","Healthcare",160,50852603.14,"Other",TRUE
"COMP-03660","Technology",145,36545286.89,"AWS",FALSE
"COMP-03661","Professional Services",14,3496886.57,"AWS",FALSE
"COMP-03662","Healthcare",424,99279081.78,"Google Cloud Platform (GCP)",TRUE
"COMP-03663","Manufacturing",272,53157947.64,"Microsoft Azure",TRUE
"COMP-03664","Retail & E-commerce",38,4966210.68,"Google Cloud Platform (GCP)",TRUE
"COMP-03665","Healthcare",179,36573286.03,"On-Prem/Hybrid",TRUE
"COMP-03666","Professional Services",11,1020170.61,"On-Prem/Hybrid",TRUE
"COMP-03667","Healthcare",30,8567749.46,"Microsoft Azure",TRUE
"COMP-03668","Technology",248,49077062.44,"AWS",TRUE
"COMP-03669","Healthcare",54,13987921.3,"Microsoft Azure",TRUE
"COMP-03670","Manufacturing",35,8988901.24,"AWS",TRUE
"COMP-03671","Technology",112,33857084.91,"AWS",TRUE
"COMP-03672","Retail & E-commerce",28,11274827.19,"Other",TRUE
"COMP-03673","Manufacturing",12,1304384.95,"Microsoft Azure",TRUE
"COMP-03674","Healthcare",109,31978077.05,"AWS",FALSE
"COMP-03675","Retail & E-commerce",70,15045894.48,"On-Prem/Hybrid",FALSE
"COMP-03676","Healthcare",71,11194610.58,"Microsoft Azure",TRUE
"COMP-03677","Professional Services",224,62169301.81,"Google Cloud Platform (GCP)",FALSE
"COMP-03678","Finance & Insurance",58,30590811.06,"Microsoft Azure",FALSE
"COMP-03679","Professional Services",64,19037171.35,"Google Cloud Platform (GCP)",FALSE
"COMP-03680","Finance & Insurance",16,6996521.33,"AWS",FALSE
"COMP-03681","Finance & Insurance",9,2632848.11,"Google Cloud Platform (GCP)",TRUE
"COMP-03682","Technology",51,12188012.02,"AWS",TRUE
"COMP-03683","Manufacturing",18,3721050.27,"Microsoft Azure",TRUE
"COMP-03684","Finance & Insurance",99,38305818.04,"AWS",TRUE
"COMP-03685","Retail & E-commerce",59,26221141.74,"Google Cloud Platform (GCP)",TRUE
"COMP-03686","Retail & E-commerce",382,173932645.16,"AWS",FALSE
"COMP-03687","Healthcare",49,19815864.68,"On-Prem/Hybrid",FALSE
"COMP-03688","Manufacturing",56,17171727.5,"AWS",TRUE
"COMP-03689","Professional Services",45,7796197.58,"AWS",FALSE
"COMP-03690","Manufacturing",65,11196392.3,"Other",TRUE
"COMP-03691","Manufacturing",62,14383002.7,"AWS",TRUE
"COMP-03692","Retail & E-commerce",200,109088753.74,"Microsoft Azure",TRUE
"COMP-03693","Finance & Insurance",18,4644902.52,"AWS",TRUE
"COMP-03694","Professional Services",123,22857231.49,"Microsoft Azure",TRUE
"COMP-03695","Professional Services",68,18972250.52,"AWS",FALSE
"COMP-03696","Professional Services",854,117422960.46,"Microsoft Azure",FALSE
"COMP-03697","Technology",13,5165960.24,"AWS",TRUE
"COMP-03698","Finance & Insurance",19,7871162.67,"AWS",TRUE
"COMP-03699","Professional Services",74,11858453.4,"Google Cloud Platform (GCP)",TRUE
"COMP-03700","Finance & Insurance",242,159224098.97,"Microsoft Azure",FALSE
"COMP-03701","Technology",162,56739374.56,"On-Prem/Hybrid",FALSE
"COMP-03702","Finance & Insurance",42,29500326.35,"AWS",TRUE
"COMP-03703","Manufacturing",93,25797781.49,"AWS",TRUE
"COMP-03704","Healthcare",8,1697790.05,"Google Cloud Platform (GCP)",TRUE
"COMP-03705","Manufacturing",130,49332630.77,"AWS",TRUE
"COMP-03706","Retail & E-commerce",415,187536465.93,"Microsoft Azure",TRUE
"COMP-03707","Healthcare",93,39639422.5,"Microsoft Azure",TRUE
"COMP-03708","Technology",54,17008661.83,"On-Prem/Hybrid",TRUE
"COMP-03709","Finance & Insurance",21,16307812.2,"Microsoft Azure",TRUE
"COMP-03710","Retail & E-commerce",42,10232664.67,"AWS",TRUE
"COMP-03711","Finance & Insurance",458,236531691.05,"AWS",TRUE
"COMP-03712","Retail & E-commerce",60,10722569.18,"Google Cloud Platform (GCP)",TRUE
"COMP-03713","Technology",42,10036618.96,"Microsoft Azure",TRUE
"COMP-03714","Manufacturing",464,79821400.35,"On-Prem/Hybrid",TRUE
"COMP-03715","Finance & Insurance",10,4163138.23,"Microsoft Azure",TRUE
"COMP-03716","Retail & E-commerce",62,20064130.19,"Microsoft Azure",FALSE
"COMP-03717","Manufacturing",98,12292892.7,"Microsoft Azure",FALSE
"COMP-03718","Finance & Insurance",39,16508686.11,"AWS",TRUE
"COMP-03719","Professional Services",39,8559700.61,"On-Prem/Hybrid",TRUE
"COMP-03720","Finance & Insurance",131,93975968.83,"AWS",TRUE
"COMP-03721","Finance & Insurance",188,37014838.92,"AWS",FALSE
"COMP-03722","Healthcare",109,28967372.15,"Microsoft Azure",FALSE
"COMP-03723","Manufacturing",85,25509153.82,"Google Cloud Platform (GCP)",FALSE
"COMP-03724","Technology",33,6160512.59,"Microsoft Azure",TRUE
"COMP-03725","Finance & Insurance",186,87741034.69,"On-Prem/Hybrid",TRUE
"COMP-03726","Manufacturing",29,6901221.42,"AWS",FALSE
"COMP-03727","Retail & E-commerce",78,16649667.69,"AWS",TRUE
"COMP-03728","Finance & Insurance",164,72808608.07,"Microsoft Azure",TRUE
"COMP-03729","Technology",26,7386892.41,"AWS",TRUE
"COMP-03730","Healthcare",121,19870515.96,"AWS",FALSE
"COMP-03731","Technology",68,29231927.34,"AWS",TRUE
"COMP-03732","Technology",263,185020653.09,"On-Prem/Hybrid",TRUE
"COMP-03733","Finance & Insurance",559,372214887.7,"On-Prem/Hybrid",TRUE
"COMP-03734","Professional Services",18,2875734.14,"AWS",TRUE
"COMP-03735","Technology",214,42568597.35,"Google Cloud Platform (GCP)",FALSE
"COMP-03736","Technology",94,37852240.27,"AWS",FALSE
"COMP-03737","Healthcare",97,24415692.7,"Microsoft Azure",TRUE
"COMP-03738","Healthcare",336,59791328.91,"AWS",FALSE
"COMP-03739","Retail & E-commerce",169,32441155.4,"AWS",TRUE
"COMP-03740","Professional Services",84,18918813.84,"AWS",TRUE
"COMP-03741","Manufacturing",63,26491717.64,"AWS",TRUE
"COMP-03742","Healthcare",62,9869910.6,"Microsoft Azure",FALSE
"COMP-03743","Finance & Insurance",81,28706972.78,"AWS",TRUE
"COMP-03744","Finance & Insurance",36,27958080.13,"AWS",TRUE
"COMP-03745","Professional Services",383,64964463.28,"AWS",TRUE
"COMP-03746","Healthcare",172,40159485.56,"Google Cloud Platform (GCP)",FALSE
"COMP-03747","Professional Services",201,17999420.52,"Google Cloud Platform (GCP)",TRUE
"COMP-03748","Professional Services",111,15965282.41,"AWS",TRUE
"COMP-03749","Retail & E-commerce",115,34359503.56,"AWS",FALSE
"COMP-03750","Technology",105,29130622.76,"Google Cloud Platform (GCP)",TRUE
"COMP-03751","Finance & Insurance",389,139944411.78,"AWS",TRUE
"COMP-03752","Technology",56,21570151.56,"Microsoft Azure",TRUE
"COMP-03753","Professional Services",24,7297500.4,"AWS",FALSE
"COMP-03754","Retail & E-commerce",188,12432850.2,"AWS",FALSE
"COMP-03755","Retail & E-commerce",240,66124009.98,"AWS",FALSE
"COMP-03756","Professional Services",18,7883809.97,"Google Cloud Platform (GCP)",TRUE
"COMP-03757","Healthcare",252,53496297.32,"On-Prem/Hybrid",TRUE
"COMP-03758","Finance & Insurance",55,17335025.24,"AWS",FALSE
"COMP-03759","Healthcare",72,16426135.2,"Microsoft Azure",TRUE
"COMP-03760","Retail & E-commerce",186,36085138.54,"Microsoft Azure",FALSE
"COMP-03761","Healthcare",87,20265345.09,"On-Prem/Hybrid",FALSE
"COMP-03762","Technology",569,188168776.39,"Google Cloud Platform (GCP)",TRUE
"COMP-03763","Retail & E-commerce",311,20099016.44,"AWS",TRUE
"COMP-03764","Healthcare",16,6027385.85,"Microsoft Azure",TRUE
"COMP-03765","Healthcare",126,44576244.06,"Other",FALSE
"COMP-03766","Finance & Insurance",114,61670278.31,"AWS",TRUE
"COMP-03767","Manufacturing",45,9714808.41,"Microsoft Azure",TRUE
"COMP-03768","Professional Services",1085,255497225.66,"AWS",TRUE
"COMP-03769","Professional Services",5,1448390.5,"Microsoft Azure",FALSE
"COMP-03770","Manufacturing",31,7604070.51,"Google Cloud Platform (GCP)",TRUE
"COMP-03771","Finance & Insurance",254,98556112.79,"AWS",TRUE
"COMP-03772","Retail & E-commerce",22,2762153.69,"AWS",TRUE
"COMP-03773","Technology",19,5485932.56,"AWS",TRUE
"COMP-03774","Technology",29,10822672.82,"AWS",TRUE
"COMP-03775","Healthcare",55,19407759.24,"AWS",FALSE
"COMP-03776","Professional Services",37,6422746.32,"Microsoft Azure",TRUE
"COMP-03777","Manufacturing",145,95956529.31,"On-Prem/Hybrid",TRUE
"COMP-03778","Retail & E-commerce",12,2789463.8,"AWS",TRUE
"COMP-03779","Retail & E-commerce",1010,258175557.74,"AWS",TRUE
"COMP-03780","Professional Services",145,51610018.45,"AWS",FALSE
"COMP-03781","Professional Services",95,13614289.68,"Google Cloud Platform (GCP)",FALSE
"COMP-03782","Manufacturing",20,6308886.5,"Google Cloud Platform (GCP)",FALSE
"COMP-03783","Professional Services",218,46100145.68,"AWS",TRUE
"COMP-03784","Technology",94,33660777.94,"Microsoft Azure",TRUE
"COMP-03785","Finance & Insurance",54,31843004.96,"Microsoft Azure",TRUE
"COMP-03786","Healthcare",78,44857950.6,"Microsoft Azure",FALSE
"COMP-03787","Retail & E-commerce",42,5168843.69,"Microsoft Azure",FALSE
"COMP-03788","Technology",19,5077723.8,"AWS",FALSE
"COMP-03789","Professional Services",146,23944593.34,"On-Prem/Hybrid",FALSE
"COMP-03790","Retail & E-commerce",718,143240689.43,"AWS",TRUE
"COMP-03791","Technology",162,85937441.78,"Microsoft Azure",FALSE
"COMP-03792","Manufacturing",37,9862422.76,"Other",FALSE
"COMP-03793","Professional Services",7,1375641.72,"Google Cloud Platform (GCP)",TRUE
"COMP-03794","Healthcare",266,92271215.88,"Microsoft Azure",TRUE
"COMP-03795","Retail & E-commerce",21,3345065.07,"AWS",TRUE
"COMP-03796","Technology",122,43727392.45,"On-Prem/Hybrid",TRUE
"COMP-03797","Technology",149,32540461.36,"AWS",TRUE
"COMP-03798","Technology",144,38181453.68,"Microsoft Azure",TRUE
"COMP-03799","Finance & Insurance",179,57041858.87,"AWS",TRUE
"COMP-03800","Retail & E-commerce",206,54865674.16,"AWS",TRUE
"COMP-03801","Retail & E-commerce",24,4205565.91,"Microsoft Azure",FALSE
"COMP-03802","Technology",19,13836445.21,"Microsoft Azure",FALSE
"COMP-03803","Finance & Insurance",9,3428792.19,"Microsoft Azure",TRUE
"COMP-03804","Manufacturing",74,18638842.53,"AWS",TRUE
"COMP-03805","Healthcare",309,51331728.84,"Google Cloud Platform (GCP)",TRUE
"COMP-03806","Retail & E-commerce",316,115643346.37,"On-Prem/Hybrid",TRUE
"COMP-03807","Finance & Insurance",38,45541050.25,"AWS",TRUE
"COMP-03808","Finance & Insurance",63,24637299.38,"Microsoft Azure",TRUE
"COMP-03809","Technology",13,6839216.09,"AWS",FALSE
"COMP-03810","Technology",11,5062781.42,"AWS",TRUE
"COMP-03811","Healthcare",27,4127688.57,"AWS",TRUE
"COMP-03812","Professional Services",202,48914737.13,"Google Cloud Platform (GCP)",FALSE
"COMP-03813","Professional Services",56,7956564.05,"Microsoft Azure",FALSE
"COMP-03814","Technology",382,250686174.99,"Microsoft Azure",TRUE
"COMP-03815","Retail & E-commerce",138,36606316.72,"AWS",TRUE
"COMP-03816","Technology",1112,360456947.54,"Microsoft Azure",TRUE
"COMP-03817","Professional Services",21,4716253.83,"On-Prem/Hybrid",FALSE
"COMP-03818","Finance & Insurance",14,5421075.11,"Microsoft Azure",TRUE
"COMP-03819","Manufacturing",202,22020830.84,"AWS",TRUE
"COMP-03820","Technology",54,63918288.58,"On-Prem/Hybrid",TRUE
"COMP-03821","Retail & E-commerce",22,5347912.87,"Microsoft Azure",FALSE
"COMP-03822","Finance & Insurance",14,8476487.09,"Microsoft Azure",FALSE
"COMP-03823","Technology",34,17557563.16,"AWS",TRUE
"COMP-03824","Professional Services",84,10076567.31,"AWS",TRUE
"COMP-03825","Healthcare",249,81517491.52,"AWS",FALSE
"COMP-03826","Healthcare",168,62416310.19,"AWS",TRUE
"COMP-03827","Manufacturing",82,16149053.44,"AWS",TRUE
"COMP-03828","Technology",98,43186874.66,"AWS",TRUE
"COMP-03829","Technology",57,15433528.47,"Google Cloud Platform (GCP)",TRUE
"COMP-03830","Healthcare",88,10674490.25,"Microsoft Azure",TRUE
"COMP-03831","Technology",261,100825764.6,"Other",TRUE
"COMP-03832","Finance & Insurance",30,19766269.03,"AWS",FALSE
"COMP-03833","Technology",20,2081759.73,"Microsoft Azure",FALSE
"COMP-03834","Technology",34,19768190.96,"AWS",FALSE
"COMP-03835","Technology",66,35856008.76,"Google Cloud Platform (GCP)",TRUE
"COMP-03836","Healthcare",81,23894787.13,"AWS",FALSE
"COMP-03837","Manufacturing",166,32618604.07,"Microsoft Azure",TRUE
"COMP-03838","Professional Services",24,13383725.93,"AWS",TRUE
"COMP-03839","Finance & Insurance",64,22214519.5,"AWS",TRUE
"COMP-03840","Finance & Insurance",34,25062826.35,"AWS",TRUE
"COMP-03841","Manufacturing",26,4714335.2,"Other",TRUE
"COMP-03842","Professional Services",930,179809144.69,"Microsoft Azure",FALSE
"COMP-03843","Healthcare",44,21427153.53,"Microsoft Azure",TRUE
"COMP-03844","Manufacturing",202,44514538.7,"On-Prem/Hybrid",FALSE
"COMP-03845","Technology",14,5621768.65,"On-Prem/Hybrid",TRUE
"COMP-03846","Professional Services",253,39593664.17,"Google Cloud Platform (GCP)",TRUE
"COMP-03847","Technology",11,6224066.86,"Google Cloud Platform (GCP)",TRUE
"COMP-03848","Manufacturing",1015,224563654.77,"AWS",TRUE
"COMP-03849","Technology",60,17523285.04,"Microsoft Azure",TRUE
"COMP-03850","Finance & Insurance",96,43126458.31,"AWS",TRUE
"COMP-03851","Healthcare",413,148398975.78,"On-Prem/Hybrid",TRUE
"COMP-03852","Healthcare",320,55753665.65,"Microsoft Azure",TRUE
"COMP-03853","Technology",26,9655303.2,"Other",FALSE
"COMP-03854","Technology",36,10472209.44,"Microsoft Azure",FALSE
"COMP-03855","Healthcare",250,88557989,"AWS",TRUE
"COMP-03856","Finance & Insurance",42,28680734.97,"AWS",TRUE
"COMP-03857","Retail & E-commerce",48,18266225.05,"On-Prem/Hybrid",FALSE
"COMP-03858","Professional Services",57,10531427.78,"Microsoft Azure",FALSE
"COMP-03859","Manufacturing",5,1327660.43,"AWS",FALSE
"COMP-03860","Manufacturing",238,38655989.29,"AWS",TRUE
"COMP-03861","Technology",125,24819071.4,"AWS",TRUE
"COMP-03862","Finance & Insurance",116,52748661.78,"AWS",TRUE
"COMP-03863","Technology",373,92419381.71,"AWS",TRUE
"COMP-03864","Manufacturing",13,4873936.44,"Other",TRUE
"COMP-03865","Retail & E-commerce",382,118842022.62,"Google Cloud Platform (GCP)",TRUE
"COMP-03866","Professional Services",183,31000762.94,"Microsoft Azure",FALSE
"COMP-03867","Retail & E-commerce",982,278625609.07,"AWS",FALSE
"COMP-03868","Manufacturing",185,43662577.49,"AWS",TRUE
"COMP-03869","Technology",25,8846611.05,"AWS",TRUE
"COMP-03870","Professional Services",10,1592755.92,"AWS",FALSE
"COMP-03871","Healthcare",37,7909488.09,"AWS",TRUE
"COMP-03872","Professional Services",89,9011927.22,"AWS",TRUE
"COMP-03873","Technology",24,12452595.48,"Google Cloud Platform (GCP)",TRUE
"COMP-03874","Finance & Insurance",20,8259701.37,"Microsoft Azure",FALSE
"COMP-03875","Professional Services",275,74382147.46,"AWS",TRUE
"COMP-03876","Finance & Insurance",126,60196756.95,"Microsoft Azure",TRUE
"COMP-03877","Retail & E-commerce",97,24780322.4,"AWS",TRUE
"COMP-03878","Manufacturing",46,15553277.38,"Microsoft Azure",FALSE
"COMP-03879","Technology",187,23565021,"AWS",TRUE
"COMP-03880","Technology",2078,511134254,"AWS",TRUE
"COMP-03881","Technology",5,2169672.83,"Microsoft Azure",TRUE
"COMP-03882","Finance & Insurance",58,16577818.75,"AWS",TRUE
"COMP-03883","Professional Services",200,52475345.97,"AWS",FALSE
"COMP-03884","Healthcare",85,10553107.62,"AWS",TRUE
"COMP-03885","Retail & E-commerce",141,39419138.37,"AWS",TRUE
"COMP-03886","Technology",18,5009575.13,"Microsoft Azure",TRUE
"COMP-03887","Technology",63,12463130.44,"Google Cloud Platform (GCP)",TRUE
"COMP-03888","Healthcare",14,2989861.41,"Microsoft Azure",TRUE
"COMP-03889","Technology",74,14020437.94,"AWS",FALSE
"COMP-03890","Healthcare",69,29616530.74,"Microsoft Azure",TRUE
"COMP-03891","Technology",115,49354699.12,"Google Cloud Platform (GCP)",TRUE
"COMP-03892","Healthcare",286,101791404.71,"Microsoft Azure",FALSE
"COMP-03893","Professional Services",33,9030186.39,"Microsoft Azure",FALSE
"COMP-03894","Healthcare",574,165577981.01,"AWS",FALSE
"COMP-03895","Professional Services",774,152253745.25,"AWS",FALSE
"COMP-03896","Healthcare",28,8342581.86,"Google Cloud Platform (GCP)",FALSE
"COMP-03897","Finance & Insurance",32,6193959.21,"AWS",TRUE
"COMP-03898","Manufacturing",60,22649179.64,"Microsoft Azure",FALSE
"COMP-03899","Technology",57,18957002.55,"AWS",TRUE
"COMP-03900","Healthcare",472,100988486.23,"AWS",TRUE
"COMP-03901","Manufacturing",641,132613481.38,"AWS",TRUE
"COMP-03902","Professional Services",255,45475132.56,"AWS",TRUE
"COMP-03903","Professional Services",20,2320470.2,"Other",TRUE
"COMP-03904","Manufacturing",79,17277420.43,"Microsoft Azure",TRUE
"COMP-03905","Retail & E-commerce",49,3669496.78,"AWS",FALSE
"COMP-03906","Manufacturing",1712,351491839.6,"On-Prem/Hybrid",FALSE
"COMP-03907","Professional Services",104,32745846.92,"Other",FALSE
"COMP-03908","Retail & E-commerce",386,86578794.21,"Google Cloud Platform (GCP)",TRUE
"COMP-03909","Healthcare",28,12839616.24,"AWS",TRUE
"COMP-03910","Technology",569,182232000.05,"Microsoft Azure",TRUE
"COMP-03911","Technology",303,65449685.09,"Other",TRUE
"COMP-03912","Manufacturing",103,24289536.25,"AWS",TRUE
"COMP-03913","Manufacturing",155,24558094.51,"Google Cloud Platform (GCP)",TRUE
"COMP-03914","Retail & E-commerce",26,4930807.98,"AWS",TRUE
"COMP-03915","Retail & E-commerce",45,13494518.87,"Microsoft Azure",FALSE
"COMP-03916","Healthcare",76,19633767.41,"Microsoft Azure",TRUE
"COMP-03917","Finance & Insurance",260,138400196.06,"AWS",TRUE
"COMP-03918","Retail & E-commerce",204,59171371.64,"On-Prem/Hybrid",FALSE
"COMP-03919","Retail & E-commerce",132,36229908.71,"Microsoft Azure",TRUE
"COMP-03920","Technology",22,6105037.26,"Microsoft Azure",TRUE
"COMP-03921","Manufacturing",47,9473006.04,"On-Prem/Hybrid",FALSE
"COMP-03922","Healthcare",25,4999148.12,"AWS",TRUE
"COMP-03923","Manufacturing",56,15405434.37,"On-Prem/Hybrid",TRUE
"COMP-03924","Manufacturing",18,2962888.89,"On-Prem/Hybrid",FALSE
"COMP-03925","Professional Services",23,7546091.27,"Microsoft Azure",FALSE
"COMP-03926","Professional Services",64,15520261.04,"AWS",FALSE
"COMP-03927","Retail & E-commerce",6,3336540.23,"Microsoft Azure",TRUE
"COMP-03928","Professional Services",63,11204963.04,"Microsoft Azure",TRUE
"COMP-03929","Retail & E-commerce",47,19507945.32,"Other",TRUE
"COMP-03930","Finance & Insurance",81,30397334.47,"AWS",TRUE
"COMP-03931","Finance & Insurance",7,3471496.84,"Other",TRUE
"COMP-03932","Manufacturing",149,65074846.54,"Other",TRUE
"COMP-03933","Manufacturing",472,203787879.02,"AWS",TRUE
"COMP-03934","Professional Services",12,4715785.7,"On-Prem/Hybrid",TRUE
"COMP-03935","Manufacturing",16,1476879.91,"AWS",FALSE
"COMP-03936","Professional Services",617,140693593.55,"AWS",TRUE
"COMP-03937","Finance & Insurance",112,146717150.23,"Other",FALSE
"COMP-03938","Healthcare",55,19979479.69,"AWS",TRUE
"COMP-03939","Manufacturing",374,70278694.75,"AWS",TRUE
"COMP-03940","Manufacturing",17,2925705.84,"On-Prem/Hybrid",TRUE
"COMP-03941","Manufacturing",366,93832286.29,"Microsoft Azure",TRUE
"COMP-03942","Healthcare",15,4910839.42,"Microsoft Azure",FALSE
"COMP-03943","Healthcare",723,266782805.06,"Microsoft Azure",TRUE
"COMP-03944","Professional Services",53,6250418.75,"Microsoft Azure",TRUE
"COMP-03945","Finance & Insurance",147,42941799.37,"Microsoft Azure",TRUE
"COMP-03946","Professional Services",882,163746002.54,"Microsoft Azure",FALSE
"COMP-03947","Healthcare",65,14039265.06,"On-Prem/Hybrid",TRUE
"COMP-03948","Technology",102,55727120.08,"Google Cloud Platform (GCP)",FALSE
"COMP-03949","Manufacturing",6,5522954.83,"Microsoft Azure",FALSE
"COMP-03950","Healthcare",68,12548455.98,"Other",TRUE
"COMP-03951","Professional Services",203,83629273.04,"On-Prem/Hybrid",TRUE
"COMP-03952","Finance & Insurance",185,48740034.58,"Microsoft Azure",TRUE
"COMP-03953","Manufacturing",40,17132126.13,"AWS",TRUE
"COMP-03954","Technology",23,17073994.93,"Microsoft Azure",TRUE
"COMP-03955","Manufacturing",86,22106962.12,"On-Prem/Hybrid",TRUE
"COMP-03956","Healthcare",989,317678063.73,"AWS",TRUE
"COMP-03957","Technology",149,57154913.68,"AWS",TRUE
"COMP-03958","Technology",35,12422821.8,"AWS",TRUE
"COMP-03959","Technology",453,107760310.03,"Other",FALSE
"COMP-03960","Professional Services",295,47075172.78,"Microsoft Azure",TRUE
"COMP-03961","Technology",74,20775292.08,"Other",TRUE
"COMP-03962","Retail & E-commerce",44,9478045.7,"AWS",TRUE
"COMP-03963","Finance & Insurance",33,15443403.14,"Microsoft Azure",FALSE
"COMP-03964","Manufacturing",179,56880169.54,"Google Cloud Platform (GCP)",TRUE
"COMP-03965","Healthcare",374,94423671.17,"Microsoft Azure",TRUE
"COMP-03966","Professional Services",64,11806852.31,"Microsoft Azure",TRUE
"COMP-03967","Technology",9,2226714.73,"Microsoft Azure",TRUE
"COMP-03968","Healthcare",140,25674711.7,"AWS",TRUE
"COMP-03969","Manufacturing",133,21028596.04,"Microsoft Azure",TRUE
"COMP-03970","Professional Services",10,2500356.24,"AWS",TRUE
"COMP-03971","Retail & E-commerce",980,152021974.41,"AWS",TRUE
"COMP-03972","Manufacturing",26,9360055.58,"Microsoft Azure",FALSE
"COMP-03973","Professional Services",10,1272761.05,"Microsoft Azure",FALSE
"COMP-03974","Healthcare",12,3671519.37,"On-Prem/Hybrid",TRUE
"COMP-03975","Technology",30,5355397.99,"AWS",TRUE
"COMP-03976","Healthcare",26,10313086.01,"AWS",FALSE
"COMP-03977","Technology",223,74564153.72,"Google Cloud Platform (GCP)",TRUE
"COMP-03978","Manufacturing",160,16949750.66,"Microsoft Azure",TRUE
"COMP-03979","Healthcare",38,9208779.35,"On-Prem/Hybrid",TRUE
"COMP-03980","Healthcare",32,8890280.63,"On-Prem/Hybrid",FALSE
"COMP-03981","Professional Services",10,1198867.96,"Microsoft Azure",TRUE
"COMP-03982","Finance & Insurance",112,73801659.98,"Google Cloud Platform (GCP)",TRUE
"COMP-03983","Retail & E-commerce",25,3167538.3,"AWS",TRUE
"COMP-03984","Professional Services",228,47891250.92,"Microsoft Azure",TRUE
"COMP-03985","Healthcare",39,10252295.37,"AWS",TRUE
"COMP-03986","Technology",243,80571746.69,"On-Prem/Hybrid",TRUE
"COMP-03987","Healthcare",21,5854526.56,"AWS",FALSE
"COMP-03988","Technology",26,12257550.77,"Google Cloud Platform (GCP)",TRUE
"COMP-03989","Professional Services",67,18982182.26,"Microsoft Azure",TRUE
"COMP-03990","Retail & E-commerce",187,73786939.87,"Microsoft Azure",TRUE
"COMP-03991","Professional Services",167,49066515.77,"AWS",TRUE
"COMP-03992","Finance & Insurance",47,14790371.17,"On-Prem/Hybrid",FALSE
"COMP-03993","Manufacturing",28,5048640.05,"Google Cloud Platform (GCP)",TRUE
"COMP-03994","Retail & E-commerce",205,66205955.39,"Microsoft Azure",TRUE
"COMP-03995","Technology",80,9825261.34,"Microsoft Azure",TRUE
"COMP-03996","Technology",185,86733267.44,"Microsoft Azure",FALSE
"COMP-03997","Manufacturing",960,222489994.94,"Microsoft Azure",TRUE
"COMP-03998","Manufacturing",107,18738200.61,"Google Cloud Platform (GCP)",TRUE
"COMP-03999","Manufacturing",475,160577089.56,"Google Cloud Platform (GCP)",TRUE
"COMP-04000","Professional Services",22,6628358.67,"Google Cloud Platform (GCP)",FALSE
"COMP-04001","Manufacturing",84,25604864.83,"AWS",FALSE
"COMP-04002","Finance & Insurance",67,37100108.97,"On-Prem/Hybrid",TRUE
"COMP-04003","Professional Services",14,2364905.97,"Microsoft Azure",TRUE
"COMP-04004","Finance & Insurance",157,99781543.73,"On-Prem/Hybrid",TRUE
"COMP-04005","Technology",22,5157434.58,"AWS",TRUE
"COMP-04006","Retail & E-commerce",163,38045688.83,"AWS",TRUE
"COMP-04007","Technology",35,12584817.66,"Microsoft Azure",FALSE
"COMP-04008","Technology",47,10617210.98,"On-Prem/Hybrid",TRUE
"COMP-04009","Technology",57,21466451.16,"AWS",TRUE
"COMP-04010","Finance & Insurance",16,6995559.81,"Microsoft Azure",TRUE
"COMP-04011","Manufacturing",316,66210040.2,"AWS",TRUE
"COMP-04012","Technology",49,20563342.45,"AWS",TRUE
"COMP-04013","Retail & E-commerce",263,30947301.74,"Microsoft Azure",TRUE
"COMP-04014","Retail & E-commerce",72,18017100.78,"Other",FALSE
"COMP-04015","Technology",73,18075751.36,"Google Cloud Platform (GCP)",TRUE
"COMP-04016","Manufacturing",23,4358881.54,"Microsoft Azure",TRUE
"COMP-04017","Technology",175,42625806.69,"Other",FALSE
"COMP-04018","Healthcare",96,31116242.6,"AWS",FALSE
"COMP-04019","Healthcare",52,7982155.89,"Microsoft Azure",TRUE
"COMP-04020","Retail & E-commerce",232,47108541.14,"On-Prem/Hybrid",TRUE
"COMP-04021","Technology",142,59782336.76,"AWS",FALSE
"COMP-04022","Manufacturing",97,54481734.17,"AWS",FALSE
"COMP-04023","Healthcare",92,27496413.9,"AWS",FALSE
"COMP-04024","Professional Services",351,107461567.88,"AWS",TRUE
"COMP-04025","Manufacturing",79,10321850.51,"Microsoft Azure",FALSE
"COMP-04026","Technology",1022,333768244.14,"Microsoft Azure",TRUE
"COMP-04027","Technology",157,45718729.77,"On-Prem/Hybrid",TRUE
"COMP-04028","Healthcare",69,35601947.09,"AWS",TRUE
"COMP-04029","Retail & E-commerce",343,88543707.13,"Google Cloud Platform (GCP)",TRUE
"COMP-04030","Retail & E-commerce",16,3975147.53,"Microsoft Azure",FALSE
"COMP-04031","Healthcare",399,244123823.57,"AWS",TRUE
"COMP-04032","Finance & Insurance",8,1599075.72,"Google Cloud Platform (GCP)",TRUE
"COMP-04033","Finance & Insurance",285,93975513.5,"Microsoft Azure",TRUE
"COMP-04034","Finance & Insurance",425,242909307.82,"Microsoft Azure",TRUE
"COMP-04035","Finance & Insurance",12,7017823.44,"AWS",TRUE
"COMP-04036","Retail & E-commerce",60,12058740.53,"AWS",TRUE
"COMP-04037","Manufacturing",26,4205043.21,"AWS",TRUE
"COMP-04038","Technology",93,28709710,"On-Prem/Hybrid",TRUE
"COMP-04039","Retail & E-commerce",38,7073638.32,"AWS",TRUE
"COMP-04040","Retail & E-commerce",49,14665051.13,"Google Cloud Platform (GCP)",TRUE
"COMP-04041","Manufacturing",30,4806386.8,"AWS",TRUE
"COMP-04042","Professional Services",301,69789581.64,"On-Prem/Hybrid",TRUE
"COMP-04043","Professional Services",239,57999046.82,"Microsoft Azure",TRUE
"COMP-04044","Technology",167,29388342.42,"Google Cloud Platform (GCP)",TRUE
"COMP-04045","Technology",115,17094161.75,"Microsoft Azure",TRUE
"COMP-04046","Retail & E-commerce",139,31033322.17,"AWS",FALSE
"COMP-04047","Healthcare",62,15304383.8,"Microsoft Azure",TRUE
"COMP-04048","Retail & E-commerce",1448,451368311.08,"Microsoft Azure",TRUE
"COMP-04049","Healthcare",102,20538023.81,"Microsoft Azure",FALSE
"COMP-04050","Manufacturing",191,80519072.85,"Google Cloud Platform (GCP)",TRUE
"COMP-04051","Finance & Insurance",213,74503825.54,"Microsoft Azure",FALSE
"COMP-04052","Professional Services",238,35678499.72,"Other",FALSE
"COMP-04053","Finance & Insurance",437,102823277.67,"AWS",TRUE
"COMP-04054","Healthcare",66,11866759.95,"AWS",TRUE
"COMP-04055","Finance & Insurance",10,2256240,"AWS",TRUE
"COMP-04056","Professional Services",1312,322393592.53,"AWS",FALSE
"COMP-04057","Healthcare",60,25053968.43,"Google Cloud Platform (GCP)",FALSE
"COMP-04058","Technology",66,19625343.97,"AWS",TRUE
"COMP-04059","Retail & E-commerce",564,222888478.19,"AWS",TRUE
"COMP-04060","Manufacturing",160,83201497.34,"AWS",TRUE
"COMP-04061","Retail & E-commerce",21,2858794.39,"Google Cloud Platform (GCP)",FALSE
"COMP-04062","Finance & Insurance",124,51955767.82,"Microsoft Azure",TRUE
"COMP-04063","Professional Services",14,1661204.49,"AWS",FALSE
"COMP-04064","Technology",69,42090251.76,"Microsoft Azure",FALSE
"COMP-04065","Technology",7,1179473.95,"Google Cloud Platform (GCP)",TRUE
"COMP-04066","Technology",157,54163860.75,"Microsoft Azure",FALSE
"COMP-04067","Professional Services",13,3030557.43,"AWS",TRUE
"COMP-04068","Technology",21,6758802.42,"Other",FALSE
"COMP-04069","Healthcare",9,1102479.7,"Microsoft Azure",FALSE
"COMP-04070","Healthcare",199,54446394.58,"Other",FALSE
"COMP-04071","Manufacturing",22,6936098.16,"AWS",FALSE
"COMP-04072","Finance & Insurance",14,12382272.11,"Microsoft Azure",TRUE
"COMP-04073","Technology",5,2299142.36,"Microsoft Azure",TRUE
"COMP-04074","Professional Services",432,71609906.07,"Microsoft Azure",TRUE
"COMP-04075","Finance & Insurance",54,51129149.94,"On-Prem/Hybrid",TRUE
"COMP-04076","Finance & Insurance",23,6819528.98,"Microsoft Azure",TRUE
"COMP-04077","Finance & Insurance",38,15587003.55,"Microsoft Azure",TRUE
"COMP-04078","Manufacturing",11,3060154.7,"AWS",FALSE
"COMP-04079","Finance & Insurance",517,303242692.03,"AWS",FALSE
"COMP-04080","Healthcare",50,17288161.58,"Microsoft Azure",TRUE
"COMP-04081","Technology",45,16767625.64,"On-Prem/Hybrid",TRUE
"COMP-04082","Retail & E-commerce",223,24500318.49,"Microsoft Azure",TRUE
"COMP-04083","Professional Services",292,47627824.81,"Microsoft Azure",TRUE
"COMP-04084","Healthcare",217,59472035.6,"Other",TRUE
"COMP-04085","Professional Services",32,4962195.62,"Microsoft Azure",TRUE
"COMP-04086","Healthcare",14,3963298.77,"Microsoft Azure",TRUE
"COMP-04087","Professional Services",35,7378359.78,"AWS",TRUE
"COMP-04088","Professional Services",73,8930187.57,"AWS",FALSE
"COMP-04089","Professional Services",59,12594824.44,"Google Cloud Platform (GCP)",FALSE
"COMP-04090","Technology",271,62174821.15,"On-Prem/Hybrid",TRUE
"COMP-04091","Professional Services",197,26789840.58,"On-Prem/Hybrid",FALSE
"COMP-04092","Professional Services",53,8955859.3,"Microsoft Azure",TRUE
"COMP-04093","Technology",149,36206959.24,"AWS",TRUE
"COMP-04094","Technology",88,20374208.52,"Google Cloud Platform (GCP)",TRUE
"COMP-04095","Professional Services",92,25803796,"On-Prem/Hybrid",FALSE
"COMP-04096","Retail & E-commerce",122,14367870.38,"Google Cloud Platform (GCP)",TRUE
"COMP-04097","Professional Services",677,252811568.5,"Microsoft Azure",TRUE
"COMP-04098","Finance & Insurance",72,22458991.21,"Google Cloud Platform (GCP)",TRUE
"COMP-04099","Manufacturing",41,10594903.12,"AWS",TRUE
"COMP-04100","Retail & E-commerce",16,3278606.38,"AWS",FALSE
"COMP-04101","Healthcare",87,17094219.85,"Google Cloud Platform (GCP)",FALSE
"COMP-04102","Professional Services",860,230168721.77,"Google Cloud Platform (GCP)",FALSE
"COMP-04103","Healthcare",143,25322563.75,"Google Cloud Platform (GCP)",TRUE
"COMP-04104","Manufacturing",65,10276503.35,"Microsoft Azure",TRUE
"COMP-04105","Technology",366,114311060.38,"Google Cloud Platform (GCP)",TRUE
"COMP-04106","Professional Services",14,2653007.33,"AWS",TRUE
"COMP-04107","Retail & E-commerce",17,2471543.47,"On-Prem/Hybrid",FALSE
"COMP-04108","Finance & Insurance",591,277032988.57,"Microsoft Azure",TRUE
"COMP-04109","Finance & Insurance",78,19889574.36,"AWS",TRUE
"COMP-04110","Professional Services",304,80166975.36,"Microsoft Azure",TRUE
"COMP-04111","Professional Services",89,25213147.03,"AWS",FALSE
"COMP-04112","Manufacturing",296,34972037.24,"AWS",TRUE
"COMP-04113","Healthcare",1965,423391574.16,"AWS",TRUE
"COMP-04114","Technology",400,92334246.39,"AWS",TRUE
"COMP-04115","Technology",24,6756127.38,"Google Cloud Platform (GCP)",TRUE
"COMP-04116","Technology",53,22114521.38,"Google Cloud Platform (GCP)",TRUE
"COMP-04117","Finance & Insurance",34,14505778.34,"AWS",TRUE
"COMP-04118","Technology",35,7171090.73,"Microsoft Azure",TRUE
"COMP-04119","Healthcare",278,60588711.33,"Microsoft Azure",TRUE
"COMP-04120","Retail & E-commerce",132,68825186.13,"Microsoft Azure",TRUE
"COMP-04121","Technology",572,186254149.19,"Microsoft Azure",TRUE
"COMP-04122","Technology",302,84505833.45,"On-Prem/Hybrid",TRUE
"COMP-04123","Healthcare",47,8265753.13,"AWS",FALSE
"COMP-04124","Manufacturing",157,16271929.27,"AWS",TRUE
"COMP-04125","Finance & Insurance",550,204446540.87,"Microsoft Azure",TRUE
"COMP-04126","Manufacturing",107,29780772.12,"Google Cloud Platform (GCP)",FALSE
"COMP-04127","Healthcare",57,15297341.83,"On-Prem/Hybrid",FALSE
"COMP-04128","Finance & Insurance",25,13099502.24,"AWS",TRUE
"COMP-04129","Technology",286,111619769.05,"Google Cloud Platform (GCP)",FALSE
"COMP-04130","Retail & E-commerce",395,244879724.35,"AWS",FALSE
"COMP-04131","Manufacturing",75,19158446.88,"Microsoft Azure",FALSE
"COMP-04132","Technology",151,28890934.66,"Microsoft Azure",TRUE
"COMP-04133","Finance & Insurance",195,58253965.62,"AWS",TRUE
"COMP-04134","Finance & Insurance",27,9730654.1,"AWS",FALSE
"COMP-04135","Retail & E-commerce",607,148278975.47,"Microsoft Azure",TRUE
"COMP-04136","Healthcare",16,3313761.44,"Google Cloud Platform (GCP)",FALSE
"COMP-04137","Professional Services",151,29564418.2,"Google Cloud Platform (GCP)",TRUE
"COMP-04138","Manufacturing",177,73179411.71,"AWS",TRUE
"COMP-04139","Retail & E-commerce",152,27084556.37,"AWS",FALSE
"COMP-04140","Technology",103,21604122.26,"Google Cloud Platform (GCP)",FALSE
"COMP-04141","Technology",101,62060541.82,"AWS",TRUE
"COMP-04142","Professional Services",37,11527257.05,"Google Cloud Platform (GCP)",TRUE
"COMP-04143","Technology",59,29797386.84,"Microsoft Azure",TRUE
"COMP-04144","Finance & Insurance",72,32687884.33,"Other",TRUE
"COMP-04145","Retail & E-commerce",5,635806.15,"On-Prem/Hybrid",FALSE
"COMP-04146","Technology",130,39366099.94,"Google Cloud Platform (GCP)",FALSE
"COMP-04147","Healthcare",123,22360348.13,"Other",FALSE
"COMP-04148","Manufacturing",43,20939895.51,"Microsoft Azure",TRUE
"COMP-04149","Manufacturing",400,53319755.91,"Other",TRUE
"COMP-04150","Manufacturing",17,5313356.43,"Google Cloud Platform (GCP)",TRUE
"COMP-04151","Healthcare",79,35382000.15,"AWS",TRUE
"COMP-04152","Manufacturing",440,128221406.49,"On-Prem/Hybrid",FALSE
"COMP-04153","Technology",335,140736026.71,"Microsoft Azure",TRUE
"COMP-04154","Manufacturing",2188,830561870.23,"Microsoft Azure",TRUE
"COMP-04155","Finance & Insurance",275,78527299.11,"On-Prem/Hybrid",FALSE
"COMP-04156","Professional Services",90,18761201.14,"AWS",TRUE
"COMP-04157","Finance & Insurance",28,24310777.97,"AWS",TRUE
"COMP-04158","Healthcare",614,191020116.68,"AWS",TRUE
"COMP-04159","Healthcare",25,6997210.15,"AWS",FALSE
"COMP-04160","Professional Services",85,12695508.56,"Microsoft Azure",FALSE
"COMP-04161","Retail & E-commerce",120,14741134.83,"On-Prem/Hybrid",TRUE
"COMP-04162","Healthcare",90,19401543.63,"AWS",FALSE
"COMP-04163","Healthcare",107,79975032,"Microsoft Azure",FALSE
"COMP-04164","Retail & E-commerce",151,12729431.52,"AWS",TRUE
"COMP-04165","Professional Services",106,11323280.84,"Microsoft Azure",FALSE
"COMP-04166","Healthcare",48,22500520.63,"Google Cloud Platform (GCP)",TRUE
"COMP-04167","Technology",14,3028491.96,"On-Prem/Hybrid",TRUE
"COMP-04168","Technology",86,57839700.69,"AWS",FALSE
"COMP-04169","Technology",148,27251050.95,"AWS",TRUE
"COMP-04170","Professional Services",108,32598121.51,"AWS",TRUE
"COMP-04171","Manufacturing",401,121899921.62,"Microsoft Azure",TRUE
"COMP-04172","Healthcare",486,149891396.58,"Microsoft Azure",TRUE
"COMP-04173","Technology",34,14067379.77,"Microsoft Azure",TRUE
"COMP-04174","Finance & Insurance",270,97362174.62,"Google Cloud Platform (GCP)",TRUE
"COMP-04175","Retail & E-commerce",42,11850226.3,"Microsoft Azure",TRUE
"COMP-04176","Manufacturing",444,105785550.01,"Microsoft Azure",TRUE
"COMP-04177","Manufacturing",261,73427862.04,"Microsoft Azure",TRUE
"COMP-04178","Retail & E-commerce",52,12959690.31,"AWS",TRUE
"COMP-04179","Healthcare",9,3881680.78,"AWS",TRUE
"COMP-04180","Healthcare",603,150293388.03,"Microsoft Azure",TRUE
"COMP-04181","Healthcare",78,11685319.18,"Google Cloud Platform (GCP)",TRUE
"COMP-04182","Manufacturing",44,12514998.11,"On-Prem/Hybrid",FALSE
"COMP-04183","Healthcare",43,6989638.23,"AWS",TRUE
"COMP-04184","Finance & Insurance",657,361569893.03,"Google Cloud Platform (GCP)",TRUE
"COMP-04185","Technology",2716,1184073485.07,"Google Cloud Platform (GCP)",TRUE
"COMP-04186","Finance & Insurance",172,59784521.85,"AWS",TRUE
"COMP-04187","Healthcare",52,13015939.19,"Google Cloud Platform (GCP)",TRUE
"COMP-04188","Manufacturing",371,142523628.74,"Microsoft Azure",TRUE
"COMP-04189","Retail & E-commerce",187,35696094.75,"AWS",TRUE
"COMP-04190","Finance & Insurance",215,202481824.25,"Microsoft Azure",FALSE
"COMP-04191","Technology",169,44743388.45,"Microsoft Azure",TRUE
"COMP-04192","Healthcare",92,21627354.21,"On-Prem/Hybrid",TRUE
"COMP-04193","Retail & E-commerce",1021,285786315.95,"AWS",TRUE
"COMP-04194","Healthcare",78,13516794.36,"AWS",TRUE
"COMP-04195","Technology",422,147331496.18,"Other",TRUE
"COMP-04196","Manufacturing",101,10892787.72,"Google Cloud Platform (GCP)",FALSE
"COMP-04197","Technology",887,281922061.73,"AWS",TRUE
"COMP-04198","Technology",19,17642221.51,"Microsoft Azure",TRUE
"COMP-04199","Professional Services",128,21208353.09,"Microsoft Azure",TRUE
"COMP-04200","Manufacturing",343,143941252.76,"Microsoft Azure",TRUE
"COMP-04201","Professional Services",117,33326748.68,"AWS",TRUE
"COMP-04202","Technology",113,45520926.51,"Microsoft Azure",TRUE
"COMP-04203","Healthcare",88,16890045.15,"Microsoft Azure",FALSE
"COMP-04204","Healthcare",328,120088577.9,"Google Cloud Platform (GCP)",FALSE
"COMP-04205","Retail & E-commerce",742,168720081.26,"Google Cloud Platform (GCP)",FALSE
"COMP-04206","Technology",38,10644244.88,"Microsoft Azure",TRUE
"COMP-04207","Technology",177,44171283.32,"Microsoft Azure",TRUE
"COMP-04208","Finance & Insurance",1154,845125282.55,"AWS",TRUE
"COMP-04209","Professional Services",31,7882139.33,"AWS",TRUE
"COMP-04210","Finance & Insurance",196,49703541.86,"On-Prem/Hybrid",TRUE
"COMP-04211","Professional Services",135,40346050.68,"On-Prem/Hybrid",TRUE
"COMP-04212","Finance & Insurance",325,237706110.43,"Microsoft Azure",TRUE
"COMP-04213","Manufacturing",39,11033568.57,"AWS",TRUE
"COMP-04214","Manufacturing",138,55903279.04,"Other",FALSE
"COMP-04215","Healthcare",22,8921657.72,"Google Cloud Platform (GCP)",TRUE
"COMP-04216","Professional Services",63,21241495.37,"Microsoft Azure",TRUE
"COMP-04217","Professional Services",81,15119913.02,"On-Prem/Hybrid",TRUE
"COMP-04218","Professional Services",14,1932684.75,"Google Cloud Platform (GCP)",TRUE
"COMP-04219","Professional Services",491,103837136.68,"Microsoft Azure",FALSE
"COMP-04220","Professional Services",69,13721493.44,"Microsoft Azure",TRUE
"COMP-04221","Manufacturing",74,34344922.27,"On-Prem/Hybrid",TRUE
"COMP-04222","Technology",49,27195100.15,"Microsoft Azure",TRUE
"COMP-04223","Technology",93,45973147.01,"AWS",TRUE
"COMP-04224","Technology",74,13165068.85,"Microsoft Azure",TRUE
"COMP-04225","Retail & E-commerce",36,7615288.92,"Microsoft Azure",FALSE
"COMP-04226","Finance & Insurance",16,9349248.89,"Google Cloud Platform (GCP)",TRUE
"COMP-04227","Retail & E-commerce",246,44617910.47,"On-Prem/Hybrid",TRUE
"COMP-04228","Professional Services",332,70620695.98,"Microsoft Azure",TRUE
"COMP-04229","Technology",149,43439014.77,"Google Cloud Platform (GCP)",TRUE
"COMP-04230","Healthcare",274,102691554.6,"Microsoft Azure",TRUE
"COMP-04231","Professional Services",13,3178572.24,"AWS",TRUE
"COMP-04232","Technology",38,9060222.82,"Microsoft Azure",TRUE
"COMP-04233","Professional Services",109,20857920.63,"AWS",TRUE
"COMP-04234","Finance & Insurance",65,24385695.12,"AWS",FALSE
"COMP-04235","Technology",38,18911247.84,"Google Cloud Platform (GCP)",FALSE
"COMP-04236","Professional Services",25,7628128.03,"AWS",TRUE
"COMP-04237","Retail & E-commerce",70,15746504.67,"AWS",FALSE
"COMP-04238","Finance & Insurance",90,53481694.13,"Google Cloud Platform (GCP)",TRUE
"COMP-04239","Technology",20,3018635.25,"AWS",TRUE
"COMP-04240","Technology",207,93138348.23,"Microsoft Azure",TRUE
"COMP-04241","Manufacturing",48,16075825.14,"On-Prem/Hybrid",FALSE
"COMP-04242","Technology",461,88488335.48,"AWS",TRUE
"COMP-04243","Professional Services",27,9519024.94,"Google Cloud Platform (GCP)",TRUE
"COMP-04244","Professional Services",86,18382557.59,"Google Cloud Platform (GCP)",FALSE
"COMP-04245","Healthcare",583,113146506.01,"Microsoft Azure",TRUE
"COMP-04246","Technology",73,51330024.29,"AWS",FALSE
"COMP-04247","Manufacturing",186,47576383.02,"Microsoft Azure",FALSE
"COMP-04248","Finance & Insurance",25,21403467.49,"AWS",TRUE
"COMP-04249","Professional Services",218,47393509.85,"On-Prem/Hybrid",FALSE
"COMP-04250","Healthcare",145,37357522.92,"AWS",TRUE
"COMP-04251","Professional Services",164,37617475.5,"Microsoft Azure",TRUE
"COMP-04252","Retail & E-commerce",95,36588810.59,"AWS",FALSE
"COMP-04253","Healthcare",23,6946529.68,"On-Prem/Hybrid",FALSE
"COMP-04254","Professional Services",11,2258439.01,"Google Cloud Platform (GCP)",TRUE
"COMP-04255","Healthcare",253,67397200.49,"Microsoft Azure",FALSE
"COMP-04256","Retail & E-commerce",473,93101482.75,"Microsoft Azure",FALSE
"COMP-04257","Manufacturing",238,63906883.47,"Microsoft Azure",TRUE
"COMP-04258","Retail & E-commerce",92,23138460.63,"On-Prem/Hybrid",FALSE
"COMP-04259","Manufacturing",23,5237922.35,"AWS",FALSE
"COMP-04260","Manufacturing",62,15768468.77,"Other",TRUE
"COMP-04261","Technology",126,53794495.05,"Other",TRUE
"COMP-04262","Healthcare",1405,554163732.86,"Google Cloud Platform (GCP)",TRUE
"COMP-04263","Retail & E-commerce",60,14586176.22,"AWS",FALSE
"COMP-04264","Retail & E-commerce",235,66330662.15,"Google Cloud Platform (GCP)",TRUE
"COMP-04265","Technology",116,62514543.14,"Microsoft Azure",TRUE
"COMP-04266","Healthcare",22,9909889.75,"On-Prem/Hybrid",TRUE
"COMP-04267","Retail & E-commerce",168,17384603.95,"AWS",FALSE
"COMP-04268","Finance & Insurance",35,19279843.14,"AWS",TRUE
"COMP-04269","Professional Services",247,73883602.94,"Microsoft Azure",FALSE
"COMP-04270","Healthcare",235,65163051.1,"AWS",TRUE
"COMP-04271","Retail & E-commerce",108,19837757.78,"AWS",FALSE
"COMP-04272","Finance & Insurance",90,23880616.25,"AWS",TRUE
"COMP-04273","Technology",127,31229558.34,"Google Cloud Platform (GCP)",TRUE
"COMP-04274","Healthcare",334,139881187.77,"AWS",FALSE
"COMP-04275","Retail & E-commerce",1158,209846374.12,"AWS",TRUE
"COMP-04276","Healthcare",31,8241348.9,"Google Cloud Platform (GCP)",TRUE
"COMP-04277","Finance & Insurance",35,22403390,"AWS",TRUE
"COMP-04278","Professional Services",896,143575757.73,"Microsoft Azure",TRUE
"COMP-04279","Finance & Insurance",98,47022375.82,"AWS",FALSE
"COMP-04280","Manufacturing",52,7912278.21,"Microsoft Azure",FALSE
"COMP-04281","Technology",199,63891784.16,"AWS",FALSE
"COMP-04282","Healthcare",1173,142380342.64,"Microsoft Azure",TRUE
"COMP-04283","Technology",58,9203127.4,"AWS",TRUE
"COMP-04284","Technology",161,70373846.54,"Microsoft Azure",FALSE
"COMP-04285","Technology",202,91615823.3,"Microsoft Azure",TRUE
"COMP-04286","Finance & Insurance",77,65007721.71,"Google Cloud Platform (GCP)",TRUE
"COMP-04287","Technology",454,140835370,"AWS",TRUE
"COMP-04288","Retail & E-commerce",109,32238023.96,"Google Cloud Platform (GCP)",TRUE
"COMP-04289","Finance & Insurance",26,11991170.07,"On-Prem/Hybrid",TRUE
"COMP-04290","Technology",225,70953977.34,"AWS",FALSE
"COMP-04291","Healthcare",263,50557964.02,"AWS",TRUE
"COMP-04292","Manufacturing",154,32984682.34,"Other",FALSE
"COMP-04293","Retail & E-commerce",183,53880089.61,"Google Cloud Platform (GCP)",FALSE
"COMP-04294","Healthcare",327,128323894.7,"Microsoft Azure",FALSE
"COMP-04295","Healthcare",123,25360403.04,"On-Prem/Hybrid",FALSE
"COMP-04296","Retail & E-commerce",74,18945992.45,"Other",TRUE
"COMP-04297","Finance & Insurance",9,4612989.61,"Google Cloud Platform (GCP)",FALSE
"COMP-04298","Retail & E-commerce",186,33912267.47,"AWS",FALSE
"COMP-04299","Healthcare",42,14120657.42,"Microsoft Azure",TRUE
"COMP-04300","Finance & Insurance",115,16829445.77,"AWS",TRUE
"COMP-04301","Finance & Insurance",46,25792261.96,"Microsoft Azure",TRUE
"COMP-04302","Retail & E-commerce",17,5732139.42,"Google Cloud Platform (GCP)",FALSE
"COMP-04303","Technology",5,974279.38,"Microsoft Azure",TRUE
"COMP-04304","Technology",99,82334413.42,"Microsoft Azure",TRUE
"COMP-04305","Technology",391,80003335.63,"Google Cloud Platform (GCP)",TRUE
"COMP-04306","Retail & E-commerce",88,10899998.94,"Microsoft Azure",TRUE
"COMP-04307","Finance & Insurance",289,272105244.26,"Microsoft Azure",TRUE
"COMP-04308","Finance & Insurance",825,332911627.56,"Microsoft Azure",FALSE
"COMP-04309","Healthcare",35,9104377.33,"AWS",TRUE
"COMP-04310","Manufacturing",74,38796078.44,"AWS",FALSE
"COMP-04311","Healthcare",45,5451400.24,"Other",TRUE
"COMP-04312","Healthcare",89,18755811.98,"On-Prem/Hybrid",TRUE
"COMP-04313","Manufacturing",34,9206162.34,"Microsoft Azure",FALSE
"COMP-04314","Finance & Insurance",28,7396885.8,"Microsoft Azure",TRUE
"COMP-04315","Professional Services",60,9508332.98,"AWS",TRUE
"COMP-04316","Professional Services",341,35447835.86,"AWS",TRUE
"COMP-04317","Healthcare",38,9310251.92,"AWS",TRUE
"COMP-04318","Technology",49,9236682.23,"AWS",TRUE
"COMP-04319","Finance & Insurance",54,27807775.3,"Google Cloud Platform (GCP)",FALSE
"COMP-04320","Finance & Insurance",19,7841733.35,"On-Prem/Hybrid",TRUE
"COMP-04321","Finance & Insurance",37,12110593.63,"AWS",TRUE
"COMP-04322","Technology",31,17747953.98,"AWS",FALSE
"COMP-04323","Technology",19,4348623.83,"Microsoft Azure",TRUE
"COMP-04324","Finance & Insurance",106,47588651.4,"Microsoft Azure",TRUE
"COMP-04325","Manufacturing",63,9259822.01,"Other",TRUE
"COMP-04326","Professional Services",52,16395762.79,"AWS",FALSE
"COMP-04327","Retail & E-commerce",526,128797054.57,"AWS",FALSE
"COMP-04328","Retail & E-commerce",51,11646506.84,"AWS",FALSE
"COMP-04329","Retail & E-commerce",49,8140124.54,"Microsoft Azure",TRUE
"COMP-04330","Finance & Insurance",12,10812931.98,"Microsoft Azure",TRUE
"COMP-04331","Retail & E-commerce",268,51667444.68,"Microsoft Azure",TRUE
"COMP-04332","Professional Services",124,35275700.32,"Google Cloud Platform (GCP)",TRUE
"COMP-04333","Technology",100,30015038.18,"AWS",TRUE
"COMP-04334","Retail & E-commerce",183,45883452.86,"AWS",TRUE
"COMP-04335","Manufacturing",167,47741604.67,"AWS",FALSE
"COMP-04336","Technology",35,13840056.79,"AWS",TRUE
"COMP-04337","Finance & Insurance",552,309300468.2,"AWS",TRUE
"COMP-04338","Technology",49,20974576.02,"Microsoft Azure",TRUE
"COMP-04339","Finance & Insurance",38,13772136.12,"AWS",TRUE
"COMP-04340","Technology",37,6232939.97,"On-Prem/Hybrid",FALSE
"COMP-04341","Manufacturing",11,3623842.09,"Microsoft Azure",TRUE
"COMP-04342","Healthcare",187,71902757.6,"Microsoft Azure",TRUE
"COMP-04343","Technology",47,15051943.46,"AWS",TRUE
"COMP-04344","Technology",171,55918631.69,"On-Prem/Hybrid",TRUE
"COMP-04345","Professional Services",12,2436148.03,"AWS",TRUE
"COMP-04346","Retail & E-commerce",50,16937440.5,"Google Cloud Platform (GCP)",TRUE
"COMP-04347","Professional Services",118,27948533.75,"Google Cloud Platform (GCP)",FALSE
"COMP-04348","Manufacturing",32,5419148.77,"AWS",FALSE
"COMP-04349","Healthcare",296,84551814.86,"AWS",TRUE
"COMP-04350","Retail & E-commerce",6,1124710.2,"Google Cloud Platform (GCP)",FALSE
"COMP-04351","Retail & E-commerce",64,11368559.81,"Microsoft Azure",TRUE
"COMP-04352","Healthcare",118,27765563.11,"On-Prem/Hybrid",FALSE
"COMP-04353","Finance & Insurance",22,11128545.8,"AWS",TRUE
"COMP-04354","Manufacturing",37,12108536.53,"AWS",FALSE
"COMP-04355","Professional Services",26,3341898.58,"Microsoft Azure",FALSE
"COMP-04356","Retail & E-commerce",110,18315588.12,"Microsoft Azure",TRUE
"COMP-04357","Manufacturing",205,61984924.99,"Microsoft Azure",TRUE
"COMP-04358","Manufacturing",31,9756923.12,"AWS",TRUE
"COMP-04359","Retail & E-commerce",413,98139877.27,"Microsoft Azure",TRUE
"COMP-04360","Technology",25,4767213.05,"On-Prem/Hybrid",TRUE
"COMP-04361","Professional Services",200,36660135.97,"AWS",TRUE
"COMP-04362","Finance & Insurance",69,32282207.63,"Microsoft Azure",TRUE
"COMP-04363","Healthcare",150,21556124.7,"Microsoft Azure",FALSE
"COMP-04364","Manufacturing",34,6080212.97,"AWS",TRUE
"COMP-04365","Professional Services",212,46871600.44,"Microsoft Azure",TRUE
"COMP-04366","Retail & E-commerce",180,42815471.29,"Microsoft Azure",TRUE
"COMP-04367","Retail & E-commerce",173,33085740.54,"Microsoft Azure",TRUE
"COMP-04368","Professional Services",142,17808910.86,"On-Prem/Hybrid",TRUE
"COMP-04369","Professional Services",23,4285209.22,"AWS",FALSE
"COMP-04370","Professional Services",117,17937504.27,"AWS",TRUE
"COMP-04371","Technology",111,23381457.27,"Google Cloud Platform (GCP)",TRUE
"COMP-04372","Finance & Insurance",86,22925982.89,"AWS",TRUE
"COMP-04373","Healthcare",196,32395547,"AWS",FALSE
"COMP-04374","Manufacturing",239,177955990.38,"AWS",FALSE
"COMP-04375","Manufacturing",923,149503467.46,"AWS",FALSE
"COMP-04376","Technology",237,37889408.65,"Microsoft Azure",TRUE
"COMP-04377","Technology",52,22267997.52,"AWS",TRUE
"COMP-04378","Healthcare",83,20026196.85,"AWS",FALSE
"COMP-04379","Finance & Insurance",98,49880225.34,"On-Prem/Hybrid",FALSE
"COMP-04380","Healthcare",258,76627040.65,"Microsoft Azure",FALSE
"COMP-04381","Technology",324,168400434.62,"Google Cloud Platform (GCP)",TRUE
"COMP-04382","Retail & E-commerce",130,51351209,"AWS",FALSE
"COMP-04383","Technology",104,43346203.63,"Microsoft Azure",TRUE
"COMP-04384","Technology",64,20563971.49,"Microsoft Azure",TRUE
"COMP-04385","Technology",13,3538039.7,"Other",FALSE
"COMP-04386","Technology",78,15767976.75,"AWS",FALSE
"COMP-04387","Technology",90,35138020.48,"Microsoft Azure",TRUE
"COMP-04388","Manufacturing",97,20164966.58,"On-Prem/Hybrid",FALSE
"COMP-04389","Healthcare",79,27067596.2,"Microsoft Azure",TRUE
"COMP-04390","Manufacturing",70,15307569.6,"Microsoft Azure",TRUE
"COMP-04391","Retail & E-commerce",33,5856933.09,"Google Cloud Platform (GCP)",FALSE
"COMP-04392","Technology",39,12721607.16,"On-Prem/Hybrid",TRUE
"COMP-04393","Professional Services",11,2162528.94,"AWS",FALSE
"COMP-04394","Retail & E-commerce",735,86038548.33,"AWS",TRUE
"COMP-04395","Retail & E-commerce",152,35994041.43,"Microsoft Azure",FALSE
"COMP-04396","Manufacturing",38,10120903.2,"AWS",TRUE
"COMP-04397","Technology",51,13698279.63,"AWS",FALSE
"COMP-04398","Manufacturing",167,48561834.3,"Microsoft Azure",TRUE
"COMP-04399","Manufacturing",158,30987339.78,"Google Cloud Platform (GCP)",FALSE
"COMP-04400","Finance & Insurance",20,5841287.15,"AWS",FALSE
"COMP-04401","Manufacturing",154,43874116.53,"On-Prem/Hybrid",TRUE
"COMP-04402","Finance & Insurance",66,14504248,"Google Cloud Platform (GCP)",TRUE
"COMP-04403","Retail & E-commerce",38,11108252.08,"AWS",TRUE
"COMP-04404","Healthcare",69,31655213.26,"Microsoft Azure",FALSE
"COMP-04405","Retail & E-commerce",123,10899403.72,"AWS",TRUE
"COMP-04406","Technology",425,196302712.15,"Google Cloud Platform (GCP)",TRUE
"COMP-04407","Technology",14,6779199.8,"Microsoft Azure",FALSE
"COMP-04408","Finance & Insurance",30,9652459.89,"Microsoft Azure",TRUE
"COMP-04409","Healthcare",11,2315478.67,"On-Prem/Hybrid",TRUE
"COMP-04410","Technology",49,7251214.69,"Microsoft Azure",TRUE
"COMP-04411","Technology",245,105373920.88,"AWS",TRUE
"COMP-04412","Technology",295,145949042.66,"AWS",TRUE
"COMP-04413","Finance & Insurance",413,230834473.95,"AWS",TRUE
"COMP-04414","Manufacturing",187,66028119.72,"Google Cloud Platform (GCP)",TRUE
"COMP-04415","Finance & Insurance",210,86816944.12,"Google Cloud Platform (GCP)",TRUE
"COMP-04416","Manufacturing",21,5073344.93,"Google Cloud Platform (GCP)",FALSE
"COMP-04417","Manufacturing",47,8425832.21,"AWS",FALSE
"COMP-04418","Retail & E-commerce",419,135075265.65,"AWS",TRUE
"COMP-04419","Technology",41,7339362.26,"AWS",TRUE
"COMP-04420","Professional Services",158,30096700.57,"Google Cloud Platform (GCP)",TRUE
"COMP-04421","Manufacturing",47,12816448.51,"AWS",TRUE
"COMP-04422","Healthcare",58,8933617.43,"AWS",FALSE
"COMP-04423","Technology",30,6014455.74,"Microsoft Azure",TRUE
"COMP-04424","Manufacturing",65,9802254.9,"Microsoft Azure",TRUE
"COMP-04425","Professional Services",106,25393943.59,"AWS",FALSE
"COMP-04426","Technology",120,73253262.34,"Google Cloud Platform (GCP)",FALSE
"COMP-04427","Healthcare",124,35967381.39,"Microsoft Azure",FALSE
"COMP-04428","Technology",87,34512164.08,"Microsoft Azure",TRUE
"COMP-04429","Healthcare",79,14292627.92,"Microsoft Azure",TRUE
"COMP-04430","Technology",368,130388396.13,"Google Cloud Platform (GCP)",TRUE
"COMP-04431","Retail & E-commerce",94,37699292.07,"Microsoft Azure",TRUE
"COMP-04432","Retail & E-commerce",110,32907636.87,"Microsoft Azure",TRUE
"COMP-04433","Retail & E-commerce",503,133546217.54,"AWS",TRUE
"COMP-04434","Healthcare",41,8793210.98,"Microsoft Azure",FALSE
"COMP-04435","Manufacturing",31,6569001.61,"AWS",TRUE
"COMP-04436","Finance & Insurance",352,75784363.88,"Microsoft Azure",TRUE
"COMP-04437","Technology",1872,677681491.37,"Microsoft Azure",TRUE
"COMP-04438","Finance & Insurance",104,58452100.43,"Microsoft Azure",FALSE
"COMP-04439","Professional Services",370,59926252.98,"Microsoft Azure",TRUE
"COMP-04440","Manufacturing",36,15062050.12,"AWS",TRUE
"COMP-04441","Finance & Insurance",51,13298699.82,"AWS",TRUE
"COMP-04442","Retail & E-commerce",331,48881001.12,"AWS",FALSE
"COMP-04443","Technology",24,11574622.66,"AWS",TRUE
"COMP-04444","Manufacturing",28,6850636.38,"AWS",FALSE
"COMP-04445","Finance & Insurance",862,386133937.43,"Microsoft Azure",TRUE
"COMP-04446","Manufacturing",13,3645378.15,"AWS",FALSE
"COMP-04447","Healthcare",255,143711736.49,"Microsoft Azure",FALSE
"COMP-04448","Retail & E-commerce",405,120019718.29,"Google Cloud Platform (GCP)",TRUE
"COMP-04449","Professional Services",458,37846681.64,"Microsoft Azure",TRUE
"COMP-04450","Manufacturing",103,15711701.38,"Microsoft Azure",TRUE
"COMP-04451","Finance & Insurance",127,64983639.47,"Microsoft Azure",TRUE
"COMP-04452","Professional Services",149,17541822.95,"AWS",TRUE
"COMP-04453","Retail & E-commerce",148,33639875.53,"AWS",TRUE
"COMP-04454","Finance & Insurance",92,96678359.05,"On-Prem/Hybrid",TRUE
"COMP-04455","Finance & Insurance",48,21873541.64,"On-Prem/Hybrid",FALSE
"COMP-04456","Technology",125,47464983.07,"Microsoft Azure",FALSE
"COMP-04457","Retail & E-commerce",271,58889114.12,"Google Cloud Platform (GCP)",TRUE
"COMP-04458","Finance & Insurance",129,39922701.97,"Microsoft Azure",TRUE
"COMP-04459","Healthcare",98,38574483.98,"Microsoft Azure",TRUE
"COMP-04460","Finance & Insurance",90,27287136.99,"Microsoft Azure",TRUE
"COMP-04461","Professional Services",18,3283233.61,"Microsoft Azure",TRUE
"COMP-04462","Retail & E-commerce",265,49972451.62,"Microsoft Azure",TRUE
"COMP-04463","Technology",131,43071599.26,"AWS",FALSE
"COMP-04464","Healthcare",158,27799317.84,"Other",TRUE
"COMP-04465","Technology",130,55046436.85,"AWS",FALSE
"COMP-04466","Professional Services",103,24348895.02,"Other",FALSE
"COMP-04467","Professional Services",198,34411193.67,"Microsoft Azure",TRUE
"COMP-04468","Finance & Insurance",264,93007462.51,"Google Cloud Platform (GCP)",TRUE
"COMP-04469","Healthcare",5,1382514.6,"Microsoft Azure",TRUE
"COMP-04470","Finance & Insurance",187,101606879.6,"On-Prem/Hybrid",FALSE
"COMP-04471","Technology",359,55284983.72,"Other",TRUE
"COMP-04472","Technology",54,13957158.39,"AWS",FALSE
"COMP-04473","Technology",250,149406317.61,"Other",TRUE
"COMP-04474","Technology",584,154376368.41,"AWS",TRUE
"COMP-04475","Professional Services",501,105252194.5,"Google Cloud Platform (GCP)",FALSE
"COMP-04476","Manufacturing",15,3924086.84,"Google Cloud Platform (GCP)",TRUE
"COMP-04477","Manufacturing",5,2785892.71,"On-Prem/Hybrid",FALSE
"COMP-04478","Technology",105,19945023.36,"AWS",TRUE
"COMP-04479","Professional Services",167,36088752.5,"Microsoft Azure",TRUE
"COMP-04480","Finance & Insurance",157,97345030,"Microsoft Azure",FALSE
"COMP-04481","Finance & Insurance",252,82476849.6,"AWS",TRUE
"COMP-04482","Healthcare",17,6396103.23,"Other",FALSE
"COMP-04483","Manufacturing",49,11119555.38,"AWS",TRUE
"COMP-04484","Healthcare",229,27485170.32,"Microsoft Azure",TRUE
"COMP-04485","Retail & E-commerce",34,8037576.04,"AWS",FALSE
"COMP-04486","Manufacturing",328,101135743.88,"Microsoft Azure",TRUE
"COMP-04487","Technology",142,37496222.93,"Microsoft Azure",TRUE
"COMP-04488","Manufacturing",1187,163119026.85,"Microsoft Azure",FALSE
"COMP-04489","Technology",121,54583905.75,"AWS",FALSE
"COMP-04490","Finance & Insurance",94,48521811.98,"On-Prem/Hybrid",TRUE
"COMP-04491","Manufacturing",182,48219299.74,"Google Cloud Platform (GCP)",FALSE
"COMP-04492","Retail & E-commerce",15,3859471.54,"Microsoft Azure",TRUE
"COMP-04493","Professional Services",300,90769470.56,"Google Cloud Platform (GCP)",FALSE
"COMP-04494","Manufacturing",211,32346964.07,"AWS",TRUE
"COMP-04495","Finance & Insurance",944,654080623.28,"Microsoft Azure",TRUE
"COMP-04496","Manufacturing",749,142818167.47,"AWS",TRUE
"COMP-04497","Technology",109,56778301.75,"AWS",TRUE
"COMP-04498","Healthcare",150,37563584.16,"Other",TRUE
"COMP-04499","Manufacturing",44,5865435.11,"Microsoft Azure",FALSE
"COMP-04500","Professional Services",524,150857580.69,"AWS",FALSE
"COMP-04501","Professional Services",99,12288520.36,"Google Cloud Platform (GCP)",TRUE
"COMP-04502","Technology",25,5081503.5,"AWS",TRUE
"COMP-04503","Finance & Insurance",351,129032700.12,"On-Prem/Hybrid",TRUE
"COMP-04504","Retail & E-commerce",316,66322221.14,"Google Cloud Platform (GCP)",TRUE
"COMP-04505","Manufacturing",267,45593219.78,"Other",TRUE
"COMP-04506","Technology",286,146942466.11,"Microsoft Azure",TRUE
"COMP-04507","Technology",220,60222230.69,"Google Cloud Platform (GCP)",TRUE
"COMP-04508","Technology",312,182324925.08,"AWS",TRUE
"COMP-04509","Technology",120,44160236.7,"Microsoft Azure",TRUE
"COMP-04510","Retail & E-commerce",699,168742452.48,"AWS",FALSE
"COMP-04511","Manufacturing",147,62088580.76,"AWS",TRUE
"COMP-04512","Technology",384,86622459.88,"AWS",FALSE
"COMP-04513","Professional Services",43,11311728.73,"AWS",TRUE
"COMP-04514","Healthcare",14,4088332.44,"AWS",TRUE
"COMP-04515","Retail & E-commerce",159,19034187.19,"Google Cloud Platform (GCP)",TRUE
"COMP-04516","Retail & E-commerce",38,8774582.54,"Other",TRUE
"COMP-04517","Retail & E-commerce",5,980658.93,"Other",TRUE
"COMP-04518","Technology",143,69492941.66,"Google Cloud Platform (GCP)",TRUE
"COMP-04519","Healthcare",226,79599073.59,"AWS",FALSE
"COMP-04520","Healthcare",322,40124224.76,"Microsoft Azure",TRUE
"COMP-04521","Technology",29,6069584.91,"Microsoft Azure",TRUE
"COMP-04522","Professional Services",64,10868729.99,"Google Cloud Platform (GCP)",TRUE
"COMP-04523","Finance & Insurance",747,521617663.88,"Microsoft Azure",TRUE
"COMP-04524","Healthcare",180,83968276.65,"AWS",FALSE
"COMP-04525","Manufacturing",61,19701956.44,"Microsoft Azure",FALSE
"COMP-04526","Manufacturing",531,79030671.21,"AWS",TRUE
"COMP-04527","Professional Services",127,22802243.84,"On-Prem/Hybrid",TRUE
"COMP-04528","Retail & E-commerce",36,5182009.35,"Other",FALSE
"COMP-04529","Retail & E-commerce",31,7950025.78,"AWS",TRUE
"COMP-04530","Technology",112,50172046.84,"AWS",TRUE
"COMP-04531","Healthcare",256,151243645.76,"Microsoft Azure",TRUE
"COMP-04532","Technology",193,57667949.99,"AWS",TRUE
"COMP-04533","Healthcare",196,65836695.07,"AWS",TRUE
"COMP-04534","Technology",29,5863577.31,"Microsoft Azure",TRUE
"COMP-04535","Technology",171,51584888.63,"Google Cloud Platform (GCP)",FALSE
"COMP-04536","Technology",236,53126861.31,"Microsoft Azure",TRUE
"COMP-04537","Technology",13,2360276.35,"On-Prem/Hybrid",TRUE
"COMP-04538","Technology",920,331110727.05,"Microsoft Azure",TRUE
"COMP-04539","Retail & E-commerce",196,74296389.41,"Microsoft Azure",FALSE
"COMP-04540","Finance & Insurance",149,78780647.33,"On-Prem/Hybrid",TRUE
"COMP-04541","Healthcare",64,14192291.11,"Microsoft Azure",TRUE
"COMP-04542","Professional Services",51,19207256.11,"Microsoft Azure",TRUE
"COMP-04543","Manufacturing",27,6278929.91,"Microsoft Azure",TRUE
"COMP-04544","Technology",59,14500844.42,"On-Prem/Hybrid",TRUE
"COMP-04545","Healthcare",123,24801225.26,"On-Prem/Hybrid",FALSE
"COMP-04546","Technology",40,6089985.1,"AWS",TRUE
"COMP-04547","Manufacturing",50,22350871.57,"Google Cloud Platform (GCP)",FALSE
"COMP-04548","Manufacturing",18,5805241.82,"On-Prem/Hybrid",TRUE
"COMP-04549","Manufacturing",33,5389032.07,"AWS",TRUE
"COMP-04550","Manufacturing",266,55270861.89,"Microsoft Azure",FALSE
"COMP-04551","Finance & Insurance",10,5384490.03,"AWS",TRUE
"COMP-04552","Technology",90,34895833.4,"AWS",TRUE
"COMP-04553","Technology",48,7808380.23,"AWS",TRUE
"COMP-04554","Professional Services",93,22519423.39,"Microsoft Azure",TRUE
"COMP-04555","Technology",299,106205026.87,"Google Cloud Platform (GCP)",TRUE
"COMP-04556","Retail & E-commerce",61,3729224.37,"Other",FALSE
"COMP-04557","Manufacturing",66,12388469.08,"Microsoft Azure",TRUE
"COMP-04558","Professional Services",56,16991463.45,"Microsoft Azure",TRUE
"COMP-04559","Manufacturing",45,5661109.34,"Google Cloud Platform (GCP)",FALSE
"COMP-04560","Retail & E-commerce",184,26040924.35,"AWS",TRUE
"COMP-04561","Technology",85,22819865.66,"Microsoft Azure",TRUE
"COMP-04562","Healthcare",59,28353329.07,"Google Cloud Platform (GCP)",TRUE
"COMP-04563","Healthcare",74,13041032.64,"Google Cloud Platform (GCP)",TRUE
"COMP-04564","Manufacturing",90,31536469.71,"AWS",FALSE
"COMP-04565","Technology",454,81055335.02,"AWS",TRUE
"COMP-04566","Manufacturing",17,3557821.03,"Other",FALSE
"COMP-04567","Technology",106,17462260.85,"Google Cloud Platform (GCP)",FALSE
"COMP-04568","Healthcare",35,8829150.03,"Google Cloud Platform (GCP)",TRUE
"COMP-04569","Finance & Insurance",101,37255974.82,"Microsoft Azure",TRUE
"COMP-04570","Technology",116,47465145.71,"AWS",FALSE
"COMP-04571","Finance & Insurance",275,153585361.39,"AWS",TRUE
"COMP-04572","Professional Services",64,14200598.79,"Microsoft Azure",FALSE
"COMP-04573","Technology",36,14413910.08,"Microsoft Azure",TRUE
"COMP-04574","Manufacturing",330,153686205.86,"On-Prem/Hybrid",TRUE
"COMP-04575","Finance & Insurance",16,7012584.81,"Google Cloud Platform (GCP)",FALSE
"COMP-04576","Technology",1330,480931672.73,"Google Cloud Platform (GCP)",TRUE
"COMP-04577","Professional Services",16,3745544.41,"Microsoft Azure",TRUE
"COMP-04578","Technology",282,119806950.2,"Other",TRUE
"COMP-04579","Healthcare",634,191807444.56,"AWS",TRUE
"COMP-04580","Retail & E-commerce",10,1098014.08,"Microsoft Azure",FALSE
"COMP-04581","Finance & Insurance",12,9422705.24,"Microsoft Azure",TRUE
"COMP-04582","Technology",454,273249697.66,"Microsoft Azure",TRUE
"COMP-04583","Finance & Insurance",40,23025213.94,"On-Prem/Hybrid",TRUE
"COMP-04584","Finance & Insurance",130,86207183.9,"Microsoft Azure",FALSE
"COMP-04585","Finance & Insurance",16215,6461536040.65,"Microsoft Azure",TRUE
"COMP-04586","Finance & Insurance",75,48733079,"AWS",TRUE
"COMP-04587","Professional Services",106,16742204,"AWS",TRUE
"COMP-04588","Professional Services",15,1970284.43,"Microsoft Azure",TRUE
"COMP-04589","Professional Services",165,54375824.37,"Microsoft Azure",TRUE
"COMP-04590","Manufacturing",13,2660670.98,"Google Cloud Platform (GCP)",TRUE
"COMP-04591","Finance & Insurance",229,43620745.37,"AWS",TRUE
"COMP-04592","Technology",12,3588043.97,"Google Cloud Platform (GCP)",TRUE
"COMP-04593","Retail & E-commerce",21,4040484.66,"Other",FALSE
"COMP-04594","Professional Services",32,6986888.62,"Microsoft Azure",TRUE
"COMP-04595","Technology",221,97713058.63,"On-Prem/Hybrid",TRUE
"COMP-04596","Professional Services",495,128407797.66,"AWS",TRUE
"COMP-04597","Technology",332,70062800.85,"Google Cloud Platform (GCP)",FALSE
"COMP-04598","Healthcare",15,5635461.53,"On-Prem/Hybrid",FALSE
"COMP-04599","Finance & Insurance",60,16796980.88,"AWS",TRUE
"COMP-04600","Retail & E-commerce",42,7889533.88,"AWS",FALSE
"COMP-04601","Healthcare",17,3959182.31,"On-Prem/Hybrid",TRUE
"COMP-04602","Manufacturing",89,23188705.12,"Google Cloud Platform (GCP)",FALSE
"COMP-04603","Finance & Insurance",234,146214018.55,"AWS",TRUE
"COMP-04604","Technology",139,25786110.4,"Microsoft Azure",TRUE
"COMP-04605","Professional Services",584,56426947.83,"AWS",TRUE
"COMP-04606","Manufacturing",88,19235109.99,"AWS",FALSE
"COMP-04607","Manufacturing",55,15615974.93,"AWS",TRUE
"COMP-04608","Manufacturing",111,26009834.15,"Microsoft Azure",FALSE
"COMP-04609","Technology",52,12559171.44,"AWS",TRUE
"COMP-04610","Healthcare",113,36479645.39,"Google Cloud Platform (GCP)",FALSE
"COMP-04611","Retail & E-commerce",68,14336095.05,"Google Cloud Platform (GCP)",TRUE
"COMP-04612","Professional Services",105,18419662.18,"Other",TRUE
"COMP-04613","Technology",34,9748115.49,"AWS",TRUE
"COMP-04614","Manufacturing",119,35034948.08,"AWS",TRUE
"COMP-04615","Manufacturing",440,53253545.19,"AWS",FALSE
"COMP-04616","Manufacturing",8,1832937.3,"Google Cloud Platform (GCP)",FALSE
"COMP-04617","Retail & E-commerce",33,5401107.57,"Microsoft Azure",TRUE
"COMP-04618","Technology",92,32659626.87,"On-Prem/Hybrid",TRUE
"COMP-04619","Finance & Insurance",28,8125577.3,"Microsoft Azure",TRUE
"COMP-04620","Technology",274,214711839.43,"AWS",TRUE
"COMP-04621","Manufacturing",73,17851890.78,"Microsoft Azure",FALSE
"COMP-04622","Healthcare",158,54638970.42,"Microsoft Azure",TRUE
"COMP-04623","Professional Services",98,14734783.72,"AWS",FALSE
"COMP-04624","Healthcare",9,1813639.95,"AWS",TRUE
"COMP-04625","Technology",14,5185883.24,"Microsoft Azure",TRUE
"COMP-04626","Manufacturing",127,34511215.09,"Microsoft Azure",FALSE
"COMP-04627","Professional Services",76,36059984.01,"AWS",TRUE
"COMP-04628","Healthcare",269,80032250.46,"Google Cloud Platform (GCP)",TRUE
"COMP-04629","Professional Services",276,50574369.85,"Google Cloud Platform (GCP)",TRUE
"COMP-04630","Healthcare",11,3760183.73,"AWS",TRUE
"COMP-04631","Finance & Insurance",76,28441804.12,"AWS",TRUE
"COMP-04632","Finance & Insurance",175,56542694.98,"Other",FALSE
"COMP-04633","Manufacturing",213,42918678.3,"Microsoft Azure",TRUE
"COMP-04634","Retail & E-commerce",222,46468590.7,"On-Prem/Hybrid",TRUE
"COMP-04635","Professional Services",171,32955057.94,"AWS",FALSE
"COMP-04636","Healthcare",948,193364391.7,"AWS",TRUE
"COMP-04637","Manufacturing",16,5316431.42,"Microsoft Azure",FALSE
"COMP-04638","Technology",18,2866294.35,"On-Prem/Hybrid",TRUE
"COMP-04639","Manufacturing",26,6697281.62,"Google Cloud Platform (GCP)",TRUE
"COMP-04640","Technology",297,115141400.2,"AWS",TRUE
"COMP-04641","Manufacturing",832,171227353.27,"Microsoft Azure",FALSE
"COMP-04642","Finance & Insurance",93,30655075.04,"Google Cloud Platform (GCP)",TRUE
"COMP-04643","Professional Services",29,5575629.03,"Other",FALSE
"COMP-04644","Retail & E-commerce",24,2370952.79,"Google Cloud Platform (GCP)",FALSE
"COMP-04645","Finance & Insurance",257,153536420.99,"On-Prem/Hybrid",FALSE
"COMP-04646","Technology",132,44484458.82,"Google Cloud Platform (GCP)",TRUE
"COMP-04647","Finance & Insurance",132,29043009.4,"Google Cloud Platform (GCP)",TRUE
"COMP-04648","Retail & E-commerce",7,709665.65,"AWS",FALSE
"COMP-04649","Technology",7,2637717.82,"Microsoft Azure",TRUE
"COMP-04650","Professional Services",125,54430944.25,"AWS",FALSE
"COMP-04651","Healthcare",1037,280892348.37,"AWS",TRUE
"COMP-04652","Technology",86,21187140.37,"On-Prem/Hybrid",TRUE
"COMP-04653","Technology",190,185991235.76,"AWS",FALSE
"COMP-04654","Retail & E-commerce",117,45944284.38,"Other",FALSE
"COMP-04655","Manufacturing",15,2021333.7,"On-Prem/Hybrid",FALSE
"COMP-04656","Healthcare",395,41600232.24,"AWS",TRUE
"COMP-04657","Healthcare",419,204526403.07,"Microsoft Azure",FALSE
"COMP-04658","Healthcare",704,290340879.73,"Microsoft Azure",TRUE
"COMP-04659","Manufacturing",16,5871771.06,"Other",FALSE
"COMP-04660","Retail & E-commerce",33,12083931,"AWS",FALSE
"COMP-04661","Retail & E-commerce",1476,329943271.19,"Google Cloud Platform (GCP)",TRUE
"COMP-04662","Finance & Insurance",10,2598526.38,"Microsoft Azure",TRUE
"COMP-04663","Retail & E-commerce",53,11562682.7,"Google Cloud Platform (GCP)",TRUE
"COMP-04664","Manufacturing",210,32159760.38,"Microsoft Azure",FALSE
"COMP-04665","Finance & Insurance",128,68695274.84,"Microsoft Azure",TRUE
"COMP-04666","Technology",128,75834705.84,"On-Prem/Hybrid",FALSE
"COMP-04667","Finance & Insurance",33,10683388.01,"AWS",TRUE
"COMP-04668","Finance & Insurance",246,120550364.73,"AWS",TRUE
"COMP-04669","Retail & E-commerce",16,2038882.12,"AWS",FALSE
"COMP-04670","Technology",47,12970148.94,"Google Cloud Platform (GCP)",TRUE
"COMP-04671","Professional Services",69,18442153.24,"Microsoft Azure",TRUE
"COMP-04672","Professional Services",31,8143673.36,"AWS",FALSE
"COMP-04673","Finance & Insurance",260,102923567.2,"Microsoft Azure",TRUE
"COMP-04674","Retail & E-commerce",87,11863992.82,"Microsoft Azure",TRUE
"COMP-04675","Retail & E-commerce",221,55551713.39,"Microsoft Azure",FALSE
"COMP-04676","Technology",107,24575118.17,"AWS",TRUE
"COMP-04677","Manufacturing",55,7539906.42,"On-Prem/Hybrid",FALSE
"COMP-04678","Professional Services",235,43859114.94,"On-Prem/Hybrid",TRUE
"COMP-04679","Finance & Insurance",1019,541083158,"AWS",TRUE
"COMP-04680","Manufacturing",222,27029628.61,"AWS",FALSE
"COMP-04681","Professional Services",263,35144259,"AWS",TRUE
"COMP-04682","Technology",87,40827950.74,"On-Prem/Hybrid",TRUE
"COMP-04683","Professional Services",398,104967665.28,"AWS",TRUE
"COMP-04684","Manufacturing",107,22794267.36,"Google Cloud Platform (GCP)",TRUE
"COMP-04685","Professional Services",140,18192589.59,"Microsoft Azure",TRUE
"COMP-04686","Manufacturing",122,32800740.97,"Microsoft Azure",TRUE
"COMP-04687","Manufacturing",49,12504673.96,"AWS",FALSE
"COMP-04688","Retail & E-commerce",196,43209698.49,"AWS",TRUE
"COMP-04689","Technology",15,2555744.89,"Google Cloud Platform (GCP)",TRUE
"COMP-04690","Healthcare",65,21963703.67,"Microsoft Azure",TRUE
"COMP-04691","Professional Services",21,4888741.28,"Microsoft Azure",TRUE
"COMP-04692","Healthcare",17,4072790.34,"Microsoft Azure",FALSE
"COMP-04693","Healthcare",134,49314841.88,"AWS",TRUE
"COMP-04694","Healthcare",16,5433292.37,"Other",TRUE
"COMP-04695","Manufacturing",82,20524849.54,"AWS",TRUE
"COMP-04696","Finance & Insurance",64,32702151.34,"Microsoft Azure",FALSE
"COMP-04697","Manufacturing",15,2604909.03,"AWS",FALSE
"COMP-04698","Professional Services",11,1297768.32,"Microsoft Azure",FALSE
"COMP-04699","Technology",159,67450679.03,"Google Cloud Platform (GCP)",FALSE
"COMP-04700","Manufacturing",147,30153246.07,"Google Cloud Platform (GCP)",FALSE
"COMP-04701","Manufacturing",57,22911548.31,"AWS",TRUE
"COMP-04702","Retail & E-commerce",42,9547875.77,"Microsoft Azure",FALSE
"COMP-04703","Retail & E-commerce",16,1806915.18,"Other",FALSE
"COMP-04704","Healthcare",29,14714239.2,"Microsoft Azure",TRUE
"COMP-04705","Retail & E-commerce",15,7303004.27,"Microsoft Azure",TRUE
"COMP-04706","Professional Services",476,118474961.5,"Microsoft Azure",TRUE
"COMP-04707","Healthcare",9,3062866.87,"Other",TRUE
"COMP-04708","Professional Services",15,1858262.68,"Other",FALSE
"COMP-04709","Finance & Insurance",173,119311299.59,"AWS",FALSE
"COMP-04710","Manufacturing",12,1735238.91,"Other",FALSE
"COMP-04711","Retail & E-commerce",332,35757002.45,"AWS",TRUE
"COMP-04712","Retail & E-commerce",115,12771114.46,"Google Cloud Platform (GCP)",TRUE
"COMP-04713","Professional Services",517,114780709.79,"Microsoft Azure",FALSE
"COMP-04714","Technology",82,37268455.87,"Microsoft Azure",TRUE
"COMP-04715","Retail & E-commerce",129,22250005.57,"AWS",TRUE
"COMP-04716","Retail & E-commerce",173,44393752.7,"Microsoft Azure",FALSE
"COMP-04717","Healthcare",120,30224834.37,"AWS",FALSE
"COMP-04718","Manufacturing",119,18397433.03,"Microsoft Azure",FALSE
"COMP-04719","Retail & E-commerce",135,57486679.38,"AWS",TRUE
"COMP-04720","Retail & E-commerce",49,8833931.19,"Microsoft Azure",TRUE
"COMP-04721","Professional Services",64,11990261.84,"AWS",TRUE
"COMP-04722","Technology",677,131476829.82,"Microsoft Azure",FALSE
"COMP-04723","Retail & E-commerce",139,40457075.4,"On-Prem/Hybrid",TRUE
"COMP-04724","Manufacturing",200,14294709.19,"Microsoft Azure",FALSE
"COMP-04725","Finance & Insurance",56,19604556.57,"AWS",TRUE
"COMP-04726","Technology",296,213801983.89,"AWS",TRUE
"COMP-04727","Technology",203,125598340.59,"On-Prem/Hybrid",TRUE
"COMP-04728","Retail & E-commerce",71,8305357.46,"Microsoft Azure",FALSE
"COMP-04729","Professional Services",127,19019103.67,"AWS",FALSE
"COMP-04730","Retail & E-commerce",41,4154088.2,"AWS",TRUE
"COMP-04731","Technology",269,97942040.86,"On-Prem/Hybrid",TRUE
"COMP-04732","Finance & Insurance",50,20299398.12,"AWS",TRUE
"COMP-04733","Finance & Insurance",193,65907290.01,"On-Prem/Hybrid",TRUE
"COMP-04734","Technology",578,154466081.01,"Other",TRUE
"COMP-04735","Professional Services",947,343264270.91,"Google Cloud Platform (GCP)",TRUE
"COMP-04736","Manufacturing",32,5900900.67,"Microsoft Azure",FALSE
"COMP-04737","Healthcare",41,15138709.82,"On-Prem/Hybrid",TRUE
"COMP-04738","Manufacturing",165,45611179.77,"Microsoft Azure",TRUE
"COMP-04739","Retail & E-commerce",43,10862262.04,"AWS",FALSE
"COMP-04740","Retail & E-commerce",40,6770035.87,"Google Cloud Platform (GCP)",FALSE
"COMP-04741","Retail & E-commerce",1007,200466471.18,"Google Cloud Platform (GCP)",TRUE
"COMP-04742","Finance & Insurance",933,310797543.48,"AWS",TRUE
"COMP-04743","Professional Services",211,73206460.98,"Microsoft Azure",FALSE
"COMP-04744","Professional Services",475,41715723.4,"On-Prem/Hybrid",FALSE
"COMP-04745","Technology",41,15941008.8,"Google Cloud Platform (GCP)",TRUE
"COMP-04746","Retail & E-commerce",94,39689321.48,"AWS",FALSE
"COMP-04747","Finance & Insurance",273,154853890.94,"AWS",TRUE
"COMP-04748","Healthcare",407,112656987.61,"Google Cloud Platform (GCP)",FALSE
"COMP-04749","Healthcare",31,9496597.58,"AWS",FALSE
"COMP-04750","Professional Services",18,3648563.32,"AWS",FALSE
"COMP-04751","Retail & E-commerce",1691,463083822.35,"Google Cloud Platform (GCP)",FALSE
"COMP-04752","Retail & E-commerce",1529,456750554.8,"Microsoft Azure",FALSE
"COMP-04753","Technology",538,74264634.2,"AWS",TRUE
"COMP-04754","Retail & E-commerce",275,104306409.26,"Microsoft Azure",TRUE
"COMP-04755","Professional Services",17,3765155.24,"AWS",FALSE
"COMP-04756","Healthcare",438,153108237.9,"AWS",TRUE
"COMP-04757","Healthcare",61,13674957.28,"AWS",TRUE
"COMP-04758","Retail & E-commerce",106,12411327.67,"Google Cloud Platform (GCP)",FALSE
"COMP-04759","Technology",5,1480204.14,"AWS",TRUE
"COMP-04760","Technology",397,182273428.5,"Microsoft Azure",TRUE
"COMP-04761","Professional Services",118,23350819.31,"Other",FALSE
"COMP-04762","Technology",25,5981115.46,"AWS",FALSE
"COMP-04763","Healthcare",83,31344657.86,"AWS",TRUE
"COMP-04764","Retail & E-commerce",18,7269847.79,"AWS",TRUE
"COMP-04765","Manufacturing",45,8557184.71,"Google Cloud Platform (GCP)",FALSE
"COMP-04766","Technology",215,103228217.75,"AWS",FALSE
"COMP-04767","Professional Services",140,22359944.21,"AWS",FALSE
"COMP-04768","Manufacturing",210,67399996.7,"Microsoft Azure",TRUE
"COMP-04769","Finance & Insurance",57,48413995.87,"AWS",TRUE
"COMP-04770","Technology",936,247420799.73,"On-Prem/Hybrid",TRUE
"COMP-04771","Technology",24,14813375.51,"Microsoft Azure",FALSE
"COMP-04772","Manufacturing",284,37777552.01,"AWS",TRUE
"COMP-04773","Finance & Insurance",172,60464020.62,"Other",TRUE
"COMP-04774","Finance & Insurance",47,14688973.82,"Microsoft Azure",FALSE
"COMP-04775","Healthcare",211,50272759.49,"Microsoft Azure",TRUE
"COMP-04776","Finance & Insurance",1600,1164319211.59,"Other",TRUE
"COMP-04777","Technology",49,8601047.37,"Microsoft Azure",TRUE
"COMP-04778","Manufacturing",21,9177710.33,"Microsoft Azure",TRUE
"COMP-04779","Manufacturing",26,16376463.42,"AWS",TRUE
"COMP-04780","Technology",102,21850982.88,"Google Cloud Platform (GCP)",FALSE
"COMP-04781","Healthcare",33,9926656.55,"On-Prem/Hybrid",TRUE
"COMP-04782","Finance & Insurance",24,19075673.5,"On-Prem/Hybrid",TRUE
"COMP-04783","Technology",38,11833097.56,"Microsoft Azure",TRUE
"COMP-04784","Finance & Insurance",292,132622253.81,"Microsoft Azure",TRUE
"COMP-04785","Retail & E-commerce",133,28865392.66,"Google Cloud Platform (GCP)",TRUE
"COMP-04786","Retail & E-commerce",5,606591.05,"AWS",TRUE
"COMP-04787","Technology",78,13296791.35,"Other",TRUE
"COMP-04788","Finance & Insurance",57,14605603.14,"Microsoft Azure",TRUE
"COMP-04789","Technology",53,11845020.15,"AWS",TRUE
"COMP-04790","Healthcare",33,8513977.83,"AWS",FALSE
"COMP-04791","Manufacturing",472,97564454.54,"Google Cloud Platform (GCP)",TRUE
"COMP-04792","Technology",28,11890995.41,"Google Cloud Platform (GCP)",TRUE
"COMP-04793","Manufacturing",99,29109248.65,"Microsoft Azure",FALSE
"COMP-04794","Technology",327,82625811.96,"Microsoft Azure",TRUE
"COMP-04795","Retail & E-commerce",159,39404347.92,"On-Prem/Hybrid",TRUE
"COMP-04796","Finance & Insurance",89,33540941.19,"AWS",TRUE
"COMP-04797","Technology",24,5007443.84,"AWS",FALSE
"COMP-04798","Healthcare",11,2185182.09,"On-Prem/Hybrid",TRUE
"COMP-04799","Healthcare",37,22208252.39,"AWS",FALSE
"COMP-04800","Retail & E-commerce",245,44780251.42,"Google Cloud Platform (GCP)",TRUE
"COMP-04801","Finance & Insurance",49,58950546.28,"AWS",FALSE
"COMP-04802","Technology",70,27927400.63,"AWS",TRUE
"COMP-04803","Professional Services",90,17389516.91,"Google Cloud Platform (GCP)",FALSE
"COMP-04804","Retail & E-commerce",388,87141246.38,"Microsoft Azure",TRUE
"COMP-04805","Retail & E-commerce",39,10244987.6,"Google Cloud Platform (GCP)",TRUE
"COMP-04806","Retail & E-commerce",42,13016490.7,"AWS",TRUE
"COMP-04807","Professional Services",277,181085273.06,"AWS",TRUE
"COMP-04808","Technology",70,20092402.64,"AWS",TRUE
"COMP-04809","Retail & E-commerce",202,70034007.75,"Microsoft Azure",FALSE
"COMP-04810","Manufacturing",121,17239195.35,"Microsoft Azure",FALSE
"COMP-04811","Manufacturing",934,242287900.66,"Google Cloud Platform (GCP)",FALSE
"COMP-04812","Healthcare",209,76894990.02,"Google Cloud Platform (GCP)",FALSE
"COMP-04813","Retail & E-commerce",47,9489999.78,"Microsoft Azure",TRUE
"COMP-04814","Professional Services",70,10613875.49,"Google Cloud Platform (GCP)",FALSE
"COMP-04815","Professional Services",277,55978811.93,"Microsoft Azure",TRUE
"COMP-04816","Retail & E-commerce",116,39252944.72,"Microsoft Azure",TRUE
"COMP-04817","Professional Services",12,1533965.74,"Microsoft Azure",TRUE
"COMP-04818","Manufacturing",107,44625492.96,"AWS",TRUE
"COMP-04819","Retail & E-commerce",285,46392277.14,"AWS",TRUE
"COMP-04820","Healthcare",26,8356126.27,"Other",TRUE
"COMP-04821","Retail & E-commerce",233,48639841.95,"Microsoft Azure",TRUE
"COMP-04822","Technology",26,12792199.8,"AWS",TRUE
"COMP-04823","Professional Services",127,17890563.26,"Microsoft Azure",TRUE
"COMP-04824","Manufacturing",169,50283033.33,"Microsoft Azure",FALSE
"COMP-04825","Manufacturing",10,1950074.69,"On-Prem/Hybrid",FALSE
"COMP-04826","Retail & E-commerce",74,13389682.69,"Google Cloud Platform (GCP)",TRUE
"COMP-04827","Manufacturing",88,10583427.75,"On-Prem/Hybrid",FALSE
"COMP-04828","Technology",22,3749465.93,"Microsoft Azure",TRUE
"COMP-04829","Manufacturing",76,22978144.04,"Microsoft Azure",FALSE
"COMP-04830","Finance & Insurance",92,71795624.4,"AWS",TRUE
"COMP-04831","Technology",26,8714711.59,"Microsoft Azure",TRUE
"COMP-04832","Healthcare",169,60898222.46,"Microsoft Azure",TRUE
"COMP-04833","Manufacturing",36,8701018.24,"Microsoft Azure",FALSE
"COMP-04834","Finance & Insurance",22,9793672.97,"Google Cloud Platform (GCP)",TRUE
"COMP-04835","Manufacturing",318,82474189.45,"Microsoft Azure",FALSE
"COMP-04836","Professional Services",72,18701488.81,"Microsoft Azure",TRUE
"COMP-04837","Professional Services",515,145369202.19,"Microsoft Azure",TRUE
"COMP-04838","Technology",18,11865323.83,"Other",TRUE
"COMP-04839","Healthcare",101,55485231.97,"AWS",FALSE
"COMP-04840","Professional Services",68,14264274.63,"Google Cloud Platform (GCP)",TRUE
"COMP-04841","Finance & Insurance",13,6015663.31,"Microsoft Azure",FALSE
"COMP-04842","Healthcare",216,49420363.55,"AWS",TRUE
"COMP-04843","Manufacturing",154,34050805.77,"AWS",FALSE
"COMP-04844","Healthcare",130,23812274.96,"Microsoft Azure",FALSE
"COMP-04845","Healthcare",63,30866462.9,"On-Prem/Hybrid",FALSE
"COMP-04846","Finance & Insurance",391,340893883.69,"AWS",TRUE
"COMP-04847","Finance & Insurance",65,27319395.94,"Google Cloud Platform (GCP)",TRUE
"COMP-04848","Technology",34,16910827.69,"On-Prem/Hybrid",TRUE
"COMP-04849","Finance & Insurance",124,60616475.48,"AWS",TRUE
"COMP-04850","Professional Services",40,7946012.56,"On-Prem/Hybrid",FALSE
"COMP-04851","Professional Services",5,1838982.01,"AWS",TRUE
"COMP-04852","Manufacturing",125,26488713.73,"On-Prem/Hybrid",TRUE
"COMP-04853","Professional Services",69,7964257.6,"AWS",FALSE
"COMP-04854","Manufacturing",197,63334193.54,"Microsoft Azure",TRUE
"COMP-04855","Professional Services",172,27390763.52,"Microsoft Azure",TRUE
"COMP-04856","Retail & E-commerce",121,32263464.89,"AWS",FALSE
"COMP-04857","Finance & Insurance",58,16478039.1,"AWS",TRUE
"COMP-04858","Finance & Insurance",36,12124125.21,"Microsoft Azure",TRUE
"COMP-04859","Healthcare",201,32869992.01,"Google Cloud Platform (GCP)",TRUE
"COMP-04860","Healthcare",769,262145962.68,"Microsoft Azure",TRUE
"COMP-04861","Healthcare",31,9486303.09,"AWS",FALSE
"COMP-04862","Healthcare",396,136496353.47,"AWS",TRUE
"COMP-04863","Manufacturing",844,455602649.52,"Microsoft Azure",TRUE
"COMP-04864","Professional Services",590,161535444.26,"On-Prem/Hybrid",TRUE
"COMP-04865","Professional Services",55,10875408.93,"AWS",TRUE
"COMP-04866","Finance & Insurance",104,44999629.9,"Microsoft Azure",TRUE
"COMP-04867","Technology",14,3568841.04,"On-Prem/Hybrid",TRUE
"COMP-04868","Manufacturing",66,12261685.56,"On-Prem/Hybrid",TRUE
"COMP-04869","Technology",48,14300823.36,"Microsoft Azure",FALSE
"COMP-04870","Professional Services",261,44516359.73,"On-Prem/Hybrid",TRUE
"COMP-04871","Finance & Insurance",36,34647897.03,"AWS",TRUE
"COMP-04872","Retail & E-commerce",41,18695197.69,"Google Cloud Platform (GCP)",TRUE
"COMP-04873","Retail & E-commerce",100,15254175.31,"Microsoft Azure",TRUE
"COMP-04874","Retail & E-commerce",31,2427702.64,"AWS",TRUE
"COMP-04875","Healthcare",12,2501954.46,"Microsoft Azure",TRUE
"COMP-04876","Technology",152,39023777.2,"On-Prem/Hybrid",TRUE
"COMP-04877","Healthcare",11,4768632.71,"AWS",FALSE
"COMP-04878","Retail & E-commerce",61,11407270,"Google Cloud Platform (GCP)",FALSE
"COMP-04879","Finance & Insurance",353,112128497.04,"Google Cloud Platform (GCP)",TRUE
"COMP-04880","Retail & E-commerce",144,47552010.62,"AWS",TRUE
"COMP-04881","Healthcare",181,66188171.56,"AWS",FALSE
"COMP-04882","Healthcare",27,6728098.43,"AWS",FALSE
"COMP-04883","Retail & E-commerce",20,4215441.25,"AWS",FALSE
"COMP-04884","Professional Services",242,37605212.82,"On-Prem/Hybrid",FALSE
"COMP-04885","Healthcare",21,5289729.18,"Google Cloud Platform (GCP)",TRUE
"COMP-04886","Technology",443,198762367.36,"AWS",TRUE
"COMP-04887","Manufacturing",139,25644292.28,"Microsoft Azure",TRUE
"COMP-04888","Retail & E-commerce",95,34968606.33,"On-Prem/Hybrid",TRUE
"COMP-04889","Professional Services",131,35347569.24,"AWS",FALSE
"COMP-04890","Technology",20,4360561.69,"AWS",TRUE
"COMP-04891","Healthcare",160,62082656.54,"On-Prem/Hybrid",FALSE
"COMP-04892","Technology",309,121189460.23,"Google Cloud Platform (GCP)",TRUE
"COMP-04893","Manufacturing",29,4087660.04,"AWS",TRUE
"COMP-04894","Manufacturing",73,19565413.63,"Microsoft Azure",TRUE
"COMP-04895","Retail & E-commerce",32,8240871.66,"Microsoft Azure",TRUE
"COMP-04896","Technology",101,17287001.02,"AWS",FALSE
"COMP-04897","Technology",53,21279150.72,"AWS",TRUE
"COMP-04898","Retail & E-commerce",292,29520590.78,"AWS",TRUE
"COMP-04899","Finance & Insurance",22,10622402.84,"AWS",TRUE
"COMP-04900","Manufacturing",80,10244972.48,"Other",TRUE
"COMP-04901","Professional Services",95,7553003.49,"Microsoft Azure",TRUE
"COMP-04902","Finance & Insurance",10,4974342.9,"Google Cloud Platform (GCP)",TRUE
"COMP-04903","Retail & E-commerce",66,10674314.5,"AWS",FALSE
"COMP-04904","Retail & E-commerce",30,5325088.42,"Microsoft Azure",TRUE
"COMP-04905","Retail & E-commerce",41,5222021.93,"Microsoft Azure",FALSE
"COMP-04906","Healthcare",212,50563972.37,"Google Cloud Platform (GCP)",TRUE
"COMP-04907","Retail & E-commerce",236,40716352.49,"AWS",FALSE
"COMP-04908","Finance & Insurance",19,10885193.2,"AWS",TRUE
"COMP-04909","Healthcare",80,16769286.45,"AWS",TRUE
"COMP-04910","Healthcare",13,2937756.28,"Microsoft Azure",FALSE
"COMP-04911","Healthcare",247,63083631.97,"AWS",FALSE
"COMP-04912","Retail & E-commerce",46,7214080.57,"AWS",FALSE
"COMP-04913","Healthcare",294,58354640.96,"Microsoft Azure",TRUE
"COMP-04914","Professional Services",20,3995095.59,"AWS",TRUE
"COMP-04915","Technology",418,140758885.14,"Microsoft Azure",TRUE
"COMP-04916","Manufacturing",43,9366066.92,"Google Cloud Platform (GCP)",TRUE
"COMP-04917","Technology",34,9080946.34,"AWS",TRUE
"COMP-04918","Manufacturing",53,15017253.16,"Microsoft Azure",FALSE
"COMP-04919","Professional Services",24,6880397.79,"Google Cloud Platform (GCP)",TRUE
"COMP-04920","Manufacturing",6,1625618.98,"Microsoft Azure",TRUE
"COMP-04921","Retail & E-commerce",91,15594005.07,"Microsoft Azure",TRUE
"COMP-04922","Technology",795,392304729.43,"On-Prem/Hybrid",TRUE
"COMP-04923","Retail & E-commerce",101,19342478.33,"Microsoft Azure",TRUE
"COMP-04924","Healthcare",124,14893205.53,"Google Cloud Platform (GCP)",FALSE
"COMP-04925","Technology",695,327600202.95,"Microsoft Azure",TRUE
"COMP-04926","Professional Services",66,26008473.03,"AWS",FALSE
"COMP-04927","Technology",31,10044887.58,"AWS",TRUE
"COMP-04928","Retail & E-commerce",135,74087150.49,"Google Cloud Platform (GCP)",TRUE
"COMP-04929","Technology",84,29527898.33,"AWS",TRUE
"COMP-04930","Technology",62,23317005.07,"Microsoft Azure",TRUE
"COMP-04931","Finance & Insurance",119,27090122.17,"Microsoft Azure",FALSE
"COMP-04932","Finance & Insurance",64,33695100.7,"AWS",FALSE
"COMP-04933","Healthcare",35,5781576.57,"Google Cloud Platform (GCP)",TRUE
"COMP-04934","Finance & Insurance",12,8110486.47,"Microsoft Azure",TRUE
"COMP-04935","Retail & E-commerce",28,4714227.61,"Google Cloud Platform (GCP)",TRUE
"COMP-04936","Manufacturing",39,4547373.92,"Google Cloud Platform (GCP)",FALSE
"COMP-04937","Technology",125,59216658.66,"Microsoft Azure",TRUE
"COMP-04938","Professional Services",67,16219923.01,"AWS",TRUE
"COMP-04939","Professional Services",37,11294139.07,"AWS",FALSE
"COMP-04940","Technology",18,5487354.72,"Microsoft Azure",TRUE
"COMP-04941","Healthcare",94,20571917.9,"AWS",FALSE
"COMP-04942","Retail & E-commerce",352,75704968.13,"AWS",TRUE
"COMP-04943","Healthcare",36,10381729.61,"Google Cloud Platform (GCP)",FALSE
"COMP-04944","Healthcare",373,166724099.35,"AWS",TRUE
"COMP-04945","Manufacturing",42,9034158.43,"AWS",TRUE
"COMP-04946","Retail & E-commerce",1830,421339012.8,"Microsoft Azure",TRUE
"COMP-04947","Finance & Insurance",55,28343004.18,"Google Cloud Platform (GCP)",TRUE
"COMP-04948","Healthcare",284,48641225.02,"Microsoft Azure",FALSE
"COMP-04949","Technology",159,26895994.14,"AWS",FALSE
"COMP-04950","Finance & Insurance",75,14664743.16,"AWS",TRUE
"COMP-04951","Technology",25,14843115.72,"AWS",TRUE
"COMP-04952","Technology",124,34168921.59,"AWS",TRUE
"COMP-04953","Retail & E-commerce",306,122600780.21,"Microsoft Azure",FALSE
"COMP-04954","Healthcare",77,19990532.51,"Microsoft Azure",TRUE
"COMP-04955","Manufacturing",68,32825787.2,"Microsoft Azure",TRUE
"COMP-04956","Finance & Insurance",859,547659219.55,"Microsoft Azure",FALSE
"COMP-04957","Professional Services",34,7007271.67,"On-Prem/Hybrid",TRUE
"COMP-04958","Technology",63,23984978.9,"Google Cloud Platform (GCP)",TRUE
"COMP-04959","Finance & Insurance",44,32831984.72,"Google Cloud Platform (GCP)",TRUE
"COMP-04960","Finance & Insurance",814,481942127.24,"Microsoft Azure",TRUE
"COMP-04961","Technology",294,58268337.12,"Microsoft Azure",TRUE
"COMP-04962","Technology",136,35390897.83,"Microsoft Azure",TRUE
"COMP-04963","Technology",60,33917563.12,"On-Prem/Hybrid",TRUE
"COMP-04964","Healthcare",385,72644124.94,"Google Cloud Platform (GCP)",TRUE
"COMP-04965","Finance & Insurance",225,98283883.91,"On-Prem/Hybrid",TRUE
"COMP-04966","Manufacturing",143,29638932.06,"AWS",TRUE
"COMP-04967","Healthcare",78,15757874.33,"Other",FALSE
"COMP-04968","Technology",118,37308873.67,"Microsoft Azure",FALSE
"COMP-04969","Technology",10,1812631.6,"Google Cloud Platform (GCP)",TRUE
"COMP-04970","Technology",5,1067716.58,"Google Cloud Platform (GCP)",TRUE
"COMP-04971","Healthcare",187,38924477.33,"AWS",FALSE
"COMP-04972","Finance & Insurance",502,299991802.89,"AWS",TRUE
"COMP-04973","Manufacturing",43,8963805.62,"Google Cloud Platform (GCP)",TRUE
"COMP-04974","Manufacturing",570,245847381.11,"AWS",TRUE
"COMP-04975","Technology",209,59881930.45,"Other",TRUE
"COMP-04976","Technology",512,213497043.16,"AWS",FALSE
"COMP-04977","Manufacturing",506,122778644.86,"Microsoft Azure",TRUE
"COMP-04978","Finance & Insurance",64,40588137.27,"Google Cloud Platform (GCP)",TRUE
"COMP-04979","Healthcare",168,45962443.68,"AWS",TRUE
"COMP-04980","Finance & Insurance",109,84982188.82,"Microsoft Azure",TRUE
"COMP-04981","Technology",31,13929696.98,"Other",TRUE
"COMP-04982","Retail & E-commerce",129,41475316.17,"Google Cloud Platform (GCP)",TRUE
"COMP-04983","Manufacturing",55,35154168.46,"Other",TRUE
"COMP-04984","Healthcare",258,112845506.09,"AWS",TRUE
"COMP-04985","Technology",152,118177902.87,"Microsoft Azure",TRUE
"COMP-04986","Manufacturing",101,14196134.27,"AWS",TRUE
"COMP-04987","Healthcare",481,82862128.95,"AWS",TRUE
"COMP-04988","Professional Services",162,24424304.95,"AWS",FALSE
"COMP-04989","Technology",627,324643103.47,"AWS",TRUE
"COMP-04990","Professional Services",6,2890942.11,"Google Cloud Platform (GCP)",TRUE
"COMP-04991","Professional Services",227,64324913.94,"AWS",TRUE
"COMP-04992","Retail & E-commerce",15,5775209.17,"AWS",FALSE
"COMP-04993","Technology",170,51767133.9,"Other",TRUE
"COMP-04994","Technology",30,6826824.25,"AWS",TRUE
"COMP-04995","Healthcare",79,11797875.74,"Microsoft Azure",TRUE
"COMP-04996","Retail & E-commerce",122,54449964.78,"Microsoft Azure",FALSE
"COMP-04997","Retail & E-commerce",478,111791694.48,"AWS",TRUE
"COMP-04998","Finance & Insurance",91,35717354.19,"Google Cloud Platform (GCP)",TRUE
"COMP-04999","Manufacturing",423,106677292.34,"AWS",TRUE
"COMP-05000","Technology",212,102664755.84,"Microsoft Azure",TRUE
"COMP-05001","Healthcare",30,8777868.3,"AWS",TRUE
"COMP-05002","Manufacturing",50,9295158.91,"On-Prem/Hybrid",FALSE
"COMP-05003","Retail & E-commerce",5,896773.62,"AWS",TRUE
"COMP-05004","Healthcare",39,7581033.69,"AWS",FALSE
"COMP-05005","Retail & E-commerce",129,16920018.97,"Other",TRUE
"COMP-05006","Technology",83,38147142.5,"On-Prem/Hybrid",TRUE
"COMP-05007","Manufacturing",32,10038515.47,"Google Cloud Platform (GCP)",TRUE
"COMP-05008","Finance & Insurance",40,39367980.15,"Microsoft Azure",TRUE
"COMP-05009","Healthcare",110,53986292.05,"Google Cloud Platform (GCP)",FALSE
"COMP-05010","Technology",98,28363902.3,"Microsoft Azure",FALSE
"COMP-05011","Retail & E-commerce",6,991239.4,"AWS",FALSE
"COMP-05012","Technology",30,16231394.96,"AWS",TRUE
"COMP-05013","Manufacturing",83,16465266.05,"Google Cloud Platform (GCP)",TRUE
"COMP-05014","Technology",257,117131321.74,"AWS",TRUE
"COMP-05015","Healthcare",8,2440594.61,"AWS",FALSE
"COMP-05016","Technology",82,14454963.56,"Google Cloud Platform (GCP)",FALSE
"COMP-05017","Healthcare",19,4873777.15,"AWS",TRUE
"COMP-05018","Technology",233,121311902.72,"AWS",TRUE
"COMP-05019","Finance & Insurance",53,58292031.61,"Google Cloud Platform (GCP)",TRUE
"COMP-05020","Technology",56,21925716.46,"Microsoft Azure",TRUE
"COMP-05021","Technology",33,8730334.21,"Microsoft Azure",TRUE
"COMP-05022","Technology",14,5702974.33,"Microsoft Azure",TRUE
"COMP-05023","Manufacturing",19,5698055.71,"AWS",FALSE
"COMP-05024","Finance & Insurance",52,39333521.34,"Microsoft Azure",TRUE
"COMP-05025","Manufacturing",171,98809559.45,"AWS",FALSE
"COMP-05026","Retail & E-commerce",138,23126970.03,"Microsoft Azure",TRUE
"COMP-05027","Technology",746,254400159.87,"Microsoft Azure",TRUE
"COMP-05028","Finance & Insurance",124,63780805.35,"AWS",TRUE
"COMP-05029","Technology",50,11639485.28,"AWS",TRUE
"COMP-05030","Technology",173,39929176.37,"AWS",TRUE
"COMP-05031","Manufacturing",60,18287579.5,"Microsoft Azure",TRUE
"COMP-05032","Professional Services",450,60287817.79,"AWS",TRUE
"COMP-05033","Professional Services",98,9477267.18,"Google Cloud Platform (GCP)",FALSE
"COMP-05034","Professional Services",1518,182592721.63,"On-Prem/Hybrid",TRUE
"COMP-05035","Professional Services",6,1314532.35,"Google Cloud Platform (GCP)",FALSE
"COMP-05036","Finance & Insurance",20,16533622.18,"AWS",TRUE
"COMP-05037","Manufacturing",220,52569810.47,"AWS",FALSE
"COMP-05038","Professional Services",189,42621723.02,"Microsoft Azure",TRUE
"COMP-05039","Finance & Insurance",89,48487849.44,"Microsoft Azure",TRUE
"COMP-05040","Healthcare",7,3358329.5,"Microsoft Azure",TRUE
"COMP-05041","Finance & Insurance",32,12465101.8,"Microsoft Azure",TRUE
"COMP-05042","Healthcare",321,60380335.15,"Microsoft Azure",TRUE
"COMP-05043","Healthcare",300,43683972.36,"Microsoft Azure",TRUE
"COMP-05044","Manufacturing",47,9771535.62,"Other",TRUE
"COMP-05045","Finance & Insurance",54,18261730.43,"Google Cloud Platform (GCP)",TRUE
"COMP-05046","Professional Services",14,3266092.54,"Microsoft Azure",TRUE
"COMP-05047","Finance & Insurance",79,48943315.75,"Microsoft Azure",TRUE
"COMP-05048","Healthcare",146,57203494.94,"Microsoft Azure",FALSE
"COMP-05049","Manufacturing",185,44109366.45,"Microsoft Azure",TRUE
"COMP-05050","Healthcare",993,218300151.06,"Microsoft Azure",TRUE
"COMP-05051","Manufacturing",491,49152518.78,"AWS",TRUE
"COMP-05052","Technology",250,100482306.7,"AWS",TRUE
"COMP-05053","Finance & Insurance",20,8292184.61,"Microsoft Azure",TRUE
"COMP-05054","Manufacturing",95,29198027.9,"AWS",TRUE
"COMP-05055","Technology",228,53738705.11,"AWS",TRUE
"COMP-05056","Technology",32,16701322.24,"Google Cloud Platform (GCP)",FALSE
"COMP-05057","Retail & E-commerce",26,7388200.91,"On-Prem/Hybrid",FALSE
"COMP-05058","Manufacturing",14,5098920.09,"AWS",FALSE
"COMP-05059","Manufacturing",88,6323571.23,"Other",TRUE
"COMP-05060","Professional Services",27,9210238.56,"AWS",FALSE
"COMP-05061","Technology",31,12303984.54,"On-Prem/Hybrid",TRUE
"COMP-05062","Technology",49,16329989.86,"Microsoft Azure",FALSE
"COMP-05063","Professional Services",85,16014364.09,"AWS",FALSE
"COMP-05064","Healthcare",131,55515415.85,"On-Prem/Hybrid",TRUE
"COMP-05065","Manufacturing",32,10156240.15,"Microsoft Azure",TRUE
"COMP-05066","Professional Services",73,39224441.84,"AWS",TRUE
"COMP-05067","Technology",299,65608615.08,"AWS",FALSE
"COMP-05068","Healthcare",184,52362053.49,"Other",FALSE
"COMP-05069","Manufacturing",1874,326665107.79,"Microsoft Azure",FALSE
"COMP-05070","Technology",33,11148337.45,"AWS",FALSE
"COMP-05071","Professional Services",102,15532105.9,"Microsoft Azure",TRUE
"COMP-05072","Technology",83,20868389.89,"Google Cloud Platform (GCP)",TRUE
"COMP-05073","Manufacturing",931,441738629.46,"Google Cloud Platform (GCP)",TRUE
"COMP-05074","Professional Services",47,7631562.67,"On-Prem/Hybrid",FALSE
"COMP-05075","Healthcare",38,10133764.9,"Other",FALSE
"COMP-05076","Healthcare",267,74863513.09,"Microsoft Azure",TRUE
"COMP-05077","Finance & Insurance",379,178298259.37,"On-Prem/Hybrid",TRUE
"COMP-05078","Retail & E-commerce",289,33359592.99,"AWS",TRUE
"COMP-05079","Technology",28,11915162.09,"Microsoft Azure",FALSE
"COMP-05080","Manufacturing",60,13885585.93,"AWS",TRUE
"COMP-05081","Retail & E-commerce",1673,130227227.7,"Google Cloud Platform (GCP)",TRUE
"COMP-05082","Technology",10,3151710.68,"Microsoft Azure",TRUE
"COMP-05083","Professional Services",804,232545868.73,"Other",TRUE
"COMP-05084","Technology",239,135802092.59,"Microsoft Azure",TRUE
"COMP-05085","Retail & E-commerce",43,14940034.6,"On-Prem/Hybrid",TRUE
"COMP-05086","Manufacturing",64,16318896.63,"Microsoft Azure",TRUE
"COMP-05087","Retail & E-commerce",27,7429760.44,"AWS",TRUE
"COMP-05088","Professional Services",58,7542106.17,"Google Cloud Platform (GCP)",TRUE
"COMP-05089","Technology",145,32796994.91,"AWS",FALSE
"COMP-05090","Finance & Insurance",197,44422204.37,"Microsoft Azure",TRUE
"COMP-05091","Technology",8,2853635.89,"Microsoft Azure",TRUE
"COMP-05092","Retail & E-commerce",59,14840220.63,"Google Cloud Platform (GCP)",TRUE
"COMP-05093","Finance & Insurance",61,32494170.58,"On-Prem/Hybrid",TRUE
"COMP-05094","Healthcare",38,7424254.64,"Google Cloud Platform (GCP)",TRUE
"COMP-05095","Technology",238,45100775.33,"AWS",TRUE
"COMP-05096","Professional Services",340,52385839.98,"Other",TRUE
"COMP-05097","Manufacturing",187,68045304.76,"Microsoft Azure",FALSE
"COMP-05098","Retail & E-commerce",31,6897102.12,"AWS",TRUE
"COMP-05099","Technology",96,26023264.89,"AWS",TRUE
"COMP-05100","Finance & Insurance",179,52961536.3,"Google Cloud Platform (GCP)",TRUE
"COMP-05101","Finance & Insurance",149,71262254.17,"Other",FALSE
"COMP-05102","Professional Services",20,4060848.38,"AWS",TRUE
"COMP-05103","Technology",65,20665215.41,"On-Prem/Hybrid",TRUE
"COMP-05104","Manufacturing",39,16311653.07,"Microsoft Azure",TRUE
"COMP-05105","Technology",95,29429027.76,"AWS",FALSE
"COMP-05106","Healthcare",87,25526122.37,"Microsoft Azure",FALSE
"COMP-05107","Technology",30,5768015.5,"AWS",TRUE
"COMP-05108","Healthcare",1461,411041202.82,"On-Prem/Hybrid",TRUE
"COMP-05109","Retail & E-commerce",491,119800299.41,"Google Cloud Platform (GCP)",TRUE
"COMP-05110","Technology",418,216864522.26,"Google Cloud Platform (GCP)",FALSE
"COMP-05111","Professional Services",15,2176990.19,"Microsoft Azure",TRUE
"COMP-05112","Professional Services",299,53575296.43,"Microsoft Azure",FALSE
"COMP-05113","Finance & Insurance",52,67410580.57,"Other",TRUE
"COMP-05114","Professional Services",99,14133968.57,"Google Cloud Platform (GCP)",FALSE
"COMP-05115","Retail & E-commerce",5,905948.02,"AWS",TRUE
"COMP-05116","Finance & Insurance",62,23798272.78,"Microsoft Azure",TRUE
"COMP-05117","Finance & Insurance",167,77436498.48,"Google Cloud Platform (GCP)",FALSE
"COMP-05118","Healthcare",7,1713280.84,"Google Cloud Platform (GCP)",TRUE
"COMP-05119","Healthcare",87,29497702.94,"Microsoft Azure",TRUE
"COMP-05120","Professional Services",50,8078619.92,"Microsoft Azure",TRUE
"COMP-05121","Healthcare",828,338745812.93,"Other",TRUE
"COMP-05122","Retail & E-commerce",77,18567484.1,"Microsoft Azure",FALSE
"COMP-05123","Manufacturing",57,8514849.55,"AWS",TRUE
"COMP-05124","Manufacturing",130,22716512.75,"AWS",TRUE
"COMP-05125","Manufacturing",28,6901815.73,"AWS",FALSE
"COMP-05126","Professional Services",144,18306337.23,"AWS",TRUE
"COMP-05127","Technology",129,44660243.21,"AWS",TRUE
"COMP-05128","Manufacturing",8,1847320.53,"Microsoft Azure",FALSE
"COMP-05129","Professional Services",65,17192554.36,"Microsoft Azure",FALSE
"COMP-05130","Finance & Insurance",46,48321433.74,"Microsoft Azure",FALSE
"COMP-05131","Manufacturing",52,24960767.72,"Microsoft Azure",FALSE
"COMP-05132","Finance & Insurance",41,29963510.62,"Other",TRUE
"COMP-05133","Technology",441,114776141.72,"AWS",TRUE
"COMP-05134","Healthcare",43,13780190.19,"Microsoft Azure",FALSE
"COMP-05135","Technology",188,98687417.16,"Microsoft Azure",FALSE
"COMP-05136","Professional Services",349,39515128.69,"AWS",FALSE
"COMP-05137","Professional Services",41,11787448.26,"AWS",FALSE
"COMP-05138","Healthcare",72,14112725.74,"Google Cloud Platform (GCP)",FALSE
"COMP-05139","Technology",7,2041514.54,"On-Prem/Hybrid",TRUE
"COMP-05140","Finance & Insurance",131,92476462.89,"AWS",TRUE
"COMP-05141","Retail & E-commerce",27,4333073.08,"AWS",FALSE
"COMP-05142","Healthcare",256,66124343.61,"Microsoft Azure",TRUE
"COMP-05143","Manufacturing",130,17272001.62,"On-Prem/Hybrid",TRUE
"COMP-05144","Retail & E-commerce",176,37056403.55,"AWS",TRUE
"COMP-05145","Healthcare",255,129257775.24,"Microsoft Azure",TRUE
"COMP-05146","Finance & Insurance",80,26362223.57,"Google Cloud Platform (GCP)",FALSE
"COMP-05147","Finance & Insurance",113,35905267.29,"Microsoft Azure",TRUE
"COMP-05148","Retail & E-commerce",179,31880248.68,"Google Cloud Platform (GCP)",TRUE
"COMP-05149","Healthcare",64,23243705.09,"Microsoft Azure",FALSE
"COMP-05150","Healthcare",46,10087689.37,"Google Cloud Platform (GCP)",FALSE
"COMP-05151","Healthcare",247,40762384.66,"On-Prem/Hybrid",TRUE
"COMP-05152","Professional Services",93,17558407.26,"AWS",FALSE
"COMP-05153","Manufacturing",221,56314601.07,"Microsoft Azure",TRUE
"COMP-05154","Professional Services",142,29634687.74,"Microsoft Azure",TRUE
"COMP-05155","Retail & E-commerce",52,16080599.72,"Google Cloud Platform (GCP)",TRUE
"COMP-05156","Retail & E-commerce",78,23896741.13,"AWS",TRUE
"COMP-05157","Technology",137,38469984.91,"Google Cloud Platform (GCP)",TRUE
"COMP-05158","Finance & Insurance",80,31094429.77,"AWS",TRUE
"COMP-05159","Finance & Insurance",47,17140197.33,"Google Cloud Platform (GCP)",FALSE
"COMP-05160","Finance & Insurance",13,5697838.09,"Microsoft Azure",FALSE
"COMP-05161","Technology",254,120342612.7,"AWS",TRUE
"COMP-05162","Professional Services",32,7074693.53,"Google Cloud Platform (GCP)",FALSE
"COMP-05163","Finance & Insurance",54,24347810.25,"On-Prem/Hybrid",FALSE
"COMP-05164","Retail & E-commerce",60,14484962.8,"Microsoft Azure",TRUE
"COMP-05165","Healthcare",149,66668730.7,"Microsoft Azure",TRUE
"COMP-05166","Finance & Insurance",80,30170001.29,"Other",TRUE
"COMP-05167","Finance & Insurance",58,40590005,"AWS",FALSE
"COMP-05168","Manufacturing",36,7647690.17,"AWS",FALSE
"COMP-05169","Healthcare",217,90298321.23,"On-Prem/Hybrid",FALSE
"COMP-05170","Technology",101,34617317.06,"Other",FALSE
"COMP-05171","Professional Services",1780,413562851.83,"Microsoft Azure",TRUE
"COMP-05172","Finance & Insurance",8,3752096.17,"Microsoft Azure",TRUE
"COMP-05173","Professional Services",622,63717903.36,"Google Cloud Platform (GCP)",FALSE
"COMP-05174","Retail & E-commerce",33,3944276.16,"Google Cloud Platform (GCP)",TRUE
"COMP-05175","Technology",65,10797686.96,"On-Prem/Hybrid",TRUE
"COMP-05176","Professional Services",214,40458181.34,"AWS",TRUE
"COMP-05177","Finance & Insurance",194,96449094.27,"AWS",TRUE
"COMP-05178","Professional Services",126,13832510.67,"Other",TRUE
"COMP-05179","Retail & E-commerce",56,13266166.52,"Microsoft Azure",TRUE
"COMP-05180","Manufacturing",42,8143289.44,"AWS",TRUE
"COMP-05181","Retail & E-commerce",2556,651865371.12,"On-Prem/Hybrid",TRUE
"COMP-05182","Retail & E-commerce",5,1119953.61,"AWS",FALSE
"COMP-05183","Retail & E-commerce",142,20775409.9,"Google Cloud Platform (GCP)",FALSE
"COMP-05184","Finance & Insurance",149,44217623.83,"Microsoft Azure",TRUE
"COMP-05185","Professional Services",83,10992385.41,"Microsoft Azure",TRUE
"COMP-05186","Healthcare",109,31665018.12,"Microsoft Azure",TRUE
"COMP-05187","Professional Services",146,21320113.07,"On-Prem/Hybrid",TRUE
"COMP-05188","Healthcare",133,42441889.39,"AWS",TRUE
"COMP-05189","Healthcare",155,52416908.79,"AWS",FALSE
"COMP-05190","Technology",861,223770011.11,"Microsoft Azure",TRUE
"COMP-05191","Finance & Insurance",20,10120498.79,"AWS",FALSE
"COMP-05192","Healthcare",81,22077282,"Microsoft Azure",FALSE
"COMP-05193","Retail & E-commerce",61,6123575.34,"AWS",FALSE
"COMP-05194","Technology",108,46615911.82,"On-Prem/Hybrid",FALSE
"COMP-05195","Manufacturing",85,55962584,"Other",FALSE
"COMP-05196","Retail & E-commerce",24,4853747.88,"On-Prem/Hybrid",TRUE
"COMP-05197","Manufacturing",58,14283695.21,"Microsoft Azure",FALSE
"COMP-05198","Technology",122,67299587.92,"Microsoft Azure",TRUE
"COMP-05199","Manufacturing",83,22133262.17,"AWS",FALSE
"COMP-05200","Retail & E-commerce",186,29546425.12,"AWS",TRUE
"COMP-05201","Retail & E-commerce",214,91625778.33,"Microsoft Azure",TRUE
"COMP-05202","Technology",50,23008588.11,"Microsoft Azure",TRUE
"COMP-05203","Healthcare",31,15925696.91,"AWS",TRUE
"COMP-05204","Technology",54,37486397.96,"Microsoft Azure",FALSE
"COMP-05205","Healthcare",67,26356134.53,"Other",TRUE
"COMP-05206","Finance & Insurance",19,13840541.58,"AWS",FALSE
"COMP-05207","Manufacturing",17,6364268.19,"Google Cloud Platform (GCP)",FALSE
"COMP-05208","Technology",24,16060888.57,"Google Cloud Platform (GCP)",TRUE
"COMP-05209","Healthcare",318,103148412.98,"Other",TRUE
"COMP-05210","Technology",202,86885870.76,"Microsoft Azure",TRUE
"COMP-05211","Professional Services",266,29718454.21,"AWS",TRUE
"COMP-05212","Healthcare",55,21821832.54,"AWS",FALSE
"COMP-05213","Manufacturing",27,11267298.5,"Google Cloud Platform (GCP)",TRUE
"COMP-05214","Retail & E-commerce",113,9512190.98,"AWS",TRUE
"COMP-05215","Healthcare",384,102776309.68,"Microsoft Azure",TRUE
"COMP-05216","Retail & E-commerce",67,27623419.53,"AWS",TRUE
"COMP-05217","Retail & E-commerce",136,25474334.41,"Google Cloud Platform (GCP)",TRUE
"COMP-05218","Professional Services",124,12260466.13,"AWS",TRUE
"COMP-05219","Retail & E-commerce",259,71389769.02,"Google Cloud Platform (GCP)",TRUE
"COMP-05220","Technology",63,30265352.38,"On-Prem/Hybrid",FALSE
"COMP-05221","Professional Services",127,24226115.11,"Microsoft Azure",TRUE
"COMP-05222","Finance & Insurance",47,13283860,"Microsoft Azure",TRUE
"COMP-05223","Healthcare",171,39729737.11,"On-Prem/Hybrid",TRUE
"COMP-05224","Professional Services",37,5887667.38,"AWS",TRUE
"COMP-05225","Manufacturing",103,24198615.29,"AWS",FALSE
"COMP-05226","Technology",395,111105370.75,"Google Cloud Platform (GCP)",TRUE
"COMP-05227","Finance & Insurance",77,52968764.09,"AWS",TRUE
"COMP-05228","Technology",1209,391356511.97,"Other",TRUE
"COMP-05229","Retail & E-commerce",62,16573445.83,"On-Prem/Hybrid",FALSE
"COMP-05230","Finance & Insurance",170,54708352.9,"Other",TRUE
"COMP-05231","Retail & E-commerce",19,8546011.02,"Microsoft Azure",TRUE
"COMP-05232","Technology",77,29829761.93,"Google Cloud Platform (GCP)",TRUE
"COMP-05233","Technology",17,6096578.03,"AWS",TRUE
"COMP-05234","Retail & E-commerce",37,7476326.07,"Microsoft Azure",TRUE
"COMP-05235","Healthcare",21,10354911.97,"Google Cloud Platform (GCP)",TRUE
"COMP-05236","Retail & E-commerce",12,4338747.31,"AWS",TRUE
"COMP-05237","Professional Services",60,14561960.33,"On-Prem/Hybrid",TRUE
"COMP-05238","Technology",10,2731981.78,"Other",TRUE
"COMP-05239","Manufacturing",63,17745091.32,"Microsoft Azure",TRUE
"COMP-05240","Healthcare",308,66238564.91,"Google Cloud Platform (GCP)",TRUE
"COMP-05241","Healthcare",111,17435136.49,"Other",TRUE
"COMP-05242","Retail & E-commerce",28,4465858.3,"Microsoft Azure",TRUE
"COMP-05243","Finance & Insurance",28,29983501.02,"Microsoft Azure",TRUE
"COMP-05244","Professional Services",223,51383671.87,"AWS",FALSE
"COMP-05245","Retail & E-commerce",9,3014343.24,"AWS",FALSE
"COMP-05246","Finance & Insurance",83,30936760.83,"Google Cloud Platform (GCP)",TRUE
"COMP-05247","Professional Services",14,3248797.72,"Microsoft Azure",FALSE
"COMP-05248","Technology",102,58311035.52,"AWS",TRUE
"COMP-05249","Manufacturing",13,2067778.38,"Google Cloud Platform (GCP)",FALSE
"COMP-05250","Professional Services",137,28003683.63,"Microsoft Azure",TRUE
"COMP-05251","Finance & Insurance",23,14693284.45,"Microsoft Azure",TRUE
"COMP-05252","Healthcare",146,28572723.09,"Other",TRUE
"COMP-05253","Retail & E-commerce",395,152740229.1,"Google Cloud Platform (GCP)",TRUE
"COMP-05254","Technology",14,4834129.59,"Google Cloud Platform (GCP)",TRUE
"COMP-05255","Manufacturing",32,8949552.87,"Microsoft Azure",FALSE
"COMP-05256","Technology",22,3677658.69,"AWS",FALSE
"COMP-05257","Healthcare",112,23924761.12,"AWS",TRUE
"COMP-05258","Retail & E-commerce",289,67360954.43,"AWS",TRUE
"COMP-05259","Healthcare",109,20459010.64,"AWS",TRUE
"COMP-05260","Manufacturing",4720,1481120265.49,"Google Cloud Platform (GCP)",TRUE
"COMP-05261","Finance & Insurance",80,52111974.46,"Microsoft Azure",FALSE
"COMP-05262","Technology",108,18450588.43,"On-Prem/Hybrid",TRUE
"COMP-05263","Technology",75,21119452.73,"On-Prem/Hybrid",TRUE
"COMP-05264","Finance & Insurance",189,77022166.88,"AWS",TRUE
"COMP-05265","Technology",76,30827487.19,"Microsoft Azure",FALSE
"COMP-05266","Retail & E-commerce",67,13478036.6,"AWS",TRUE
"COMP-05267","Technology",50,17978529.51,"AWS",TRUE
"COMP-05268","Technology",35,6999866.05,"On-Prem/Hybrid",TRUE
"COMP-05269","Manufacturing",450,181224010.03,"Other",TRUE
"COMP-05270","Technology",189,40195000.42,"Other",TRUE
"COMP-05271","Technology",464,149736204.04,"AWS",TRUE
"COMP-05272","Healthcare",49,11066995.01,"Microsoft Azure",TRUE
"COMP-05273","Retail & E-commerce",128,24657476,"Microsoft Azure",TRUE
"COMP-05274","Finance & Insurance",141,52601751.86,"On-Prem/Hybrid",TRUE
"COMP-05275","Manufacturing",13,3644971.63,"Microsoft Azure",FALSE
"COMP-05276","Technology",293,93121605.49,"Microsoft Azure",TRUE
"COMP-05277","Finance & Insurance",96,42935912.9,"AWS",TRUE
"COMP-05278","Retail & E-commerce",163,26500939.7,"Microsoft Azure",FALSE
"COMP-05279","Retail & E-commerce",194,38029805.86,"AWS",TRUE
"COMP-05280","Finance & Insurance",112,27981655.74,"Google Cloud Platform (GCP)",TRUE
"COMP-05281","Retail & E-commerce",16,7202162.09,"AWS",FALSE
"COMP-05282","Professional Services",202,30993555.55,"Microsoft Azure",FALSE
"COMP-05283","Manufacturing",207,46072964.98,"Microsoft Azure",FALSE
"COMP-05284","Retail & E-commerce",72,15229462.79,"AWS",TRUE
"COMP-05285","Professional Services",222,38412314.59,"Microsoft Azure",TRUE
"COMP-05286","Technology",95,59097568.24,"On-Prem/Hybrid",TRUE
"COMP-05287","Technology",12,6424829.13,"Microsoft Azure",TRUE
"COMP-05288","Retail & E-commerce",192,23444072.18,"AWS",TRUE
"COMP-05289","Finance & Insurance",133,50061302.15,"On-Prem/Hybrid",TRUE
"COMP-05290","Finance & Insurance",334,159606642.83,"Microsoft Azure",FALSE
"COMP-05291","Professional Services",21,5202891.57,"AWS",TRUE
"COMP-05292","Finance & Insurance",37,17595131.73,"AWS",FALSE
"COMP-05293","Technology",18,8994742.78,"Microsoft Azure",TRUE
"COMP-05294","Technology",37,15392037.16,"Other",TRUE
"COMP-05295","Manufacturing",195,72959375.25,"AWS",TRUE
"COMP-05296","Healthcare",250,77095379.03,"AWS",FALSE
"COMP-05297","Professional Services",64,23227341.12,"Microsoft Azure",TRUE
"COMP-05298","Finance & Insurance",42,18357951.57,"AWS",FALSE
"COMP-05299","Healthcare",24,6689514.09,"AWS",FALSE
"COMP-05300","Healthcare",813,194928849.5,"AWS",TRUE
"COMP-05301","Professional Services",291,44412808.76,"Microsoft Azure",TRUE
"COMP-05302","Technology",24,12061969.35,"Other",TRUE
"COMP-05303","Healthcare",108,21749310.51,"Microsoft Azure",TRUE
"COMP-05304","Healthcare",68,17306758.8,"Other",FALSE
"COMP-05305","Retail & E-commerce",92,19751720.95,"Other",TRUE
"COMP-05306","Technology",140,51339814.67,"Google Cloud Platform (GCP)",FALSE
"COMP-05307","Technology",1242,278158828.35,"Microsoft Azure",TRUE
"COMP-05308","Manufacturing",326,127526720.21,"Microsoft Azure",TRUE
"COMP-05309","Healthcare",145,39687689.07,"AWS",TRUE
"COMP-05310","Finance & Insurance",29,17340683.06,"Microsoft Azure",FALSE
"COMP-05311","Finance & Insurance",598,166143928.53,"AWS",TRUE
"COMP-05312","Professional Services",192,32761754.42,"AWS",FALSE
"COMP-05313","Technology",130,54741527.69,"On-Prem/Hybrid",TRUE
"COMP-05314","Professional Services",59,17174029.47,"AWS",FALSE
"COMP-05315","Professional Services",15,2772650.95,"Microsoft Azure",TRUE
"COMP-05316","Technology",268,88536038.24,"AWS",TRUE
"COMP-05317","Technology",76,37477754.56,"AWS",TRUE
"COMP-05318","Manufacturing",350,99960057.61,"Microsoft Azure",TRUE
"COMP-05319","Finance & Insurance",330,141713117.31,"AWS",TRUE
"COMP-05320","Finance & Insurance",83,76775639.62,"AWS",TRUE
"COMP-05321","Manufacturing",53,16399067.99,"Google Cloud Platform (GCP)",TRUE
"COMP-05322","Professional Services",500,129982144.02,"AWS",TRUE
"COMP-05323","Technology",187,49373865.33,"AWS",TRUE
"COMP-05324","Finance & Insurance",117,53670500.64,"Microsoft Azure",TRUE
"COMP-05325","Technology",428,89459558.42,"On-Prem/Hybrid",FALSE
"COMP-05326","Professional Services",964,290232496.7,"AWS",TRUE
"COMP-05327","Healthcare",16,3191454.6,"AWS",TRUE
"COMP-05328","Manufacturing",140,27727670.12,"Microsoft Azure",TRUE
"COMP-05329","Manufacturing",325,167259011.17,"AWS",TRUE
"COMP-05330","Professional Services",41,5126620.15,"Microsoft Azure",TRUE
"COMP-05331","Technology",48,19499946.43,"Microsoft Azure",TRUE
"COMP-05332","Healthcare",18,5650374.28,"Other",TRUE
"COMP-05333","Technology",83,11938830.68,"Google Cloud Platform (GCP)",FALSE
"COMP-05334","Healthcare",42,12327175.41,"On-Prem/Hybrid",TRUE
"COMP-05335","Manufacturing",22,5101839.33,"Google Cloud Platform (GCP)",TRUE
"COMP-05336","Retail & E-commerce",718,141677541.98,"Microsoft Azure",TRUE
"COMP-05337","Retail & E-commerce",21,4761448.49,"Google Cloud Platform (GCP)",TRUE
"COMP-05338","Technology",96,23870261.65,"AWS",FALSE
"COMP-05339","Technology",100,36153324.26,"AWS",TRUE
"COMP-05340","Finance & Insurance",176,63878856.54,"Google Cloud Platform (GCP)",FALSE
"COMP-05341","Healthcare",24,6791862.9,"On-Prem/Hybrid",FALSE
"COMP-05342","Technology",132,43968832.68,"AWS",TRUE
"COMP-05343","Professional Services",1471,386027184.45,"Other",TRUE
"COMP-05344","Manufacturing",537,99335470.21,"On-Prem/Hybrid",TRUE
"COMP-05345","Finance & Insurance",38,8147824.95,"On-Prem/Hybrid",TRUE
"COMP-05346","Technology",64,6564409.68,"AWS",TRUE
"COMP-05347","Manufacturing",129,24986789.87,"AWS",FALSE
"COMP-05348","Healthcare",214,62512174.3,"Microsoft Azure",TRUE
"COMP-05349","Finance & Insurance",148,55208775.63,"Microsoft Azure",TRUE
"COMP-05350","Professional Services",71,11097014.72,"Microsoft Azure",FALSE
"COMP-05351","Technology",231,32855180.9,"Microsoft Azure",TRUE
"COMP-05352","Manufacturing",47,6016450.96,"Microsoft Azure",FALSE
"COMP-05353","Healthcare",104,21775872.82,"AWS",TRUE
"COMP-05354","Finance & Insurance",133,37443943.06,"Microsoft Azure",TRUE
"COMP-05355","Finance & Insurance",98,22668988.63,"On-Prem/Hybrid",TRUE
"COMP-05356","Finance & Insurance",250,84236196.03,"AWS",FALSE
"COMP-05357","Manufacturing",37,16636394.43,"Microsoft Azure",FALSE
"COMP-05358","Professional Services",43,9489263.58,"Microsoft Azure",FALSE
"COMP-05359","Technology",122,31988277.79,"Microsoft Azure",TRUE
"COMP-05360","Healthcare",52,8215460.96,"AWS",FALSE
"COMP-05361","Retail & E-commerce",188,38686284.69,"Microsoft Azure",TRUE
"COMP-05362","Finance & Insurance",21,9968138.55,"Microsoft Azure",FALSE
"COMP-05363","Technology",62,10212426.37,"On-Prem/Hybrid",FALSE
"COMP-05364","Technology",9,3424521.87,"Google Cloud Platform (GCP)",TRUE
"COMP-05365","Professional Services",854,104700622.02,"Google Cloud Platform (GCP)",TRUE
"COMP-05366","Healthcare",127,53920891.73,"Microsoft Azure",TRUE
"COMP-05367","Technology",114,70324243.45,"Google Cloud Platform (GCP)",TRUE
"COMP-05368","Technology",55,29359632.41,"AWS",FALSE
"COMP-05369","Manufacturing",66,10513714.25,"AWS",TRUE
"COMP-05370","Retail & E-commerce",10,2429221.2,"AWS",TRUE
"COMP-05371","Finance & Insurance",82,57873439.82,"AWS",FALSE
"COMP-05372","Professional Services",59,16892763.42,"AWS",FALSE
"COMP-05373","Manufacturing",151,22578138.67,"AWS",TRUE
"COMP-05374","Manufacturing",45,5777268.86,"Google Cloud Platform (GCP)",TRUE
"COMP-05375","Professional Services",135,15418739.53,"AWS",FALSE
"COMP-05376","Technology",123,35626834.26,"AWS",FALSE
"COMP-05377","Healthcare",667,116112171.76,"Microsoft Azure",TRUE
"COMP-05378","Finance & Insurance",164,76568704.33,"AWS",TRUE
"COMP-05379","Healthcare",290,129408644.96,"Google Cloud Platform (GCP)",TRUE
"COMP-05380","Finance & Insurance",182,53346537.48,"AWS",TRUE
"COMP-05381","Manufacturing",38,5132406.9,"Microsoft Azure",FALSE
"COMP-05382","Professional Services",47,18334194.67,"Google Cloud Platform (GCP)",TRUE
"COMP-05383","Professional Services",71,8177334.8,"AWS",TRUE
"COMP-05384","Finance & Insurance",21,7041452.01,"Microsoft Azure",FALSE
"COMP-05385","Healthcare",306,105364239.13,"Google Cloud Platform (GCP)",TRUE
"COMP-05386","Technology",83,21856814.53,"AWS",TRUE
"COMP-05387","Healthcare",97,14942989.23,"On-Prem/Hybrid",TRUE
"COMP-05388","Healthcare",121,44815018.99,"AWS",TRUE
"COMP-05389","Manufacturing",387,102402974.13,"Google Cloud Platform (GCP)",TRUE
"COMP-05390","Professional Services",60,13084082.83,"AWS",TRUE
"COMP-05391","Finance & Insurance",27,11106422.31,"Microsoft Azure",TRUE
"COMP-05392","Healthcare",183,31353538.99,"Google Cloud Platform (GCP)",TRUE
"COMP-05393","Finance & Insurance",24,9998171.85,"AWS",FALSE
"COMP-05394","Finance & Insurance",74,19933472.51,"On-Prem/Hybrid",TRUE
"COMP-05395","Technology",98,46269313.1,"AWS",TRUE
"COMP-05396","Technology",12,1592769.61,"AWS",TRUE
"COMP-05397","Manufacturing",85,42925700.52,"Microsoft Azure",TRUE
"COMP-05398","Professional Services",341,67097331.79,"Microsoft Azure",FALSE
"COMP-05399","Technology",189,105323430.23,"Microsoft Azure",TRUE
"COMP-05400","Healthcare",179,43033422.42,"AWS",TRUE
"COMP-05401","Professional Services",84,14433131.88,"On-Prem/Hybrid",FALSE
"COMP-05402","Healthcare",153,41387049.75,"Other",FALSE
"COMP-05403","Professional Services",51,14389377.68,"On-Prem/Hybrid",TRUE
"COMP-05404","Technology",510,223148220.7,"AWS",FALSE
"COMP-05405","Retail & E-commerce",72,10685325.34,"Microsoft Azure",FALSE
"COMP-05406","Retail & E-commerce",708,158818162.71,"Microsoft Azure",TRUE
"COMP-05407","Finance & Insurance",8,5712221.61,"AWS",TRUE
"COMP-05408","Technology",51,14758271.64,"On-Prem/Hybrid",FALSE
"COMP-05409","Technology",124,70191551.92,"AWS",TRUE
"COMP-05410","Professional Services",970,163013558.29,"Microsoft Azure",TRUE
"COMP-05411","Manufacturing",30,7714057.35,"AWS",TRUE
"COMP-05412","Retail & E-commerce",121,30224045.35,"On-Prem/Hybrid",TRUE
"COMP-05413","Healthcare",40,7367136.32,"Microsoft Azure",TRUE
"COMP-05414","Finance & Insurance",38,26061329.98,"Microsoft Azure",TRUE
"COMP-05415","Manufacturing",309,77608166.45,"Google Cloud Platform (GCP)",FALSE
"COMP-05416","Healthcare",79,31600752.84,"AWS",TRUE
"COMP-05417","Healthcare",23,6463760.76,"Google Cloud Platform (GCP)",TRUE
"COMP-05418","Retail & E-commerce",108,39871730.37,"AWS",FALSE
"COMP-05419","Professional Services",148,33520518.97,"AWS",FALSE
"COMP-05420","Healthcare",38,8226099.21,"Google Cloud Platform (GCP)",TRUE
"COMP-05421","Professional Services",63,11578945.23,"Microsoft Azure",FALSE
"COMP-05422","Manufacturing",465,138649513.54,"Microsoft Azure",TRUE
"COMP-05423","Technology",71,9674588.64,"On-Prem/Hybrid",TRUE
"COMP-05424","Healthcare",5,2012898.26,"Google Cloud Platform (GCP)",TRUE
"COMP-05425","Technology",242,133376571.54,"Microsoft Azure",TRUE
"COMP-05426","Professional Services",41,9711140.44,"AWS",TRUE
"COMP-05427","Healthcare",96,64773552.52,"Microsoft Azure",TRUE
"COMP-05428","Healthcare",179,58727008.76,"AWS",FALSE
"COMP-05429","Professional Services",6,3143746.71,"AWS",FALSE
"COMP-05430","Healthcare",701,198387323.94,"Microsoft Azure",TRUE
"COMP-05431","Retail & E-commerce",927,132404805.28,"AWS",TRUE
"COMP-05432","Healthcare",32,10707165.22,"Microsoft Azure",FALSE
"COMP-05433","Healthcare",286,79664978.94,"Microsoft Azure",TRUE
"COMP-05434","Retail & E-commerce",2416,384597993.95,"On-Prem/Hybrid",FALSE
"COMP-05435","Retail & E-commerce",25,8359003.88,"Microsoft Azure",FALSE
"COMP-05436","Finance & Insurance",234,82708605.34,"Other",TRUE
"COMP-05437","Retail & E-commerce",27,3230711.21,"Microsoft Azure",TRUE
"COMP-05438","Technology",43,7583706.91,"AWS",TRUE
"COMP-05439","Professional Services",58,14171960.94,"Microsoft Azure",TRUE
"COMP-05440","Technology",73,28757299.81,"On-Prem/Hybrid",TRUE
"COMP-05441","Finance & Insurance",570,836571605.07,"Other",FALSE
"COMP-05442","Professional Services",360,131995477.4,"Other",TRUE
"COMP-05443","Manufacturing",321,75997221.91,"On-Prem/Hybrid",TRUE
"COMP-05444","Finance & Insurance",155,107677990.1,"AWS",TRUE
"COMP-05445","Retail & E-commerce",275,67749818.75,"Microsoft Azure",TRUE
"COMP-05446","Healthcare",73,20380508.8,"Google Cloud Platform (GCP)",FALSE
"COMP-05447","Healthcare",49,7991805.12,"AWS",TRUE
"COMP-05448","Healthcare",29,9127125.39,"On-Prem/Hybrid",FALSE
"COMP-05449","Manufacturing",30,9311712.74,"Microsoft Azure",TRUE
"COMP-05450","Professional Services",262,54087148.13,"Google Cloud Platform (GCP)",TRUE
"COMP-05451","Technology",50,30843029.05,"Microsoft Azure",TRUE
"COMP-05452","Finance & Insurance",22,14570803.66,"Google Cloud Platform (GCP)",TRUE
"COMP-05453","Professional Services",628,197809412.47,"AWS",TRUE
"COMP-05454","Retail & E-commerce",606,145824112.31,"Microsoft Azure",FALSE
"COMP-05455","Technology",363,129769498,"AWS",FALSE
"COMP-05456","Technology",81,10446606.58,"Google Cloud Platform (GCP)",TRUE
"COMP-05457","Technology",12,4764460.64,"Google Cloud Platform (GCP)",TRUE
"COMP-05458","Technology",276,78490863.85,"On-Prem/Hybrid",TRUE
"COMP-05459","Retail & E-commerce",107,26505048.31,"Microsoft Azure",FALSE
"COMP-05460","Retail & E-commerce",42,9317329.8,"AWS",TRUE
"COMP-05461","Healthcare",98,32299032.79,"AWS",FALSE
"COMP-05462","Finance & Insurance",58,19925992.25,"Microsoft Azure",TRUE
"COMP-05463","Professional Services",313,81711074.52,"Microsoft Azure",FALSE
"COMP-05464","Healthcare",18,5306960.24,"Microsoft Azure",TRUE
"COMP-05465","Manufacturing",395,67737457.94,"Google Cloud Platform (GCP)",FALSE
"COMP-05466","Retail & E-commerce",58,15072868.74,"Google Cloud Platform (GCP)",FALSE
"COMP-05467","Healthcare",196,84496876.19,"Other",FALSE
"COMP-05468","Professional Services",37,5509633.51,"Microsoft Azure",TRUE
"COMP-05469","Retail & E-commerce",198,94343655.15,"AWS",FALSE
"COMP-05470","Technology",13,4381937.08,"Google Cloud Platform (GCP)",TRUE
"COMP-05471","Professional Services",25,4299792.01,"AWS",FALSE
"COMP-05472","Technology",440,135340067.17,"AWS",TRUE
"COMP-05473","Technology",5,1012835.63,"On-Prem/Hybrid",TRUE
"COMP-05474","Manufacturing",206,66178840.77,"AWS",FALSE
"COMP-05475","Professional Services",91,9211054.83,"Other",TRUE
"COMP-05476","Technology",21,4236624.93,"Microsoft Azure",TRUE
"COMP-05477","Finance & Insurance",46,16264020.94,"Google Cloud Platform (GCP)",TRUE
"COMP-05478","Finance & Insurance",123,45931388.01,"Microsoft Azure",FALSE
"COMP-05479","Retail & E-commerce",73,16062947.72,"AWS",TRUE
"COMP-05480","Retail & E-commerce",154,24784420.22,"On-Prem/Hybrid",TRUE
"COMP-05481","Professional Services",147,21868119.75,"Other",TRUE
"COMP-05482","Retail & E-commerce",1361,293060415.18,"AWS",TRUE
"COMP-05483","Professional Services",51,20700321.01,"AWS",FALSE
"COMP-05484","Retail & E-commerce",179,50876358.11,"Microsoft Azure",TRUE
"COMP-05485","Retail & E-commerce",69,8440677.55,"AWS",FALSE
"COMP-05486","Healthcare",18,9455686.42,"AWS",TRUE
"COMP-05487","Manufacturing",145,21376283.11,"Microsoft Azure",TRUE
"COMP-05488","Healthcare",12,1939780.76,"Microsoft Azure",TRUE
"COMP-05489","Finance & Insurance",225,100595667.4,"Other",TRUE
"COMP-05490","Retail & E-commerce",99,41388118.61,"AWS",TRUE
"COMP-05491","Professional Services",192,45088642.38,"Google Cloud Platform (GCP)",FALSE
"COMP-05492","Finance & Insurance",30,18119296.51,"Microsoft Azure",FALSE
"COMP-05493","Healthcare",60,17649533.19,"Microsoft Azure",TRUE
"COMP-05494","Healthcare",26,7202406.74,"On-Prem/Hybrid",TRUE
"COMP-05495","Professional Services",312,60352388.68,"On-Prem/Hybrid",TRUE
"COMP-05496","Manufacturing",16,1211832.07,"Google Cloud Platform (GCP)",FALSE
"COMP-05497","Manufacturing",244,64085636.74,"AWS",TRUE
"COMP-05498","Technology",128,83567721.65,"AWS",TRUE
"COMP-05499","Professional Services",266,32742796.17,"Microsoft Azure",FALSE
"COMP-05500","Finance & Insurance",122,128461534.83,"Microsoft Azure",FALSE
"COMP-05501","Healthcare",248,127946563.05,"Microsoft Azure",TRUE
"COMP-05502","Healthcare",75,34873836,"AWS",FALSE
"COMP-05503","Finance & Insurance",28,13604755.17,"Other",TRUE
"COMP-05504","Professional Services",8,1555856.84,"AWS",FALSE
"COMP-05505","Finance & Insurance",596,149057327.88,"AWS",TRUE
"COMP-05506","Manufacturing",420,107036560.09,"AWS",TRUE
"COMP-05507","Healthcare",11,2896274.34,"Google Cloud Platform (GCP)",TRUE
"COMP-05508","Technology",333,77078011.07,"Google Cloud Platform (GCP)",TRUE
"COMP-05509","Professional Services",46,7735845.4,"AWS",FALSE
"COMP-05510","Healthcare",167,41619620.43,"Microsoft Azure",TRUE
"COMP-05511","Retail & E-commerce",48,15368339.39,"AWS",TRUE
"COMP-05512","Technology",622,122995217.05,"AWS",TRUE
"COMP-05513","Manufacturing",449,108394235.75,"Microsoft Azure",TRUE
"COMP-05514","Healthcare",352,108964200.27,"Microsoft Azure",TRUE
"COMP-05515","Technology",53,12774501.14,"Microsoft Azure",TRUE
"COMP-05516","Retail & E-commerce",59,16200325.75,"Google Cloud Platform (GCP)",FALSE
"COMP-05517","Finance & Insurance",109,100092567.79,"Microsoft Azure",TRUE
"COMP-05518","Manufacturing",49,12892670.15,"Google Cloud Platform (GCP)",TRUE
"COMP-05519","Technology",22,5634171.22,"AWS",TRUE
"COMP-05520","Technology",72,25535027.53,"AWS",FALSE
"COMP-05521","Professional Services",25,5609693.05,"Microsoft Azure",TRUE
"COMP-05522","Manufacturing",133,53669177.71,"Microsoft Azure",TRUE
"COMP-05523","Finance & Insurance",52,20420062.99,"Microsoft Azure",TRUE
"COMP-05524","Healthcare",61,17057050.93,"AWS",FALSE
"COMP-05525","Manufacturing",12,2798716.12,"AWS",TRUE
"COMP-05526","Professional Services",699,89773570.91,"AWS",FALSE
"COMP-05527","Manufacturing",77,26830337.9,"Other",FALSE
"COMP-05528","Professional Services",64,11586618.46,"AWS",TRUE
"COMP-05529","Technology",369,139346651.81,"AWS",TRUE
"COMP-05530","Retail & E-commerce",27,3967417.98,"AWS",TRUE
"COMP-05531","Technology",38,12034064.39,"AWS",TRUE
"COMP-05532","Professional Services",213,54426963.92,"Google Cloud Platform (GCP)",FALSE
"COMP-05533","Technology",241,123141178.79,"AWS",FALSE
"COMP-05534","Professional Services",12,1584257.5,"Google Cloud Platform (GCP)",TRUE
"COMP-05535","Manufacturing",103,24892931.98,"AWS",TRUE
"COMP-05536","Finance & Insurance",111,28881726.76,"Microsoft Azure",FALSE
"COMP-05537","Healthcare",111,15406118.47,"AWS",TRUE
"COMP-05538","Professional Services",324,48720727.63,"Google Cloud Platform (GCP)",TRUE
"COMP-05539","Retail & E-commerce",17,2566155.71,"AWS",FALSE
"COMP-05540","Technology",56,23164604.69,"Microsoft Azure",FALSE
"COMP-05541","Professional Services",17,4666159.22,"AWS",TRUE
"COMP-05542","Technology",70,30958310.34,"AWS",TRUE
"COMP-05543","Manufacturing",22,5542534.69,"Microsoft Azure",FALSE
"COMP-05544","Professional Services",67,15133970.62,"On-Prem/Hybrid",TRUE
"COMP-05545","Professional Services",126,24336224.44,"Microsoft Azure",TRUE
"COMP-05546","Technology",190,65160918.62,"Microsoft Azure",TRUE
"COMP-05547","Manufacturing",73,19246102.9,"Other",TRUE
"COMP-05548","Professional Services",92,12996609.57,"Google Cloud Platform (GCP)",FALSE
"COMP-05549","Technology",84,28597665.24,"Microsoft Azure",TRUE
"COMP-05550","Technology",55,46052120.54,"Microsoft Azure",FALSE
"COMP-05551","Finance & Insurance",91,31044763.49,"Microsoft Azure",TRUE
"COMP-05552","Manufacturing",14,2457371.91,"AWS",FALSE
"COMP-05553","Technology",17,4861053.15,"AWS",TRUE
"COMP-05554","Technology",62,19607222.86,"On-Prem/Hybrid",TRUE
"COMP-05555","Finance & Insurance",11,2449905.94,"Other",TRUE
"COMP-05556","Healthcare",180,51528105.21,"Google Cloud Platform (GCP)",FALSE
"COMP-05557","Professional Services",17,2341025.52,"Google Cloud Platform (GCP)",FALSE
"COMP-05558","Manufacturing",80,28892879.94,"AWS",TRUE
"COMP-05559","Finance & Insurance",79,59542581.01,"AWS",FALSE
"COMP-05560","Finance & Insurance",810,342877871.48,"AWS",TRUE
"COMP-05561","Technology",28,5664365.64,"Microsoft Azure",FALSE
"COMP-05562","Healthcare",20,4314513.46,"Microsoft Azure",TRUE
"COMP-05563","Professional Services",634,67481315.67,"On-Prem/Hybrid",FALSE
"COMP-05564","Finance & Insurance",11,7365630.52,"Microsoft Azure",FALSE
"COMP-05565","Manufacturing",54,6358715.12,"AWS",FALSE
"COMP-05566","Manufacturing",305,82706595.34,"AWS",TRUE
"COMP-05567","Technology",89,45350970.57,"AWS",TRUE
"COMP-05568","Manufacturing",106,23212039.94,"AWS",TRUE
"COMP-05569","Professional Services",415,50264684.17,"Google Cloud Platform (GCP)",FALSE
"COMP-05570","Technology",175,24779170.98,"On-Prem/Hybrid",FALSE
"COMP-05571","Manufacturing",19,3388251.58,"Google Cloud Platform (GCP)",TRUE
"COMP-05572","Retail & E-commerce",111,14254034.73,"Microsoft Azure",TRUE
"COMP-05573","Healthcare",35,11987786.92,"AWS",FALSE
"COMP-05574","Technology",207,132451257.17,"Microsoft Azure",FALSE
"COMP-05575","Technology",106,21018725.52,"AWS",TRUE
"COMP-05576","Finance & Insurance",90,47115547.11,"AWS",TRUE
"COMP-05577","Technology",9,1551172.03,"AWS",TRUE
"COMP-05578","Retail & E-commerce",175,42429016.13,"AWS",FALSE
"COMP-05579","Manufacturing",130,74152661.17,"Microsoft Azure",TRUE
"COMP-05580","Technology",14,2826422.19,"Other",FALSE
"COMP-05581","Finance & Insurance",37,19941906.07,"AWS",TRUE
"COMP-05582","Manufacturing",46,13060392.06,"Microsoft Azure",TRUE
"COMP-05583","Healthcare",187,27966400.47,"Other",TRUE
"COMP-05584","Manufacturing",14,6341438.18,"Microsoft Azure",TRUE
"COMP-05585","Technology",19,8140054.83,"AWS",TRUE
"COMP-05586","Healthcare",149,30466206.21,"AWS",FALSE
"COMP-05587","Technology",93,21078921.77,"Microsoft Azure",TRUE
"COMP-05588","Finance & Insurance",60,23727859.66,"Google Cloud Platform (GCP)",TRUE
"COMP-05589","Technology",125,37276200.12,"AWS",TRUE
"COMP-05590","Manufacturing",67,15956575.73,"AWS",TRUE
"COMP-05591","Healthcare",10,2919529.26,"Microsoft Azure",TRUE
"COMP-05592","Finance & Insurance",21,11717045.04,"Microsoft Azure",TRUE
"COMP-05593","Technology",161,44107107.17,"Google Cloud Platform (GCP)",TRUE
"COMP-05594","Retail & E-commerce",22,5955800.37,"Google Cloud Platform (GCP)",FALSE
"COMP-05595","Retail & E-commerce",511,69990042.46,"AWS",TRUE
"COMP-05596","Professional Services",533,106320486.76,"AWS",TRUE
"COMP-05597","Healthcare",15,4354543.53,"AWS",FALSE
"COMP-05598","Healthcare",317,163826829.41,"Microsoft Azure",TRUE
"COMP-05599","Retail & E-commerce",106,29138584.73,"AWS",TRUE
"COMP-05600","Healthcare",122,17487469.79,"Microsoft Azure",TRUE
"COMP-05601","Technology",99,34454261.46,"Microsoft Azure",TRUE
"COMP-05602","Technology",139,61880901.88,"AWS",TRUE
"COMP-05603","Retail & E-commerce",56,12843701.16,"Google Cloud Platform (GCP)",FALSE
"COMP-05604","Finance & Insurance",45,19391110.9,"On-Prem/Hybrid",FALSE
"COMP-05605","Technology",731,149529199.69,"AWS",TRUE
"COMP-05606","Technology",32,11873161.51,"Google Cloud Platform (GCP)",TRUE
"COMP-05607","Finance & Insurance",39,18063703.28,"AWS",FALSE
"COMP-05608","Professional Services",24,13058667.53,"Microsoft Azure",FALSE
"COMP-05609","Technology",126,47928461.83,"Microsoft Azure",FALSE
"COMP-05610","Manufacturing",42,9786683.7,"Google Cloud Platform (GCP)",FALSE
"COMP-05611","Finance & Insurance",100,85545870.9,"Other",TRUE
"COMP-05612","Manufacturing",131,26414478.77,"AWS",FALSE
"COMP-05613","Healthcare",1743,333990654.97,"Google Cloud Platform (GCP)",FALSE
"COMP-05614","Manufacturing",19,6208821.42,"AWS",FALSE
"COMP-05615","Professional Services",384,65600586.75,"Microsoft Azure",FALSE
"COMP-05616","Professional Services",105,60183453.02,"Other",TRUE
"COMP-05617","Manufacturing",21,3113369.49,"AWS",FALSE
"COMP-05618","Technology",932,335326026.62,"AWS",FALSE
"COMP-05619","Retail & E-commerce",476,120049713.8,"AWS",TRUE
"COMP-05620","Retail & E-commerce",164,31892130.56,"Microsoft Azure",FALSE
"COMP-05621","Finance & Insurance",832,354530894.02,"AWS",TRUE
"COMP-05622","Professional Services",135,40498300.01,"Google Cloud Platform (GCP)",FALSE
"COMP-05623","Finance & Insurance",63,42669788.58,"Microsoft Azure",FALSE
"COMP-05624","Manufacturing",291,100442551.18,"Google Cloud Platform (GCP)",TRUE
"COMP-05625","Healthcare",414,78154881.51,"AWS",TRUE
"COMP-05626","Retail & E-commerce",10,1731392.34,"AWS",FALSE
"COMP-05627","Professional Services",143,32566612.67,"AWS",TRUE
"COMP-05628","Healthcare",326,63091617.6,"AWS",FALSE
"COMP-05629","Manufacturing",173,41908765.85,"AWS",TRUE
"COMP-05630","Professional Services",63,12600828.41,"Google Cloud Platform (GCP)",TRUE
"COMP-05631","Technology",46,7833186.56,"AWS",TRUE
"COMP-05632","Retail & E-commerce",60,14699946.18,"Google Cloud Platform (GCP)",FALSE
"COMP-05633","Technology",112,39846308.8,"On-Prem/Hybrid",FALSE
"COMP-05634","Finance & Insurance",61,17811298.34,"Google Cloud Platform (GCP)",TRUE
"COMP-05635","Professional Services",102,16299440.55,"Microsoft Azure",FALSE
"COMP-05636","Manufacturing",184,35379355.92,"AWS",TRUE
"COMP-05637","Finance & Insurance",220,98215999.69,"Microsoft Azure",TRUE
"COMP-05638","Technology",75,53314077.02,"On-Prem/Hybrid",TRUE
"COMP-05639","Professional Services",29,3126319.25,"AWS",FALSE
"COMP-05640","Healthcare",81,28197362.07,"AWS",TRUE
"COMP-05641","Manufacturing",101,54881863.72,"Microsoft Azure",TRUE
"COMP-05642","Retail & E-commerce",7,992411.2,"AWS",FALSE
"COMP-05643","Finance & Insurance",9,5942543.69,"AWS",FALSE
"COMP-05644","Technology",64,35122413.18,"AWS",TRUE
"COMP-05645","Manufacturing",35,17396790.59,"AWS",TRUE
"COMP-05646","Technology",51,19052270.45,"AWS",TRUE
"COMP-05647","Healthcare",40,6301886.1,"AWS",TRUE
"COMP-05648","Manufacturing",7,1822939.65,"AWS",TRUE
"COMP-05649","Professional Services",65,16654915.08,"Microsoft Azure",TRUE
"COMP-05650","Manufacturing",54,9894747.67,"Microsoft Azure",FALSE
"COMP-05651","Retail & E-commerce",60,16711512.38,"On-Prem/Hybrid",TRUE
"COMP-05652","Retail & E-commerce",36,10074177.42,"AWS",FALSE
"COMP-05653","Technology",479,199519899.61,"AWS",TRUE
"COMP-05654","Retail & E-commerce",55,11037556.58,"Microsoft Azure",FALSE
"COMP-05655","Technology",39,8827477.96,"Google Cloud Platform (GCP)",FALSE
"COMP-05656","Professional Services",102,33171146.86,"Microsoft Azure",TRUE
"COMP-05657","Technology",108,30859921.57,"On-Prem/Hybrid",TRUE
"COMP-05658","Finance & Insurance",147,48255589.72,"AWS",TRUE
"COMP-05659","Professional Services",11,2043052.11,"AWS",FALSE
"COMP-05660","Healthcare",262,71197093,"Microsoft Azure",TRUE
"COMP-05661","Manufacturing",76,19267961.03,"AWS",FALSE
"COMP-05662","Technology",113,49216709.08,"AWS",TRUE
"COMP-05663","Retail & E-commerce",57,6953535.14,"Google Cloud Platform (GCP)",TRUE
"COMP-05664","Technology",52,13301258.51,"AWS",TRUE
"COMP-05665","Technology",140,81725411.47,"AWS",FALSE
"COMP-05666","Manufacturing",127,67898364.22,"AWS",TRUE
"COMP-05667","Technology",79,26519532.54,"AWS",TRUE
"COMP-05668","Technology",181,48964254.69,"AWS",TRUE
"COMP-05669","Technology",363,69625258.65,"Microsoft Azure",TRUE
"COMP-05670","Technology",30,11786696.28,"Microsoft Azure",TRUE
"COMP-05671","Manufacturing",53,15179717.16,"AWS",FALSE
"COMP-05672","Manufacturing",74,25300169.56,"Google Cloud Platform (GCP)",FALSE
"COMP-05673","Manufacturing",20,4391389.44,"AWS",TRUE
"COMP-05674","Retail & E-commerce",267,49655334.87,"AWS",TRUE
"COMP-05675","Technology",84,28889060.96,"AWS",TRUE
"COMP-05676","Manufacturing",22,3711867.78,"AWS",TRUE
"COMP-05677","Technology",115,16671568.23,"Microsoft Azure",TRUE
"COMP-05678","Technology",69,17375261.38,"Google Cloud Platform (GCP)",TRUE
"COMP-05679","Retail & E-commerce",49,10530200.81,"Microsoft Azure",FALSE
"COMP-05680","Technology",37,14891669.37,"On-Prem/Hybrid",TRUE
"COMP-05681","Professional Services",869,180441757.01,"AWS",TRUE
"COMP-05682","Retail & E-commerce",396,90607114.9,"AWS",TRUE
"COMP-05683","Technology",46,14647070.43,"Microsoft Azure",TRUE
"COMP-05684","Retail & E-commerce",122,10438343.53,"Microsoft Azure",FALSE
"COMP-05685","Finance & Insurance",112,35530366.78,"AWS",TRUE
"COMP-05686","Retail & E-commerce",220,33020409.16,"AWS",FALSE
"COMP-05687","Retail & E-commerce",50,8829728.87,"AWS",FALSE
"COMP-05688","Technology",682,193459952.34,"Microsoft Azure",TRUE
"COMP-05689","Retail & E-commerce",210,51455249.87,"On-Prem/Hybrid",FALSE
"COMP-05690","Manufacturing",191,42864967.56,"AWS",FALSE
"COMP-05691","Healthcare",54,9029497.98,"Microsoft Azure",FALSE
"COMP-05692","Retail & E-commerce",304,187176701.58,"Microsoft Azure",TRUE
"COMP-05693","Manufacturing",207,38569992.17,"AWS",FALSE
"COMP-05694","Finance & Insurance",191,67100260.69,"Microsoft Azure",FALSE
"COMP-05695","Professional Services",37,9666330.53,"Microsoft Azure",FALSE
"COMP-05696","Professional Services",133,16626076.73,"Microsoft Azure",FALSE
"COMP-05697","Technology",76,29691788.55,"Microsoft Azure",TRUE
"COMP-05698","Healthcare",97,7033975.41,"Microsoft Azure",FALSE
"COMP-05699","Finance & Insurance",102,60126830.43,"Microsoft Azure",TRUE
"COMP-05700","Technology",19,4680236.89,"Other",TRUE
"COMP-05701","Technology",124,41956129.53,"AWS",TRUE
"COMP-05702","Manufacturing",18,4638871.15,"AWS",TRUE
"COMP-05703","Finance & Insurance",117,100780972.22,"Google Cloud Platform (GCP)",TRUE
"COMP-05704","Technology",603,197926471.96,"Microsoft Azure",TRUE
"COMP-05705","Professional Services",365,77808801.93,"Microsoft Azure",TRUE
"COMP-05706","Healthcare",141,69031690.23,"Microsoft Azure",TRUE
"COMP-05707","Finance & Insurance",25,11004186.03,"On-Prem/Hybrid",TRUE
"COMP-05708","Manufacturing",48,11462665.68,"AWS",FALSE
"COMP-05709","Retail & E-commerce",93,22727135.09,"AWS",TRUE
"COMP-05710","Professional Services",40,6585222.44,"AWS",FALSE
"COMP-05711","Professional Services",97,10833375.42,"Google Cloud Platform (GCP)",TRUE
"COMP-05712","Retail & E-commerce",28,3643399.15,"Google Cloud Platform (GCP)",TRUE
"COMP-05713","Retail & E-commerce",170,40528274.82,"AWS",TRUE
"COMP-05714","Manufacturing",78,14357062.32,"Microsoft Azure",TRUE
"COMP-05715","Finance & Insurance",38,27515816.15,"On-Prem/Hybrid",TRUE
"COMP-05716","Healthcare",37,6389048.21,"AWS",FALSE
"COMP-05717","Technology",56,11577102.29,"On-Prem/Hybrid",FALSE
"COMP-05718","Finance & Insurance",116,29259137.08,"Microsoft Azure",FALSE
"COMP-05719","Professional Services",107,30340430.23,"Microsoft Azure",TRUE
"COMP-05720","Professional Services",77,14859793.51,"Google Cloud Platform (GCP)",FALSE
"COMP-05721","Manufacturing",33,17854614.04,"Microsoft Azure",FALSE
"COMP-05722","Professional Services",397,71336232.94,"Google Cloud Platform (GCP)",FALSE
"COMP-05723","Manufacturing",125,25415094.13,"Google Cloud Platform (GCP)",FALSE
"COMP-05724","Finance & Insurance",51,10220439.34,"AWS",FALSE
"COMP-05725","Retail & E-commerce",78,49044536.44,"AWS",FALSE
"COMP-05726","Technology",167,54854946.49,"Microsoft Azure",TRUE
"COMP-05727","Professional Services",10,1002646.26,"Microsoft Azure",FALSE
"COMP-05728","Manufacturing",20,4438742.91,"Other",TRUE
"COMP-05729","Technology",29,6667795.68,"AWS",FALSE
"COMP-05730","Finance & Insurance",252,78078516.97,"AWS",TRUE
"COMP-05731","Finance & Insurance",71,37331305.81,"Other",FALSE
"COMP-05732","Technology",202,93629256.45,"On-Prem/Hybrid",FALSE
"COMP-05733","Technology",53,12323032.66,"Microsoft Azure",TRUE
"COMP-05734","Finance & Insurance",406,235643363.36,"On-Prem/Hybrid",TRUE
"COMP-05735","Healthcare",346,65369951.7,"Google Cloud Platform (GCP)",TRUE
"COMP-05736","Healthcare",134,21760130.03,"On-Prem/Hybrid",TRUE
"COMP-05737","Technology",20,4493898.66,"AWS",TRUE
"COMP-05738","Professional Services",68,13957800.27,"Other",TRUE
"COMP-05739","Technology",17,6484170.68,"Microsoft Azure",TRUE
"COMP-05740","Professional Services",14,4568499.78,"AWS",TRUE
"COMP-05741","Manufacturing",33,3956053.24,"Microsoft Azure",TRUE
"COMP-05742","Manufacturing",253,50221275.78,"Microsoft Azure",TRUE
"COMP-05743","Finance & Insurance",353,340953868.67,"AWS",TRUE
"COMP-05744","Finance & Insurance",120,40605669.79,"On-Prem/Hybrid",TRUE
"COMP-05745","Healthcare",199,67390776.72,"AWS",TRUE
"COMP-05746","Healthcare",36,12745920.96,"Google Cloud Platform (GCP)",TRUE
"COMP-05747","Technology",72,27835371.67,"Other",TRUE
"COMP-05748","Technology",20,5668045.87,"AWS",FALSE
"COMP-05749","Professional Services",73,28884657.68,"AWS",FALSE
"COMP-05750","Professional Services",1308,286147671.23,"AWS",TRUE
"COMP-05751","Technology",128,45326172.76,"Microsoft Azure",TRUE
"COMP-05752","Professional Services",105,14496965.81,"AWS",TRUE
"COMP-05753","Technology",529,51620460.27,"On-Prem/Hybrid",TRUE
"COMP-05754","Healthcare",804,158657776.37,"On-Prem/Hybrid",FALSE
"COMP-05755","Healthcare",97,15410100,"AWS",TRUE
"COMP-05756","Finance & Insurance",272,91236266.65,"AWS",TRUE
"COMP-05757","Finance & Insurance",38,10254051.89,"AWS",TRUE
"COMP-05758","Retail & E-commerce",7,1056205.39,"Microsoft Azure",TRUE
"COMP-05759","Technology",80,28241324.97,"Microsoft Azure",FALSE
"COMP-05760","Manufacturing",46,6109208.34,"Microsoft Azure",TRUE
"COMP-05761","Healthcare",329,114929330.09,"On-Prem/Hybrid",TRUE
"COMP-05762","Manufacturing",289,58759144.8,"AWS",TRUE
"COMP-05763","Technology",165,81472535.94,"Microsoft Azure",TRUE
"COMP-05764","Finance & Insurance",171,74890456.75,"Microsoft Azure",FALSE
"COMP-05765","Finance & Insurance",150,79688841.04,"Google Cloud Platform (GCP)",TRUE
"COMP-05766","Technology",107,14413608.28,"AWS",FALSE
"COMP-05767","Manufacturing",80,26215562.36,"Microsoft Azure",FALSE
"COMP-05768","Professional Services",53,12718899.53,"On-Prem/Hybrid",TRUE
"COMP-05769","Professional Services",72,11143285.15,"Microsoft Azure",TRUE
"COMP-05770","Healthcare",70,19065376.08,"Microsoft Azure",FALSE
"COMP-05771","Healthcare",56,19947934.97,"Other",TRUE
"COMP-05772","Technology",136,40972990.67,"On-Prem/Hybrid",TRUE
"COMP-05773","Finance & Insurance",153,68871775.85,"Microsoft Azure",FALSE
"COMP-05774","Technology",1700,358968457.57,"AWS",TRUE
"COMP-05775","Finance & Insurance",165,59323993.39,"Google Cloud Platform (GCP)",FALSE
"COMP-05776","Finance & Insurance",142,103321781.46,"Microsoft Azure",FALSE
"COMP-05777","Retail & E-commerce",144,48922859.47,"Microsoft Azure",FALSE
"COMP-05778","Manufacturing",20,7256753.94,"AWS",TRUE
"COMP-05779","Healthcare",76,14461614.62,"AWS",TRUE
"COMP-05780","Technology",40,18455707.43,"Microsoft Azure",FALSE
"COMP-05781","Technology",25,9278812.29,"AWS",FALSE
"COMP-05782","Manufacturing",14,7695891.12,"Microsoft Azure",TRUE
"COMP-05783","Manufacturing",236,39468046.8,"Microsoft Azure",FALSE
"COMP-05784","Professional Services",172,32651454.57,"AWS",TRUE
"COMP-05785","Healthcare",87,41323533.83,"Microsoft Azure",FALSE
"COMP-05786","Technology",11,3007115.98,"On-Prem/Hybrid",TRUE
"COMP-05787","Manufacturing",58,21315541.66,"Microsoft Azure",FALSE
"COMP-05788","Healthcare",143,44268074.4,"Microsoft Azure",TRUE
"COMP-05789","Professional Services",115,16208527.24,"AWS",FALSE
"COMP-05790","Finance & Insurance",28,10759038.62,"Microsoft Azure",TRUE
"COMP-05791","Retail & E-commerce",341,86597107.23,"Microsoft Azure",TRUE
"COMP-05792","Finance & Insurance",12,9922073.42,"On-Prem/Hybrid",TRUE
"COMP-05793","Professional Services",103,26706758.26,"AWS",TRUE
"COMP-05794","Technology",58,17662265.58,"Google Cloud Platform (GCP)",TRUE
"COMP-05795","Manufacturing",34,6046372.28,"On-Prem/Hybrid",FALSE
"COMP-05796","Technology",14,7538878.19,"Microsoft Azure",TRUE
"COMP-05797","Professional Services",204,42683789.69,"AWS",TRUE
"COMP-05798","Finance & Insurance",48,13464084.22,"On-Prem/Hybrid",TRUE
"COMP-05799","Retail & E-commerce",34,5927525.62,"AWS",TRUE
"COMP-05800","Healthcare",16,5206041.16,"AWS",FALSE
"COMP-05801","Professional Services",461,115214107.65,"On-Prem/Hybrid",TRUE
"COMP-05802","Technology",176,48234814.52,"Microsoft Azure",TRUE
"COMP-05803","Finance & Insurance",130,77308696.41,"AWS",TRUE
"COMP-05804","Technology",105,18715206.65,"AWS",TRUE
"COMP-05805","Manufacturing",61,9437249.81,"Google Cloud Platform (GCP)",TRUE
"COMP-05806","Technology",66,19521622.25,"Microsoft Azure",TRUE
"COMP-05807","Technology",294,56326588.22,"AWS",TRUE
"COMP-05808","Manufacturing",34,8098608.44,"Microsoft Azure",FALSE
"COMP-05809","Manufacturing",990,425681909.97,"AWS",TRUE
"COMP-05810","Manufacturing",33,12976460.71,"On-Prem/Hybrid",TRUE
"COMP-05811","Professional Services",480,169225257.54,"Microsoft Azure",FALSE
"COMP-05812","Manufacturing",45,14027249.14,"Other",TRUE
"COMP-05813","Retail & E-commerce",166,27960855.05,"Microsoft Azure",TRUE
"COMP-05814","Retail & E-commerce",26,9621730.66,"Google Cloud Platform (GCP)",FALSE
"COMP-05815","Finance & Insurance",51,27134164.61,"AWS",FALSE
"COMP-05816","Retail & E-commerce",23,5913180.41,"AWS",FALSE
"COMP-05817","Technology",70,10222913.25,"Google Cloud Platform (GCP)",TRUE
"COMP-05818","Manufacturing",186,51245772.19,"Microsoft Azure",TRUE
"COMP-05819","Manufacturing",468,57669986.9,"AWS",TRUE
"COMP-05820","Manufacturing",12,3154006.65,"Microsoft Azure",FALSE
"COMP-05821","Technology",246,124067225.11,"AWS",TRUE
"COMP-05822","Technology",412,190677970.38,"Microsoft Azure",TRUE
"COMP-05823","Healthcare",102,22124401.26,"Google Cloud Platform (GCP)",FALSE
"COMP-05824","Finance & Insurance",41,18673344.99,"Microsoft Azure",TRUE
"COMP-05825","Technology",219,49858977.17,"AWS",FALSE
"COMP-05826","Technology",289,62274614.26,"AWS",TRUE
"COMP-05827","Technology",132,47102126.28,"AWS",FALSE
"COMP-05828","Technology",246,104874961.39,"Microsoft Azure",FALSE
"COMP-05829","Healthcare",51,24504335.61,"Google Cloud Platform (GCP)",TRUE
"COMP-05830","Technology",1113,346645804.27,"AWS",TRUE
"COMP-05831","Technology",12,1477416.32,"AWS",TRUE
"COMP-05832","Finance & Insurance",61,16212643.96,"AWS",TRUE
"COMP-05833","Technology",55,17466932.97,"AWS",FALSE
"COMP-05834","Healthcare",22,11001861.87,"Google Cloud Platform (GCP)",FALSE
"COMP-05835","Technology",131,30007933.86,"Google Cloud Platform (GCP)",TRUE
"COMP-05836","Retail & E-commerce",26,4413456.65,"Other",FALSE
"COMP-05837","Finance & Insurance",134,37191211.99,"Microsoft Azure",FALSE
"COMP-05838","Technology",101,37596134.21,"Microsoft Azure",TRUE
"COMP-05839","Manufacturing",80,13921548.04,"On-Prem/Hybrid",TRUE
"COMP-05840","Retail & E-commerce",38,9900055.34,"Google Cloud Platform (GCP)",TRUE
"COMP-05841","Manufacturing",109,29609536.94,"Microsoft Azure",FALSE
"COMP-05842","Professional Services",124,36562499.05,"On-Prem/Hybrid",TRUE
"COMP-05843","Healthcare",111,29386248.4,"Google Cloud Platform (GCP)",FALSE
"COMP-05844","Finance & Insurance",106,89164990.81,"Microsoft Azure",TRUE
"COMP-05845","Manufacturing",107,19275997.85,"AWS",FALSE
"COMP-05846","Manufacturing",86,21166825.79,"Other",TRUE
"COMP-05847","Technology",18,4838598.32,"On-Prem/Hybrid",TRUE
"COMP-05848","Technology",10,4563297.84,"AWS",TRUE
"COMP-05849","Retail & E-commerce",254,51817097.27,"On-Prem/Hybrid",TRUE
"COMP-05850","Technology",38,20103902.02,"Microsoft Azure",TRUE
"COMP-05851","Technology",67,17985234.37,"Microsoft Azure",TRUE
"COMP-05852","Healthcare",65,24078675.35,"On-Prem/Hybrid",FALSE
"COMP-05853","Technology",687,418428531.28,"Microsoft Azure",FALSE
"COMP-05854","Technology",484,133312243.88,"Microsoft Azure",TRUE
"COMP-05855","Technology",66,38285694.48,"Other",TRUE
"COMP-05856","Manufacturing",60,9660432.27,"On-Prem/Hybrid",TRUE
"COMP-05857","Manufacturing",18,5961753.38,"Microsoft Azure",TRUE
"COMP-05858","Professional Services",249,44560513.35,"AWS",FALSE
"COMP-05859","Finance & Insurance",5,1487866.51,"AWS",TRUE
"COMP-05860","Retail & E-commerce",58,10187202.65,"Microsoft Azure",TRUE
"COMP-05861","Manufacturing",111,33367025.15,"Google Cloud Platform (GCP)",TRUE
"COMP-05862","Manufacturing",30,5843577.34,"Google Cloud Platform (GCP)",FALSE
"COMP-05863","Finance & Insurance",397,220868628.31,"AWS",TRUE
"COMP-05864","Healthcare",114,22920823.11,"Microsoft Azure",FALSE
"COMP-05865","Retail & E-commerce",827,220870203.74,"AWS",FALSE
"COMP-05866","Retail & E-commerce",3436,576662656.41,"Microsoft Azure",TRUE
"COMP-05867","Professional Services",59,12051368.77,"Google Cloud Platform (GCP)",FALSE
"COMP-05868","Retail & E-commerce",34,6821216.59,"AWS",TRUE
"COMP-05869","Healthcare",1387,431450408.14,"AWS",TRUE
"COMP-05870","Healthcare",7,1332979.98,"Google Cloud Platform (GCP)",TRUE
"COMP-05871","Technology",126,50633139.9,"Microsoft Azure",TRUE
"COMP-05872","Retail & E-commerce",175,36051089.24,"AWS",FALSE
"COMP-05873","Technology",749,185153500.6,"Microsoft Azure",TRUE
"COMP-05874","Retail & E-commerce",39,10352767.37,"AWS",TRUE
"COMP-05875","Technology",25,10335940.44,"Microsoft Azure",TRUE
"COMP-05876","Retail & E-commerce",105,25944220.79,"AWS",TRUE
"COMP-05877","Technology",230,41490819.97,"AWS",TRUE
"COMP-05878","Professional Services",464,105995203.21,"AWS",TRUE
"COMP-05879","Professional Services",592,179932532.69,"Google Cloud Platform (GCP)",TRUE
"COMP-05880","Finance & Insurance",55,17335342.66,"Other",TRUE
"COMP-05881","Retail & E-commerce",14,2531044.01,"AWS",FALSE
"COMP-05882","Technology",282,110416301.24,"AWS",TRUE
"COMP-05883","Professional Services",54,8376424.08,"AWS",TRUE
"COMP-05884","Professional Services",19,2425341.98,"Microsoft Azure",TRUE
"COMP-05885","Technology",232,119686128.57,"Google Cloud Platform (GCP)",TRUE
"COMP-05886","Technology",241,59504248.12,"Microsoft Azure",TRUE
"COMP-05887","Technology",61,22322662.1,"Microsoft Azure",TRUE
"COMP-05888","Technology",5,2240867.86,"Google Cloud Platform (GCP)",TRUE
"COMP-05889","Technology",89,34986114.38,"AWS",FALSE
"COMP-05890","Technology",130,21533316.69,"AWS",TRUE
"COMP-05891","Healthcare",60,20653489.67,"Microsoft Azure",FALSE
"COMP-05892","Healthcare",175,41580896.31,"AWS",TRUE
"COMP-05893","Manufacturing",225,50681653,"AWS",FALSE
"COMP-05894","Professional Services",99,25295813.45,"Microsoft Azure",FALSE
"COMP-05895","Technology",197,221715326.78,"On-Prem/Hybrid",TRUE
"COMP-05896","Retail & E-commerce",31,5064768.01,"AWS",TRUE
"COMP-05897","Technology",8,2335297.74,"AWS",TRUE
"COMP-05898","Professional Services",19,5229127.68,"AWS",FALSE
"COMP-05899","Retail & E-commerce",31,8198582.98,"Microsoft Azure",TRUE
"COMP-05900","Technology",13,2387966.51,"Microsoft Azure",TRUE
"COMP-05901","Technology",970,401090408.8,"AWS",TRUE
"COMP-05902","Retail & E-commerce",35,4668953.68,"Google Cloud Platform (GCP)",TRUE
"COMP-05903","Professional Services",104,20188571.11,"Microsoft Azure",TRUE
"COMP-05904","Retail & E-commerce",45,6463050.15,"On-Prem/Hybrid",TRUE
"COMP-05905","Professional Services",657,69838600.51,"AWS",FALSE
"COMP-05906","Finance & Insurance",107,21294233.5,"AWS",TRUE
"COMP-05907","Finance & Insurance",696,347801233.55,"Microsoft Azure",TRUE
"COMP-05908","Healthcare",25,4272901.34,"AWS",TRUE
"COMP-05909","Healthcare",170,52436091.11,"Google Cloud Platform (GCP)",FALSE
"COMP-05910","Manufacturing",17,3459342.23,"Microsoft Azure",FALSE
"COMP-05911","Manufacturing",85,19991137.93,"Google Cloud Platform (GCP)",TRUE
"COMP-05912","Professional Services",21,3677665.62,"AWS",TRUE
"COMP-05913","Retail & E-commerce",69,25496988.24,"Microsoft Azure",TRUE
"COMP-05914","Technology",163,55928639.78,"AWS",TRUE
"COMP-05915","Professional Services",510,47300031.33,"Google Cloud Platform (GCP)",TRUE
"COMP-05916","Healthcare",29,12243972.23,"Microsoft Azure",TRUE
"COMP-05917","Healthcare",241,35344792.73,"On-Prem/Hybrid",FALSE
"COMP-05918","Technology",255,100948269.48,"Google Cloud Platform (GCP)",TRUE
"COMP-05919","Technology",34,11292437.91,"Google Cloud Platform (GCP)",TRUE
"COMP-05920","Technology",4947,1235931068.83,"Microsoft Azure",TRUE
"COMP-05921","Professional Services",52,11844274.21,"Microsoft Azure",TRUE
"COMP-05922","Retail & E-commerce",63,31155130.74,"Google Cloud Platform (GCP)",FALSE
"COMP-05923","Finance & Insurance",111,50121963.62,"AWS",TRUE
"COMP-05924","Finance & Insurance",5,5009029.43,"AWS",FALSE
"COMP-05925","Technology",618,215160529.3,"Microsoft Azure",TRUE
"COMP-05926","Finance & Insurance",201,109820599.54,"Microsoft Azure",TRUE
"COMP-05927","Technology",75,13514125.23,"AWS",TRUE
"COMP-05928","Professional Services",825,210258992.49,"Microsoft Azure",TRUE
"COMP-05929","Retail & E-commerce",213,31499246.92,"AWS",FALSE
"COMP-05930","Finance & Insurance",129,64406400.13,"On-Prem/Hybrid",FALSE
"COMP-05931","Manufacturing",19,2365529.13,"AWS",FALSE
"COMP-05932","Finance & Insurance",576,174031123.54,"Other",TRUE
"COMP-05933","Finance & Insurance",90,19365033.2,"On-Prem/Hybrid",TRUE
"COMP-05934","Retail & E-commerce",122,16962783.67,"Microsoft Azure",FALSE
"COMP-05935","Technology",1021,213417297.66,"AWS",TRUE
"COMP-05936","Manufacturing",159,54554843.17,"AWS",TRUE
"COMP-05937","Professional Services",104,9170972.56,"Microsoft Azure",TRUE
"COMP-05938","Retail & E-commerce",26,10446593.01,"Microsoft Azure",TRUE
"COMP-05939","Finance & Insurance",76,48774771.17,"AWS",TRUE
"COMP-05940","Finance & Insurance",42,22746678.61,"Google Cloud Platform (GCP)",TRUE
"COMP-05941","Professional Services",42,16227462.41,"Microsoft Azure",FALSE
"COMP-05942","Technology",65,41865822.88,"Microsoft Azure",TRUE
"COMP-05943","Manufacturing",221,59555810.7,"On-Prem/Hybrid",FALSE
"COMP-05944","Professional Services",417,49470340.1,"On-Prem/Hybrid",FALSE
"COMP-05945","Manufacturing",91,27811342.93,"AWS",FALSE
"COMP-05946","Professional Services",60,8446123.56,"Google Cloud Platform (GCP)",TRUE
"COMP-05947","Finance & Insurance",232,69193414.69,"AWS",TRUE
"COMP-05948","Finance & Insurance",34,15223641.04,"AWS",FALSE
"COMP-05949","Healthcare",12,5067508.13,"Microsoft Azure",FALSE
"COMP-05950","Healthcare",183,24981600.95,"AWS",TRUE
"COMP-05951","Retail & E-commerce",80,27639396.1,"On-Prem/Hybrid",FALSE
"COMP-05952","Technology",5,1176463.45,"Google Cloud Platform (GCP)",FALSE
"COMP-05953","Technology",6,1462927.01,"AWS",FALSE
"COMP-05954","Professional Services",127,16791384.21,"AWS",TRUE
"COMP-05955","Retail & E-commerce",309,73192513.47,"AWS",TRUE
"COMP-05956","Finance & Insurance",178,63136081.81,"Microsoft Azure",TRUE
"COMP-05957","Healthcare",61,9191027.27,"AWS",TRUE
"COMP-05958","Professional Services",612,168030639.34,"AWS",TRUE
"COMP-05959","Finance & Insurance",28,17891347.71,"Microsoft Azure",TRUE
"COMP-05960","Manufacturing",56,20179533.3,"Microsoft Azure",TRUE
"COMP-05961","Healthcare",35,9271956.72,"Microsoft Azure",FALSE
"COMP-05962","Finance & Insurance",153,74038136.54,"Microsoft Azure",TRUE
"COMP-05963","Technology",12,4569880.07,"Microsoft Azure",TRUE
"COMP-05964","Manufacturing",13,3451237.68,"Microsoft Azure",FALSE
"COMP-05965","Manufacturing",7,1747168.29,"Microsoft Azure",TRUE
"COMP-05966","Manufacturing",81,26696235.74,"On-Prem/Hybrid",TRUE
"COMP-05967","Technology",441,108044609.17,"Microsoft Azure",TRUE
"COMP-05968","Technology",642,300791121.91,"On-Prem/Hybrid",TRUE
"COMP-05969","Professional Services",29,2811616.4,"AWS",FALSE
"COMP-05970","Manufacturing",49,9512168.2,"Microsoft Azure",FALSE
"COMP-05971","Technology",28,2666395.59,"Microsoft Azure",TRUE
"COMP-05972","Finance & Insurance",131,55427036.58,"AWS",TRUE
"COMP-05973","Finance & Insurance",136,28717823.86,"AWS",FALSE
"COMP-05974","Manufacturing",224,99975952.89,"AWS",FALSE
"COMP-05975","Retail & E-commerce",9,1350645.86,"On-Prem/Hybrid",FALSE
"COMP-05976","Retail & E-commerce",16,2541379.39,"Microsoft Azure",FALSE
"COMP-05977","Finance & Insurance",47,22623437.81,"AWS",TRUE
"COMP-05978","Professional Services",37,5916141.3,"Google Cloud Platform (GCP)",TRUE
"COMP-05979","Technology",167,61425699.44,"AWS",TRUE
"COMP-05980","Retail & E-commerce",73,8032297.73,"Google Cloud Platform (GCP)",TRUE
"COMP-05981","Technology",12,5256982.06,"Microsoft Azure",TRUE
"COMP-05982","Finance & Insurance",367,176169264.59,"Google Cloud Platform (GCP)",TRUE
"COMP-05983","Healthcare",151,32096994.61,"AWS",TRUE
"COMP-05984","Manufacturing",34,4307075.57,"Microsoft Azure",TRUE
"COMP-05985","Professional Services",19,7169728.74,"Microsoft Azure",TRUE
"COMP-05986","Finance & Insurance",49,23717090.47,"AWS",TRUE
"COMP-05987","Finance & Insurance",24,6880077.65,"On-Prem/Hybrid",TRUE
"COMP-05988","Healthcare",516,309014762.14,"AWS",FALSE
"COMP-05989","Professional Services",62,9390010.03,"Google Cloud Platform (GCP)",FALSE
"COMP-05990","Professional Services",90,22820734.75,"AWS",FALSE
"COMP-05991","Technology",228,67840070.28,"AWS",TRUE
"COMP-05992","Professional Services",164,42189362.78,"On-Prem/Hybrid",FALSE
"COMP-05993","Retail & E-commerce",723,238092614.04,"On-Prem/Hybrid",FALSE
"COMP-05994","Manufacturing",163,75530805.21,"Microsoft Azure",TRUE
"COMP-05995","Professional Services",932,200697946.55,"AWS",TRUE
"COMP-05996","Manufacturing",46,12744483.16,"AWS",TRUE
"COMP-05997","Retail & E-commerce",15,5948326.96,"Other",TRUE
"COMP-05998","Technology",63,17462896.48,"Microsoft Azure",TRUE
"COMP-05999","Technology",116,19600772.91,"Google Cloud Platform (GCP)",TRUE
"COMP-06000","Technology",228,81756544.42,"Google Cloud Platform (GCP)",TRUE
"COMP-06001","Technology",363,175040725.81,"On-Prem/Hybrid",TRUE
"COMP-06002","Retail & E-commerce",72,8871787.68,"Microsoft Azure",TRUE
"COMP-06003","Technology",64,36105263.91,"AWS",FALSE
"COMP-06004","Technology",56,11843714.18,"Google Cloud Platform (GCP)",TRUE
"COMP-06005","Professional Services",211,43665274.32,"Microsoft Azure",TRUE
"COMP-06006","Professional Services",13,2867781.6,"AWS",FALSE
"COMP-06007","Technology",227,112108653.37,"Microsoft Azure",TRUE
"COMP-06008","Healthcare",19,12686331.18,"On-Prem/Hybrid",TRUE
"COMP-06009","Finance & Insurance",262,141071472.39,"AWS",TRUE
"COMP-06010","Technology",73,13901917.61,"Microsoft Azure",FALSE
"COMP-06011","Technology",696,347985124.99,"AWS",TRUE
"COMP-06012","Professional Services",19,4272500.2,"On-Prem/Hybrid",FALSE
"COMP-06013","Finance & Insurance",50,14922244.76,"Microsoft Azure",FALSE
"COMP-06014","Finance & Insurance",117,64127077.04,"Microsoft Azure",TRUE
"COMP-06015","Technology",127,16022295.33,"Microsoft Azure",TRUE
"COMP-06016","Professional Services",16,5837215.16,"On-Prem/Hybrid",FALSE
"COMP-06017","Healthcare",81,12967839.39,"Microsoft Azure",TRUE
"COMP-06018","Technology",14,4959178.54,"AWS",TRUE
"COMP-06019","Professional Services",173,35805715.4,"Google Cloud Platform (GCP)",FALSE
"COMP-06020","Technology",49,12701343.76,"AWS",FALSE
"COMP-06021","Manufacturing",139,30020798.92,"On-Prem/Hybrid",TRUE
"COMP-06022","Healthcare",341,63541217,"Microsoft Azure",TRUE
"COMP-06023","Healthcare",112,34788198.9,"AWS",FALSE
"COMP-06024","Professional Services",238,98835200.91,"Google Cloud Platform (GCP)",TRUE
"COMP-06025","Technology",80,38559572.99,"On-Prem/Hybrid",FALSE
"COMP-06026","Manufacturing",94,24973087.09,"Microsoft Azure",TRUE
"COMP-06027","Manufacturing",176,38146690.52,"Microsoft Azure",TRUE
"COMP-06028","Professional Services",93,22758282.51,"On-Prem/Hybrid",FALSE
"COMP-06029","Retail & E-commerce",61,6588835.96,"On-Prem/Hybrid",FALSE
"COMP-06030","Retail & E-commerce",27,4498223.44,"Google Cloud Platform (GCP)",FALSE
"COMP-06031","Technology",299,180962826.33,"AWS",TRUE
"COMP-06032","Healthcare",962,197032209.39,"AWS",TRUE
"COMP-06033","Healthcare",284,95595960.51,"Microsoft Azure",TRUE
"COMP-06034","Technology",315,110319573.6,"Google Cloud Platform (GCP)",TRUE
"COMP-06035","Technology",43,9633924.04,"AWS",TRUE
"COMP-06036","Technology",103,23524795.82,"AWS",TRUE
"COMP-06037","Finance & Insurance",102,60812400.91,"AWS",TRUE
"COMP-06038","Professional Services",185,69140528.45,"Google Cloud Platform (GCP)",TRUE
"COMP-06039","Finance & Insurance",62,11336729.68,"Microsoft Azure",TRUE
"COMP-06040","Technology",34,11826032.49,"Microsoft Azure",FALSE
"COMP-06041","Retail & E-commerce",76,17077224.3,"AWS",TRUE
"COMP-06042","Finance & Insurance",2638,1445013205.67,"Microsoft Azure",TRUE
"COMP-06043","Professional Services",59,11008609.44,"AWS",TRUE
"COMP-06044","Retail & E-commerce",294,104792624.06,"Google Cloud Platform (GCP)",TRUE
"COMP-06045","Manufacturing",12,3237742.82,"Microsoft Azure",TRUE
"COMP-06046","Technology",3171,1036560423.65,"Microsoft Azure",FALSE
"COMP-06047","Professional Services",15,2995306.54,"Microsoft Azure",FALSE
"COMP-06048","Technology",107,32327811.55,"Google Cloud Platform (GCP)",TRUE
"COMP-06049","Retail & E-commerce",95,21988407.1,"On-Prem/Hybrid",TRUE
"COMP-06050","Professional Services",72,10707051.83,"AWS",TRUE
"COMP-06051","Manufacturing",13,4813411.2,"Google Cloud Platform (GCP)",FALSE
"COMP-06052","Finance & Insurance",28,15781377.1,"Google Cloud Platform (GCP)",TRUE
"COMP-06053","Retail & E-commerce",341,160093007.27,"AWS",TRUE
"COMP-06054","Retail & E-commerce",109,19385867.4,"Google Cloud Platform (GCP)",TRUE
"COMP-06055","Finance & Insurance",85,39878496.16,"AWS",FALSE
"COMP-06056","Technology",132,27401700.41,"AWS",TRUE
"COMP-06057","Professional Services",111,27201554.17,"AWS",FALSE
"COMP-06058","Retail & E-commerce",110,46765562.27,"AWS",TRUE
"COMP-06059","Technology",230,79890525.75,"AWS",TRUE
"COMP-06060","Technology",189,55128998.68,"AWS",FALSE
"COMP-06061","Technology",429,64535084.06,"AWS",FALSE
"COMP-06062","Healthcare",81,29010028.85,"Google Cloud Platform (GCP)",FALSE
"COMP-06063","Professional Services",137,12187707.11,"Microsoft Azure",TRUE
"COMP-06064","Technology",7,1776096.92,"Google Cloud Platform (GCP)",FALSE
"COMP-06065","Technology",449,202659635.89,"Microsoft Azure",TRUE
"COMP-06066","Technology",263,55892907.81,"On-Prem/Hybrid",TRUE
"COMP-06067","Healthcare",71,21294658.82,"AWS",TRUE
"COMP-06068","Professional Services",873,179232564.98,"Google Cloud Platform (GCP)",FALSE
"COMP-06069","Manufacturing",67,22180482.98,"Other",TRUE
"COMP-06070","Professional Services",137,40760350.84,"AWS",TRUE
"COMP-06071","Retail & E-commerce",15,5144180.07,"Microsoft Azure",TRUE
"COMP-06072","Retail & E-commerce",116,26404915.4,"Google Cloud Platform (GCP)",FALSE
"COMP-06073","Retail & E-commerce",36,10754660.37,"Other",TRUE
"COMP-06074","Healthcare",42,11752082.63,"Microsoft Azure",FALSE
"COMP-06075","Technology",881,201179574.16,"Microsoft Azure",TRUE
"COMP-06076","Manufacturing",369,70246806.97,"AWS",TRUE
"COMP-06077","Finance & Insurance",39,16273328.8,"AWS",TRUE
"COMP-06078","Healthcare",284,90477747.66,"AWS",FALSE
"COMP-06079","Healthcare",305,57365920.7,"Google Cloud Platform (GCP)",TRUE
"COMP-06080","Technology",185,22739076.59,"Microsoft Azure",TRUE
"COMP-06081","Healthcare",91,35895187.23,"Microsoft Azure",TRUE
"COMP-06082","Technology",125,36744346.22,"AWS",TRUE
"COMP-06083","Manufacturing",253,45269683.39,"AWS",TRUE
"COMP-06084","Professional Services",57,8030734.39,"Microsoft Azure",FALSE
"COMP-06085","Manufacturing",584,230565247.88,"Google Cloud Platform (GCP)",TRUE
"COMP-06086","Retail & E-commerce",78,8598888.27,"Microsoft Azure",FALSE
"COMP-06087","Healthcare",352,96518181.86,"Microsoft Azure",FALSE
"COMP-06088","Professional Services",124,31082354.5,"AWS",FALSE
"COMP-06089","Manufacturing",41,10563812.41,"Microsoft Azure",FALSE
"COMP-06090","Professional Services",83,8246268.22,"Other",TRUE
"COMP-06091","Healthcare",173,82983573.13,"Microsoft Azure",FALSE
"COMP-06092","Healthcare",45,16080408.5,"Microsoft Azure",TRUE
"COMP-06093","Professional Services",44,6724875.33,"Microsoft Azure",FALSE
"COMP-06094","Healthcare",183,64487100.05,"On-Prem/Hybrid",TRUE
"COMP-06095","Finance & Insurance",183,88893602.31,"AWS",FALSE
"COMP-06096","Healthcare",334,62240547.42,"AWS",FALSE
"COMP-06097","Technology",173,87421005.3,"AWS",TRUE
"COMP-06098","Manufacturing",273,37862480.64,"Microsoft Azure",FALSE
"COMP-06099","Finance & Insurance",49,17977701.17,"Microsoft Azure",TRUE
"COMP-06100","Finance & Insurance",663,272387938.3,"Microsoft Azure",TRUE
"COMP-06101","Retail & E-commerce",198,41376624.98,"Microsoft Azure",TRUE
"COMP-06102","Healthcare",66,21073362.2,"Other",FALSE
"COMP-06103","Manufacturing",52,13391698.67,"AWS",TRUE
"COMP-06104","Professional Services",17,3440498.63,"Google Cloud Platform (GCP)",TRUE
"COMP-06105","Retail & E-commerce",230,34983808.5,"Microsoft Azure",FALSE
"COMP-06106","Finance & Insurance",14,5803536.63,"AWS",FALSE
"COMP-06107","Technology",467,107648039.59,"Microsoft Azure",TRUE
"COMP-06108","Professional Services",65,7394682.78,"AWS",FALSE
"COMP-06109","Professional Services",144,36032538.3,"On-Prem/Hybrid",TRUE
"COMP-06110","Manufacturing",29,7001500.14,"AWS",TRUE
"COMP-06111","Finance & Insurance",244,176463830.93,"Microsoft Azure",TRUE
"COMP-06112","Retail & E-commerce",497,85686332.23,"On-Prem/Hybrid",TRUE
"COMP-06113","Finance & Insurance",68,51480266.63,"Microsoft Azure",TRUE
"COMP-06114","Technology",472,201702923.67,"AWS",TRUE
"COMP-06115","Technology",170,51498096.67,"AWS",TRUE
"COMP-06116","Manufacturing",160,26622411.44,"AWS",TRUE
"COMP-06117","Manufacturing",187,69690766.16,"AWS",TRUE
"COMP-06118","Technology",38,5740614.54,"Microsoft Azure",TRUE
"COMP-06119","Professional Services",58,8617631.81,"AWS",TRUE
"COMP-06120","Finance & Insurance",15,5298515.76,"Google Cloud Platform (GCP)",TRUE
"COMP-06121","Retail & E-commerce",14,3136316.78,"On-Prem/Hybrid",TRUE
"COMP-06122","Manufacturing",113,24094179.64,"Microsoft Azure",FALSE
"COMP-06123","Manufacturing",18,5014119.4,"AWS",TRUE
"COMP-06124","Manufacturing",74,25569021.25,"On-Prem/Hybrid",TRUE
"COMP-06125","Professional Services",12,2630530.96,"On-Prem/Hybrid",TRUE
"COMP-06126","Retail & E-commerce",362,58417128.68,"AWS",TRUE
"COMP-06127","Manufacturing",163,23789205.09,"AWS",FALSE
"COMP-06128","Technology",31,6005026.38,"Other",TRUE
"COMP-06129","Finance & Insurance",142,32896107.01,"Microsoft Azure",TRUE
"COMP-06130","Finance & Insurance",253,120271128.26,"Microsoft Azure",TRUE
"COMP-06131","Technology",13,2037142.74,"On-Prem/Hybrid",TRUE
"COMP-06132","Retail & E-commerce",72,9239026.51,"Google Cloud Platform (GCP)",FALSE
"COMP-06133","Professional Services",78,17300705.7,"AWS",TRUE
"COMP-06134","Finance & Insurance",147,140817500.08,"Microsoft Azure",TRUE
"COMP-06135","Manufacturing",38,5816555.77,"AWS",TRUE
"COMP-06136","Manufacturing",202,20620857.73,"On-Prem/Hybrid",TRUE
"COMP-06137","Manufacturing",65,7330011.62,"AWS",TRUE
"COMP-06138","Finance & Insurance",45,12892241.29,"Google Cloud Platform (GCP)",TRUE
"COMP-06139","Retail & E-commerce",18,5175207.39,"Microsoft Azure",TRUE
"COMP-06140","Manufacturing",5,1821520.25,"Microsoft Azure",TRUE
"COMP-06141","Manufacturing",51,13268153.83,"AWS",FALSE
"COMP-06142","Technology",767,196435330.46,"Other",TRUE
"COMP-06143","Retail & E-commerce",201,56535893.47,"AWS",TRUE
"COMP-06144","Finance & Insurance",32,15308515.77,"AWS",FALSE
"COMP-06145","Manufacturing",125,24941088.77,"Google Cloud Platform (GCP)",TRUE
"COMP-06146","Finance & Insurance",10,4956714.13,"Microsoft Azure",TRUE
"COMP-06147","Retail & E-commerce",225,36051663.64,"Google Cloud Platform (GCP)",TRUE
"COMP-06148","Professional Services",50,11499318.25,"AWS",FALSE
"COMP-06149","Healthcare",21,9093383.14,"AWS",TRUE
"COMP-06150","Retail & E-commerce",17,3333705.15,"AWS",TRUE
"COMP-06151","Healthcare",607,127422346.9,"Microsoft Azure",FALSE
"COMP-06152","Technology",58,13094858.17,"AWS",TRUE
"COMP-06153","Retail & E-commerce",87,32606849.4,"AWS",TRUE
"COMP-06154","Retail & E-commerce",21,3676696.37,"Microsoft Azure",TRUE
"COMP-06155","Finance & Insurance",64,43743790.35,"On-Prem/Hybrid",TRUE
"COMP-06156","Technology",423,159795483.09,"AWS",TRUE
"COMP-06157","Manufacturing",23,2566042.1,"Other",FALSE
"COMP-06158","Healthcare",72,19785901.35,"AWS",TRUE
"COMP-06159","Healthcare",823,258762423.83,"Google Cloud Platform (GCP)",TRUE
"COMP-06160","Healthcare",45,21832532.03,"Microsoft Azure",TRUE
"COMP-06161","Manufacturing",589,430373039.21,"AWS",TRUE
"COMP-06162","Technology",68,13463478.84,"AWS",FALSE
"COMP-06163","Professional Services",40,4099690.61,"On-Prem/Hybrid",TRUE
"COMP-06164","Retail & E-commerce",104,23183097.44,"Other",TRUE
"COMP-06165","Healthcare",73,10692927.65,"AWS",FALSE
"COMP-06166","Retail & E-commerce",164,25261271.35,"AWS",TRUE
"COMP-06167","Technology",92,16511264.45,"AWS",FALSE
"COMP-06168","Professional Services",21,2463013.96,"Microsoft Azure",FALSE
"COMP-06169","Technology",30,6960312.54,"AWS",TRUE
"COMP-06170","Retail & E-commerce",63,5995595.71,"AWS",TRUE
"COMP-06171","Healthcare",40,6428826.32,"AWS",TRUE
"COMP-06172","Retail & E-commerce",21,7110909.03,"Google Cloud Platform (GCP)",FALSE
"COMP-06173","Finance & Insurance",133,35409998.4,"On-Prem/Hybrid",TRUE
"COMP-06174","Manufacturing",103,30571335.36,"Microsoft Azure",TRUE
"COMP-06175","Technology",81,64607031.39,"Other",FALSE
"COMP-06176","Technology",547,277397386.55,"AWS",TRUE
"COMP-06177","Finance & Insurance",140,53246435.21,"AWS",TRUE
"COMP-06178","Professional Services",391,142856542.73,"AWS",TRUE
"COMP-06179","Technology",28,4374909.71,"AWS",TRUE
"COMP-06180","Professional Services",12,2883425.74,"AWS",TRUE
"COMP-06181","Professional Services",54,8225022.15,"On-Prem/Hybrid",FALSE
"COMP-06182","Professional Services",133,20433924.36,"On-Prem/Hybrid",FALSE
"COMP-06183","Technology",726,171760150.82,"Microsoft Azure",TRUE
"COMP-06184","Technology",83,17918144.35,"Microsoft Azure",TRUE
"COMP-06185","Retail & E-commerce",113,18971874.64,"On-Prem/Hybrid",TRUE
"COMP-06186","Manufacturing",13,2392551.66,"Microsoft Azure",FALSE
"COMP-06187","Retail & E-commerce",660,192749817.7,"AWS",FALSE
"COMP-06188","Technology",5,1315730.38,"Microsoft Azure",TRUE
"COMP-06189","Manufacturing",110,25404613.89,"AWS",TRUE
"COMP-06190","Manufacturing",18,4393418.41,"AWS",TRUE
"COMP-06191","Professional Services",463,128593866.76,"Microsoft Azure",TRUE
"COMP-06192","Healthcare",135,29255014.14,"Google Cloud Platform (GCP)",TRUE
"COMP-06193","Retail & E-commerce",114,17688230.91,"Microsoft Azure",TRUE
"COMP-06194","Technology",161,65257495.6,"Microsoft Azure",FALSE
"COMP-06195","Manufacturing",94,37305165.39,"AWS",FALSE
"COMP-06196","Finance & Insurance",37,10224335.69,"Microsoft Azure",FALSE
"COMP-06197","Technology",593,204536724.9,"Microsoft Azure",TRUE
"COMP-06198","Healthcare",441,121646686.32,"Microsoft Azure",TRUE
"COMP-06199","Technology",257,45616292.48,"Microsoft Azure",TRUE
"COMP-06200","Finance & Insurance",146,95131122.99,"Other",TRUE
"COMP-06201","Finance & Insurance",384,112489884.9,"AWS",FALSE
"COMP-06202","Manufacturing",71,10984353.63,"AWS",TRUE
"COMP-06203","Technology",9,4446707.42,"Microsoft Azure",TRUE
"COMP-06204","Finance & Insurance",49,17370092.21,"AWS",TRUE
"COMP-06205","Healthcare",29,9775725.21,"AWS",FALSE
"COMP-06206","Healthcare",131,32065378.57,"Microsoft Azure",TRUE
"COMP-06207","Finance & Insurance",17,4469584.5,"AWS",TRUE
"COMP-06208","Manufacturing",157,32051675.41,"Microsoft Azure",TRUE
"COMP-06209","Finance & Insurance",156,88776027.04,"On-Prem/Hybrid",TRUE
"COMP-06210","Retail & E-commerce",346,45087129.01,"Google Cloud Platform (GCP)",TRUE
"COMP-06211","Professional Services",398,206012668.02,"Microsoft Azure",TRUE
"COMP-06212","Technology",34,12399865.87,"AWS",TRUE
"COMP-06213","Healthcare",711,84058486.5,"Microsoft Azure",TRUE
"COMP-06214","Healthcare",119,22099433.64,"Microsoft Azure",FALSE
"COMP-06215","Manufacturing",37,9314723.79,"Microsoft Azure",TRUE
"COMP-06216","Retail & E-commerce",16,2389775.59,"Other",TRUE
"COMP-06217","Professional Services",1104,286586581.56,"Google Cloud Platform (GCP)",TRUE
"COMP-06218","Finance & Insurance",232,65846416.97,"Google Cloud Platform (GCP)",TRUE
"COMP-06219","Healthcare",427,81912863.1,"Google Cloud Platform (GCP)",FALSE
"COMP-06220","Healthcare",45,14963114.76,"Microsoft Azure",TRUE
"COMP-06221","Manufacturing",246,49438748.77,"Microsoft Azure",TRUE
"COMP-06222","Technology",11,3513706.12,"AWS",FALSE
"COMP-06223","Professional Services",33,9117700.52,"Microsoft Azure",TRUE
"COMP-06224","Technology",55,32739639.94,"AWS",TRUE
"COMP-06225","Professional Services",5,1911824.24,"AWS",FALSE
"COMP-06226","Finance & Insurance",24,15272795.41,"On-Prem/Hybrid",TRUE
"COMP-06227","Professional Services",188,29535788.67,"AWS",FALSE
"COMP-06228","Manufacturing",16,3325961.63,"Microsoft Azure",TRUE
"COMP-06229","Manufacturing",55,22839005.58,"AWS",TRUE
"COMP-06230","Professional Services",74,7670703.57,"AWS",TRUE
"COMP-06231","Retail & E-commerce",31,10201572.96,"Microsoft Azure",FALSE
"COMP-06232","Professional Services",85,25870733.6,"AWS",TRUE
"COMP-06233","Technology",135,38485770.27,"Other",TRUE
"COMP-06234","Technology",33,10581773.48,"AWS",TRUE
"COMP-06235","Manufacturing",37,8503047.81,"On-Prem/Hybrid",FALSE
"COMP-06236","Manufacturing",148,34994418.53,"AWS",TRUE
"COMP-06237","Professional Services",17,2374805.58,"AWS",TRUE
"COMP-06238","Manufacturing",654,243035187.42,"Google Cloud Platform (GCP)",TRUE
"COMP-06239","Healthcare",559,205032121.15,"Google Cloud Platform (GCP)",FALSE
"COMP-06240","Finance & Insurance",127,33193175.08,"AWS",FALSE
"COMP-06241","Technology",92,44346905.49,"Other",TRUE
"COMP-06242","Finance & Insurance",16,6915405.54,"AWS",TRUE
"COMP-06243","Technology",6,1355733.82,"AWS",FALSE
"COMP-06244","Technology",796,246221492.57,"AWS",TRUE
"COMP-06245","Professional Services",10,2372052.65,"Google Cloud Platform (GCP)",TRUE
"COMP-06246","Retail & E-commerce",1017,521364909.47,"AWS",TRUE
"COMP-06247","Professional Services",141,32502716.45,"On-Prem/Hybrid",FALSE
"COMP-06248","Technology",33,10101610.46,"AWS",FALSE
"COMP-06249","Healthcare",102,23659121.78,"Microsoft Azure",TRUE
"COMP-06250","Manufacturing",16,2910212.91,"Google Cloud Platform (GCP)",TRUE
"COMP-06251","Technology",80,37418929.28,"AWS",TRUE
"COMP-06252","Finance & Insurance",243,106132344.67,"AWS",TRUE
"COMP-06253","Technology",73,46340302.2,"On-Prem/Hybrid",TRUE
"COMP-06254","Retail & E-commerce",222,40586931.03,"Microsoft Azure",FALSE
"COMP-06255","Retail & E-commerce",53,10365413.37,"AWS",TRUE
"COMP-06256","Manufacturing",150,50549014.59,"AWS",FALSE
"COMP-06257","Technology",146,56111264.17,"AWS",TRUE
"COMP-06258","Finance & Insurance",132,58994110.71,"Google Cloud Platform (GCP)",TRUE
"COMP-06259","Retail & E-commerce",9,2107992.11,"Other",FALSE
"COMP-06260","Professional Services",292,28973291.41,"Microsoft Azure",TRUE
"COMP-06261","Technology",101,41685296.93,"AWS",TRUE
"COMP-06262","Retail & E-commerce",387,145440791.33,"On-Prem/Hybrid",TRUE
"COMP-06263","Technology",108,22538808.71,"AWS",FALSE
"COMP-06264","Technology",382,87268485.16,"AWS",FALSE
"COMP-06265","Technology",170,98367661.94,"AWS",TRUE
"COMP-06266","Technology",1220,510515590.04,"Other",TRUE
"COMP-06267","Technology",223,116297555.65,"Google Cloud Platform (GCP)",TRUE
"COMP-06268","Technology",179,60434375.51,"On-Prem/Hybrid",TRUE
"COMP-06269","Manufacturing",194,67280032.05,"On-Prem/Hybrid",FALSE
"COMP-06270","Finance & Insurance",255,195721638.39,"Google Cloud Platform (GCP)",TRUE
"COMP-06271","Professional Services",202,66131750.66,"Microsoft Azure",TRUE
"COMP-06272","Technology",82,19597700.82,"Google Cloud Platform (GCP)",TRUE
"COMP-06273","Professional Services",368,75338785.69,"Other",TRUE
"COMP-06274","Finance & Insurance",52,25859130.79,"Google Cloud Platform (GCP)",TRUE
"COMP-06275","Finance & Insurance",568,292854484.83,"Microsoft Azure",TRUE
"COMP-06276","Healthcare",488,161403957.57,"AWS",FALSE
"COMP-06277","Healthcare",174,39700986.76,"Microsoft Azure",TRUE
"COMP-06278","Manufacturing",389,162812411.65,"Google Cloud Platform (GCP)",FALSE
"COMP-06279","Technology",188,43875271.99,"AWS",TRUE
"COMP-06280","Retail & E-commerce",45,18094609.26,"Other",TRUE
"COMP-06281","Healthcare",93,16820701.94,"Microsoft Azure",FALSE
"COMP-06282","Retail & E-commerce",230,47704504.9,"AWS",TRUE
"COMP-06283","Professional Services",6,1644357.81,"Microsoft Azure",TRUE
"COMP-06284","Healthcare",18,4639919.9,"Microsoft Azure",TRUE
"COMP-06285","Professional Services",38,5250183.91,"AWS",TRUE
"COMP-06286","Manufacturing",562,78197636.26,"Other",FALSE
"COMP-06287","Manufacturing",26,9112089.14,"AWS",TRUE
"COMP-06288","Technology",41,14666586.86,"AWS",TRUE
"COMP-06289","Manufacturing",21,5464067.93,"AWS",FALSE
"COMP-06290","Retail & E-commerce",8,1704558.83,"On-Prem/Hybrid",FALSE
"COMP-06291","Retail & E-commerce",399,111148901.9,"AWS",TRUE
"COMP-06292","Healthcare",164,54073329.32,"Microsoft Azure",TRUE
"COMP-06293","Retail & E-commerce",152,30592706.27,"AWS",FALSE
"COMP-06294","Retail & E-commerce",113,38897208.58,"Other",FALSE
"COMP-06295","Manufacturing",103,34154626.38,"AWS",TRUE
"COMP-06296","Manufacturing",210,36340519.02,"On-Prem/Hybrid",TRUE
"COMP-06297","Healthcare",27,6994374.31,"AWS",TRUE
"COMP-06298","Professional Services",17,2022850.53,"AWS",TRUE
"COMP-06299","Professional Services",100,11810682.53,"AWS",TRUE
"COMP-06300","Finance & Insurance",91,55337723.02,"AWS",TRUE
"COMP-06301","Finance & Insurance",45,31043768.24,"On-Prem/Hybrid",TRUE
"COMP-06302","Technology",115,89537325.81,"AWS",TRUE
"COMP-06303","Technology",106,37197848.76,"AWS",TRUE
"COMP-06304","Technology",13,3160134.32,"AWS",TRUE
"COMP-06305","Finance & Insurance",174,82632864.44,"AWS",TRUE
"COMP-06306","Finance & Insurance",66,12783054.46,"Microsoft Azure",FALSE
"COMP-06307","Healthcare",25,5701797.1,"AWS",TRUE
"COMP-06308","Technology",72,12653224.73,"Microsoft Azure",TRUE
"COMP-06309","Professional Services",45,8572615.73,"Microsoft Azure",TRUE
"COMP-06310","Healthcare",123,76119062.21,"Other",TRUE
"COMP-06311","Technology",83,37348582,"AWS",TRUE
"COMP-06312","Finance & Insurance",95,34942499.19,"AWS",FALSE
"COMP-06313","Professional Services",49,7300499.42,"AWS",TRUE
"COMP-06314","Technology",123,40657946.7,"Google Cloud Platform (GCP)",FALSE
"COMP-06315","Professional Services",155,25738441.52,"Google Cloud Platform (GCP)",TRUE
"COMP-06316","Manufacturing",42,15542764.85,"On-Prem/Hybrid",TRUE
"COMP-06317","Finance & Insurance",6,2222660.52,"Microsoft Azure",TRUE
"COMP-06318","Finance & Insurance",75,16521581.15,"AWS",TRUE
"COMP-06319","Manufacturing",181,40069322.64,"Google Cloud Platform (GCP)",FALSE
"COMP-06320","Manufacturing",1598,382737125.37,"AWS",FALSE
"COMP-06321","Technology",278,113791785.06,"AWS",FALSE
"COMP-06322","Healthcare",9,1718433.68,"Microsoft Azure",TRUE
"COMP-06323","Manufacturing",545,128706271.37,"Microsoft Azure",TRUE
"COMP-06324","Technology",1495,469713164.54,"AWS",TRUE
"COMP-06325","Technology",549,289174148.24,"Microsoft Azure",TRUE
"COMP-06326","Finance & Insurance",160,98459322.78,"On-Prem/Hybrid",TRUE
"COMP-06327","Technology",25,19121146.48,"AWS",FALSE
"COMP-06328","Technology",42,19095151.02,"AWS",TRUE
"COMP-06329","Healthcare",64,12261403.23,"Google Cloud Platform (GCP)",FALSE
"COMP-06330","Professional Services",282,19134758.46,"Microsoft Azure",TRUE
"COMP-06331","Healthcare",36,9968443.99,"Microsoft Azure",TRUE
"COMP-06332","Technology",45,13432288.12,"AWS",FALSE
"COMP-06333","Professional Services",30,5022572.44,"Microsoft Azure",FALSE
"COMP-06334","Healthcare",47,22342197.51,"Microsoft Azure",FALSE
"COMP-06335","Finance & Insurance",24,13243850.06,"AWS",FALSE
"COMP-06336","Finance & Insurance",930,399737391.42,"Microsoft Azure",TRUE
"COMP-06337","Professional Services",64,12679475.77,"AWS",FALSE
"COMP-06338","Finance & Insurance",96,97392242.46,"On-Prem/Hybrid",TRUE
"COMP-06339","Technology",64,9566001.72,"AWS",TRUE
"COMP-06340","Technology",745,116643378.84,"Google Cloud Platform (GCP)",FALSE
"COMP-06341","Healthcare",375,122944826.74,"AWS",TRUE
"COMP-06342","Finance & Insurance",36,17989723.12,"Microsoft Azure",TRUE
"COMP-06343","Technology",778,376354717.84,"AWS",TRUE
"COMP-06344","Manufacturing",62,12114208.95,"AWS",TRUE
"COMP-06345","Manufacturing",619,229849216.07,"AWS",TRUE
"COMP-06346","Technology",65,28534607.1,"Microsoft Azure",TRUE
"COMP-06347","Technology",42,8805772.1,"Microsoft Azure",TRUE
"COMP-06348","Healthcare",96,21075915.75,"Other",TRUE
"COMP-06349","Technology",32,21706060.29,"Microsoft Azure",FALSE
"COMP-06350","Finance & Insurance",189,49093284.48,"Microsoft Azure",TRUE
"COMP-06351","Manufacturing",69,17214295.78,"Other",TRUE
"COMP-06352","Technology",79,40204710.84,"Microsoft Azure",TRUE
"COMP-06353","Technology",69,23039772.32,"AWS",FALSE
"COMP-06354","Technology",770,210427481.73,"Microsoft Azure",TRUE
"COMP-06355","Professional Services",441,140592073.27,"AWS",TRUE
"COMP-06356","Manufacturing",97,17563297.22,"Microsoft Azure",TRUE
"COMP-06357","Healthcare",299,80887867.89,"Microsoft Azure",TRUE
"COMP-06358","Manufacturing",197,67212876,"AWS",TRUE
"COMP-06359","Technology",185,47570511.92,"Microsoft Azure",TRUE
"COMP-06360","Professional Services",7,1687975.22,"On-Prem/Hybrid",FALSE
"COMP-06361","Technology",522,296335695.33,"AWS",TRUE
"COMP-06362","Professional Services",58,9645555.05,"AWS",TRUE
"COMP-06363","Finance & Insurance",276,418525641.83,"Microsoft Azure",TRUE
"COMP-06364","Finance & Insurance",808,310088599.61,"Google Cloud Platform (GCP)",TRUE
"COMP-06365","Retail & E-commerce",46,14355923.91,"Microsoft Azure",TRUE
"COMP-06366","Finance & Insurance",14,11438602.1,"AWS",TRUE
"COMP-06367","Technology",742,209858625.8,"AWS",FALSE
"COMP-06368","Retail & E-commerce",257,46210146.6,"On-Prem/Hybrid",TRUE
"COMP-06369","Retail & E-commerce",22,2750629.13,"Other",TRUE
"COMP-06370","Finance & Insurance",51,29333068.09,"Microsoft Azure",TRUE
"COMP-06371","Retail & E-commerce",31,11413607.97,"Microsoft Azure",TRUE
"COMP-06372","Professional Services",54,5019785.42,"Microsoft Azure",TRUE
"COMP-06373","Technology",314,122160325.49,"Microsoft Azure",TRUE
"COMP-06374","Professional Services",586,195029179.28,"Microsoft Azure",TRUE
"COMP-06375","Technology",217,110439844.87,"AWS",TRUE
"COMP-06376","Healthcare",8,4213588.01,"Microsoft Azure",FALSE
"COMP-06377","Retail & E-commerce",29,6761470.1,"Microsoft Azure",FALSE
"COMP-06378","Manufacturing",86,12700419.01,"Microsoft Azure",TRUE
"COMP-06379","Healthcare",38,12382619.1,"AWS",TRUE
"COMP-06380","Retail & E-commerce",21,5951717.55,"On-Prem/Hybrid",FALSE
"COMP-06381","Technology",150,66704821.45,"Microsoft Azure",TRUE
"COMP-06382","Technology",134,36167737.12,"AWS",TRUE
"COMP-06383","Healthcare",153,89839824.74,"AWS",TRUE
"COMP-06384","Retail & E-commerce",267,82609635.66,"Microsoft Azure",TRUE
"COMP-06385","Technology",562,168615978.58,"AWS",FALSE
"COMP-06386","Technology",33,15227794.9,"Microsoft Azure",FALSE
"COMP-06387","Finance & Insurance",128,103870675.66,"AWS",FALSE
"COMP-06388","Technology",455,65556187.89,"AWS",TRUE
"COMP-06389","Healthcare",71,29058766.72,"Microsoft Azure",TRUE
"COMP-06390","Finance & Insurance",50,49934821.67,"AWS",TRUE
"COMP-06391","Professional Services",106,18759980.47,"Microsoft Azure",TRUE
"COMP-06392","Technology",18,4532797.87,"AWS",TRUE
"COMP-06393","Retail & E-commerce",28,7711563.5,"On-Prem/Hybrid",TRUE
"COMP-06394","Professional Services",86,17992775.7,"Google Cloud Platform (GCP)",FALSE
"COMP-06395","Technology",107,36660001.71,"AWS",TRUE
"COMP-06396","Technology",66,31468183.08,"Microsoft Azure",FALSE
"COMP-06397","Technology",154,69183314.91,"AWS",TRUE
"COMP-06398","Technology",33,7139684.14,"AWS",TRUE
"COMP-06399","Manufacturing",146,32785521.83,"Microsoft Azure",TRUE
"COMP-06400","Professional Services",17,3268774.3,"Google Cloud Platform (GCP)",TRUE
"COMP-06401","Technology",106,35858528.43,"AWS",TRUE
"COMP-06402","Healthcare",45,16744027.42,"Microsoft Azure",FALSE
"COMP-06403","Healthcare",106,25261743.29,"AWS",TRUE
"COMP-06404","Professional Services",138,18039447.7,"AWS",FALSE
"COMP-06405","Healthcare",26,6091404.26,"Google Cloud Platform (GCP)",TRUE
"COMP-06406","Finance & Insurance",128,40794992.87,"Microsoft Azure",TRUE
"COMP-06407","Retail & E-commerce",180,19322353.31,"Microsoft Azure",TRUE
"COMP-06408","Finance & Insurance",161,82507115.02,"Microsoft Azure",TRUE
"COMP-06409","Technology",780,179358533.53,"Microsoft Azure",TRUE
"COMP-06410","Professional Services",394,39075677.55,"Microsoft Azure",TRUE
"COMP-06411","Healthcare",135,45018522.92,"Microsoft Azure",FALSE
"COMP-06412","Retail & E-commerce",281,58054731.78,"Google Cloud Platform (GCP)",TRUE
"COMP-06413","Retail & E-commerce",1026,301739350.76,"AWS",FALSE
"COMP-06414","Professional Services",64,29698024.28,"Microsoft Azure",TRUE
"COMP-06415","Finance & Insurance",21,8094027.06,"Microsoft Azure",TRUE
"COMP-06416","Finance & Insurance",45,30699737.74,"On-Prem/Hybrid",FALSE
"COMP-06417","Manufacturing",42,7554089.82,"Microsoft Azure",FALSE
"COMP-06418","Retail & E-commerce",1007,198864554.75,"Google Cloud Platform (GCP)",TRUE
"COMP-06419","Finance & Insurance",338,120065982.03,"Other",TRUE
"COMP-06420","Technology",100,20252839.68,"Google Cloud Platform (GCP)",TRUE
"COMP-06421","Professional Services",28,3297281.08,"AWS",TRUE
"COMP-06422","Retail & E-commerce",89,71164198.02,"Google Cloud Platform (GCP)",FALSE
"COMP-06423","Finance & Insurance",308,57122612.84,"Google Cloud Platform (GCP)",TRUE
"COMP-06424","Manufacturing",24,5401966.35,"AWS",TRUE
"COMP-06425","Healthcare",8,1236772.69,"Microsoft Azure",TRUE
"COMP-06426","Technology",256,53983443.75,"On-Prem/Hybrid",TRUE
"COMP-06427","Healthcare",16,4363935.62,"On-Prem/Hybrid",FALSE
"COMP-06428","Healthcare",398,60798960.96,"AWS",TRUE
"COMP-06429","Finance & Insurance",228,73085701.55,"Microsoft Azure",TRUE
"COMP-06430","Healthcare",13,2741201.45,"Microsoft Azure",FALSE
"COMP-06431","Finance & Insurance",80,31322082.98,"AWS",TRUE
"COMP-06432","Professional Services",19,1947942.13,"AWS",TRUE
"COMP-06433","Finance & Insurance",10,1449456.88,"Microsoft Azure",TRUE
"COMP-06434","Retail & E-commerce",38,6182441.08,"AWS",TRUE
"COMP-06435","Finance & Insurance",46,28056189.18,"AWS",FALSE
"COMP-06436","Technology",385,106735722.6,"Microsoft Azure",TRUE
"COMP-06437","Technology",90,22072237.67,"AWS",TRUE
"COMP-06438","Professional Services",115,39373295.98,"Other",FALSE
"COMP-06439","Healthcare",35,9117824.89,"Microsoft Azure",FALSE
"COMP-06440","Finance & Insurance",75,24257964.67,"Microsoft Azure",FALSE
"COMP-06441","Finance & Insurance",67,41631715.94,"On-Prem/Hybrid",TRUE
"COMP-06442","Retail & E-commerce",70,11536705.87,"Microsoft Azure",FALSE
"COMP-06443","Technology",136,41360146.01,"AWS",TRUE
"COMP-06444","Retail & E-commerce",117,29168760.26,"AWS",TRUE
"COMP-06445","Finance & Insurance",5,2352086.62,"AWS",TRUE
"COMP-06446","Technology",105,32864066.04,"Google Cloud Platform (GCP)",TRUE
"COMP-06447","Technology",113,21387923.29,"AWS",FALSE
"COMP-06448","Healthcare",52,16479599.59,"AWS",FALSE
"COMP-06449","Technology",375,180116810.15,"AWS",TRUE
"COMP-06450","Retail & E-commerce",38,14361157.26,"AWS",TRUE
"COMP-06451","Retail & E-commerce",126,30586638.34,"Google Cloud Platform (GCP)",TRUE
"COMP-06452","Retail & E-commerce",246,48719785.76,"Google Cloud Platform (GCP)",FALSE
"COMP-06453","Technology",118,23038814.2,"Microsoft Azure",TRUE
"COMP-06454","Technology",72,18922737.95,"AWS",TRUE
"COMP-06455","Technology",22,6207592.62,"Google Cloud Platform (GCP)",TRUE
"COMP-06456","Technology",327,128922311.92,"Google Cloud Platform (GCP)",TRUE
"COMP-06457","Healthcare",36,13834814.74,"On-Prem/Hybrid",FALSE
"COMP-06458","Technology",291,55472539,"Microsoft Azure",TRUE
"COMP-06459","Retail & E-commerce",221,27520458.13,"AWS",TRUE
"COMP-06460","Professional Services",209,30444679.29,"Google Cloud Platform (GCP)",FALSE
"COMP-06461","Finance & Insurance",66,74051015.74,"AWS",TRUE
"COMP-06462","Technology",6,3220465.71,"AWS",TRUE
"COMP-06463","Manufacturing",193,64902804.99,"Microsoft Azure",FALSE
"COMP-06464","Retail & E-commerce",52,10060194.38,"AWS",FALSE
"COMP-06465","Technology",26,11553592.79,"Other",TRUE
"COMP-06466","Professional Services",23,4845891.36,"AWS",TRUE
"COMP-06467","Technology",46,15833890.47,"AWS",FALSE
"COMP-06468","Healthcare",57,16433420.08,"Microsoft Azure",FALSE
"COMP-06469","Manufacturing",293,73696849.95,"AWS",TRUE
"COMP-06470","Retail & E-commerce",129,27113955.16,"Google Cloud Platform (GCP)",TRUE
"COMP-06471","Professional Services",48,7703062.32,"Other",TRUE
"COMP-06472","Manufacturing",107,37750908,"AWS",FALSE
"COMP-06473","Healthcare",278,74319895.3,"Google Cloud Platform (GCP)",TRUE
"COMP-06474","Technology",42,33656778.17,"AWS",TRUE
"COMP-06475","Manufacturing",420,125492101.26,"Microsoft Azure",FALSE
"COMP-06476","Manufacturing",45,7160454.41,"Other",FALSE
"COMP-06477","Technology",68,35254593.6,"AWS",TRUE
"COMP-06478","Manufacturing",110,40244068.62,"Google Cloud Platform (GCP)",FALSE
"COMP-06479","Professional Services",289,63144665,"AWS",TRUE
"COMP-06480","Manufacturing",710,129855863.87,"AWS",TRUE
"COMP-06481","Healthcare",248,54293201.07,"Microsoft Azure",TRUE
"COMP-06482","Retail & E-commerce",10,1845023.15,"On-Prem/Hybrid",FALSE
"COMP-06483","Technology",30,10038709.49,"AWS",TRUE
"COMP-06484","Technology",78,35378493.11,"AWS",TRUE
"COMP-06485","Technology",42,13006779.53,"AWS",TRUE
"COMP-06486","Retail & E-commerce",51,7323902.96,"AWS",TRUE
"COMP-06487","Healthcare",97,35805899.59,"AWS",FALSE
"COMP-06488","Technology",31,8314254.53,"AWS",FALSE
"COMP-06489","Manufacturing",46,7498857.02,"Microsoft Azure",FALSE
"COMP-06490","Professional Services",194,29441252.76,"Microsoft Azure",TRUE
"COMP-06491","Technology",5,2003056.57,"AWS",FALSE
"COMP-06492","Manufacturing",106,43422731.94,"AWS",TRUE
"COMP-06493","Retail & E-commerce",31,7332408.22,"Microsoft Azure",TRUE
"COMP-06494","Healthcare",133,23668292.74,"Google Cloud Platform (GCP)",TRUE
"COMP-06495","Manufacturing",37,9342856.68,"Microsoft Azure",TRUE
"COMP-06496","Manufacturing",63,20733200.82,"AWS",FALSE
"COMP-06497","Technology",203,67706023.71,"AWS",TRUE
"COMP-06498","Professional Services",283,45129376.36,"Other",FALSE
"COMP-06499","Manufacturing",159,90352093.89,"Microsoft Azure",FALSE
"COMP-06500","Manufacturing",15,1673328.13,"On-Prem/Hybrid",FALSE
"COMP-06501","Technology",271,87446373.49,"Other",TRUE
"COMP-06502","Finance & Insurance",29,12484437.73,"Microsoft Azure",TRUE
"COMP-06503","Professional Services",2108,591075551.01,"AWS",TRUE
"COMP-06504","Professional Services",349,66585457.83,"On-Prem/Hybrid",TRUE
"COMP-06505","Healthcare",397,164815366.83,"On-Prem/Hybrid",TRUE
"COMP-06506","Retail & E-commerce",800,92531236.38,"Google Cloud Platform (GCP)",TRUE
"COMP-06507","Professional Services",83,25037958.33,"Microsoft Azure",TRUE
"COMP-06508","Manufacturing",36,6485725.77,"Microsoft Azure",TRUE
"COMP-06509","Technology",59,14611892.34,"On-Prem/Hybrid",FALSE
"COMP-06510","Professional Services",179,35663694.7,"Microsoft Azure",TRUE
"COMP-06511","Professional Services",209,57008909.18,"Microsoft Azure",FALSE
"COMP-06512","Professional Services",94,24195393.3,"Google Cloud Platform (GCP)",TRUE
"COMP-06513","Technology",143,58920566.46,"Google Cloud Platform (GCP)",FALSE
"COMP-06514","Healthcare",321,163867491.61,"AWS",TRUE
"COMP-06515","Professional Services",42,6348459.04,"AWS",TRUE
"COMP-06516","Finance & Insurance",146,45009801.07,"AWS",FALSE
"COMP-06517","Professional Services",9,1443987.2,"Microsoft Azure",FALSE
"COMP-06518","Professional Services",128,24552802.79,"AWS",FALSE
"COMP-06519","Finance & Insurance",316,121085615.43,"Google Cloud Platform (GCP)",FALSE
"COMP-06520","Finance & Insurance",204,72588350.42,"Google Cloud Platform (GCP)",TRUE
"COMP-06521","Manufacturing",81,36816604.53,"Google Cloud Platform (GCP)",TRUE
"COMP-06522","Technology",213,33133066.24,"Google Cloud Platform (GCP)",FALSE
"COMP-06523","Manufacturing",748,434399976.12,"AWS",TRUE
"COMP-06524","Technology",82,25894912.27,"Google Cloud Platform (GCP)",TRUE
"COMP-06525","Manufacturing",5,2425743.94,"Google Cloud Platform (GCP)",FALSE
"COMP-06526","Retail & E-commerce",151,49824909.88,"Microsoft Azure",TRUE
"COMP-06527","Professional Services",225,106307060.95,"Microsoft Azure",TRUE
"COMP-06528","Retail & E-commerce",157,58840831.76,"AWS",FALSE
"COMP-06529","Technology",641,218351395,"On-Prem/Hybrid",TRUE
"COMP-06530","Manufacturing",44,5538178.29,"Microsoft Azure",FALSE
"COMP-06531","Finance & Insurance",113,63352974.18,"AWS",TRUE
"COMP-06532","Professional Services",685,181264588.43,"Microsoft Azure",FALSE
"COMP-06533","Professional Services",36,7820391.23,"AWS",TRUE
"COMP-06534","Technology",38,8044804.94,"Microsoft Azure",FALSE
"COMP-06535","Technology",53,13228007.68,"Microsoft Azure",FALSE
"COMP-06536","Manufacturing",11,2122990.61,"Microsoft Azure",TRUE
"COMP-06537","Professional Services",85,13249125.59,"AWS",TRUE
"COMP-06538","Professional Services",20,4834762.57,"AWS",FALSE
"COMP-06539","Finance & Insurance",10,5082174.01,"AWS",TRUE
"COMP-06540","Finance & Insurance",222,104083575.92,"AWS",TRUE
"COMP-06541","Healthcare",28,4254354.3,"AWS",TRUE
"COMP-06542","Finance & Insurance",428,109541173.55,"Google Cloud Platform (GCP)",TRUE
"COMP-06543","Finance & Insurance",68,26142179.94,"AWS",FALSE
"COMP-06544","Professional Services",110,19640738.12,"Microsoft Azure",FALSE
"COMP-06545","Manufacturing",716,213688065.76,"Microsoft Azure",TRUE
"COMP-06546","Finance & Insurance",156,44817674.82,"Microsoft Azure",FALSE
"COMP-06547","Retail & E-commerce",55,17967176.92,"Google Cloud Platform (GCP)",TRUE
"COMP-06548","Finance & Insurance",53,44860242.73,"Other",FALSE
"COMP-06549","Retail & E-commerce",101,32948211.19,"Microsoft Azure",FALSE
"COMP-06550","Technology",97,44728972.79,"AWS",FALSE
"COMP-06551","Technology",63,11195687.05,"Microsoft Azure",TRUE
"COMP-06552","Healthcare",67,16725629.06,"Microsoft Azure",TRUE
"COMP-06553","Manufacturing",105,19690770.9,"Google Cloud Platform (GCP)",TRUE
"COMP-06554","Technology",162,67763560.49,"AWS",TRUE
"COMP-06555","Professional Services",28,4202052.96,"Microsoft Azure",TRUE
"COMP-06556","Manufacturing",33,8460883.91,"Microsoft Azure",FALSE
"COMP-06557","Professional Services",62,10966088.62,"Microsoft Azure",FALSE
"COMP-06558","Professional Services",53,10347255.7,"Microsoft Azure",TRUE
"COMP-06559","Finance & Insurance",62,27211051.66,"Google Cloud Platform (GCP)",TRUE
"COMP-06560","Retail & E-commerce",92,24956004.52,"On-Prem/Hybrid",TRUE
"COMP-06561","Finance & Insurance",674,255702060.79,"AWS",TRUE
"COMP-06562","Healthcare",49,10488645.87,"AWS",TRUE
"COMP-06563","Finance & Insurance",36,42154740.22,"AWS",TRUE
"COMP-06564","Retail & E-commerce",475,36923942.15,"Microsoft Azure",TRUE
"COMP-06565","Manufacturing",48,11715486.61,"Microsoft Azure",FALSE
"COMP-06566","Technology",15,5298782.48,"AWS",TRUE
"COMP-06567","Retail & E-commerce",11,1723160.1,"Microsoft Azure",FALSE
"COMP-06568","Finance & Insurance",22,12728354.72,"Google Cloud Platform (GCP)",TRUE
"COMP-06569","Technology",21,10251954.24,"Google Cloud Platform (GCP)",FALSE
"COMP-06570","Technology",77,15492237.99,"Microsoft Azure",TRUE
"COMP-06571","Retail & E-commerce",15,4019533.84,"Microsoft Azure",FALSE
"COMP-06572","Finance & Insurance",144,71690538.13,"Microsoft Azure",TRUE
"COMP-06573","Finance & Insurance",34,18716765.16,"On-Prem/Hybrid",TRUE
"COMP-06574","Healthcare",65,22303099.96,"Microsoft Azure",TRUE
"COMP-06575","Retail & E-commerce",165,36509284.45,"Microsoft Azure",TRUE
"COMP-06576","Manufacturing",149,16251659.7,"Other",TRUE
"COMP-06577","Finance & Insurance",19,8007748.45,"AWS",TRUE
"COMP-06578","Technology",36,11184041.87,"Google Cloud Platform (GCP)",TRUE
"COMP-06579","Retail & E-commerce",79,22578432.91,"Microsoft Azure",TRUE
"COMP-06580","Technology",84,28076663.72,"Microsoft Azure",FALSE
"COMP-06581","Manufacturing",8,934135.16,"Google Cloud Platform (GCP)",FALSE
"COMP-06582","Technology",19,8417284.65,"AWS",TRUE
"COMP-06583","Finance & Insurance",161,31262780.71,"Microsoft Azure",TRUE
"COMP-06584","Technology",39,12273532.92,"Microsoft Azure",TRUE
"COMP-06585","Retail & E-commerce",12,3841085.7,"AWS",FALSE
"COMP-06586","Technology",56,29715753.59,"AWS",TRUE
"COMP-06587","Technology",15,2865504.83,"Other",TRUE
"COMP-06588","Manufacturing",272,109489314.91,"Other",FALSE
"COMP-06589","Professional Services",994,293771043.64,"AWS",TRUE
"COMP-06590","Retail & E-commerce",103,24951786.2,"AWS",FALSE
"COMP-06591","Technology",70,19518400.74,"Microsoft Azure",TRUE
"COMP-06592","Technology",72,16619818.9,"AWS",TRUE
"COMP-06593","Retail & E-commerce",110,32057118.8,"Microsoft Azure",TRUE
"COMP-06594","Finance & Insurance",63,25546612.36,"AWS",TRUE
"COMP-06595","Professional Services",18,1657369.19,"Microsoft Azure",TRUE
"COMP-06596","Technology",190,84950696.4,"Microsoft Azure",FALSE
"COMP-06597","Manufacturing",6,1160565.35,"Microsoft Azure",TRUE
"COMP-06598","Professional Services",44,8994130.26,"AWS",TRUE
"COMP-06599","Finance & Insurance",64,44347801.43,"Microsoft Azure",TRUE
"COMP-06600","Professional Services",64,21970270.83,"Microsoft Azure",TRUE
"COMP-06601","Technology",249,140850735.29,"AWS",TRUE
"COMP-06602","Technology",13,2913193.36,"AWS",FALSE
"COMP-06603","Technology",19,7391694.33,"Google Cloud Platform (GCP)",TRUE
"COMP-06604","Finance & Insurance",51,23821976.62,"Microsoft Azure",TRUE
"COMP-06605","Professional Services",360,42213505.8,"Google Cloud Platform (GCP)",TRUE
"COMP-06606","Finance & Insurance",14,6056080.87,"Google Cloud Platform (GCP)",TRUE
"COMP-06607","Healthcare",249,136136770.87,"AWS",FALSE
"COMP-06608","Technology",74,19139204.01,"Microsoft Azure",FALSE
"COMP-06609","Manufacturing",183,54276771.55,"Microsoft Azure",FALSE
"COMP-06610","Professional Services",356,71291222.38,"Microsoft Azure",TRUE
"COMP-06611","Retail & E-commerce",51,12271853.4,"Other",FALSE
"COMP-06612","Technology",81,15918593.25,"On-Prem/Hybrid",FALSE
"COMP-06613","Finance & Insurance",36,8403985.35,"AWS",TRUE
"COMP-06614","Manufacturing",10,2310462.91,"AWS",FALSE
"COMP-06615","Professional Services",166,31872316.22,"Other",FALSE
"COMP-06616","Retail & E-commerce",94,24404486.32,"Microsoft Azure",FALSE
"COMP-06617","Finance & Insurance",40,16137186.74,"AWS",TRUE
"COMP-06618","Professional Services",864,143873627.29,"AWS",FALSE
"COMP-06619","Technology",100,39391139.05,"AWS",TRUE
"COMP-06620","Technology",112,49015326.84,"Other",FALSE
"COMP-06621","Manufacturing",20,4563371.43,"AWS",TRUE
"COMP-06622","Technology",281,63556356.55,"Microsoft Azure",FALSE
"COMP-06623","Healthcare",24,8144206.41,"Google Cloud Platform (GCP)",TRUE
"COMP-06624","Finance & Insurance",31,14828851.46,"AWS",TRUE
"COMP-06625","Finance & Insurance",59,24287364.21,"Google Cloud Platform (GCP)",TRUE
"COMP-06626","Technology",614,151013699.99,"AWS",TRUE
"COMP-06627","Technology",57,17514891.46,"AWS",TRUE
"COMP-06628","Technology",172,67701772.58,"Google Cloud Platform (GCP)",TRUE
"COMP-06629","Professional Services",27,7105084.84,"AWS",FALSE
"COMP-06630","Retail & E-commerce",151,20132345.05,"On-Prem/Hybrid",FALSE
"COMP-06631","Technology",390,158777319.15,"AWS",TRUE
"COMP-06632","Finance & Insurance",156,91132656.01,"Microsoft Azure",TRUE
"COMP-06633","Retail & E-commerce",86,9835346.89,"Microsoft Azure",TRUE
"COMP-06634","Professional Services",264,23041960.34,"Microsoft Azure",TRUE
"COMP-06635","Professional Services",52,7670253.51,"Google Cloud Platform (GCP)",TRUE
"COMP-06636","Technology",58,14914100.21,"AWS",TRUE
"COMP-06637","Healthcare",36,8383350.43,"Microsoft Azure",FALSE
"COMP-06638","Finance & Insurance",132,49456632.11,"Microsoft Azure",TRUE
"COMP-06639","Manufacturing",73,21198387.55,"Microsoft Azure",TRUE
"COMP-06640","Technology",96,36202563.1,"Microsoft Azure",TRUE
"COMP-06641","Professional Services",938,222312822.95,"AWS",TRUE
"COMP-06642","Finance & Insurance",42,18752565.3,"AWS",TRUE
"COMP-06643","Finance & Insurance",26,7896818.8,"On-Prem/Hybrid",TRUE
"COMP-06644","Technology",11,8489416.37,"Microsoft Azure",TRUE
"COMP-06645","Retail & E-commerce",9,856090.5,"Microsoft Azure",FALSE
"COMP-06646","Manufacturing",13,4172988.32,"On-Prem/Hybrid",FALSE
"COMP-06647","Finance & Insurance",931,530306925.61,"AWS",TRUE
"COMP-06648","Technology",250,35816032.75,"Other",FALSE
"COMP-06649","Healthcare",283,40340798.64,"Microsoft Azure",TRUE
"COMP-06650","Retail & E-commerce",12,2690198.7,"AWS",FALSE
"COMP-06651","Healthcare",198,34992467.63,"AWS",FALSE
"COMP-06652","Retail & E-commerce",23,4120265.09,"Microsoft Azure",TRUE
"COMP-06653","Healthcare",32,3217260.67,"AWS",TRUE
"COMP-06654","Technology",90,44738583.22,"AWS",TRUE
"COMP-06655","Professional Services",184,29724726.95,"AWS",TRUE
"COMP-06656","Retail & E-commerce",66,8531603.86,"Microsoft Azure",FALSE
"COMP-06657","Technology",60,10272796.24,"AWS",TRUE
"COMP-06658","Retail & E-commerce",41,14235205.58,"Microsoft Azure",TRUE
"COMP-06659","Healthcare",66,6293785.68,"On-Prem/Hybrid",TRUE
"COMP-06660","Healthcare",5,2147373.48,"On-Prem/Hybrid",TRUE
"COMP-06661","Technology",22,10486675.86,"Microsoft Azure",TRUE
"COMP-06662","Technology",73,18520998.68,"Google Cloud Platform (GCP)",FALSE
"COMP-06663","Technology",1177,572358646.34,"AWS",TRUE
"COMP-06664","Finance & Insurance",31,13098519.74,"Other",FALSE
"COMP-06665","Retail & E-commerce",27,5257992.1,"AWS",FALSE
"COMP-06666","Healthcare",58,22619656.77,"Microsoft Azure",TRUE
"COMP-06667","Healthcare",5,910170.68,"Microsoft Azure",TRUE
"COMP-06668","Technology",154,28734042.07,"Microsoft Azure",FALSE
"COMP-06669","Healthcare",775,238950349.05,"AWS",TRUE
"COMP-06670","Technology",768,283390658,"Other",TRUE
"COMP-06671","Technology",35,23465756.21,"AWS",TRUE
"COMP-06672","Healthcare",113,24013584.91,"AWS",FALSE
"COMP-06673","Manufacturing",267,110779793.01,"AWS",FALSE
"COMP-06674","Retail & E-commerce",394,67168367.15,"AWS",TRUE
"COMP-06675","Technology",255,101617142.32,"Microsoft Azure",TRUE
"COMP-06676","Technology",18,4703923.15,"Microsoft Azure",FALSE
"COMP-06677","Finance & Insurance",12,4830588.75,"Microsoft Azure",TRUE
"COMP-06678","Technology",139,32135275.29,"Microsoft Azure",FALSE
"COMP-06679","Technology",124,78583849.28,"Google Cloud Platform (GCP)",FALSE
"COMP-06680","Healthcare",13,7297760.57,"AWS",TRUE
"COMP-06681","Finance & Insurance",247,158563228.76,"AWS",TRUE
"COMP-06682","Retail & E-commerce",227,33557476.91,"On-Prem/Hybrid",TRUE
"COMP-06683","Professional Services",19,2305331.15,"Google Cloud Platform (GCP)",FALSE
"COMP-06684","Finance & Insurance",100,75415154.41,"Microsoft Azure",TRUE
"COMP-06685","Healthcare",104,31276207.69,"Microsoft Azure",TRUE
"COMP-06686","Technology",55,17481879.92,"Microsoft Azure",TRUE
"COMP-06687","Technology",337,117766165.61,"Google Cloud Platform (GCP)",TRUE
"COMP-06688","Finance & Insurance",26,8502349.28,"Google Cloud Platform (GCP)",FALSE
"COMP-06689","Retail & E-commerce",95,19376108.11,"Google Cloud Platform (GCP)",TRUE
"COMP-06690","Technology",33,12817759.41,"Microsoft Azure",FALSE
"COMP-06691","Healthcare",47,13573455.28,"Microsoft Azure",TRUE
"COMP-06692","Technology",244,78647176.25,"Microsoft Azure",TRUE
"COMP-06693","Finance & Insurance",150,49938726.95,"Other",FALSE
"COMP-06694","Technology",63,21338067.91,"Google Cloud Platform (GCP)",TRUE
"COMP-06695","Professional Services",24,4262450.08,"AWS",TRUE
"COMP-06696","Manufacturing",99,27569240.89,"AWS",FALSE
"COMP-06697","Technology",30,5468343.74,"AWS",TRUE
"COMP-06698","Technology",44,21874915.35,"AWS",TRUE
"COMP-06699","Technology",17,8767613.89,"Microsoft Azure",TRUE
"COMP-06700","Finance & Insurance",16,13553464.33,"AWS",TRUE
"COMP-06701","Manufacturing",10,1920356.8,"AWS",TRUE
"COMP-06702","Professional Services",59,15006355.96,"Microsoft Azure",FALSE
"COMP-06703","Manufacturing",12,2380134.31,"On-Prem/Hybrid",FALSE
"COMP-06704","Manufacturing",1887,354415998.43,"AWS",TRUE
"COMP-06705","Professional Services",99,13356542.76,"Google Cloud Platform (GCP)",FALSE
"COMP-06706","Manufacturing",26,14398336.98,"Microsoft Azure",TRUE
"COMP-06707","Retail & E-commerce",362,89781242.11,"AWS",TRUE
"COMP-06708","Technology",70,27870939.74,"Google Cloud Platform (GCP)",TRUE
"COMP-06709","Professional Services",72,10049502.71,"Microsoft Azure",TRUE
"COMP-06710","Technology",41,29468506.54,"AWS",TRUE
"COMP-06711","Professional Services",50,9043677.61,"Google Cloud Platform (GCP)",FALSE
"COMP-06712","Professional Services",19,4110572.46,"On-Prem/Hybrid",TRUE
"COMP-06713","Finance & Insurance",70,35014302.33,"AWS",FALSE
"COMP-06714","Technology",24,8307912.71,"On-Prem/Hybrid",TRUE
"COMP-06715","Retail & E-commerce",122,23019119.97,"AWS",FALSE
"COMP-06716","Technology",638,160341770.4,"AWS",TRUE
"COMP-06717","Finance & Insurance",151,57476245.34,"AWS",TRUE
"COMP-06718","Manufacturing",110,59761897.88,"AWS",FALSE
"COMP-06719","Finance & Insurance",343,331773351.01,"On-Prem/Hybrid",TRUE
"COMP-06720","Professional Services",122,33591392.68,"AWS",TRUE
"COMP-06721","Technology",14,3367365.27,"Google Cloud Platform (GCP)",FALSE
"COMP-06722","Finance & Insurance",256,72747205.52,"On-Prem/Hybrid",TRUE
"COMP-06723","Retail & E-commerce",35,7817597.96,"Microsoft Azure",TRUE
"COMP-06724","Healthcare",47,14870217.62,"Microsoft Azure",TRUE
"COMP-06725","Retail & E-commerce",45,12561468.1,"AWS",FALSE
"COMP-06726","Technology",50,17742333.74,"AWS",TRUE
"COMP-06727","Finance & Insurance",27,29093672.74,"AWS",FALSE
"COMP-06728","Healthcare",221,61592241.92,"Google Cloud Platform (GCP)",TRUE
"COMP-06729","Professional Services",198,35478418.72,"AWS",TRUE
"COMP-06730","Finance & Insurance",65,19327495.04,"Google Cloud Platform (GCP)",TRUE
"COMP-06731","Manufacturing",36,7465727.89,"Google Cloud Platform (GCP)",TRUE
"COMP-06732","Manufacturing",144,46225847.37,"Google Cloud Platform (GCP)",FALSE
"COMP-06733","Manufacturing",117,53296821.44,"Microsoft Azure",TRUE
"COMP-06734","Technology",161,36665250.9,"Other",TRUE
"COMP-06735","Manufacturing",199,42628204.59,"Microsoft Azure",TRUE
"COMP-06736","Manufacturing",73,22045203.09,"Other",TRUE
"COMP-06737","Professional Services",131,27030856.53,"AWS",TRUE
"COMP-06738","Finance & Insurance",29,23448903.56,"Microsoft Azure",TRUE
"COMP-06739","Finance & Insurance",482,128860394.55,"AWS",TRUE
"COMP-06740","Professional Services",221,29999620.87,"AWS",TRUE
"COMP-06741","Technology",915,90184234.83,"AWS",TRUE
"COMP-06742","Manufacturing",15,3194895.06,"Microsoft Azure",TRUE
"COMP-06743","Professional Services",712,113737750.75,"Microsoft Azure",TRUE
"COMP-06744","Finance & Insurance",37,17875583.94,"Microsoft Azure",FALSE
"COMP-06745","Manufacturing",33,11584796.75,"Microsoft Azure",TRUE
"COMP-06746","Finance & Insurance",66,16836083,"On-Prem/Hybrid",TRUE
"COMP-06747","Manufacturing",7,1173453.58,"Google Cloud Platform (GCP)",FALSE
"COMP-06748","Retail & E-commerce",112,32531806.89,"AWS",TRUE
"COMP-06749","Technology",66,28648281.54,"Google Cloud Platform (GCP)",TRUE
"COMP-06750","Finance & Insurance",296,199158180.64,"AWS",TRUE
"COMP-06751","Retail & E-commerce",66,19081318.71,"AWS",TRUE
"COMP-06752","Retail & E-commerce",540,159350862.39,"Google Cloud Platform (GCP)",TRUE
"COMP-06753","Technology",31,13025526.19,"AWS",TRUE
"COMP-06754","Technology",286,59489115,"AWS",TRUE
"COMP-06755","Healthcare",1076,350530026.42,"AWS",TRUE
"COMP-06756","Professional Services",191,106279637.37,"AWS",TRUE
"COMP-06757","Technology",115,53911367.04,"AWS",TRUE
"COMP-06758","Healthcare",86,27571623.16,"On-Prem/Hybrid",FALSE
"COMP-06759","Technology",52,17456761.5,"AWS",TRUE
"COMP-06760","Healthcare",101,35645567.08,"On-Prem/Hybrid",TRUE
"COMP-06761","Retail & E-commerce",23,9882254.23,"Microsoft Azure",FALSE
"COMP-06762","Finance & Insurance",2650,1678086711.65,"AWS",TRUE
"COMP-06763","Technology",85,22366550.93,"AWS",TRUE
"COMP-06764","Finance & Insurance",39,25887231.35,"Microsoft Azure",FALSE
"COMP-06765","Manufacturing",35,9443185.4,"Google Cloud Platform (GCP)",TRUE
"COMP-06766","Manufacturing",273,44764522.81,"AWS",TRUE
"COMP-06767","Professional Services",62,18799132.35,"Google Cloud Platform (GCP)",FALSE
"COMP-06768","Manufacturing",520,119364311.68,"AWS",TRUE
"COMP-06769","Professional Services",432,80514134.19,"On-Prem/Hybrid",TRUE
"COMP-06770","Retail & E-commerce",260,81233234.38,"AWS",TRUE
"COMP-06771","Technology",117,76243624.81,"AWS",TRUE
"COMP-06772","Manufacturing",31,9685078.59,"Microsoft Azure",TRUE
"COMP-06773","Technology",134,42010137.74,"AWS",TRUE
"COMP-06774","Finance & Insurance",46,23544844.82,"Google Cloud Platform (GCP)",TRUE
"COMP-06775","Finance & Insurance",22,8912260.13,"AWS",TRUE
"COMP-06776","Technology",402,125191116.21,"On-Prem/Hybrid",TRUE
"COMP-06777","Finance & Insurance",9,2373796.18,"Microsoft Azure",FALSE
"COMP-06778","Finance & Insurance",2494,1115334218.86,"Microsoft Azure",TRUE
"COMP-06779","Finance & Insurance",57,19512288.99,"AWS",TRUE
"COMP-06780","Professional Services",91,14484118.64,"AWS",TRUE
"COMP-06781","Retail & E-commerce",1647,322914472.61,"Google Cloud Platform (GCP)",FALSE
"COMP-06782","Professional Services",213,51548426.66,"AWS",FALSE
"COMP-06783","Manufacturing",74,34741117.73,"Google Cloud Platform (GCP)",TRUE
"COMP-06784","Healthcare",22,5435270.3,"AWS",FALSE
"COMP-06785","Manufacturing",33,3648697.91,"Google Cloud Platform (GCP)",FALSE
"COMP-06786","Technology",120,36857495.71,"AWS",TRUE
"COMP-06787","Professional Services",146,25570794.01,"AWS",TRUE
"COMP-06788","Healthcare",18,5573033.58,"AWS",TRUE
"COMP-06789","Manufacturing",169,30639958.1,"AWS",FALSE
"COMP-06790","Manufacturing",58,17220006.47,"AWS",FALSE
"COMP-06791","Healthcare",74,27858312.86,"AWS",TRUE
"COMP-06792","Manufacturing",162,12380078.56,"AWS",FALSE
"COMP-06793","Healthcare",32,8101380.94,"Microsoft Azure",TRUE
"COMP-06794","Professional Services",32,3328289.14,"Other",TRUE
"COMP-06795","Finance & Insurance",138,59266987.18,"Microsoft Azure",TRUE
"COMP-06796","Healthcare",733,327515845.7,"On-Prem/Hybrid",TRUE
"COMP-06797","Professional Services",275,45702294.9,"Other",TRUE
"COMP-06798","Healthcare",8,1850023.49,"AWS",TRUE
"COMP-06799","Manufacturing",17,4893454.9,"Google Cloud Platform (GCP)",FALSE
"COMP-06800","Professional Services",251,44966879.22,"Microsoft Azure",TRUE
"COMP-06801","Retail & E-commerce",30,4651038.31,"On-Prem/Hybrid",TRUE
"COMP-06802","Professional Services",794,191325133.92,"AWS",FALSE
"COMP-06803","Technology",46,7775540.28,"Other",TRUE
"COMP-06804","Healthcare",103,28121283.26,"Microsoft Azure",FALSE
"COMP-06805","Technology",231,75766392.51,"AWS",FALSE
"COMP-06806","Healthcare",72,20991550.01,"Microsoft Azure",TRUE
"COMP-06807","Professional Services",158,12198039.59,"Microsoft Azure",FALSE
"COMP-06808","Technology",101,22541274.44,"AWS",TRUE
"COMP-06809","Manufacturing",39,7747754.74,"On-Prem/Hybrid",TRUE
"COMP-06810","Manufacturing",49,17279440.86,"AWS",FALSE
"COMP-06811","Finance & Insurance",32,13519847.76,"AWS",TRUE
"COMP-06812","Technology",100,16340390.36,"Microsoft Azure",TRUE
"COMP-06813","Healthcare",83,43284248.33,"On-Prem/Hybrid",FALSE
"COMP-06814","Healthcare",38,8078037.46,"AWS",FALSE
"COMP-06815","Technology",74,31794044.02,"AWS",TRUE
"COMP-06816","Retail & E-commerce",198,72134832.68,"On-Prem/Hybrid",TRUE
"COMP-06817","Healthcare",124,26480986.79,"Microsoft Azure",TRUE
"COMP-06818","Professional Services",189,26517215.43,"AWS",FALSE
"COMP-06819","Technology",93,17860367.6,"Google Cloud Platform (GCP)",FALSE
"COMP-06820","Manufacturing",200,95599163.35,"AWS",TRUE
"COMP-06821","Healthcare",13,3666848.28,"Microsoft Azure",FALSE
"COMP-06822","Professional Services",55,8207708,"Microsoft Azure",TRUE
"COMP-06823","Technology",67,10523894.93,"Other",FALSE
"COMP-06824","Healthcare",92,19288554.67,"Microsoft Azure",TRUE
"COMP-06825","Technology",13,4311662.91,"Google Cloud Platform (GCP)",TRUE
"COMP-06826","Healthcare",491,114998115.83,"AWS",TRUE
"COMP-06827","Retail & E-commerce",286,65371123.11,"Google Cloud Platform (GCP)",FALSE
"COMP-06828","Technology",109,61357948.5,"AWS",TRUE
"COMP-06829","Technology",291,94483847.21,"Google Cloud Platform (GCP)",TRUE
"COMP-06830","Finance & Insurance",76,59435852.02,"Other",TRUE
"COMP-06831","Finance & Insurance",212,61753087.77,"Google Cloud Platform (GCP)",FALSE
"COMP-06832","Finance & Insurance",254,159236081.78,"On-Prem/Hybrid",TRUE
"COMP-06833","Technology",293,66885757.47,"Microsoft Azure",TRUE
"COMP-06834","Healthcare",70,25762145.47,"Google Cloud Platform (GCP)",TRUE
"COMP-06835","Manufacturing",74,26174066.43,"AWS",TRUE
"COMP-06836","Finance & Insurance",569,208359218.07,"Google Cloud Platform (GCP)",TRUE
"COMP-06837","Healthcare",18,7623094.35,"AWS",TRUE
"COMP-06838","Healthcare",212,50154894.23,"On-Prem/Hybrid",FALSE
"COMP-06839","Professional Services",254,56134119.03,"On-Prem/Hybrid",TRUE
"COMP-06840","Technology",10,3878114.84,"AWS",FALSE
"COMP-06841","Manufacturing",67,16834047.53,"Microsoft Azure",TRUE
"COMP-06842","Technology",564,123081191.07,"Other",TRUE
"COMP-06843","Professional Services",102,24658146.36,"AWS",FALSE
"COMP-06844","Retail & E-commerce",58,23046553.05,"AWS",TRUE
"COMP-06845","Technology",37,10621061.88,"AWS",TRUE
"COMP-06846","Finance & Insurance",57,43260345.03,"AWS",TRUE
"COMP-06847","Technology",199,67415086.1,"AWS",TRUE
"COMP-06848","Manufacturing",126,51076181.45,"Microsoft Azure",FALSE
"COMP-06849","Technology",183,101194757.4,"AWS",TRUE
"COMP-06850","Technology",59,28661338.91,"Microsoft Azure",FALSE
"COMP-06851","Manufacturing",52,18002173.56,"AWS",TRUE
"COMP-06852","Retail & E-commerce",29,4336001.02,"AWS",FALSE
"COMP-06853","Retail & E-commerce",153,51843223.88,"AWS",FALSE
"COMP-06854","Retail & E-commerce",344,38699127.82,"Microsoft Azure",TRUE
"COMP-06855","Technology",70,32908585.15,"On-Prem/Hybrid",TRUE
"COMP-06856","Healthcare",289,128436997.94,"Microsoft Azure",TRUE
"COMP-06857","Retail & E-commerce",91,32510760.56,"On-Prem/Hybrid",TRUE
"COMP-06858","Professional Services",53,15546945.02,"Microsoft Azure",TRUE
"COMP-06859","Technology",190,107207535.76,"Microsoft Azure",TRUE
"COMP-06860","Finance & Insurance",18,8070773.93,"On-Prem/Hybrid",TRUE
"COMP-06861","Healthcare",34,6829967.77,"On-Prem/Hybrid",TRUE
"COMP-06862","Manufacturing",364,87575525.25,"Microsoft Azure",FALSE
"COMP-06863","Technology",188,112091330.5,"AWS",TRUE
"COMP-06864","Retail & E-commerce",111,41799107.82,"Other",FALSE
"COMP-06865","Retail & E-commerce",68,11047259.54,"On-Prem/Hybrid",FALSE
"COMP-06866","Technology",119,50223990.92,"Microsoft Azure",TRUE
"COMP-06867","Manufacturing",6,1202661.98,"Google Cloud Platform (GCP)",FALSE
"COMP-06868","Manufacturing",38,5832984.12,"AWS",TRUE
"COMP-06869","Technology",37,33542167.4,"Microsoft Azure",FALSE
"COMP-06870","Technology",95,30982191.1,"AWS",FALSE
"COMP-06871","Finance & Insurance",211,67473457.84,"Microsoft Azure",TRUE
"COMP-06872","Retail & E-commerce",16,6876887.79,"On-Prem/Hybrid",TRUE
"COMP-06873","Manufacturing",51,18372941.11,"Google Cloud Platform (GCP)",TRUE
"COMP-06874","Technology",37,24818562.49,"On-Prem/Hybrid",TRUE
"COMP-06875","Manufacturing",95,10456629.22,"AWS",FALSE
"COMP-06876","Manufacturing",92,9652294.65,"AWS",TRUE
"COMP-06877","Healthcare",25,8719058.83,"On-Prem/Hybrid",FALSE
"COMP-06878","Healthcare",20,3411146.33,"Microsoft Azure",TRUE
"COMP-06879","Healthcare",89,16763250.73,"AWS",FALSE
"COMP-06880","Professional Services",287,35267800.39,"AWS",TRUE
"COMP-06881","Healthcare",43,10490952.4,"On-Prem/Hybrid",TRUE
"COMP-06882","Technology",614,302304281.22,"Microsoft Azure",TRUE
"COMP-06883","Finance & Insurance",68,53154071.14,"AWS",FALSE
"COMP-06884","Manufacturing",25,4655024.53,"AWS",FALSE
"COMP-06885","Professional Services",41,5606760.4,"AWS",TRUE
"COMP-06886","Technology",83,36081280.02,"AWS",TRUE
"COMP-06887","Finance & Insurance",90,79999695.91,"Microsoft Azure",FALSE
"COMP-06888","Technology",233,71373810.85,"Google Cloud Platform (GCP)",FALSE
"COMP-06889","Technology",140,33125332.12,"Google Cloud Platform (GCP)",TRUE
"COMP-06890","Technology",56,25296813.47,"AWS",TRUE
"COMP-06891","Professional Services",445,113368124.13,"Microsoft Azure",FALSE
"COMP-06892","Healthcare",222,76621933.01,"Google Cloud Platform (GCP)",FALSE
"COMP-06893","Professional Services",64,16068445.19,"Microsoft Azure",TRUE
"COMP-06894","Manufacturing",40,8332570.92,"AWS",TRUE
"COMP-06895","Technology",324,81390652.04,"AWS",TRUE
"COMP-06896","Technology",148,35735737.53,"AWS",TRUE
"COMP-06897","Retail & E-commerce",205,33975009.46,"Microsoft Azure",FALSE
"COMP-06898","Technology",91,13143464.53,"AWS",TRUE
"COMP-06899","Healthcare",658,123167105.18,"Google Cloud Platform (GCP)",FALSE
"COMP-06900","Healthcare",79,23405495.25,"Microsoft Azure",TRUE
"COMP-06901","Technology",120,57003635.41,"Google Cloud Platform (GCP)",TRUE
"COMP-06902","Manufacturing",29,7491470.75,"AWS",TRUE
"COMP-06903","Manufacturing",53,16110633.62,"AWS",TRUE
"COMP-06904","Technology",100,54353061.94,"Google Cloud Platform (GCP)",TRUE
"COMP-06905","Healthcare",48,9982099.09,"AWS",TRUE
"COMP-06906","Healthcare",418,207183899.19,"AWS",TRUE
"COMP-06907","Retail & E-commerce",156,54145135.16,"On-Prem/Hybrid",FALSE
"COMP-06908","Manufacturing",281,119679146.62,"On-Prem/Hybrid",TRUE
"COMP-06909","Technology",10,6838033.53,"AWS",TRUE
"COMP-06910","Manufacturing",17,5171903.76,"AWS",FALSE
"COMP-06911","Technology",9,1357902.4,"AWS",FALSE
"COMP-06912","Technology",173,69868687.15,"AWS",TRUE
"COMP-06913","Technology",579,111546817.13,"Microsoft Azure",TRUE
"COMP-06914","Technology",8,2567071.98,"Microsoft Azure",FALSE
"COMP-06915","Manufacturing",117,42397430.22,"Google Cloud Platform (GCP)",FALSE
"COMP-06916","Technology",325,133663768.88,"AWS",TRUE
"COMP-06917","Finance & Insurance",333,224336071.93,"Microsoft Azure",TRUE
"COMP-06918","Finance & Insurance",382,127825547.66,"AWS",TRUE
"COMP-06919","Professional Services",112,15846239.85,"Microsoft Azure",FALSE
"COMP-06920","Professional Services",30,4260389.64,"Google Cloud Platform (GCP)",TRUE
"COMP-06921","Finance & Insurance",185,134522463.61,"AWS",TRUE
"COMP-06922","Professional Services",66,8745876.36,"On-Prem/Hybrid",TRUE
"COMP-06923","Technology",19,3969524.99,"AWS",FALSE
"COMP-06924","Retail & E-commerce",89,13164995.85,"AWS",FALSE
"COMP-06925","Professional Services",69,9882899.84,"Microsoft Azure",FALSE
"COMP-06926","Retail & E-commerce",53,13220538.58,"On-Prem/Hybrid",TRUE
"COMP-06927","Retail & E-commerce",489,116565212.49,"Other",TRUE
"COMP-06928","Manufacturing",8,4568917.2,"Google Cloud Platform (GCP)",FALSE
"COMP-06929","Professional Services",131,41038856.24,"AWS",FALSE
"COMP-06930","Finance & Insurance",2856,1014525093.62,"Microsoft Azure",FALSE
"COMP-06931","Manufacturing",194,55632392.97,"Microsoft Azure",TRUE
"COMP-06932","Healthcare",519,93906778.16,"Google Cloud Platform (GCP)",TRUE
"COMP-06933","Healthcare",74,36566280.74,"AWS",TRUE
"COMP-06934","Finance & Insurance",117,63543878.35,"Microsoft Azure",FALSE
"COMP-06935","Finance & Insurance",83,85484897.7,"Google Cloud Platform (GCP)",TRUE
"COMP-06936","Finance & Insurance",44,37373429.27,"Google Cloud Platform (GCP)",TRUE
"COMP-06937","Healthcare",1793,893517998.37,"Microsoft Azure",FALSE
"COMP-06938","Finance & Insurance",16,10347472.51,"Google Cloud Platform (GCP)",TRUE
"COMP-06939","Technology",28,5609581.41,"AWS",TRUE
"COMP-06940","Technology",49,14147788.99,"AWS",FALSE
"COMP-06941","Professional Services",109,40280961.69,"AWS",TRUE
"COMP-06942","Finance & Insurance",796,227552087.07,"AWS",TRUE
"COMP-06943","Professional Services",245,93199495.16,"AWS",TRUE
"COMP-06944","Manufacturing",46,9425351.13,"Microsoft Azure",FALSE
"COMP-06945","Healthcare",29,7226241.86,"AWS",TRUE
"COMP-06946","Healthcare",44,13383274.57,"AWS",TRUE
"COMP-06947","Technology",127,40325322.79,"AWS",FALSE
"COMP-06948","Technology",204,99504791.24,"AWS",FALSE
"COMP-06949","Technology",60,24516181.62,"Other",TRUE
"COMP-06950","Healthcare",5,793057.1,"Other",FALSE
"COMP-06951","Healthcare",12,3262095.97,"AWS",FALSE
"COMP-06952","Finance & Insurance",57,23109230.83,"AWS",FALSE
"COMP-06953","Healthcare",110,19520131,"AWS",FALSE
"COMP-06954","Manufacturing",361,105674094.33,"AWS",FALSE
"COMP-06955","Manufacturing",102,26238029.24,"AWS",FALSE
"COMP-06956","Professional Services",322,112309191.31,"On-Prem/Hybrid",TRUE
"COMP-06957","Finance & Insurance",241,257158783.74,"Microsoft Azure",TRUE
"COMP-06958","Healthcare",218,29281751.48,"AWS",FALSE
"COMP-06959","Technology",203,38866482.99,"Microsoft Azure",TRUE
"COMP-06960","Manufacturing",59,20936055.5,"Other",TRUE
"COMP-06961","Manufacturing",54,14443819.5,"Other",TRUE
"COMP-06962","Retail & E-commerce",174,36331118.56,"AWS",TRUE
"COMP-06963","Retail & E-commerce",20,4176449.22,"AWS",TRUE
"COMP-06964","Technology",377,87209657.98,"Other",TRUE
"COMP-06965","Technology",217,87630408.61,"On-Prem/Hybrid",TRUE
"COMP-06966","Manufacturing",118,60699986.24,"AWS",FALSE
"COMP-06967","Professional Services",59,21990106.57,"Microsoft Azure",TRUE
"COMP-06968","Retail & E-commerce",231,60123499.73,"AWS",FALSE
"COMP-06969","Manufacturing",61,16328037.34,"AWS",FALSE
"COMP-06970","Manufacturing",140,16176730.49,"Google Cloud Platform (GCP)",FALSE
"COMP-06971","Finance & Insurance",41,21066689.26,"AWS",FALSE
"COMP-06972","Healthcare",41,11811896.37,"AWS",TRUE
"COMP-06973","Manufacturing",150,31920680.1,"AWS",FALSE
"COMP-06974","Manufacturing",143,43159670.61,"AWS",TRUE
"COMP-06975","Healthcare",195,59601755.03,"Google Cloud Platform (GCP)",TRUE
"COMP-06976","Healthcare",69,29441236.03,"AWS",FALSE
"COMP-06977","Technology",69,9356084.22,"AWS",TRUE
"COMP-06978","Manufacturing",470,106802903.32,"Google Cloud Platform (GCP)",TRUE
"COMP-06979","Professional Services",79,13732746.93,"Microsoft Azure",TRUE
"COMP-06980","Healthcare",170,48988942.66,"AWS",TRUE
"COMP-06981","Retail & E-commerce",38,6450863.91,"Microsoft Azure",TRUE
"COMP-06982","Technology",11,1731309.54,"AWS",TRUE
"COMP-06983","Manufacturing",235,42588477.35,"On-Prem/Hybrid",FALSE
"COMP-06984","Healthcare",58,17920485.18,"Microsoft Azure",FALSE
"COMP-06985","Healthcare",156,26221388.8,"AWS",TRUE
"COMP-06986","Retail & E-commerce",231,44052062.51,"AWS",FALSE
"COMP-06987","Retail & E-commerce",55,10086355.42,"AWS",TRUE
"COMP-06988","Finance & Insurance",29,11485976.39,"Microsoft Azure",TRUE
"COMP-06989","Healthcare",126,75612273.17,"Google Cloud Platform (GCP)",TRUE
"COMP-06990","Technology",48,18959002.63,"Microsoft Azure",TRUE
"COMP-06991","Manufacturing",46,12542173.84,"On-Prem/Hybrid",TRUE
"COMP-06992","Finance & Insurance",131,46376575.61,"Microsoft Azure",TRUE
"COMP-06993","Technology",78,32753121.3,"Other",TRUE
"COMP-06994","Retail & E-commerce",303,70746116.16,"On-Prem/Hybrid",TRUE
"COMP-06995","Manufacturing",35,11266775.18,"AWS",TRUE
"COMP-06996","Finance & Insurance",73,31857732.29,"Microsoft Azure",TRUE
"COMP-06997","Technology",1026,308344094.44,"AWS",TRUE
"COMP-06998","Manufacturing",17,3277303.68,"AWS",TRUE
"COMP-06999","Professional Services",17,3481327.35,"On-Prem/Hybrid",FALSE
"COMP-07000","Healthcare",43,24873154.61,"AWS",TRUE
"COMP-07001","Manufacturing",63,32234531.03,"Microsoft Azure",FALSE
"COMP-07002","Finance & Insurance",157,63610670.68,"Google Cloud Platform (GCP)",FALSE
"COMP-07003","Technology",14,2666206.31,"Microsoft Azure",FALSE
"COMP-07004","Technology",294,120482045.06,"On-Prem/Hybrid",TRUE
"COMP-07005","Retail & E-commerce",192,37586276.95,"Google Cloud Platform (GCP)",TRUE
"COMP-07006","Healthcare",96,23829828.65,"Microsoft Azure",TRUE
"COMP-07007","Retail & E-commerce",57,9366525.27,"Google Cloud Platform (GCP)",TRUE
"COMP-07008","Manufacturing",42,5688065.04,"On-Prem/Hybrid",TRUE
"COMP-07009","Retail & E-commerce",83,11167648.96,"AWS",TRUE
"COMP-07010","Technology",904,289959674.71,"AWS",TRUE
"COMP-07011","Technology",119,22653202.31,"AWS",TRUE
"COMP-07012","Technology",117,23843074.64,"Google Cloud Platform (GCP)",TRUE
"COMP-07013","Healthcare",7,1925842.53,"AWS",TRUE
"COMP-07014","Healthcare",180,35275242.92,"Google Cloud Platform (GCP)",FALSE
"COMP-07015","Healthcare",45,13360731.28,"Google Cloud Platform (GCP)",TRUE
"COMP-07016","Healthcare",87,42314288.4,"AWS",FALSE
"COMP-07017","Professional Services",77,7692507.55,"Google Cloud Platform (GCP)",TRUE
"COMP-07018","Manufacturing",43,19771811.23,"Microsoft Azure",FALSE
"COMP-07019","Manufacturing",342,49591444.42,"AWS",TRUE
"COMP-07020","Professional Services",375,98787072.05,"AWS",TRUE
"COMP-07021","Technology",71,22555698.17,"AWS",TRUE
"COMP-07022","Retail & E-commerce",20,9287658.29,"Google Cloud Platform (GCP)",TRUE
"COMP-07023","Retail & E-commerce",36,6725576.12,"AWS",TRUE
"COMP-07024","Retail & E-commerce",926,208042342.65,"Google Cloud Platform (GCP)",TRUE
"COMP-07025","Healthcare",20,6642435.85,"On-Prem/Hybrid",TRUE
"COMP-07026","Manufacturing",95,22671197.54,"Google Cloud Platform (GCP)",FALSE
"COMP-07027","Manufacturing",38,9396029.78,"AWS",TRUE
"COMP-07028","Finance & Insurance",24,9609676.49,"Google Cloud Platform (GCP)",TRUE
"COMP-07029","Manufacturing",190,45637127.65,"Google Cloud Platform (GCP)",TRUE
"COMP-07030","Manufacturing",153,40337218,"Other",TRUE
"COMP-07031","Finance & Insurance",83,63934202.88,"Google Cloud Platform (GCP)",TRUE
"COMP-07032","Healthcare",435,94623311.48,"Google Cloud Platform (GCP)",FALSE
"COMP-07033","Technology",134,38461029.72,"Microsoft Azure",TRUE
"COMP-07034","Healthcare",128,24326162.79,"AWS",FALSE
"COMP-07035","Healthcare",566,242521503.13,"Microsoft Azure",FALSE
"COMP-07036","Professional Services",552,120088577.75,"AWS",TRUE
"COMP-07037","Manufacturing",6,1377430.04,"AWS",TRUE
"COMP-07038","Professional Services",33,9679479.88,"Microsoft Azure",TRUE
"COMP-07039","Technology",290,102109940.5,"AWS",TRUE
"COMP-07040","Healthcare",399,73790319.37,"AWS",TRUE
"COMP-07041","Retail & E-commerce",65,15967262.42,"AWS",FALSE
"COMP-07042","Healthcare",788,133380188.32,"Microsoft Azure",TRUE
"COMP-07043","Professional Services",251,72401414.6,"Google Cloud Platform (GCP)",TRUE
"COMP-07044","Professional Services",130,78507693.12,"Microsoft Azure",FALSE
"COMP-07045","Healthcare",96,22137760.29,"On-Prem/Hybrid",FALSE
"COMP-07046","Manufacturing",227,59510390,"Microsoft Azure",FALSE
"COMP-07047","Manufacturing",18,2999355.83,"Microsoft Azure",FALSE
"COMP-07048","Finance & Insurance",61,50448827.49,"AWS",TRUE
"COMP-07049","Technology",16,4446114.87,"AWS",TRUE
"COMP-07050","Manufacturing",35,8859336.39,"AWS",TRUE
"COMP-07051","Finance & Insurance",95,25692806.64,"AWS",TRUE
"COMP-07052","Manufacturing",382,150261942.17,"Google Cloud Platform (GCP)",TRUE
"COMP-07053","Technology",42,10584482.38,"Microsoft Azure",TRUE
"COMP-07054","Healthcare",182,43345892.63,"Microsoft Azure",TRUE
"COMP-07055","Healthcare",56,12827449.94,"AWS",TRUE
"COMP-07056","Finance & Insurance",276,95641803.48,"AWS",FALSE
"COMP-07057","Technology",152,54495195.58,"Microsoft Azure",FALSE
"COMP-07058","Professional Services",79,13020313.01,"Microsoft Azure",TRUE
"COMP-07059","Finance & Insurance",23,9603724.67,"Microsoft Azure",TRUE
"COMP-07060","Finance & Insurance",130,51819205.32,"AWS",TRUE
"COMP-07061","Manufacturing",289,67882156.85,"Google Cloud Platform (GCP)",FALSE
"COMP-07062","Healthcare",7,2280437.44,"On-Prem/Hybrid",FALSE
"COMP-07063","Finance & Insurance",19,13231835.34,"Google Cloud Platform (GCP)",TRUE
"COMP-07064","Healthcare",53,19489672.37,"On-Prem/Hybrid",TRUE
"COMP-07065","Retail & E-commerce",1021,383657142.99,"On-Prem/Hybrid",TRUE
"COMP-07066","Finance & Insurance",50,17032167.04,"Microsoft Azure",FALSE
"COMP-07067","Technology",59,23333035.58,"AWS",TRUE
"COMP-07068","Retail & E-commerce",86,17378764.71,"On-Prem/Hybrid",TRUE
"COMP-07069","Retail & E-commerce",223,40457838.77,"AWS",FALSE
"COMP-07070","Professional Services",36,6257192.01,"AWS",FALSE
"COMP-07071","Retail & E-commerce",87,18365281.21,"Google Cloud Platform (GCP)",TRUE
"COMP-07072","Manufacturing",24,7306750.88,"AWS",TRUE
"COMP-07073","Finance & Insurance",565,307647192.95,"Microsoft Azure",TRUE
"COMP-07074","Retail & E-commerce",312,57029404.48,"On-Prem/Hybrid",TRUE
"COMP-07075","Technology",152,77519460.33,"Other",TRUE
"COMP-07076","Healthcare",95,23033083.16,"Google Cloud Platform (GCP)",TRUE
"COMP-07077","Professional Services",68,18886807.29,"Other",FALSE
"COMP-07078","Healthcare",63,26281457.51,"Microsoft Azure",TRUE
"COMP-07079","Professional Services",207,60572361.43,"Google Cloud Platform (GCP)",TRUE
"COMP-07080","Technology",44,17801989.68,"Microsoft Azure",FALSE
"COMP-07081","Finance & Insurance",137,59405383.14,"Microsoft Azure",FALSE
"COMP-07082","Technology",243,122391902.22,"Google Cloud Platform (GCP)",FALSE
"COMP-07083","Technology",376,82364069.75,"AWS",TRUE
"COMP-07084","Retail & E-commerce",155,28660882.93,"Google Cloud Platform (GCP)",FALSE
"COMP-07085","Finance & Insurance",89,27359762.35,"Google Cloud Platform (GCP)",TRUE
"COMP-07086","Technology",42,7930634.38,"AWS",TRUE
"COMP-07087","Finance & Insurance",77,45341498.52,"AWS",FALSE
"COMP-07088","Retail & E-commerce",39,4591118.55,"Microsoft Azure",FALSE
"COMP-07089","Retail & E-commerce",466,52588457.77,"Google Cloud Platform (GCP)",FALSE
"COMP-07090","Technology",121,58086151.33,"Microsoft Azure",TRUE
"COMP-07091","Healthcare",118,32557461.7,"AWS",FALSE
"COMP-07092","Healthcare",613,196870482.7,"AWS",TRUE
"COMP-07093","Manufacturing",792,220705903.76,"AWS",TRUE
"COMP-07094","Healthcare",51,19796326.29,"Microsoft Azure",TRUE
"COMP-07095","Technology",84,15297012.9,"Google Cloud Platform (GCP)",TRUE
"COMP-07096","Technology",215,50534815.58,"AWS",TRUE
"COMP-07097","Technology",50,25755577.21,"AWS",TRUE
"COMP-07098","Manufacturing",205,50527190.94,"Other",TRUE
"COMP-07099","Technology",203,84699150.29,"Google Cloud Platform (GCP)",TRUE
"COMP-07100","Professional Services",8,1954911.65,"Google Cloud Platform (GCP)",FALSE
"COMP-07101","Finance & Insurance",76,44986117.94,"Google Cloud Platform (GCP)",TRUE
"COMP-07102","Finance & Insurance",17,8114493.43,"Google Cloud Platform (GCP)",TRUE
"COMP-07103","Finance & Insurance",368,121936041.92,"AWS",TRUE
"COMP-07104","Technology",328,101433133.74,"Microsoft Azure",FALSE
"COMP-07105","Finance & Insurance",107,39322499.69,"AWS",TRUE
"COMP-07106","Retail & E-commerce",164,33651714.72,"AWS",TRUE
"COMP-07107","Retail & E-commerce",27,3921650.43,"AWS",FALSE
"COMP-07108","Manufacturing",63,17017743.43,"Other",TRUE
"COMP-07109","Professional Services",65,24962639.11,"Microsoft Azure",FALSE
"COMP-07110","Technology",114,28870357.57,"Google Cloud Platform (GCP)",TRUE
"COMP-07111","Technology",67,23753367.78,"Microsoft Azure",TRUE
"COMP-07112","Manufacturing",315,89352063.88,"Microsoft Azure",TRUE
"COMP-07113","Professional Services",64,14935069.59,"AWS",FALSE
"COMP-07114","Technology",405,103105461.56,"AWS",TRUE
"COMP-07115","Technology",104,30276786.28,"Microsoft Azure",FALSE
"COMP-07116","Manufacturing",53,12602680.24,"Google Cloud Platform (GCP)",TRUE
"COMP-07117","Technology",118,40173376.96,"On-Prem/Hybrid",TRUE
"COMP-07118","Finance & Insurance",73,12280803.71,"AWS",TRUE
"COMP-07119","Manufacturing",62,28041568.3,"Google Cloud Platform (GCP)",FALSE
"COMP-07120","Healthcare",22,5458879.41,"AWS",TRUE
"COMP-07121","Professional Services",18,5080244.55,"On-Prem/Hybrid",FALSE
"COMP-07122","Healthcare",24,4486730.31,"AWS",TRUE
"COMP-07123","Manufacturing",82,20048577.11,"Microsoft Azure",FALSE
"COMP-07124","Technology",509,95099103.93,"Microsoft Azure",TRUE
"COMP-07125","Technology",73,22180290.25,"On-Prem/Hybrid",FALSE
"COMP-07126","Manufacturing",121,20485981,"Microsoft Azure",TRUE
"COMP-07127","Finance & Insurance",64,60927295.66,"Microsoft Azure",TRUE
"COMP-07128","Technology",179,33065648.92,"On-Prem/Hybrid",TRUE
"COMP-07129","Finance & Insurance",136,54055726.4,"On-Prem/Hybrid",TRUE
"COMP-07130","Retail & E-commerce",227,34523933.35,"Other",TRUE
"COMP-07131","Finance & Insurance",67,15736174.31,"Google Cloud Platform (GCP)",TRUE
"COMP-07132","Professional Services",450,140000930.85,"Microsoft Azure",FALSE
"COMP-07133","Retail & E-commerce",35,7425102.52,"Microsoft Azure",TRUE
"COMP-07134","Retail & E-commerce",276,59589399.99,"AWS",TRUE
"COMP-07135","Healthcare",116,36468471.25,"Microsoft Azure",FALSE
"COMP-07136","Professional Services",433,112147532.71,"AWS",FALSE
"COMP-07137","Technology",43,10155037.37,"AWS",TRUE
"COMP-07138","Technology",25,6142829.41,"Microsoft Azure",TRUE
"COMP-07139","Technology",62,21455530.31,"Other",FALSE
"COMP-07140","Retail & E-commerce",413,63009252.65,"AWS",TRUE
"COMP-07141","Professional Services",319,35301726.95,"Google Cloud Platform (GCP)",FALSE
"COMP-07142","Retail & E-commerce",59,8138146.92,"Microsoft Azure",FALSE
"COMP-07143","Finance & Insurance",320,138818400.77,"On-Prem/Hybrid",TRUE
"COMP-07144","Retail & E-commerce",235,78766818.39,"AWS",FALSE
"COMP-07145","Retail & E-commerce",53,9845238.65,"On-Prem/Hybrid",TRUE
"COMP-07146","Retail & E-commerce",29,7166918.83,"AWS",TRUE
"COMP-07147","Healthcare",68,17766874.31,"Microsoft Azure",TRUE
"COMP-07148","Manufacturing",228,87133836.05,"AWS",TRUE
"COMP-07149","Retail & E-commerce",141,24068710.08,"Microsoft Azure",TRUE
"COMP-07150","Technology",593,86817434.37,"On-Prem/Hybrid",TRUE
"COMP-07151","Professional Services",31,4327289.19,"Microsoft Azure",FALSE
"COMP-07152","Technology",181,97865019.77,"On-Prem/Hybrid",TRUE
"COMP-07153","Manufacturing",136,81383446.57,"On-Prem/Hybrid",TRUE
"COMP-07154","Professional Services",298,63336665.78,"Google Cloud Platform (GCP)",TRUE
"COMP-07155","Retail & E-commerce",67,9752152.63,"On-Prem/Hybrid",TRUE
"COMP-07156","Retail & E-commerce",288,90972553.67,"AWS",TRUE
"COMP-07157","Finance & Insurance",44,23342580.08,"Microsoft Azure",TRUE
"COMP-07158","Healthcare",54,31648297.12,"AWS",FALSE
"COMP-07159","Technology",342,68178902.26,"Microsoft Azure",TRUE
"COMP-07160","Manufacturing",154,73330092,"AWS",TRUE
"COMP-07161","Retail & E-commerce",82,26036633.3,"AWS",TRUE
"COMP-07162","Technology",210,85602972.35,"AWS",FALSE
"COMP-07163","Retail & E-commerce",400,84171096.6,"Google Cloud Platform (GCP)",TRUE
"COMP-07164","Professional Services",112,21636179.23,"Other",TRUE
"COMP-07165","Retail & E-commerce",30,9364476.62,"Microsoft Azure",TRUE
"COMP-07166","Professional Services",85,11951322.62,"AWS",TRUE
"COMP-07167","Professional Services",12,1513896.57,"AWS",TRUE
"COMP-07168","Healthcare",5,1338066.47,"AWS",TRUE
"COMP-07169","Healthcare",70,32948970.97,"Google Cloud Platform (GCP)",TRUE
"COMP-07170","Retail & E-commerce",214,46183011.87,"AWS",TRUE
"COMP-07171","Technology",263,102542839.56,"On-Prem/Hybrid",TRUE
"COMP-07172","Healthcare",24,7233082.47,"Other",TRUE
"COMP-07173","Healthcare",53,19640700.8,"AWS",TRUE
"COMP-07174","Healthcare",7,1716049.31,"Microsoft Azure",FALSE
"COMP-07175","Technology",63,25386470.22,"AWS",TRUE
"COMP-07176","Technology",189,60069500.71,"AWS",TRUE
"COMP-07177","Finance & Insurance",293,84991915.84,"On-Prem/Hybrid",TRUE
"COMP-07178","Finance & Insurance",41,22130026.82,"Google Cloud Platform (GCP)",FALSE
"COMP-07179","Healthcare",965,496447323.59,"AWS",TRUE
"COMP-07180","Professional Services",70,22862280.3,"Microsoft Azure",FALSE
"COMP-07181","Retail & E-commerce",315,91436959.01,"AWS",TRUE
"COMP-07182","Finance & Insurance",898,293841111.91,"AWS",TRUE
"COMP-07183","Technology",207,46649322.24,"Google Cloud Platform (GCP)",TRUE
"COMP-07184","Manufacturing",48,13513034.34,"AWS",TRUE
"COMP-07185","Retail & E-commerce",13,1837426.07,"Microsoft Azure",TRUE
"COMP-07186","Healthcare",37,5866222.31,"Microsoft Azure",FALSE
"COMP-07187","Technology",16,7848145.11,"Microsoft Azure",TRUE
"COMP-07188","Manufacturing",75,36087913.35,"AWS",FALSE
"COMP-07189","Finance & Insurance",59,29000907.78,"Other",TRUE
"COMP-07190","Technology",1041,301649656.09,"AWS",TRUE
"COMP-07191","Technology",172,43475616.09,"AWS",TRUE
"COMP-07192","Healthcare",137,30687711.15,"Other",TRUE
"COMP-07193","Technology",52,10096231.69,"AWS",TRUE
"COMP-07194","Healthcare",229,52964727.72,"Google Cloud Platform (GCP)",TRUE
"COMP-07195","Retail & E-commerce",5,2077474.18,"Microsoft Azure",TRUE
"COMP-07196","Technology",115,69848006.32,"Microsoft Azure",TRUE
"COMP-07197","Retail & E-commerce",13,4785834.03,"Microsoft Azure",TRUE
"COMP-07198","Technology",16,4904761.67,"Google Cloud Platform (GCP)",FALSE
"COMP-07199","Professional Services",315,89442166.63,"Microsoft Azure",FALSE
"COMP-07200","Finance & Insurance",36,28038639.88,"AWS",TRUE
"COMP-07201","Retail & E-commerce",56,20534281.5,"AWS",FALSE
"COMP-07202","Healthcare",53,12042108.59,"AWS",FALSE
"COMP-07203","Professional Services",87,26043106.01,"AWS",FALSE
"COMP-07204","Finance & Insurance",859,220619787.51,"AWS",TRUE
"COMP-07205","Professional Services",197,29169434.58,"AWS",TRUE
"COMP-07206","Manufacturing",49,14131412.31,"Google Cloud Platform (GCP)",TRUE
"COMP-07207","Technology",56,22297316.58,"Microsoft Azure",FALSE
"COMP-07208","Finance & Insurance",243,108755862.59,"AWS",TRUE
"COMP-07209","Retail & E-commerce",13,1957557.12,"Microsoft Azure",TRUE
"COMP-07210","Technology",127,73338274,"Other",FALSE
"COMP-07211","Healthcare",310,115646002,"AWS",TRUE
"COMP-07212","Finance & Insurance",24,7237909.63,"Google Cloud Platform (GCP)",TRUE
"COMP-07213","Finance & Insurance",69,26535995.33,"AWS",TRUE
"COMP-07214","Professional Services",101,16013276.79,"Other",TRUE
"COMP-07215","Healthcare",7,1462343.41,"Google Cloud Platform (GCP)",TRUE
"COMP-07216","Professional Services",274,63071730.81,"Microsoft Azure",TRUE
"COMP-07217","Retail & E-commerce",140,29618769.79,"AWS",FALSE
"COMP-07218","Professional Services",11,1955615.72,"On-Prem/Hybrid",FALSE
"COMP-07219","Technology",19,8329522.25,"Microsoft Azure",TRUE
"COMP-07220","Technology",73,21739893.25,"Other",TRUE
"COMP-07221","Healthcare",61,23984631.4,"AWS",TRUE
"COMP-07222","Professional Services",33,7976727.3,"AWS",TRUE
"COMP-07223","Finance & Insurance",17,7729676.97,"Google Cloud Platform (GCP)",FALSE
"COMP-07224","Professional Services",350,66503167.29,"Microsoft Azure",TRUE
"COMP-07225","Retail & E-commerce",113,25178413.38,"Microsoft Azure",FALSE
"COMP-07226","Retail & E-commerce",497,49527070.19,"AWS",TRUE
"COMP-07227","Retail & E-commerce",29,8729248.38,"Microsoft Azure",FALSE
"COMP-07228","Professional Services",70,19270422.99,"Microsoft Azure",TRUE
"COMP-07229","Finance & Insurance",164,95958007.03,"AWS",TRUE
"COMP-07230","Manufacturing",141,20028015.79,"AWS",TRUE
"COMP-07231","Manufacturing",143,60432842.57,"AWS",FALSE
"COMP-07232","Finance & Insurance",109,70481067.34,"AWS",TRUE
"COMP-07233","Finance & Insurance",52,34087664.44,"AWS",FALSE
"COMP-07234","Technology",52,15315927.05,"Microsoft Azure",TRUE
"COMP-07235","Retail & E-commerce",118,39093752.17,"AWS",FALSE
"COMP-07236","Manufacturing",46,11007300.22,"On-Prem/Hybrid",TRUE
"COMP-07237","Technology",132,80765713.96,"Microsoft Azure",FALSE
"COMP-07238","Retail & E-commerce",9,1123760.89,"Microsoft Azure",FALSE
"COMP-07239","Finance & Insurance",36,25246680.63,"On-Prem/Hybrid",TRUE
"COMP-07240","Manufacturing",95,23242605.91,"AWS",TRUE
"COMP-07241","Manufacturing",35,11954098.68,"Microsoft Azure",TRUE
"COMP-07242","Technology",110,28076942.05,"AWS",TRUE
"COMP-07243","Professional Services",836,393061300.63,"Microsoft Azure",TRUE
"COMP-07244","Technology",597,290284055.55,"On-Prem/Hybrid",TRUE
"COMP-07245","Technology",37,21369977.53,"Microsoft Azure",FALSE
"COMP-07246","Manufacturing",85,22737778.71,"Google Cloud Platform (GCP)",FALSE
"COMP-07247","Healthcare",64,13461870.63,"Microsoft Azure",TRUE
"COMP-07248","Technology",35,10205274.87,"Google Cloud Platform (GCP)",TRUE
"COMP-07249","Healthcare",107,24726743.98,"Microsoft Azure",TRUE
"COMP-07250","Healthcare",99,28102202.65,"Microsoft Azure",FALSE
"COMP-07251","Manufacturing",51,13730176.25,"Microsoft Azure",FALSE
"COMP-07252","Technology",43,13919364.92,"Google Cloud Platform (GCP)",FALSE
"COMP-07253","Finance & Insurance",110,80457120.46,"AWS",TRUE
"COMP-07254","Healthcare",54,15725380.39,"Microsoft Azure",TRUE
"COMP-07255","Technology",11,3719002.28,"Microsoft Azure",TRUE
"COMP-07256","Professional Services",72,11231990.73,"AWS",TRUE
"COMP-07257","Manufacturing",66,21559184.17,"Microsoft Azure",FALSE
"COMP-07258","Finance & Insurance",66,30295232.66,"AWS",TRUE
"COMP-07259","Retail & E-commerce",60,25597867.7,"AWS",TRUE
"COMP-07260","Technology",32,7621977.12,"Microsoft Azure",TRUE
"COMP-07261","Manufacturing",33,8878225.7,"AWS",FALSE
"COMP-07262","Finance & Insurance",13,4697006.91,"On-Prem/Hybrid",TRUE
"COMP-07263","Manufacturing",223,66309629.93,"Google Cloud Platform (GCP)",TRUE
"COMP-07264","Finance & Insurance",20,16541022.33,"AWS",TRUE
"COMP-07265","Retail & E-commerce",73,26987199.2,"On-Prem/Hybrid",TRUE
"COMP-07266","Professional Services",5,888187.91,"Microsoft Azure",FALSE
"COMP-07267","Technology",57,29931368.46,"On-Prem/Hybrid",TRUE
"COMP-07268","Retail & E-commerce",135,15798832.16,"Other",TRUE
"COMP-07269","Retail & E-commerce",26,9396280.08,"Google Cloud Platform (GCP)",FALSE
"COMP-07270","Professional Services",44,13293497.69,"Microsoft Azure",FALSE
"COMP-07271","Finance & Insurance",233,92477958.43,"AWS",TRUE
"COMP-07272","Retail & E-commerce",36,7134207.42,"AWS",FALSE
"COMP-07273","Technology",259,80085922.32,"On-Prem/Hybrid",FALSE
"COMP-07274","Manufacturing",271,42119825.54,"On-Prem/Hybrid",TRUE
"COMP-07275","Professional Services",241,48970816.69,"AWS",FALSE
"COMP-07276","Technology",131,44829714.29,"AWS",TRUE
"COMP-07277","Manufacturing",227,59561913.39,"Google Cloud Platform (GCP)",TRUE
"COMP-07278","Manufacturing",87,26401057.38,"Microsoft Azure",TRUE
"COMP-07279","Technology",560,139006223.58,"Other",TRUE
"COMP-07280","Finance & Insurance",163,65938458.81,"Microsoft Azure",TRUE
"COMP-07281","Technology",68,14964266.16,"AWS",TRUE
"COMP-07282","Finance & Insurance",409,317264933.39,"Microsoft Azure",TRUE
"COMP-07283","Technology",101,54186902.89,"AWS",TRUE
"COMP-07284","Technology",186,54712632.63,"Microsoft Azure",FALSE
"COMP-07285","Technology",20,4909420.96,"AWS",TRUE
"COMP-07286","Retail & E-commerce",164,31066547.81,"AWS",FALSE
"COMP-07287","Manufacturing",295,114641087.44,"Other",TRUE
"COMP-07288","Professional Services",86,15507647.41,"Google Cloud Platform (GCP)",FALSE
"COMP-07289","Finance & Insurance",576,98821150.1,"Microsoft Azure",TRUE
"COMP-07290","Retail & E-commerce",32,13008449.05,"Microsoft Azure",TRUE
"COMP-07291","Healthcare",168,72511944.48,"Microsoft Azure",TRUE
"COMP-07292","Retail & E-commerce",170,38628318.63,"AWS",FALSE
"COMP-07293","Technology",240,53025934.62,"Google Cloud Platform (GCP)",TRUE
"COMP-07294","Technology",804,166887878.84,"Other",TRUE
"COMP-07295","Professional Services",99,22803252.34,"Microsoft Azure",TRUE
"COMP-07296","Retail & E-commerce",196,52841764.47,"Google Cloud Platform (GCP)",TRUE
"COMP-07297","Technology",128,61556562.5,"Microsoft Azure",TRUE
"COMP-07298","Finance & Insurance",9,5999029.24,"Google Cloud Platform (GCP)",TRUE
"COMP-07299","Technology",50,15413278.98,"Google Cloud Platform (GCP)",TRUE
"COMP-07300","Retail & E-commerce",29,7685370.03,"AWS",FALSE
"COMP-07301","Technology",42,12766909.39,"Other",TRUE
"COMP-07302","Professional Services",31,8510732.63,"Google Cloud Platform (GCP)",FALSE
"COMP-07303","Finance & Insurance",76,26597038.29,"Microsoft Azure",TRUE
"COMP-07304","Healthcare",99,20985815.75,"AWS",FALSE
"COMP-07305","Healthcare",29,6478417.3,"Microsoft Azure",FALSE
"COMP-07306","Manufacturing",144,30556430.16,"On-Prem/Hybrid",TRUE
"COMP-07307","Technology",339,85404290.92,"AWS",TRUE
"COMP-07308","Manufacturing",33,6370138.91,"Other",TRUE
"COMP-07309","Healthcare",129,55285981.94,"AWS",FALSE
"COMP-07310","Healthcare",158,74704417.37,"AWS",TRUE
"COMP-07311","Finance & Insurance",27,27053813.51,"Microsoft Azure",TRUE
"COMP-07312","Professional Services",48,9075983.9,"AWS",TRUE
"COMP-07313","Retail & E-commerce",65,29590212.11,"Microsoft Azure",TRUE
"COMP-07314","Professional Services",78,10014239.97,"Microsoft Azure",TRUE
"COMP-07315","Finance & Insurance",168,148763928.09,"Microsoft Azure",TRUE
"COMP-07316","Technology",67,22347435.82,"On-Prem/Hybrid",FALSE
"COMP-07317","Manufacturing",97,28539758.13,"AWS",TRUE
"COMP-07318","Technology",48,14997718.78,"Google Cloud Platform (GCP)",TRUE
"COMP-07319","Healthcare",144,50419005.28,"AWS",TRUE
"COMP-07320","Healthcare",24,11685968.99,"Microsoft Azure",TRUE
"COMP-07321","Professional Services",776,182646033.6,"On-Prem/Hybrid",TRUE
"COMP-07322","Professional Services",8,1894943.74,"Microsoft Azure",FALSE
"COMP-07323","Finance & Insurance",52,19512553.04,"Google Cloud Platform (GCP)",FALSE
"COMP-07324","Retail & E-commerce",16,4132709.93,"Other",FALSE
"COMP-07325","Retail & E-commerce",263,45575292.81,"Microsoft Azure",TRUE
"COMP-07326","Professional Services",61,13269283.1,"AWS",TRUE
"COMP-07327","Professional Services",25,3040944.84,"Microsoft Azure",TRUE
"COMP-07328","Professional Services",22,8361008.5,"AWS",FALSE
"COMP-07329","Manufacturing",95,18862725.06,"Microsoft Azure",FALSE
"COMP-07330","Healthcare",13,2241308.18,"Microsoft Azure",TRUE
"COMP-07331","Retail & E-commerce",47,7531790.6,"AWS",TRUE
"COMP-07332","Professional Services",158,16593755.75,"Google Cloud Platform (GCP)",TRUE
"COMP-07333","Professional Services",1646,584849679.73,"Microsoft Azure",TRUE
"COMP-07334","Technology",50,17554706.64,"Google Cloud Platform (GCP)",TRUE
"COMP-07335","Healthcare",64,24769171.75,"Microsoft Azure",FALSE
"COMP-07336","Technology",1420,545655713.12,"AWS",TRUE
"COMP-07337","Retail & E-commerce",213,52550947.16,"AWS",FALSE
"COMP-07338","Manufacturing",691,153144780.46,"On-Prem/Hybrid",TRUE
"COMP-07339","Professional Services",23,3746930.52,"On-Prem/Hybrid",TRUE
"COMP-07340","Technology",86,21966974.18,"AWS",FALSE
"COMP-07341","Professional Services",135,17983218.76,"Microsoft Azure",FALSE
"COMP-07342","Manufacturing",79,23167629.66,"Microsoft Azure",TRUE
"COMP-07343","Technology",29,17447209.4,"Microsoft Azure",FALSE
"COMP-07344","Technology",64,18237350.13,"Microsoft Azure",TRUE
"COMP-07345","Finance & Insurance",5,2446502.25,"Microsoft Azure",FALSE
"COMP-07346","Professional Services",61,17069574.41,"On-Prem/Hybrid",FALSE
"COMP-07347","Professional Services",424,55283515.09,"AWS",TRUE
"COMP-07348","Technology",159,53756192.97,"AWS",TRUE
"COMP-07349","Professional Services",106,19674912.67,"Microsoft Azure",FALSE
"COMP-07350","Finance & Insurance",42,16510401.61,"Microsoft Azure",TRUE
"COMP-07351","Retail & E-commerce",22,6046834.93,"AWS",FALSE
"COMP-07352","Healthcare",211,88123011.89,"AWS",TRUE
"COMP-07353","Professional Services",1154,274945752.69,"Google Cloud Platform (GCP)",TRUE
"COMP-07354","Manufacturing",51,12082024.56,"AWS",TRUE
"COMP-07355","Technology",40,11613326.76,"Google Cloud Platform (GCP)",TRUE
"COMP-07356","Healthcare",90,35450291,"AWS",TRUE
"COMP-07357","Manufacturing",57,12061245.23,"Microsoft Azure",TRUE
"COMP-07358","Finance & Insurance",165,79626600.21,"AWS",TRUE
"COMP-07359","Manufacturing",49,8203912.37,"AWS",FALSE
"COMP-07360","Technology",640,154290303.38,"Google Cloud Platform (GCP)",TRUE
"COMP-07361","Retail & E-commerce",38,4661947.46,"On-Prem/Hybrid",TRUE
"COMP-07362","Technology",305,78858993.52,"Microsoft Azure",TRUE
"COMP-07363","Professional Services",149,22867365.04,"On-Prem/Hybrid",TRUE
"COMP-07364","Healthcare",53,13116458.59,"AWS",TRUE
"COMP-07365","Technology",194,128496823.84,"AWS",TRUE
"COMP-07366","Professional Services",128,37466451.2,"On-Prem/Hybrid",TRUE
"COMP-07367","Finance & Insurance",537,329042028.12,"Microsoft Azure",TRUE
"COMP-07368","Manufacturing",133,26823777.35,"AWS",FALSE
"COMP-07369","Professional Services",249,42069964.6,"Microsoft Azure",TRUE
"COMP-07370","Manufacturing",73,17062314.98,"Microsoft Azure",TRUE
"COMP-07371","Retail & E-commerce",37,11430135.07,"Microsoft Azure",FALSE
"COMP-07372","Retail & E-commerce",316,55330134.82,"Microsoft Azure",FALSE
"COMP-07373","Retail & E-commerce",69,20027830.65,"AWS",FALSE
"COMP-07374","Finance & Insurance",70,21622522.12,"AWS",TRUE
"COMP-07375","Retail & E-commerce",26,3314825.21,"AWS",TRUE
"COMP-07376","Retail & E-commerce",137,33958388.18,"Other",FALSE
"COMP-07377","Finance & Insurance",126,131493546.8,"Google Cloud Platform (GCP)",TRUE
"COMP-07378","Retail & E-commerce",92,15021035.09,"AWS",FALSE
"COMP-07379","Retail & E-commerce",107,28510392.74,"Microsoft Azure",TRUE
"COMP-07380","Healthcare",39,5955509.13,"Microsoft Azure",TRUE
"COMP-07381","Technology",89,25805154.14,"Google Cloud Platform (GCP)",TRUE
"COMP-07382","Retail & E-commerce",281,35778640.15,"Google Cloud Platform (GCP)",TRUE
"COMP-07383","Manufacturing",27,3973238.32,"Microsoft Azure",TRUE
"COMP-07384","Technology",131,61723532.68,"On-Prem/Hybrid",TRUE
"COMP-07385","Finance & Insurance",7,4428840.36,"Microsoft Azure",FALSE
"COMP-07386","Retail & E-commerce",1263,112689247.33,"Microsoft Azure",TRUE
"COMP-07387","Technology",39,23294006.63,"Other",FALSE
"COMP-07388","Technology",7,1988665.65,"Microsoft Azure",FALSE
"COMP-07389","Finance & Insurance",122,55222743.54,"AWS",TRUE
"COMP-07390","Manufacturing",148,49076308.42,"Microsoft Azure",FALSE
"COMP-07391","Manufacturing",85,10120799.94,"AWS",FALSE
"COMP-07392","Professional Services",399,99003853.55,"AWS",TRUE
"COMP-07393","Retail & E-commerce",358,114278653.44,"AWS",TRUE
"COMP-07394","Technology",94,32715266.37,"AWS",TRUE
"COMP-07395","Healthcare",240,53008700.3,"AWS",TRUE
"COMP-07396","Professional Services",898,355843644.79,"Microsoft Azure",TRUE
"COMP-07397","Technology",26,8764684.02,"Google Cloud Platform (GCP)",FALSE
"COMP-07398","Retail & E-commerce",286,38539467.69,"AWS",TRUE
"COMP-07399","Finance & Insurance",43,23710949.46,"Microsoft Azure",FALSE
"COMP-07400","Finance & Insurance",198,89344075.59,"Google Cloud Platform (GCP)",TRUE
"COMP-07401","Professional Services",99,19635236.74,"AWS",FALSE
"COMP-07402","Healthcare",115,22984454,"AWS",TRUE
"COMP-07403","Technology",127,41959214.3,"Google Cloud Platform (GCP)",FALSE
"COMP-07404","Healthcare",116,28453356.76,"AWS",FALSE
"COMP-07405","Professional Services",187,50335133.66,"AWS",TRUE
"COMP-07406","Manufacturing",208,60395102.22,"AWS",FALSE
"COMP-07407","Retail & E-commerce",104,33414965.22,"AWS",FALSE
"COMP-07408","Technology",212,79219496.49,"AWS",FALSE
"COMP-07409","Technology",234,204633037.94,"Microsoft Azure",TRUE
"COMP-07410","Manufacturing",52,20585231.53,"AWS",TRUE
"COMP-07411","Technology",1378,918393370.37,"AWS",TRUE
"COMP-07412","Healthcare",22,7646212.52,"AWS",FALSE
"COMP-07413","Manufacturing",73,12194229.53,"Other",TRUE
"COMP-07414","Technology",55,16942012.79,"Other",TRUE
"COMP-07415","Healthcare",10,4059838.95,"AWS",TRUE
"COMP-07416","Technology",806,268327366.41,"On-Prem/Hybrid",TRUE
"COMP-07417","Retail & E-commerce",52,13823997.28,"Microsoft Azure",TRUE
"COMP-07418","Technology",39,10275688.07,"AWS",TRUE
"COMP-07419","Manufacturing",10,4006171.48,"AWS",TRUE
"COMP-07420","Manufacturing",433,145890137.2,"Google Cloud Platform (GCP)",TRUE
"COMP-07421","Healthcare",34,7876736.46,"Google Cloud Platform (GCP)",TRUE
"COMP-07422","Retail & E-commerce",224,34063434.32,"Microsoft Azure",FALSE
"COMP-07423","Technology",88,21414466.43,"On-Prem/Hybrid",TRUE
"COMP-07424","Finance & Insurance",542,163242140.31,"AWS",TRUE
"COMP-07425","Finance & Insurance",9,3691138.2,"On-Prem/Hybrid",TRUE
"COMP-07426","Retail & E-commerce",54,8447830.44,"AWS",TRUE
"COMP-07427","Technology",27,8703112.27,"On-Prem/Hybrid",TRUE
"COMP-07428","Healthcare",348,67132185.18,"Google Cloud Platform (GCP)",TRUE
"COMP-07429","Retail & E-commerce",239,85395272.43,"Google Cloud Platform (GCP)",FALSE
"COMP-07430","Professional Services",33,8397208.76,"AWS",TRUE
"COMP-07431","Finance & Insurance",734,223499522.9,"On-Prem/Hybrid",TRUE
"COMP-07432","Manufacturing",179,50370264.11,"Google Cloud Platform (GCP)",FALSE
"COMP-07433","Manufacturing",26,13531318.14,"AWS",FALSE
"COMP-07434","Technology",43,32105199.07,"AWS",TRUE
"COMP-07435","Retail & E-commerce",185,55418304.61,"AWS",TRUE
"COMP-07436","Technology",262,94260480.66,"AWS",TRUE
"COMP-07437","Technology",15,5232260.32,"On-Prem/Hybrid",TRUE
"COMP-07438","Professional Services",35,12783383.01,"AWS",TRUE
"COMP-07439","Technology",19,7901532.95,"AWS",TRUE
"COMP-07440","Manufacturing",21,3876302.09,"Other",TRUE
"COMP-07441","Professional Services",274,47089395.34,"Microsoft Azure",TRUE
"COMP-07442","Finance & Insurance",77,22725762.14,"AWS",TRUE
"COMP-07443","Professional Services",204,43511933.03,"AWS",TRUE
"COMP-07444","Technology",13,4321640.9,"Microsoft Azure",TRUE
"COMP-07445","Finance & Insurance",17,19150899.78,"Google Cloud Platform (GCP)",TRUE
"COMP-07446","Professional Services",685,77568535.01,"Google Cloud Platform (GCP)",TRUE
"COMP-07447","Professional Services",98,19205051.87,"Google Cloud Platform (GCP)",FALSE
"COMP-07448","Professional Services",322,78374522.92,"AWS",TRUE
"COMP-07449","Technology",49,6222366.28,"AWS",TRUE
"COMP-07450","Healthcare",120,27899426.15,"AWS",FALSE
"COMP-07451","Healthcare",81,38928768.52,"Microsoft Azure",TRUE
"COMP-07452","Healthcare",164,32450180.52,"Microsoft Azure",TRUE
"COMP-07453","Manufacturing",478,178900452.08,"Microsoft Azure",TRUE
"COMP-07454","Professional Services",46,12355929.89,"Microsoft Azure",TRUE
"COMP-07455","Retail & E-commerce",327,139178495.83,"Google Cloud Platform (GCP)",TRUE
"COMP-07456","Professional Services",275,43031539.53,"AWS",TRUE
"COMP-07457","Finance & Insurance",63,30974976.3,"AWS",TRUE
"COMP-07458","Healthcare",27,5449375.56,"Microsoft Azure",TRUE
"COMP-07459","Healthcare",497,376090689.46,"Google Cloud Platform (GCP)",TRUE
"COMP-07460","Manufacturing",22,6982546.42,"On-Prem/Hybrid",FALSE
"COMP-07461","Finance & Insurance",53,24983972.69,"Microsoft Azure",TRUE
"COMP-07462","Finance & Insurance",15,6412324.09,"Google Cloud Platform (GCP)",FALSE
"COMP-07463","Retail & E-commerce",116,28805761.11,"AWS",TRUE
"COMP-07464","Professional Services",40,4271886.44,"AWS",TRUE
"COMP-07465","Retail & E-commerce",94,24590025.73,"AWS",FALSE
"COMP-07466","Retail & E-commerce",24,8647135.04,"AWS",FALSE
"COMP-07467","Retail & E-commerce",746,206742082.74,"AWS",FALSE
"COMP-07468","Professional Services",58,10015273.03,"Microsoft Azure",TRUE
"COMP-07469","Technology",38,13644421.58,"Microsoft Azure",TRUE
"COMP-07470","Retail & E-commerce",118,33425653.82,"On-Prem/Hybrid",TRUE
"COMP-07471","Technology",120,69217380.94,"Other",TRUE
"COMP-07472","Finance & Insurance",68,15407457.71,"Microsoft Azure",FALSE
"COMP-07473","Manufacturing",6,970448.59,"AWS",TRUE
"COMP-07474","Retail & E-commerce",89,19640933.29,"Microsoft Azure",TRUE
"COMP-07475","Retail & E-commerce",46,6802677.35,"AWS",FALSE
"COMP-07476","Technology",15,5055898.46,"AWS",FALSE
"COMP-07477","Retail & E-commerce",938,133698762,"AWS",FALSE
"COMP-07478","Technology",201,57098881.68,"Microsoft Azure",TRUE
"COMP-07479","Finance & Insurance",1243,361053323.48,"AWS",TRUE
"COMP-07480","Finance & Insurance",203,50275391.83,"On-Prem/Hybrid",TRUE
"COMP-07481","Technology",137,46373215.65,"AWS",TRUE
"COMP-07482","Technology",18,3895876.06,"Google Cloud Platform (GCP)",TRUE
"COMP-07483","Finance & Insurance",40,39197962.53,"AWS",TRUE
"COMP-07484","Technology",52,16563516.36,"On-Prem/Hybrid",TRUE
"COMP-07485","Professional Services",62,16180450.83,"AWS",FALSE
"COMP-07486","Healthcare",47,11020996.67,"Microsoft Azure",FALSE
"COMP-07487","Healthcare",628,293294326.41,"AWS",TRUE
"COMP-07488","Professional Services",286,86632895.21,"On-Prem/Hybrid",TRUE
"COMP-07489","Technology",88,32794657.17,"Google Cloud Platform (GCP)",TRUE
"COMP-07490","Finance & Insurance",57,13111466.59,"On-Prem/Hybrid",FALSE
"COMP-07491","Manufacturing",587,93521447.69,"Google Cloud Platform (GCP)",TRUE
"COMP-07492","Retail & E-commerce",425,102397455.94,"AWS",TRUE
"COMP-07493","Technology",18,6189421.53,"AWS",FALSE
"COMP-07494","Finance & Insurance",75,33764109.96,"AWS",TRUE
"COMP-07495","Technology",38,20941730.41,"Microsoft Azure",FALSE
"COMP-07496","Retail & E-commerce",68,24608758.33,"Microsoft Azure",TRUE
"COMP-07497","Technology",111,24498874.47,"Google Cloud Platform (GCP)",TRUE
"COMP-07498","Technology",48,12549291.85,"On-Prem/Hybrid",FALSE
"COMP-07499","Retail & E-commerce",530,141014841.23,"Microsoft Azure",FALSE
"COMP-07500","Manufacturing",90,25864443.04,"Microsoft Azure",FALSE
"COMP-07501","Healthcare",29,3566292.39,"Microsoft Azure",FALSE
"COMP-07502","Technology",13,2662166.02,"AWS",TRUE
"COMP-07503","Retail & E-commerce",377,100222576.88,"AWS",FALSE
"COMP-07504","Professional Services",46,15228723.77,"Google Cloud Platform (GCP)",TRUE
"COMP-07505","Professional Services",19,4706767.36,"On-Prem/Hybrid",TRUE
"COMP-07506","Technology",112,14251835.84,"AWS",TRUE
"COMP-07507","Professional Services",270,42565785.71,"AWS",FALSE
"COMP-07508","Healthcare",64,11195327.86,"Microsoft Azure",FALSE
"COMP-07509","Healthcare",298,54073520.4,"Other",TRUE
"COMP-07510","Finance & Insurance",58,27103137.29,"AWS",TRUE
"COMP-07511","Finance & Insurance",83,26293261.02,"AWS",TRUE
"COMP-07512","Retail & E-commerce",290,45746349.26,"AWS",TRUE
"COMP-07513","Technology",35,19004291.94,"Microsoft Azure",TRUE
"COMP-07514","Manufacturing",50,27026105.66,"AWS",FALSE
"COMP-07515","Professional Services",11,1692297.68,"AWS",TRUE
"COMP-07516","Retail & E-commerce",72,26266983.99,"Google Cloud Platform (GCP)",FALSE
"COMP-07517","Healthcare",15,5953081.49,"Google Cloud Platform (GCP)",TRUE
"COMP-07518","Finance & Insurance",134,70269908.35,"Microsoft Azure",FALSE
"COMP-07519","Finance & Insurance",180,44923132.77,"AWS",TRUE
"COMP-07520","Technology",116,31610272.76,"On-Prem/Hybrid",FALSE
"COMP-07521","Healthcare",111,15268264.26,"Google Cloud Platform (GCP)",TRUE
"COMP-07522","Technology",766,280495584.41,"On-Prem/Hybrid",TRUE
"COMP-07523","Retail & E-commerce",40,8791270.74,"AWS",FALSE
"COMP-07524","Manufacturing",275,58846117.43,"Microsoft Azure",TRUE
"COMP-07525","Healthcare",12,4946631.9,"AWS",FALSE
"COMP-07526","Healthcare",346,65915634.6,"AWS",FALSE
"COMP-07527","Manufacturing",90,22693959.25,"On-Prem/Hybrid",TRUE
"COMP-07528","Technology",45,18768218.77,"AWS",TRUE
"COMP-07529","Healthcare",682,115516386.34,"AWS",TRUE
"COMP-07530","Retail & E-commerce",69,13517566.55,"Google Cloud Platform (GCP)",TRUE
"COMP-07531","Manufacturing",206,36696539.03,"Microsoft Azure",FALSE
"COMP-07532","Retail & E-commerce",201,26072685.39,"Microsoft Azure",TRUE
"COMP-07533","Finance & Insurance",48,15725066.58,"Google Cloud Platform (GCP)",TRUE
"COMP-07534","Technology",115,54642030.71,"Microsoft Azure",TRUE
"COMP-07535","Manufacturing",46,5406060.33,"Microsoft Azure",TRUE
"COMP-07536","Retail & E-commerce",7,1427458.21,"AWS",FALSE
"COMP-07537","Professional Services",34,6359649.86,"AWS",TRUE
"COMP-07538","Technology",6,1210383.55,"AWS",TRUE
"COMP-07539","Healthcare",74,19777334.79,"Microsoft Azure",TRUE
"COMP-07540","Retail & E-commerce",134,20874392.75,"On-Prem/Hybrid",TRUE
"COMP-07541","Technology",104,19068016.01,"Microsoft Azure",TRUE
"COMP-07542","Retail & E-commerce",15,4603628.12,"Microsoft Azure",TRUE
"COMP-07543","Professional Services",350,68781793.29,"AWS",TRUE
"COMP-07544","Professional Services",48,8468085.97,"Other",FALSE
"COMP-07545","Technology",14,4201659.72,"Google Cloud Platform (GCP)",TRUE
"COMP-07546","Manufacturing",52,7386068.57,"Google Cloud Platform (GCP)",TRUE
"COMP-07547","Manufacturing",238,34375177.43,"AWS",TRUE
"COMP-07548","Healthcare",242,107859457.45,"On-Prem/Hybrid",FALSE
"COMP-07549","Healthcare",166,57314662.16,"AWS",TRUE
"COMP-07550","Manufacturing",10,2098281.82,"Google Cloud Platform (GCP)",FALSE
"COMP-07551","Technology",839,444569427.42,"Microsoft Azure",TRUE
"COMP-07552","Manufacturing",417,120005563.06,"AWS",TRUE
"COMP-07553","Finance & Insurance",50,21713154.52,"Microsoft Azure",TRUE
"COMP-07554","Finance & Insurance",236,110525050.37,"Microsoft Azure",TRUE
"COMP-07555","Technology",12,5743581.5,"Microsoft Azure",TRUE
"COMP-07556","Technology",88,23557996.31,"Google Cloud Platform (GCP)",TRUE
"COMP-07557","Technology",568,352379600.5,"Microsoft Azure",TRUE
"COMP-07558","Manufacturing",179,40197298.27,"Google Cloud Platform (GCP)",FALSE
"COMP-07559","Professional Services",540,120205139.64,"On-Prem/Hybrid",TRUE
"COMP-07560","Finance & Insurance",5,3065236.88,"Other",FALSE
"COMP-07561","Manufacturing",85,28816988.62,"Microsoft Azure",TRUE
"COMP-07562","Retail & E-commerce",246,64414561.72,"AWS",FALSE
"COMP-07563","Professional Services",60,8266456.83,"Google Cloud Platform (GCP)",TRUE
"COMP-07564","Professional Services",124,28442569.57,"Microsoft Azure",FALSE
"COMP-07565","Manufacturing",86,11895969.18,"Other",TRUE
"COMP-07566","Retail & E-commerce",154,60479688.95,"AWS",TRUE
"COMP-07567","Technology",85,36705934.65,"AWS",TRUE
"COMP-07568","Technology",85,22723758.68,"Google Cloud Platform (GCP)",FALSE
"COMP-07569","Healthcare",62,17294611.63,"Microsoft Azure",FALSE
"COMP-07570","Technology",75,28458190.84,"Microsoft Azure",TRUE
"COMP-07571","Manufacturing",111,14299825.14,"AWS",TRUE
"COMP-07572","Technology",27,12967649.65,"AWS",TRUE
"COMP-07573","Finance & Insurance",56,19570152.12,"Google Cloud Platform (GCP)",TRUE
"COMP-07574","Finance & Insurance",159,95931000.34,"AWS",FALSE
"COMP-07575","Manufacturing",51,14496172.26,"AWS",FALSE
"COMP-07576","Finance & Insurance",116,44810243.37,"Microsoft Azure",FALSE
"COMP-07577","Retail & E-commerce",1954,177280089.26,"On-Prem/Hybrid",TRUE
"COMP-07578","Manufacturing",183,66023403.76,"Other",TRUE
"COMP-07579","Manufacturing",15,2926394.57,"Google Cloud Platform (GCP)",FALSE
"COMP-07580","Technology",123,36045909.89,"AWS",TRUE
"COMP-07581","Healthcare",239,82899161.21,"Microsoft Azure",FALSE
"COMP-07582","Technology",8,2413514.08,"Microsoft Azure",TRUE
"COMP-07583","Technology",97,14562460.53,"AWS",TRUE
"COMP-07584","Technology",122,44611828.28,"On-Prem/Hybrid",TRUE
"COMP-07585","Technology",1385,409415375.64,"On-Prem/Hybrid",TRUE
"COMP-07586","Technology",583,125711928.91,"AWS",TRUE
"COMP-07587","Healthcare",17,6690159.08,"AWS",TRUE
"COMP-07588","Retail & E-commerce",97,12610507.32,"Microsoft Azure",FALSE
"COMP-07589","Retail & E-commerce",72,7482337.79,"On-Prem/Hybrid",TRUE
"COMP-07590","Technology",36,9598375.92,"Microsoft Azure",TRUE
"COMP-07591","Technology",198,92110619.6,"AWS",TRUE
"COMP-07592","Technology",121,32407875.61,"Microsoft Azure",TRUE
"COMP-07593","Technology",15,3586261.27,"On-Prem/Hybrid",FALSE
"COMP-07594","Manufacturing",8,957306.55,"AWS",FALSE
"COMP-07595","Retail & E-commerce",87,22157247.16,"AWS",FALSE
"COMP-07596","Manufacturing",1622,246812905.24,"AWS",TRUE
"COMP-07597","Finance & Insurance",21,11163287.53,"Microsoft Azure",TRUE
"COMP-07598","Technology",204,76056824.51,"On-Prem/Hybrid",TRUE
"COMP-07599","Manufacturing",38,3655893.91,"Microsoft Azure",FALSE
"COMP-07600","Finance & Insurance",25,7138695.65,"AWS",TRUE
"COMP-07601","Retail & E-commerce",83,13907818.42,"Google Cloud Platform (GCP)",FALSE
"COMP-07602","Retail & E-commerce",617,64823582.46,"AWS",TRUE
"COMP-07603","Professional Services",76,9003361.98,"Microsoft Azure",FALSE
"COMP-07604","Professional Services",105,23215665.46,"AWS",FALSE
"COMP-07605","Technology",5,1902395.02,"AWS",FALSE
"COMP-07606","Retail & E-commerce",53,18648021.87,"On-Prem/Hybrid",TRUE
"COMP-07607","Professional Services",411,94713901.28,"AWS",TRUE
"COMP-07608","Professional Services",37,10999585.01,"AWS",TRUE
"COMP-07609","Manufacturing",45,10080334.58,"AWS",TRUE
"COMP-07610","Retail & E-commerce",34,6972870.51,"Microsoft Azure",TRUE
"COMP-07611","Professional Services",16,2642755.67,"On-Prem/Hybrid",FALSE
"COMP-07612","Technology",74,22470837.14,"Microsoft Azure",TRUE
"COMP-07613","Manufacturing",32,11786447.84,"AWS",TRUE
"COMP-07614","Retail & E-commerce",154,61802080.07,"On-Prem/Hybrid",TRUE
"COMP-07615","Professional Services",23,8105686.48,"On-Prem/Hybrid",FALSE
"COMP-07616","Retail & E-commerce",28,5221310.98,"On-Prem/Hybrid",FALSE
"COMP-07617","Manufacturing",55,13606221.47,"Google Cloud Platform (GCP)",TRUE
"COMP-07618","Finance & Insurance",213,154717114.11,"On-Prem/Hybrid",TRUE
"COMP-07619","Healthcare",93,26393866.04,"On-Prem/Hybrid",TRUE
"COMP-07620","Technology",306,76885803.24,"Microsoft Azure",TRUE
"COMP-07621","Healthcare",60,16968186.23,"Microsoft Azure",FALSE
"COMP-07622","Manufacturing",37,7517001.84,"AWS",TRUE
"COMP-07623","Retail & E-commerce",10,1274453.69,"On-Prem/Hybrid",FALSE
"COMP-07624","Retail & E-commerce",199,38882568.87,"Microsoft Azure",TRUE
"COMP-07625","Technology",486,215654482.88,"On-Prem/Hybrid",TRUE
"COMP-07626","Professional Services",74,39072486.78,"AWS",FALSE
"COMP-07627","Healthcare",172,30251088.92,"AWS",FALSE
"COMP-07628","Manufacturing",40,17253706.85,"Microsoft Azure",TRUE
"COMP-07629","Manufacturing",99,21260144.39,"AWS",TRUE
"COMP-07630","Finance & Insurance",364,127063162.7,"Microsoft Azure",TRUE
"COMP-07631","Technology",78,22453174.9,"AWS",FALSE
"COMP-07632","Technology",29,9183717.5,"AWS",TRUE
"COMP-07633","Healthcare",35,16909884.9,"Microsoft Azure",TRUE
"COMP-07634","Healthcare",10,1887041.5,"Microsoft Azure",TRUE
"COMP-07635","Healthcare",24,3689288.66,"AWS",TRUE
"COMP-07636","Professional Services",28,7330404.5,"On-Prem/Hybrid",TRUE
"COMP-07637","Technology",235,87768414.61,"Google Cloud Platform (GCP)",TRUE
"COMP-07638","Technology",37,15838225.08,"Google Cloud Platform (GCP)",TRUE
"COMP-07639","Finance & Insurance",207,55035870.76,"Google Cloud Platform (GCP)",TRUE
"COMP-07640","Professional Services",266,95224517.6,"Microsoft Azure",TRUE
"COMP-07641","Technology",235,31222269.82,"Other",FALSE
"COMP-07642","Professional Services",89,10750910.71,"AWS",TRUE
"COMP-07643","Healthcare",1189,212339469.1,"AWS",TRUE
"COMP-07644","Technology",158,21563298.94,"AWS",TRUE
"COMP-07645","Professional Services",685,202094811.04,"Other",TRUE
"COMP-07646","Healthcare",365,53305859.55,"AWS",TRUE
"COMP-07647","Manufacturing",413,102987289.19,"Google Cloud Platform (GCP)",FALSE
"COMP-07648","Healthcare",24,7694431.06,"Google Cloud Platform (GCP)",FALSE
"COMP-07649","Technology",29,4921932.16,"AWS",TRUE
"COMP-07650","Retail & E-commerce",93,22859005.89,"Google Cloud Platform (GCP)",TRUE
"COMP-07651","Retail & E-commerce",60,16141901.57,"Google Cloud Platform (GCP)",FALSE
"COMP-07652","Healthcare",112,34085902.82,"AWS",TRUE
"COMP-07653","Professional Services",16,2897415.11,"On-Prem/Hybrid",TRUE
"COMP-07654","Finance & Insurance",141,29374913.45,"Microsoft Azure",TRUE
"COMP-07655","Manufacturing",56,26586327.6,"AWS",FALSE
"COMP-07656","Manufacturing",38,11953768.44,"On-Prem/Hybrid",FALSE
"COMP-07657","Manufacturing",26,7021129.83,"Microsoft Azure",TRUE
"COMP-07658","Manufacturing",45,10623147.22,"Microsoft Azure",TRUE
"COMP-07659","Healthcare",429,123070147.09,"Microsoft Azure",TRUE
"COMP-07660","Manufacturing",150,25418304.58,"Microsoft Azure",FALSE
"COMP-07661","Manufacturing",38,7065948.53,"AWS",TRUE
"COMP-07662","Retail & E-commerce",85,18731920.22,"On-Prem/Hybrid",TRUE
"COMP-07663","Retail & E-commerce",567,235292355.28,"On-Prem/Hybrid",FALSE
"COMP-07664","Manufacturing",20,5393868.82,"AWS",TRUE
"COMP-07665","Retail & E-commerce",304,57474232.11,"Microsoft Azure",TRUE
"COMP-07666","Professional Services",132,28650335.82,"AWS",TRUE
"COMP-07667","Finance & Insurance",31,8530501.57,"AWS",FALSE
"COMP-07668","Technology",14,3561609.27,"Other",FALSE
"COMP-07669","Healthcare",524,151497818.15,"AWS",TRUE
"COMP-07670","Technology",13,5981215.17,"AWS",TRUE
"COMP-07671","Retail & E-commerce",40,9955954.64,"Microsoft Azure",FALSE
"COMP-07672","Technology",82,35503348.89,"AWS",TRUE
"COMP-07673","Finance & Insurance",26,12792222.34,"Google Cloud Platform (GCP)",TRUE
"COMP-07674","Technology",212,48655902.96,"Google Cloud Platform (GCP)",TRUE
"COMP-07675","Manufacturing",184,50894404.72,"AWS",FALSE
"COMP-07676","Manufacturing",51,10889347.79,"Microsoft Azure",TRUE
"COMP-07677","Retail & E-commerce",146,26780773.08,"Microsoft Azure",FALSE
"COMP-07678","Retail & E-commerce",282,55383802.79,"AWS",TRUE
"COMP-07679","Technology",49,27332938.13,"AWS",TRUE
"COMP-07680","Retail & E-commerce",93,10418384.7,"AWS",TRUE
"COMP-07681","Manufacturing",137,50262700.55,"Other",FALSE
"COMP-07682","Retail & E-commerce",24,4530565.18,"Microsoft Azure",TRUE
"COMP-07683","Manufacturing",49,22915576.08,"Microsoft Azure",FALSE
"COMP-07684","Technology",169,43146147.37,"AWS",TRUE
"COMP-07685","Professional Services",78,16652232.84,"Microsoft Azure",TRUE
"COMP-07686","Healthcare",14,5459534.07,"Microsoft Azure",FALSE
"COMP-07687","Technology",107,32320587.37,"On-Prem/Hybrid",TRUE
"COMP-07688","Healthcare",247,84684188.62,"Google Cloud Platform (GCP)",FALSE
"COMP-07689","Technology",99,43891177.26,"Microsoft Azure",TRUE
"COMP-07690","Retail & E-commerce",380,125759782.43,"Microsoft Azure",TRUE
"COMP-07691","Technology",73,38390508.69,"On-Prem/Hybrid",FALSE
"COMP-07692","Retail & E-commerce",40,7830991.54,"Google Cloud Platform (GCP)",TRUE
"COMP-07693","Finance & Insurance",74,48168422.01,"Microsoft Azure",TRUE
"COMP-07694","Healthcare",369,64127357.16,"AWS",TRUE
"COMP-07695","Manufacturing",37,7561151.75,"On-Prem/Hybrid",FALSE
"COMP-07696","Healthcare",204,60158553.82,"Microsoft Azure",TRUE
"COMP-07697","Technology",326,132871231.84,"Microsoft Azure",FALSE
"COMP-07698","Technology",2115,968322077.21,"AWS",TRUE
"COMP-07699","Technology",6,2361522.77,"AWS",FALSE
"COMP-07700","Finance & Insurance",37,11603526.96,"Microsoft Azure",TRUE
"COMP-07701","Technology",104,22111952.9,"Google Cloud Platform (GCP)",TRUE
"COMP-07702","Manufacturing",37,10619926.69,"AWS",FALSE
"COMP-07703","Technology",418,79500702.84,"Microsoft Azure",TRUE
"COMP-07704","Professional Services",601,84673697.69,"AWS",TRUE
"COMP-07705","Manufacturing",85,26173453.84,"AWS",FALSE
"COMP-07706","Technology",48,19778663.07,"AWS",TRUE
"COMP-07707","Technology",318,90728563.31,"Microsoft Azure",TRUE
"COMP-07708","Manufacturing",10,3613402.77,"AWS",TRUE
"COMP-07709","Manufacturing",56,17524560.38,"AWS",TRUE
"COMP-07710","Finance & Insurance",99,31163206.44,"Google Cloud Platform (GCP)",FALSE
"COMP-07711","Finance & Insurance",1187,298878448.17,"Microsoft Azure",TRUE
"COMP-07712","Finance & Insurance",14,9238767.44,"AWS",TRUE
"COMP-07713","Technology",82,34709541.04,"Microsoft Azure",FALSE
"COMP-07714","Professional Services",23,11187109.12,"AWS",TRUE
"COMP-07715","Retail & E-commerce",37,6419791.05,"AWS",FALSE
"COMP-07716","Technology",102,39604100.99,"Microsoft Azure",TRUE
"COMP-07717","Technology",176,147827393.5,"Microsoft Azure",TRUE
"COMP-07718","Technology",63,18098839.29,"Microsoft Azure",TRUE
"COMP-07719","Healthcare",276,94097445.83,"Google Cloud Platform (GCP)",TRUE
"COMP-07720","Healthcare",67,8550472.63,"AWS",FALSE
"COMP-07721","Retail & E-commerce",25,4118380.95,"Google Cloud Platform (GCP)",FALSE
"COMP-07722","Professional Services",254,66127827.03,"Google Cloud Platform (GCP)",TRUE
"COMP-07723","Manufacturing",20,4529002.57,"Microsoft Azure",TRUE
"COMP-07724","Manufacturing",43,16329557.46,"AWS",TRUE
"COMP-07725","Manufacturing",32,9147611.79,"Google Cloud Platform (GCP)",FALSE
"COMP-07726","Manufacturing",49,9961829.48,"AWS",FALSE
"COMP-07727","Manufacturing",350,65191551.61,"Microsoft Azure",TRUE
"COMP-07728","Technology",664,183058087.75,"AWS",TRUE
"COMP-07729","Manufacturing",87,31389848.2,"Google Cloud Platform (GCP)",TRUE
"COMP-07730","Manufacturing",316,94318362.96,"On-Prem/Hybrid",TRUE
"COMP-07731","Technology",273,118706986.75,"On-Prem/Hybrid",TRUE
"COMP-07732","Technology",24,8757805.11,"AWS",FALSE
"COMP-07733","Finance & Insurance",85,13936424.83,"AWS",TRUE
"COMP-07734","Professional Services",288,82342818.39,"Microsoft Azure",TRUE
"COMP-07735","Finance & Insurance",76,30989783.51,"Other",FALSE
"COMP-07736","Healthcare",59,15327650.29,"Google Cloud Platform (GCP)",TRUE
"COMP-07737","Retail & E-commerce",11,4650538.81,"AWS",FALSE
"COMP-07738","Technology",44,12450362.97,"Microsoft Azure",TRUE
"COMP-07739","Retail & E-commerce",324,26219816.11,"Other",FALSE
"COMP-07740","Finance & Insurance",272,115889736.54,"AWS",TRUE
"COMP-07741","Technology",100,16253715.66,"AWS",TRUE
"COMP-07742","Professional Services",73,7700119.16,"AWS",FALSE
"COMP-07743","Manufacturing",39,7323544.79,"Other",TRUE
"COMP-07744","Retail & E-commerce",95,24626051.97,"On-Prem/Hybrid",TRUE
"COMP-07745","Technology",44,16117888.1,"Google Cloud Platform (GCP)",TRUE
"COMP-07746","Retail & E-commerce",38,10699512.9,"AWS",FALSE
"COMP-07747","Retail & E-commerce",33,11108451.95,"AWS",FALSE
"COMP-07748","Retail & E-commerce",720,131455134.99,"Microsoft Azure",TRUE
"COMP-07749","Technology",41,11793266.9,"AWS",FALSE
"COMP-07750","Technology",88,31997592.13,"AWS",TRUE
"COMP-07751","Technology",199,95281630.84,"Google Cloud Platform (GCP)",FALSE
"COMP-07752","Healthcare",13,2602010.58,"AWS",TRUE
"COMP-07753","Retail & E-commerce",73,16588348.48,"Microsoft Azure",TRUE
"COMP-07754","Finance & Insurance",126,75412594.09,"Microsoft Azure",TRUE
"COMP-07755","Healthcare",22,7589768.73,"Other",TRUE
"COMP-07756","Retail & E-commerce",30,6438407.48,"AWS",TRUE
"COMP-07757","Finance & Insurance",429,277083407.49,"AWS",TRUE
"COMP-07758","Technology",2195,859828317.83,"AWS",FALSE
"COMP-07759","Professional Services",191,41101544.09,"AWS",TRUE
"COMP-07760","Retail & E-commerce",12,1640135.49,"Google Cloud Platform (GCP)",FALSE
"COMP-07761","Retail & E-commerce",137,40857871.42,"Microsoft Azure",TRUE
"COMP-07762","Retail & E-commerce",91,15089337.35,"AWS",TRUE
"COMP-07763","Retail & E-commerce",35,13988877.15,"On-Prem/Hybrid",FALSE
"COMP-07764","Finance & Insurance",93,32642208.28,"Microsoft Azure",TRUE
"COMP-07765","Professional Services",420,108993389.57,"AWS",TRUE
"COMP-07766","Technology",30,13319564.8,"AWS",FALSE
"COMP-07767","Professional Services",71,19508296.97,"Google Cloud Platform (GCP)",FALSE
"COMP-07768","Professional Services",60,14457621.4,"Other",FALSE
"COMP-07769","Healthcare",89,74195607.86,"AWS",FALSE
"COMP-07770","Healthcare",5,1506747.62,"Other",FALSE
"COMP-07771","Finance & Insurance",182,133745433.14,"Google Cloud Platform (GCP)",TRUE
"COMP-07772","Manufacturing",110,17703056.16,"Microsoft Azure",TRUE
"COMP-07773","Finance & Insurance",79,46657720.41,"Microsoft Azure",TRUE
"COMP-07774","Finance & Insurance",70,34801001.18,"AWS",TRUE
"COMP-07775","Retail & E-commerce",60,15433206.23,"AWS",FALSE
"COMP-07776","Technology",65,16295106.54,"Microsoft Azure",TRUE
"COMP-07777","Healthcare",272,70973761.56,"Microsoft Azure",FALSE
"COMP-07778","Technology",46,11836277.9,"Google Cloud Platform (GCP)",TRUE
"COMP-07779","Professional Services",69,32865544.69,"AWS",FALSE
"COMP-07780","Technology",37,12174203.09,"Microsoft Azure",TRUE
"COMP-07781","Technology",76,28619428.53,"Google Cloud Platform (GCP)",TRUE
"COMP-07782","Retail & E-commerce",13,2485245.66,"Microsoft Azure",TRUE
"COMP-07783","Manufacturing",3295,1114895003.79,"Microsoft Azure",TRUE
"COMP-07784","Technology",21,8659672.32,"Google Cloud Platform (GCP)",TRUE
"COMP-07785","Manufacturing",135,30886281.66,"Microsoft Azure",TRUE
"COMP-07786","Professional Services",717,118485856.74,"Google Cloud Platform (GCP)",TRUE
"COMP-07787","Finance & Insurance",259,72207160.35,"Microsoft Azure",TRUE
"COMP-07788","Technology",105,63370628.72,"Other",TRUE
"COMP-07789","Retail & E-commerce",62,11525553.97,"Google Cloud Platform (GCP)",FALSE
"COMP-07790","Healthcare",64,20898270.96,"Other",FALSE
"COMP-07791","Technology",60,12349993.5,"Google Cloud Platform (GCP)",FALSE
"COMP-07792","Professional Services",12,2315613.89,"Google Cloud Platform (GCP)",TRUE
"COMP-07793","Manufacturing",67,8349125.9,"AWS",FALSE
"COMP-07794","Manufacturing",33,6414452.23,"AWS",TRUE
"COMP-07795","Technology",9,3383348.83,"Microsoft Azure",TRUE
"COMP-07796","Retail & E-commerce",61,23609051.85,"Microsoft Azure",FALSE
"COMP-07797","Technology",28,5792634.61,"AWS",TRUE
"COMP-07798","Healthcare",28,13140494.93,"AWS",TRUE
"COMP-07799","Professional Services",56,12124363.81,"AWS",TRUE
"COMP-07800","Manufacturing",12,3154955.39,"Microsoft Azure",FALSE
"COMP-07801","Professional Services",20,3688077.09,"Other",TRUE
"COMP-07802","Technology",34,9722856.18,"Microsoft Azure",TRUE
"COMP-07803","Technology",34,14256445.47,"AWS",TRUE
"COMP-07804","Technology",322,86750691.85,"AWS",TRUE
"COMP-07805","Finance & Insurance",24,8005593.09,"Google Cloud Platform (GCP)",TRUE
"COMP-07806","Technology",29,18560181.56,"AWS",TRUE
"COMP-07807","Manufacturing",102,38993897.56,"On-Prem/Hybrid",TRUE
"COMP-07808","Technology",106,27375800.73,"Microsoft Azure",TRUE
"COMP-07809","Technology",316,85506260.76,"Google Cloud Platform (GCP)",TRUE
"COMP-07810","Technology",91,27802081.93,"AWS",TRUE
"COMP-07811","Technology",76,31597280.94,"Google Cloud Platform (GCP)",TRUE
"COMP-07812","Healthcare",203,66468608.14,"AWS",TRUE
"COMP-07813","Technology",49,12092677.37,"AWS",FALSE
"COMP-07814","Retail & E-commerce",632,439909032.09,"Google Cloud Platform (GCP)",TRUE
"COMP-07815","Manufacturing",32,13883727.88,"Google Cloud Platform (GCP)",TRUE
"COMP-07816","Retail & E-commerce",35,4911597.94,"Other",FALSE
"COMP-07817","Healthcare",31,11177891.21,"AWS",TRUE
"COMP-07818","Professional Services",87,23580798.27,"AWS",FALSE
"COMP-07819","Professional Services",195,73859334.42,"AWS",TRUE
"COMP-07820","Technology",86,23044346.98,"Microsoft Azure",FALSE
"COMP-07821","Healthcare",21,4671156.61,"Other",FALSE
"COMP-07822","Manufacturing",193,43268489.24,"AWS",TRUE
"COMP-07823","Professional Services",653,227301004.8,"On-Prem/Hybrid",FALSE
"COMP-07824","Manufacturing",172,36278245.16,"Other",TRUE
"COMP-07825","Manufacturing",21,8829445.65,"AWS",FALSE
"COMP-07826","Retail & E-commerce",276,54570124.93,"Microsoft Azure",TRUE
"COMP-07827","Finance & Insurance",16,3721736.73,"On-Prem/Hybrid",TRUE
"COMP-07828","Manufacturing",88,23260636.86,"AWS",TRUE
"COMP-07829","Technology",53,12025427.12,"AWS",TRUE
"COMP-07830","Finance & Insurance",226,84812188.63,"Microsoft Azure",TRUE
"COMP-07831","Retail & E-commerce",190,38253448.79,"AWS",FALSE
"COMP-07832","Technology",34,6418258.37,"AWS",FALSE
"COMP-07833","Healthcare",6,3313202.71,"AWS",TRUE
"COMP-07834","Healthcare",213,66724127.58,"Google Cloud Platform (GCP)",TRUE
"COMP-07835","Professional Services",49,10894050.08,"AWS",TRUE
"COMP-07836","Healthcare",52,24187734.45,"AWS",TRUE
"COMP-07837","Manufacturing",53,7060677.09,"On-Prem/Hybrid",TRUE
"COMP-07838","Retail & E-commerce",638,240267998.01,"AWS",TRUE
"COMP-07839","Manufacturing",22,5794912.65,"AWS",TRUE
"COMP-07840","Retail & E-commerce",33,3994452.88,"Google Cloud Platform (GCP)",TRUE
"COMP-07841","Finance & Insurance",51,38606920.61,"AWS",TRUE
"COMP-07842","Healthcare",23,9651915.01,"AWS",FALSE
"COMP-07843","Healthcare",83,20371829.36,"On-Prem/Hybrid",FALSE
"COMP-07844","Technology",59,13963545.56,"On-Prem/Hybrid",TRUE
"COMP-07845","Professional Services",49,11510294.48,"On-Prem/Hybrid",FALSE
"COMP-07846","Manufacturing",149,38550816.01,"Microsoft Azure",TRUE
"COMP-07847","Healthcare",206,27321807.02,"AWS",TRUE
"COMP-07848","Retail & E-commerce",69,14869625.63,"On-Prem/Hybrid",FALSE
"COMP-07849","Finance & Insurance",91,42603337.6,"Microsoft Azure",TRUE
"COMP-07850","Manufacturing",24,10398729.64,"AWS",TRUE
"COMP-07851","Professional Services",134,30204214.72,"AWS",TRUE
"COMP-07852","Retail & E-commerce",67,10945135.6,"AWS",TRUE
"COMP-07853","Finance & Insurance",63,19727522.26,"Microsoft Azure",FALSE
"COMP-07854","Retail & E-commerce",43,9102854.49,"AWS",FALSE
"COMP-07855","Technology",125,27011866.93,"Microsoft Azure",TRUE
"COMP-07856","Professional Services",326,39254710.23,"Microsoft Azure",TRUE
"COMP-07857","Technology",169,52826404.77,"AWS",TRUE
"COMP-07858","Healthcare",68,38812016.28,"Google Cloud Platform (GCP)",TRUE
"COMP-07859","Manufacturing",150,54061390.09,"On-Prem/Hybrid",TRUE
"COMP-07860","Technology",62,23461300.67,"On-Prem/Hybrid",TRUE
"COMP-07861","Technology",94,40821470.36,"Other",TRUE
"COMP-07862","Healthcare",399,46019429.04,"Microsoft Azure",TRUE
"COMP-07863","Manufacturing",9,2501097.06,"Other",TRUE
"COMP-07864","Technology",143,28513702.32,"Microsoft Azure",TRUE
"COMP-07865","Technology",138,39568645.38,"Microsoft Azure",TRUE
"COMP-07866","Manufacturing",146,21023463.25,"Microsoft Azure",TRUE
"COMP-07867","Technology",17,8282138.17,"Google Cloud Platform (GCP)",TRUE
"COMP-07868","Retail & E-commerce",639,181649042.25,"Microsoft Azure",TRUE
"COMP-07869","Technology",892,200448211.13,"AWS",TRUE
"COMP-07870","Finance & Insurance",38,30398999.65,"Microsoft Azure",TRUE
"COMP-07871","Healthcare",97,19552185.89,"AWS",TRUE
"COMP-07872","Retail & E-commerce",55,8683477.05,"AWS",TRUE
"COMP-07873","Technology",73,28449088.2,"Microsoft Azure",TRUE
"COMP-07874","Technology",62,15732706.74,"AWS",TRUE
"COMP-07875","Finance & Insurance",324,215633072.15,"Microsoft Azure",TRUE
"COMP-07876","Professional Services",457,87062211.65,"AWS",FALSE
"COMP-07877","Technology",40,10199696.41,"AWS",TRUE
"COMP-07878","Technology",395,150928822.78,"Microsoft Azure",TRUE
"COMP-07879","Professional Services",118,33482998.09,"Google Cloud Platform (GCP)",TRUE
"COMP-07880","Healthcare",55,22750108.51,"AWS",TRUE
"COMP-07881","Technology",96,27044594.33,"Google Cloud Platform (GCP)",TRUE
"COMP-07882","Technology",177,81913253.56,"Microsoft Azure",FALSE
"COMP-07883","Finance & Insurance",93,36248329.37,"Microsoft Azure",FALSE
"COMP-07884","Professional Services",1961,504538270.95,"On-Prem/Hybrid",TRUE
"COMP-07885","Technology",125,61983208.59,"AWS",TRUE
"COMP-07886","Healthcare",16,4371288.52,"Google Cloud Platform (GCP)",TRUE
"COMP-07887","Healthcare",48,18613349.54,"AWS",FALSE
"COMP-07888","Professional Services",59,10496716.12,"AWS",TRUE
"COMP-07889","Healthcare",42,20022478.17,"Google Cloud Platform (GCP)",TRUE
"COMP-07890","Manufacturing",30,3087503.68,"AWS",TRUE
"COMP-07891","Professional Services",96,25105774.92,"Microsoft Azure",FALSE
"COMP-07892","Manufacturing",320,40177193.49,"AWS",TRUE
"COMP-07893","Technology",5,1308220.37,"Microsoft Azure",TRUE
"COMP-07894","Retail & E-commerce",176,75280241.63,"AWS",FALSE
"COMP-07895","Healthcare",273,56776267.43,"AWS",TRUE
"COMP-07896","Manufacturing",203,41243333.17,"Google Cloud Platform (GCP)",TRUE
"COMP-07897","Technology",36,3389499.9,"Google Cloud Platform (GCP)",TRUE
"COMP-07898","Professional Services",16,2401714.76,"AWS",TRUE
"COMP-07899","Technology",579,233927126.95,"AWS",TRUE
"COMP-07900","Finance & Insurance",309,189387522.93,"Microsoft Azure",FALSE
"COMP-07901","Technology",7,1480848.36,"AWS",TRUE
"COMP-07902","Finance & Insurance",14,2778139.88,"AWS",TRUE
"COMP-07903","Technology",25,7675683.86,"Google Cloud Platform (GCP)",FALSE
"COMP-07904","Technology",17,5224450.28,"Microsoft Azure",TRUE
"COMP-07905","Finance & Insurance",973,430216899.66,"Google Cloud Platform (GCP)",TRUE
"COMP-07906","Finance & Insurance",493,272956213.41,"Other",TRUE
"COMP-07907","Healthcare",139,26917359.23,"Google Cloud Platform (GCP)",TRUE
"COMP-07908","Technology",124,62140589.73,"Google Cloud Platform (GCP)",TRUE
"COMP-07909","Manufacturing",67,12494770.17,"AWS",TRUE
"COMP-07910","Manufacturing",36,15727384.72,"Microsoft Azure",FALSE
"COMP-07911","Professional Services",93,24825325.76,"Microsoft Azure",FALSE
"COMP-07912","Finance & Insurance",1373,480272072.16,"AWS",FALSE
"COMP-07913","Finance & Insurance",18,5817929.71,"AWS",FALSE
"COMP-07914","Retail & E-commerce",402,89836415.71,"On-Prem/Hybrid",TRUE
"COMP-07915","Technology",409,153076050.27,"AWS",TRUE
"COMP-07916","Professional Services",77,20017833.87,"Microsoft Azure",TRUE
"COMP-07917","Retail & E-commerce",166,33716607.64,"Microsoft Azure",TRUE
"COMP-07918","Finance & Insurance",48,14832696.98,"AWS",TRUE
"COMP-07919","Finance & Insurance",15,2753024.39,"On-Prem/Hybrid",TRUE
"COMP-07920","Technology",309,97912631.13,"Microsoft Azure",TRUE
"COMP-07921","Technology",149,21386308.51,"Microsoft Azure",TRUE
"COMP-07922","Professional Services",211,39251955.31,"AWS",FALSE
"COMP-07923","Retail & E-commerce",652,204628933.32,"Microsoft Azure",TRUE
"COMP-07924","Retail & E-commerce",67,39149660.18,"On-Prem/Hybrid",TRUE
"COMP-07925","Technology",164,53224730.57,"AWS",TRUE
"COMP-07926","Manufacturing",150,67419756.77,"Microsoft Azure",FALSE
"COMP-07927","Professional Services",211,89087463.17,"On-Prem/Hybrid",TRUE
"COMP-07928","Technology",121,29434932.83,"Microsoft Azure",TRUE
"COMP-07929","Retail & E-commerce",108,28228118.34,"AWS",TRUE
"COMP-07930","Professional Services",29,3497892.97,"Microsoft Azure",TRUE
"COMP-07931","Retail & E-commerce",24,2694442.03,"AWS",TRUE
"COMP-07932","Healthcare",368,137809647.83,"Google Cloud Platform (GCP)",FALSE
"COMP-07933","Healthcare",32,17194095.66,"AWS",TRUE
"COMP-07934","Manufacturing",118,36217379.11,"On-Prem/Hybrid",FALSE
"COMP-07935","Healthcare",26,8685020.16,"AWS",TRUE
"COMP-07936","Professional Services",146,15275045.72,"AWS",FALSE
"COMP-07937","Healthcare",1205,479104571.8,"On-Prem/Hybrid",FALSE
"COMP-07938","Manufacturing",15,5328294.97,"AWS",FALSE
"COMP-07939","Healthcare",240,90500677.55,"AWS",FALSE
"COMP-07940","Technology",28,16736007.54,"AWS",TRUE
"COMP-07941","Finance & Insurance",468,272290326.15,"Microsoft Azure",TRUE
"COMP-07942","Retail & E-commerce",74,20864792.16,"AWS",TRUE
"COMP-07943","Manufacturing",13,5483542.71,"Other",FALSE
"COMP-07944","Technology",29,10293028.57,"Microsoft Azure",FALSE
"COMP-07945","Healthcare",70,26370559.54,"AWS",TRUE
"COMP-07946","Finance & Insurance",97,38116739.51,"Microsoft Azure",TRUE
"COMP-07947","Professional Services",78,13854645.05,"Microsoft Azure",FALSE
"COMP-07948","Manufacturing",13,4981909.99,"Google Cloud Platform (GCP)",TRUE
"COMP-07949","Retail & E-commerce",39,9435941.01,"Google Cloud Platform (GCP)",TRUE
"COMP-07950","Manufacturing",60,25089683.63,"On-Prem/Hybrid",TRUE
"COMP-07951","Healthcare",301,99468657.7,"AWS",TRUE
"COMP-07952","Technology",8,3283592.34,"Microsoft Azure",TRUE
"COMP-07953","Professional Services",31,5276963.62,"AWS",TRUE
"COMP-07954","Technology",16,6574979.68,"Google Cloud Platform (GCP)",TRUE
"COMP-07955","Professional Services",587,219216262.55,"Microsoft Azure",FALSE
"COMP-07956","Retail & E-commerce",30,7205506.7,"AWS",FALSE
"COMP-07957","Manufacturing",1788,468841908.72,"Microsoft Azure",FALSE
"COMP-07958","Professional Services",316,86120398.38,"On-Prem/Hybrid",TRUE
"COMP-07959","Finance & Insurance",866,240242362.3,"AWS",TRUE
"COMP-07960","Healthcare",12,2088880.78,"Microsoft Azure",TRUE
"COMP-07961","Technology",71,44867495.12,"AWS",FALSE
"COMP-07962","Finance & Insurance",1590,424906683.78,"Google Cloud Platform (GCP)",TRUE
"COMP-07963","Professional Services",180,32330794.18,"Google Cloud Platform (GCP)",FALSE
"COMP-07964","Technology",49,17294683.89,"Microsoft Azure",FALSE
"COMP-07965","Manufacturing",41,12180881.52,"AWS",TRUE
"COMP-07966","Retail & E-commerce",189,53891233.23,"Google Cloud Platform (GCP)",TRUE
"COMP-07967","Manufacturing",13,3985864.23,"AWS",FALSE
"COMP-07968","Finance & Insurance",270,148251074.87,"AWS",TRUE
"COMP-07969","Technology",13,7615572.5,"Microsoft Azure",TRUE
"COMP-07970","Healthcare",42,23500119.08,"Microsoft Azure",TRUE
"COMP-07971","Technology",60,13106404.74,"AWS",FALSE
"COMP-07972","Healthcare",125,39450339.18,"Microsoft Azure",TRUE
"COMP-07973","Technology",327,147576032.57,"Google Cloud Platform (GCP)",TRUE
"COMP-07974","Technology",301,79223459.66,"AWS",TRUE
"COMP-07975","Retail & E-commerce",62,18156486.49,"AWS",TRUE
"COMP-07976","Healthcare",13,2435972.92,"AWS",FALSE
"COMP-07977","Finance & Insurance",768,759881883.83,"AWS",TRUE
"COMP-07978","Technology",14,3209817.65,"Microsoft Azure",TRUE
"COMP-07979","Retail & E-commerce",333,125515762.42,"AWS",FALSE
"COMP-07980","Professional Services",50,15610039.69,"Google Cloud Platform (GCP)",TRUE
"COMP-07981","Retail & E-commerce",68,26639856.27,"AWS",TRUE
"COMP-07982","Professional Services",1294,127231406.94,"AWS",FALSE
"COMP-07983","Finance & Insurance",105,51497563.8,"Other",TRUE
"COMP-07984","Finance & Insurance",155,115780761.24,"Microsoft Azure",TRUE
"COMP-07985","Professional Services",653,102292302.88,"Google Cloud Platform (GCP)",TRUE
"COMP-07986","Professional Services",43,8421677.93,"Microsoft Azure",FALSE
"COMP-07987","Retail & E-commerce",75,17639225.37,"AWS",TRUE
"COMP-07988","Professional Services",322,150382532,"AWS",TRUE
"COMP-07989","Professional Services",154,27091254.05,"AWS",FALSE
"COMP-07990","Technology",33,11831773.74,"AWS",TRUE
"COMP-07991","Technology",40,11311401.89,"AWS",TRUE
"COMP-07992","Retail & E-commerce",38,6196437.7,"Microsoft Azure",FALSE
"COMP-07993","Healthcare",181,46455220.37,"Microsoft Azure",FALSE
"COMP-07994","Manufacturing",60,23347094.3,"Microsoft Azure",TRUE
"COMP-07995","Professional Services",343,69703044.91,"AWS",TRUE
"COMP-07996","Technology",201,82145813.58,"AWS",FALSE
"COMP-07997","Healthcare",27,8212897.55,"Microsoft Azure",TRUE
"COMP-07998","Retail & E-commerce",142,38706192.1,"Google Cloud Platform (GCP)",FALSE
"COMP-07999","Professional Services",69,24521608.41,"Microsoft Azure",FALSE
"COMP-08000","Finance & Insurance",71,53931342.41,"On-Prem/Hybrid",TRUE
