"losses_id","incident_id","forensic_cleanup_cost","regulatory_fines","business_interruption_payout"
"LOSS-00001","INC-00001",38986.02,4587.35,41991.18
"LOSS-00002","INC-00002",5626.83,3645.17,43064.15
"LOSS-00003","INC-00003",14230.29,789.19,15299.52
"LOSS-00004","INC-00004",18636.23,8572.45,62907.72
"LOSS-00005","INC-00005",14827.94,1181.87,10345.28
"LOSS-00006","INC-00006",8900.61,8891.73,28644.15
"LOSS-00007","INC-00007",44869.88,1896.45,33543.14
"LOSS-00008","INC-00008",9003.25,2539.37,9342.68
"LOSS-00009","INC-00009",74490.26,3121.35,38097.52
"LOSS-00010","INC-00010",9295.5,849.08,22489.08
"LOSS-00011","INC-00011",36492.78,17253.95,14977.54
"LOSS-00012","INC-00012",97406.22,2681.63,51307.44
"LOSS-00013","INC-00013",2467.94,14363.79,4355.58
"LOSS-00014","INC-00014",7489.15,3947.52,34688.14
"LOSS-00015","INC-00015",8661.81,3995.16,12025.11
"LOSS-00016","INC-00016",18693.86,1251.89,11364.99
"LOSS-00017","INC-00017",7448.34,9530.5,11493.62
"LOSS-00018","INC-00018",694.74,5256.21,36404.78
"LOSS-00019","INC-00019",862.24,2819.49,4661.34
"LOSS-00020","INC-00020",37053.32,12641.61,19527.38
"LOSS-00021","INC-00021",7283.46,7727.9,51760.01
"LOSS-00022","INC-00022",1666.85,5299.74,225479.47
"LOSS-00023","INC-00023",8333.87,5026.48,29126.1
"LOSS-00024","INC-00024",33345.39,19174.69,78504.3
"LOSS-00025","INC-00025",65853.87,4315.63,4086.94
"LOSS-00026","INC-00026",6435.15,55773.95,25745.16
"LOSS-00027","INC-00027",7652.06,8570.05,18782.21
"LOSS-00028","INC-00028",1697.37,3780.3,130739.7
"LOSS-00029","INC-00029",15679.31,18700.66,37786.51
"LOSS-00030","INC-00030",5218.71,858.89,34009.75
"LOSS-00031","INC-00031",15606.61,21759.59,208901.79
"LOSS-00032","INC-00032",20027.01,449.14,2613.26
"LOSS-00033","INC-00033",27864.35,15544.49,10351.59
"LOSS-00034","INC-00034",5383.39,23209.03,46983.11
"LOSS-00035","INC-00035",16398.66,658.67,50043.55
"LOSS-00036","INC-00036",1777.55,3256.94,18983.5
"LOSS-00037","INC-00037",4516.72,1431.09,7349.05
"LOSS-00038","INC-00038",4226.34,5054.78,22052.76
"LOSS-00039","INC-00039",885.18,2053.06,15375.34
"LOSS-00040","INC-00040",10261.17,2685.61,56748.26
"LOSS-00041","INC-00041",12161.11,1632.3,7160.73
"LOSS-00042","INC-00042",6897.7,16417.15,36551.74
"LOSS-00043","INC-00043",21123.96,13051.18,41433.81
"LOSS-00044","INC-00044",4785.26,9111.16,4701.35
"LOSS-00045","INC-00045",2519.26,6262.97,2955.45
"LOSS-00046","INC-00046",15257.37,7583.58,25348.31
"LOSS-00047","INC-00047",4396.69,3381.22,17212.98
"LOSS-00048","INC-00048",41944.44,79045.6,63468.58
"LOSS-00049","INC-00049",6428.87,5560.52,9830.5
"LOSS-00050","INC-00050",19065.73,10444.66,102428.09
"LOSS-00051","INC-00051",13655.88,11636.11,12175.51
"LOSS-00052","INC-00052",4519.52,13006.26,11017.25
"LOSS-00053","INC-00053",47845.27,23880.25,4092.3
"LOSS-00054","INC-00054",18824.21,3584.01,7200.41
"LOSS-00055","INC-00055",10826.59,519.46,3646.27
"LOSS-00056","INC-00056",13050.1,71655.31,42883.12
"LOSS-00057","INC-00057",19521.83,3283.25,73060.76
"LOSS-00058","INC-00058",10827.37,3604.89,19893.61
"LOSS-00059","INC-00059",496.17,30816.83,121880.8
"LOSS-00060","INC-00060",13159.29,8715.18,182418.94
"LOSS-00061","INC-00061",6855.22,1147.42,6502.97
"LOSS-00062","INC-00062",11911.15,6777.98,20004.29
"LOSS-00063","INC-00063",17708.92,787.9,5792.33
"LOSS-00064","INC-00064",40124.28,3741.21,143507.97
"LOSS-00065","INC-00065",4782.45,362.54,4171.91
"LOSS-00066","INC-00066",36407.96,8574.8,29935.69
"LOSS-00067","INC-00067",13847.34,722.33,37100.9
"LOSS-00068","INC-00068",27959.33,1151.5,24731.51
"LOSS-00069","INC-00069",24852.87,516.27,2506.35
"LOSS-00070","INC-00070",20350.85,10840.91,22843.3
"LOSS-00071","INC-00071",3487.29,1179.44,46072.71
"LOSS-00072","INC-00072",9043.61,746.86,156094.9
"LOSS-00073","INC-00073",18462.89,237.14,65970.6
"LOSS-00074","INC-00074",3814.16,23595.2,14525.71
"LOSS-00075","INC-00075",5751.24,2947,188276.27
"LOSS-00076","INC-00076",17694.28,1264.56,7728.81
"LOSS-00077","INC-00077",21336.59,2050.59,18868.28
"LOSS-00078","INC-00078",15736.96,604.17,32659.06
"LOSS-00079","INC-00079",4081.52,28234.3,50450.36
"LOSS-00080","INC-00080",3295.19,2737.14,43484.19
"LOSS-00081","INC-00081",44923.08,2458.36,36997.66
"LOSS-00082","INC-00082",12809.23,12187,3606.58
"LOSS-00083","INC-00083",10812.31,15947.92,13894.92
"LOSS-00084","INC-00084",8770.1,11850.44,22950.16
"LOSS-00085","INC-00085",2997.91,1752.92,12091.56
"LOSS-00086","INC-00086",18251.4,749.57,25089.6
"LOSS-00087","INC-00087",7965.38,1935.83,28134.82
"LOSS-00088","INC-00088",8244.02,3971.34,6298.98
"LOSS-00089","INC-00089",25168.45,3202.81,29122.39
"LOSS-00090","INC-00090",22511.31,14806.73,9749.59
"LOSS-00091","INC-00091",39819.67,10738.17,8427.09
"LOSS-00092","INC-00092",6147.66,2880.71,15313.63
"LOSS-00093","INC-00093",18964.96,8160.22,11418.99
"LOSS-00094","INC-00094",39779.64,4820.62,9996.7
"LOSS-00095","INC-00095",3259.12,5030.33,61695.74
"LOSS-00096","INC-00096",4184.77,6668.17,4365.68
"LOSS-00097","INC-00097",3191.55,36948.34,135554.69
"LOSS-00098","INC-00098",2300.28,3930.77,8885.84
"LOSS-00099","INC-00099",10721.24,2239.84,26662.47
"LOSS-00100","INC-00100",19019.2,866.64,20022.92
"LOSS-00101","INC-00101",32891.36,4751.25,9190.67
"LOSS-00102","INC-00102",28134.48,46965.48,54237.34
"LOSS-00103","INC-00103",3629.29,7783.51,6904.97
"LOSS-00104","INC-00104",62848.47,3525.36,6904.02
"LOSS-00105","INC-00105",5080.81,19985.63,22770.97
"LOSS-00106","INC-00106",10998.5,755,20987.97
"LOSS-00107","INC-00107",6488.22,934.19,7791.84
"LOSS-00108","INC-00108",8757.36,32272.66,27235.53
"LOSS-00109","INC-00109",11946.49,4264.39,5105.05
"LOSS-00110","INC-00110",11149.62,16596.97,52074.73
"LOSS-00111","INC-00111",9651.87,4845.04,63415.24
"LOSS-00112","INC-00112",11026.68,16146.31,3098.99
"LOSS-00113","INC-00113",6090.98,107267.82,11843.6
"LOSS-00114","INC-00114",5977.65,21833.98,9915.04
"LOSS-00115","INC-00115",1879.76,1307.57,17111.97
"LOSS-00116","INC-00116",6752.49,2897.27,50502.91
"LOSS-00117","INC-00117",5927.45,1865.25,21023.77
"LOSS-00118","INC-00118",147545.37,1916.82,7143.06
"LOSS-00119","INC-00119",2534.83,15200.95,12222.04
"LOSS-00120","INC-00120",11353.21,7185.87,261179.4
"LOSS-00121","INC-00121",2222.47,31235.06,25536.66
"LOSS-00122","INC-00122",2274.61,16468.5,16831.82
"LOSS-00123","INC-00123",11211.58,2587.04,6775.59
"LOSS-00124","INC-00124",3653.21,8596.09,2161.59
"LOSS-00125","INC-00125",9879.11,30042.69,14392.52
"LOSS-00126","INC-00126",6449.39,5852.14,32700.75
"LOSS-00127","INC-00127",5357.91,3129.31,21663.46
"LOSS-00128","INC-00128",1306.78,1368.08,36996.06
"LOSS-00129","INC-00129",2908.09,15623.22,42023.61
"LOSS-00130","INC-00130",11843.29,21568.87,420426.57
"LOSS-00131","INC-00131",17459.18,4070.08,25829.24
"LOSS-00132","INC-00132",6045.82,8269.59,5917.25
"LOSS-00133","INC-00133",9897.75,10670.83,7890.23
"LOSS-00134","INC-00134",30421.04,1484.21,13218.44
"LOSS-00135","INC-00135",41766.75,33136.94,32464.73
"LOSS-00136","INC-00136",3303.99,870.16,10622.9
"LOSS-00137","INC-00137",8801.53,8250.12,22959.95
"LOSS-00138","INC-00138",32908.9,9690.26,97091.74
"LOSS-00139","INC-00139",6187.4,8305.67,13634.11
"LOSS-00140","INC-00140",9391.22,5600.53,7618.78
"LOSS-00141","INC-00141",9080.57,5507.48,146410.04
"LOSS-00142","INC-00142",4073.76,2003.51,82363.25
"LOSS-00143","INC-00143",6344.33,3248.24,85380.52
"LOSS-00144","INC-00144",9609.96,3940.31,24942.46
"LOSS-00145","INC-00145",6542.87,288.19,5391.22
"LOSS-00146","INC-00146",30133.3,7076.33,20914.82
"LOSS-00147","INC-00147",6118.1,6691.96,7421.93
"LOSS-00148","INC-00148",6417.8,2334.68,152293.33
"LOSS-00149","INC-00149",19867.94,21856.1,4318.34
"LOSS-00150","INC-00150",3441.39,909.86,44985.17
"LOSS-00151","INC-00151",9502.42,4314.28,88586.33
"LOSS-00152","INC-00152",2097.4,24021.05,37105.29
"LOSS-00153","INC-00153",31798.35,18264.98,51458.03
"LOSS-00154","INC-00154",7527.77,119446.77,76768.33
"LOSS-00155","INC-00155",6199.07,15040.44,6969.18
"LOSS-00156","INC-00156",2869.08,4917.3,27279.83
"LOSS-00157","INC-00157",9820.6,1517.14,148354.98
"LOSS-00158","INC-00158",4445.81,33533.21,32523.27
"LOSS-00159","INC-00159",5805.19,1379.25,24316.34
"LOSS-00160","INC-00160",35870.67,4641.93,10906.3
"LOSS-00161","INC-00161",8303.85,6558.37,4902.57
"LOSS-00162","INC-00162",3388.75,4931.26,11859.67
"LOSS-00163","INC-00163",11651.69,5858.87,362250.47
"LOSS-00164","INC-00164",6886.11,8261.94,1740.8
"LOSS-00165","INC-00165",17854.55,5777.45,4338.85
"LOSS-00166","INC-00166",41457.41,2640.57,100416.68
"LOSS-00167","INC-00167",3667.65,744.15,8293.4
"LOSS-00168","INC-00168",15594.14,4691.68,187699.31
"LOSS-00169","INC-00169",10774.07,8071.74,5324.71
"LOSS-00170","INC-00170",24235.3,5895.27,75492.89
"LOSS-00171","INC-00171",7865.35,21900.04,41677.5
"LOSS-00172","INC-00172",22848,26521.28,31756.01
"LOSS-00173","INC-00173",1728.39,1860.62,49343.63
"LOSS-00174","INC-00174",53608.29,14731.68,13239.23
"LOSS-00175","INC-00175",23500.52,2294.15,48253.03
"LOSS-00176","INC-00176",8511.93,24255.73,21325.96
"LOSS-00177","INC-00177",2323.88,14258.08,33681.8
"LOSS-00178","INC-00178",18826.27,2864.99,34303.46
"LOSS-00179","INC-00179",16045.66,503.19,79859.63
"LOSS-00180","INC-00180",9834.43,32936.18,17676.72
"LOSS-00181","INC-00181",11515.58,4280.59,4359.54
"LOSS-00182","INC-00182",5518.66,2411.07,34711.95
"LOSS-00183","INC-00183",14311.33,2373.38,5456.35
"LOSS-00184","INC-00184",13288.5,35871.14,42341.26
"LOSS-00185","INC-00185",7485.63,148272.59,56976.57
"LOSS-00186","INC-00186",2601.29,9380.62,11966.19
"LOSS-00187","INC-00187",19945.3,2834.66,17884.97
"LOSS-00188","INC-00188",17226.37,20242.67,79332.27
"LOSS-00189","INC-00189",4288.5,10207.22,16476.1
"LOSS-00190","INC-00190",2009.04,11746.33,185522.13
"LOSS-00191","INC-00191",12148.47,9245.93,14455.32
"LOSS-00192","INC-00192",7008.73,5022.98,15049.86
"LOSS-00193","INC-00193",12741.4,55728.29,47206.85
"LOSS-00194","INC-00194",2713.51,4250.3,6506.27
"LOSS-00195","INC-00195",3792.69,23060.86,30932.53
"LOSS-00196","INC-00196",29312.66,5515.41,2411.5
"LOSS-00197","INC-00197",14820.62,48404.59,23893.34
"LOSS-00198","INC-00198",17791.7,1063.66,455681
"LOSS-00199","INC-00199",60792.91,6988.37,14508.03
"LOSS-00200","INC-00200",11257.86,18739.23,101155.6
"LOSS-00201","INC-00201",1338.19,6364.59,64374.11
"LOSS-00202","INC-00202",13818.69,6191.34,45848.66
"LOSS-00203","INC-00203",31930.76,4804.94,8616.82
"LOSS-00204","INC-00204",77616.81,17922.17,50893.97
"LOSS-00205","INC-00205",2497.73,40532.46,26656.91
"LOSS-00206","INC-00206",3131.11,2079.22,16880.01
"LOSS-00207","INC-00207",4886.24,9639.97,12286.28
"LOSS-00208","INC-00208",3449.36,62994.16,92898.11
"LOSS-00209","INC-00209",5188.79,1705.35,47105.15
"LOSS-00210","INC-00210",8222.44,10697.3,5028.06
"LOSS-00211","INC-00211",2977.32,7386.47,73464.37
"LOSS-00212","INC-00212",75884.84,17771.25,92570.28
"LOSS-00213","INC-00213",11023.39,2126.73,34204.29
"LOSS-00214","INC-00214",9098.75,7559.83,91796.11
"LOSS-00215","INC-00215",16246.29,1201.11,67414.39
"LOSS-00216","INC-00216",10274.45,3442.47,102356.22
"LOSS-00217","INC-00217",8672.5,4448.41,20135.78
"LOSS-00218","INC-00218",43338.1,780.38,8782.79
"LOSS-00219","INC-00219",7966.26,26815.56,28381.65
"LOSS-00220","INC-00220",2741.88,3782.28,23964.07
"LOSS-00221","INC-00221",14554.68,4065.57,133436.3
"LOSS-00222","INC-00222",6963.85,2685.64,110667.97
"LOSS-00223","INC-00223",5873.49,5071.1,80495.27
"LOSS-00224","INC-00224",3401.15,4054.23,4844.38
"LOSS-00225","INC-00225",15189.59,1971.22,21853.33
"LOSS-00226","INC-00226",8316.38,849.44,49928.2
"LOSS-00227","INC-00227",16575.28,13411.17,14314.98
"LOSS-00228","INC-00228",7829.35,18151.1,28838.66
"LOSS-00229","INC-00229",5123.01,8131.45,18841.67
"LOSS-00230","INC-00230",34552.55,14956.55,54274.54
"LOSS-00231","INC-00231",7541.95,733.54,42299.55
"LOSS-00232","INC-00232",25538.75,2098.38,10837.74
"LOSS-00233","INC-00233",2976.24,5969.81,21558.28
"LOSS-00234","INC-00234",6209.8,3555.94,14762.15
"LOSS-00235","INC-00235",7560.17,2100.1,81995.01
"LOSS-00236","INC-00236",6694.45,1360.67,77777.89
"LOSS-00237","INC-00237",38128.11,3796.45,25879.07
"LOSS-00238","INC-00238",9674.37,4898.27,52292.23
"LOSS-00239","INC-00239",12635,1104.28,3082.18
"LOSS-00240","INC-00240",3856.94,11285.71,62143.66
"LOSS-00241","INC-00241",4773.25,2597.52,54400.43
"LOSS-00242","INC-00242",26851.28,25161.94,5969.95
"LOSS-00243","INC-00243",34838.61,1471.85,115723.27
"LOSS-00244","INC-00244",34505.14,4691.57,29227.21
"LOSS-00245","INC-00245",2488.32,31851.56,8884.12
"LOSS-00246","INC-00246",76876.9,3961.24,212126.78
"LOSS-00247","INC-00247",27360.97,10140.81,25924.18
"LOSS-00248","INC-00248",9636.2,1384.49,142736.88
"LOSS-00249","INC-00249",20002.4,11894.4,30620.57
"LOSS-00250","INC-00250",3746.64,7902.44,19362.76
"LOSS-00251","INC-00251",3307.16,8947.88,35484.83
"LOSS-00252","INC-00252",10394.69,5175.67,113548.08
"LOSS-00253","INC-00253",2985.45,1249.34,29977.81
"LOSS-00254","INC-00254",11968.33,583.69,26162.84
"LOSS-00255","INC-00255",36232.29,13832.11,21226.25
"LOSS-00256","INC-00256",3519.68,25825.25,17925.63
"LOSS-00257","INC-00257",4729.43,12968.27,29628.43
"LOSS-00258","INC-00258",10368.88,5024.57,35173.46
"LOSS-00259","INC-00259",3577.44,1246.73,18835.41
"LOSS-00260","INC-00260",6746.07,3383.02,25520.15
"LOSS-00261","INC-00261",23688.75,6879.88,53792.52
"LOSS-00262","INC-00262",26096.2,76717.55,62457.5
"LOSS-00263","INC-00263",14528.2,3276.69,32035.75
"LOSS-00264","INC-00264",1553.78,12809.37,48304.73
"LOSS-00265","INC-00265",9376.89,6316.8,102070.51
"LOSS-00266","INC-00266",28703.47,1205.05,89994.63
"LOSS-00267","INC-00267",22319.03,9157.53,3058.9
"LOSS-00268","INC-00268",8177.84,1919.72,42450.94
"LOSS-00269","INC-00269",665.19,13481.78,73643.15
"LOSS-00270","INC-00270",10519.3,12830.14,23700.47
"LOSS-00271","INC-00271",17566.55,5879.76,14821.81
"LOSS-00272","INC-00272",10361,4918,5695.06
"LOSS-00273","INC-00273",11584.38,6913.35,11797.98
"LOSS-00274","INC-00274",15238.27,18219.76,73658.86
"LOSS-00275","INC-00275",6657.17,63213.74,14280.47
"LOSS-00276","INC-00276",36679.68,1676.94,21107.67
"LOSS-00277","INC-00277",15841.58,1890.82,64152.79
"LOSS-00278","INC-00278",2856.44,48932.15,13233.29
"LOSS-00279","INC-00279",39402.14,5359.09,29040.61
"LOSS-00280","INC-00280",33006.47,2815.18,6213.83
"LOSS-00281","INC-00281",22563.16,10890.02,24566.29
"LOSS-00282","INC-00282",1876.89,64029.27,2444.04
"LOSS-00283","INC-00283",5600.96,3161.71,3536.77
"LOSS-00284","INC-00284",18685.7,8798.97,57388.08
"LOSS-00285","INC-00285",10339.45,11022.36,63520.57
"LOSS-00286","INC-00286",14016.81,4194.72,137354.84
"LOSS-00287","INC-00287",115796.96,24808.57,22349.38
"LOSS-00288","INC-00288",4366.07,5951.95,54929.06
"LOSS-00289","INC-00289",1196.07,1400.99,26045.48
"LOSS-00290","INC-00290",13012.88,12276.93,23382.77
"LOSS-00291","INC-00291",4976.11,14353.22,8654.32
"LOSS-00292","INC-00292",15460.46,8415.29,15911.68
"LOSS-00293","INC-00293",4392.33,9973.24,54249.94
"LOSS-00294","INC-00294",90405.06,17859.9,61592.68
"LOSS-00295","INC-00295",8745.5,6737.98,10492.53
"LOSS-00296","INC-00296",6140.52,4063.44,36940.04
"LOSS-00297","INC-00297",8381.13,466.81,34819.68
"LOSS-00298","INC-00298",23448.54,10132.08,14522.21
"LOSS-00299","INC-00299",10908.97,2306.19,40258.27
"LOSS-00300","INC-00300",1947.66,6296.67,1108.7
"LOSS-00301","INC-00301",9851.5,2498.77,44570.94
"LOSS-00302","INC-00302",21167.92,913.27,78767.74
"LOSS-00303","INC-00303",10290.65,293.28,6221.91
"LOSS-00304","INC-00304",20641.77,5405.19,336561.07
"LOSS-00305","INC-00305",8548.64,21369.7,7116.61
"LOSS-00306","INC-00306",9340.48,4814.81,5015.42
"LOSS-00307","INC-00307",16032.44,15798.29,185394.69
"LOSS-00308","INC-00308",26714.02,45026.74,18038.32
"LOSS-00309","INC-00309",2845.81,1892.94,19881.12
"LOSS-00310","INC-00310",9571.19,4039.85,186560
"LOSS-00311","INC-00311",9219.15,2458.87,2430.82
"LOSS-00312","INC-00312",4633.55,4881.89,11142.71
"LOSS-00313","INC-00313",3517.97,1846.32,30317.16
"LOSS-00314","INC-00314",5267.27,1504.16,5626.52
"LOSS-00315","INC-00315",17797.4,3251.49,12835.5
"LOSS-00316","INC-00316",6526.83,18624.54,4025.68
"LOSS-00317","INC-00317",4514.78,2070.52,16862.76
"LOSS-00318","INC-00318",11654.13,2654.28,5679.91
"LOSS-00319","INC-00319",2873.5,2970.81,35270.71
"LOSS-00320","INC-00320",28166.08,1029.32,19191.13
"LOSS-00321","INC-00321",6096.1,2016.82,10143.55
"LOSS-00322","INC-00322",11957.68,1707.15,120538.28
"LOSS-00323","INC-00323",10415.04,1048.31,9685.16
"LOSS-00324","INC-00324",9894.75,5790.48,24187.06
"LOSS-00325","INC-00325",60438.53,3449.38,5649.5
"LOSS-00326","INC-00326",4335.85,2829.6,85122.54
"LOSS-00327","INC-00327",31115.78,28724.71,32677.02
"LOSS-00328","INC-00328",10214.6,2780.71,26973.17
"LOSS-00329","INC-00329",4293.23,2663.08,11243.67
"LOSS-00330","INC-00330",9239.44,630.46,164299.4
"LOSS-00331","INC-00331",20884.69,14628.77,16931.21
"LOSS-00332","INC-00332",6467.09,6790.05,64149.04
"LOSS-00333","INC-00333",4572.97,5458.39,20412.39
"LOSS-00334","INC-00334",11530.65,9973.27,34875.92
"LOSS-00335","INC-00335",26598.15,9105.07,35199.44
"LOSS-00336","INC-00336",9196.16,1896.38,43566.62
"LOSS-00337","INC-00337",2472.47,30117.4,44489.14
"LOSS-00338","INC-00338",2679.34,2685.46,54178.74
"LOSS-00339","INC-00339",4589.86,2058.34,13424.2
"LOSS-00340","INC-00340",5842.37,2016.17,4169.3
"LOSS-00341","INC-00341",9687.32,584.01,51990.6
"LOSS-00342","INC-00342",19350.97,10201.34,58233.85
"LOSS-00343","INC-00343",6408.52,2559.81,24396.21
"LOSS-00344","INC-00344",3249.06,9356.69,25837.65
"LOSS-00345","INC-00345",18162.35,656.09,25364.63
"LOSS-00346","INC-00346",13035.83,2742.96,79776.65
"LOSS-00347","INC-00347",31487.54,6456.65,38757.31
"LOSS-00348","INC-00348",1840,1750.87,8340.41
"LOSS-00349","INC-00349",10800.19,16175.97,25717.31
"LOSS-00350","INC-00350",38306,326.95,15673.2
"LOSS-00351","INC-00351",20418.03,3475.44,13517.83
"LOSS-00352","INC-00352",4304.63,6430.26,15088.88
"LOSS-00353","INC-00353",20589.33,1219.22,33580.19
"LOSS-00354","INC-00354",4138.44,2025.41,51048.92
"LOSS-00355","INC-00355",6289.28,1410.29,7216.83
"LOSS-00356","INC-00356",32452.55,5983.73,11314.61
"LOSS-00357","INC-00357",7404.59,11192.95,41067.93
"LOSS-00358","INC-00358",22664.3,1667.38,45856.93
"LOSS-00359","INC-00359",7396.57,22538.16,30090.15
"LOSS-00360","INC-00360",2045.99,1372.49,5862.79
"LOSS-00361","INC-00361",4235.19,10922.87,19153.27
"LOSS-00362","INC-00362",3332.51,3768.19,27092.79
"LOSS-00363","INC-00363",6097.96,8165.54,3888.29
"LOSS-00364","INC-00364",7070.52,1875.06,9688.33
"LOSS-00365","INC-00365",8489.98,11570.4,32071.56
"LOSS-00366","INC-00366",7760.12,9801.85,30172.72
"LOSS-00367","INC-00367",65657.17,9463.39,16561.42
"LOSS-00368","INC-00368",2475.01,7756.64,6745.3
"LOSS-00369","INC-00369",6536.62,1279.35,20031.49
"LOSS-00370","INC-00370",14031.8,6365.2,11718.61
"LOSS-00371","INC-00371",50435.08,6049.64,7708.51
"LOSS-00372","INC-00372",10813.19,4670.93,5768.61
"LOSS-00373","INC-00373",34171.62,10687.22,5712.42
"LOSS-00374","INC-00374",1911.12,13074.93,489558.62
"LOSS-00375","INC-00375",42039.15,50386.97,7379.48
"LOSS-00376","INC-00376",4961.38,12947.94,3610.59
"LOSS-00377","INC-00377",7506.83,2863.78,54240.77
"LOSS-00378","INC-00378",3263.58,4526.39,16166.68
"LOSS-00379","INC-00379",11314.83,5334.91,34156.34
"LOSS-00380","INC-00380",59002.73,14100,28627.68
"LOSS-00381","INC-00381",111542.77,17708.75,92396.79
"LOSS-00382","INC-00382",3371.7,7098.04,121725.63
"LOSS-00383","INC-00383",16089.8,5704.36,50348.39
"LOSS-00384","INC-00384",39676.79,3502.89,24618.47
"LOSS-00385","INC-00385",8138.35,699.77,15594.27
"LOSS-00386","INC-00386",7957.14,4278.78,6883.92
"LOSS-00387","INC-00387",7297.03,4910.18,42066.12
"LOSS-00388","INC-00388",17994.7,5269.75,14657.51
"LOSS-00389","INC-00389",40031.8,4306.75,42408.39
"LOSS-00390","INC-00390",19685.15,3800.84,16846.58
"LOSS-00391","INC-00391",13632.17,1793.78,13486.27
"LOSS-00392","INC-00392",7318.28,2113.64,25661.06
"LOSS-00393","INC-00393",16290.68,587.94,23219.73
"LOSS-00394","INC-00394",5712.79,40135.82,4293.66
"LOSS-00395","INC-00395",7485.65,8280.74,29804.11
"LOSS-00396","INC-00396",29629.13,2085.53,28972.59
"LOSS-00397","INC-00397",15398.31,2776.03,15039.22
"LOSS-00398","INC-00398",12594.51,9115.01,36887.6
"LOSS-00399","INC-00399",7664.79,8627.19,12487.89
"LOSS-00400","INC-00400",25110.29,1113.71,7414.91
"LOSS-00401","INC-00401",37605.76,8422.13,34868.26
"LOSS-00402","INC-00402",4149.44,3607.93,3391.61
"LOSS-00403","INC-00403",10461.81,2079.85,53190.34
"LOSS-00404","INC-00404",10394.86,3752.21,94640.95
"LOSS-00405","INC-00405",5550.51,6714.03,1996.78
"LOSS-00406","INC-00406",3645.55,23226.85,66786.64
"LOSS-00407","INC-00407",9873.08,768.08,76050.21
"LOSS-00408","INC-00408",19063.14,1642.94,9676.34
"LOSS-00409","INC-00409",43340.48,582.46,11107.64
"LOSS-00410","INC-00410",1466.81,2651.97,2919.46
"LOSS-00411","INC-00411",4902.79,13359.95,54893.54
"LOSS-00412","INC-00412",7248.64,16086.28,80677.93
"LOSS-00413","INC-00413",1875.9,22564.45,44182.88
"LOSS-00414","INC-00414",4672.58,10183.05,62911.4
"LOSS-00415","INC-00415",4548.93,11479.79,19279.65
"LOSS-00416","INC-00416",4805.09,1170.85,22156.22
"LOSS-00417","INC-00417",1108.95,2544.54,9754.51
"LOSS-00418","INC-00418",12251.68,22866.56,69615.65
"LOSS-00419","INC-00419",5261,2227.03,4927.39
"LOSS-00420","INC-00420",45274.14,8610.59,21289.32
"LOSS-00421","INC-00421",21937.57,2593.08,30912.3
"LOSS-00422","INC-00422",2313.39,3143.79,4705.31
"LOSS-00423","INC-00423",10920.48,1630.21,6728.5
"LOSS-00424","INC-00424",5465.6,3572.75,6062.81
"LOSS-00425","INC-00425",24059.4,5809.13,39990.66
"LOSS-00426","INC-00426",10436.56,6535.59,143792.94
"LOSS-00427","INC-00427",5670.18,6744.54,26824.36
"LOSS-00428","INC-00428",15342.73,4745.68,43949.85
"LOSS-00429","INC-00429",11528.85,4306,7324.42
"LOSS-00430","INC-00430",8394.92,20108.25,32213.46
"LOSS-00431","INC-00431",74599.61,5131.78,126918.98
"LOSS-00432","INC-00432",5829.08,5983.72,56682.36
"LOSS-00433","INC-00433",6180.86,27483.97,40821.3
"LOSS-00434","INC-00434",2109.2,2242.31,11693.37
"LOSS-00435","INC-00435",9504.05,1692.5,15449.62
"LOSS-00436","INC-00436",24109.38,19226.36,3205.47
"LOSS-00437","INC-00437",1247.14,102204.13,34173.64
"LOSS-00438","INC-00438",7707.39,5695.83,44864.05
"LOSS-00439","INC-00439",3036.16,20197.46,13628.06
"LOSS-00440","INC-00440",41853.77,1945.62,100320.25
"LOSS-00441","INC-00441",38480.06,2771.99,5428.72
"LOSS-00442","INC-00442",13828.72,18047.24,8134.3
"LOSS-00443","INC-00443",41329.76,1296.58,75209.85
"LOSS-00444","INC-00444",4157.55,1508.46,22941.12
"LOSS-00445","INC-00445",25607.79,47071.15,24039.44
"LOSS-00446","INC-00446",5513.69,723.52,33380.06
"LOSS-00447","INC-00447",13642.67,13915.41,166650.97
"LOSS-00448","INC-00448",7336.4,22106.65,55227.48
"LOSS-00449","INC-00449",7491,25029.11,2141.6
"LOSS-00450","INC-00450",17087.72,5636.59,6256.78
"LOSS-00451","INC-00451",2687,6920.86,34656.98
"LOSS-00452","INC-00452",7700.85,8123.94,5668.72
"LOSS-00453","INC-00453",11742.94,8086.28,26628.19
"LOSS-00454","INC-00454",6611.28,5015.84,250771.87
"LOSS-00455","INC-00455",10989.1,2603.54,25200.2
"LOSS-00456","INC-00456",7194.84,6807.61,38970.5
"LOSS-00457","INC-00457",49928.33,14811.81,23531.12
"LOSS-00458","INC-00458",20215.17,7052.6,8695.07
"LOSS-00459","INC-00459",192118.06,5356.25,62107.4
"LOSS-00460","INC-00460",4469.01,4925.43,8217.83
"LOSS-00461","INC-00461",22345.18,960.84,18896.11
"LOSS-00462","INC-00462",80662.64,14454.59,15932.91
"LOSS-00463","INC-00463",13372.83,7175.85,26226.54
"LOSS-00464","INC-00464",3350.7,8636.67,6783.86
"LOSS-00465","INC-00465",3618,7097.12,52586.34
"LOSS-00466","INC-00466",9552.76,5601.13,38552.93
"LOSS-00467","INC-00467",36648.37,10836.48,16543.86
"LOSS-00468","INC-00468",20960.62,14398.56,12418.04
"LOSS-00469","INC-00469",1166.35,281.82,23516.02
"LOSS-00470","INC-00470",4913.03,10213.79,40880.29
"LOSS-00471","INC-00471",9807.9,19617.44,3257.41
"LOSS-00472","INC-00472",2302.77,2950.73,13530.72
"LOSS-00473","INC-00473",19821.64,13672.07,135641.15
"LOSS-00474","INC-00474",844.43,31864,14393.74
"LOSS-00475","INC-00475",11421.92,27342.71,27869.15
"LOSS-00476","INC-00476",6692.73,846.2,27578.42
"LOSS-00477","INC-00477",6056.19,165.32,220558.5
"LOSS-00478","INC-00478",7452.86,5748.32,5800.78
"LOSS-00479","INC-00479",13558.85,9125.75,30119.25
"LOSS-00480","INC-00480",14710.64,8568.46,58773.12
"LOSS-00481","INC-00481",7898.25,13765.45,10141.48
"LOSS-00482","INC-00482",1443.82,906.61,54855.82
"LOSS-00483","INC-00483",2346.71,2677.48,18652.65
"LOSS-00484","INC-00484",2276.38,12527.79,2369.53
"LOSS-00485","INC-00485",21202.27,1830.7,29664.63
"LOSS-00486","INC-00486",7757.26,17927.27,43338.51
"LOSS-00487","INC-00487",12960.7,7775.23,14351.08
"LOSS-00488","INC-00488",2081.98,64833.34,4695.56
"LOSS-00489","INC-00489",5793.04,6627.94,62586.37
"LOSS-00490","INC-00490",17369.17,5121.35,35503
"LOSS-00491","INC-00491",8280.63,9909.68,28556.2
"LOSS-00492","INC-00492",8820.77,821.55,37446.61
"LOSS-00493","INC-00493",9209.02,16391.31,75996.36
"LOSS-00494","INC-00494",33220.08,11537.4,6343.15
"LOSS-00495","INC-00495",5351.34,51556.45,79772.44
"LOSS-00496","INC-00496",19460.2,40874.61,11557.63
"LOSS-00497","INC-00497",24308.94,5934.06,92958.81
"LOSS-00498","INC-00498",3012.97,8205.14,17908.04
"LOSS-00499","INC-00499",11173.04,2387.12,4318.87
"LOSS-00500","INC-00500",9786.69,28611.72,66288.83
"LOSS-00501","INC-00501",27698.7,5392.23,6556.45
"LOSS-00502","INC-00502",24705.34,1344.15,6988.04
"LOSS-00503","INC-00503",9872.85,19137.98,13959.49
"LOSS-00504","INC-00504",11339.07,17265.4,21386.26
"LOSS-00505","INC-00505",4816.71,14558.59,8533.14
"LOSS-00506","INC-00506",8118.3,15601.78,89507.7
"LOSS-00507","INC-00507",3536.14,12008.92,15844.58
"LOSS-00508","INC-00508",3763.27,17037.13,127530.28
"LOSS-00509","INC-00509",2919.56,6526.67,35751.95
"LOSS-00510","INC-00510",22838.61,38138.27,31424.37
"LOSS-00511","INC-00511",30181.12,8020.01,102967.18
"LOSS-00512","INC-00512",6548.92,20940.26,9306.47
"LOSS-00513","INC-00513",3200.37,2362.77,51725.92
"LOSS-00514","INC-00514",9064.03,790.29,27326.85
"LOSS-00515","INC-00515",93144.16,8654.94,4566.56
"LOSS-00516","INC-00516",76214.97,2058.76,27808.64
"LOSS-00517","INC-00517",1772.59,240.61,17750.84
"LOSS-00518","INC-00518",6926.39,7809.28,76802.37
"LOSS-00519","INC-00519",45856.88,12316.39,45749.73
"LOSS-00520","INC-00520",9525.77,17584.38,2626.97
"LOSS-00521","INC-00521",48894.16,1602.14,7573.64
"LOSS-00522","INC-00522",7089.82,3467.39,15525.25
"LOSS-00523","INC-00523",18123.88,40782.64,81494.26
"LOSS-00524","INC-00524",12385,9835.65,99084.84
"LOSS-00525","INC-00525",249963.33,3303.61,49236.02
"LOSS-00526","INC-00526",24846.01,29012.38,5847.46
"LOSS-00527","INC-00527",2961.53,6916.8,18093.39
"LOSS-00528","INC-00528",5410.62,1941.86,7581.41
"LOSS-00529","INC-00529",14331.79,1686.67,37109.12
"LOSS-00530","INC-00530",1478.82,6109.76,61394.9
"LOSS-00531","INC-00531",1628.79,13953.16,189732.58
"LOSS-00532","INC-00532",3223.35,10514.58,20160.4
"LOSS-00533","INC-00533",6988.84,10682.81,40158.04
"LOSS-00534","INC-00534",34163.13,1557.56,6887.55
"LOSS-00535","INC-00535",7523.62,9361.52,20697.09
"LOSS-00536","INC-00536",11642.07,12874.42,9253.75
"LOSS-00537","INC-00537",9277.92,699,5122.9
"LOSS-00538","INC-00538",4889.1,50238.48,33629.6
"LOSS-00539","INC-00539",38645.95,10714.46,108684.82
"LOSS-00540","INC-00540",3305.98,8119.39,37925.5
"LOSS-00541","INC-00541",7875.93,3506.53,12818.56
"LOSS-00542","INC-00542",6989.55,2803.9,138756.53
"LOSS-00543","INC-00543",16850.38,1452.99,19951.45
"LOSS-00544","INC-00544",49376.73,3215.25,11781.49
"LOSS-00545","INC-00545",16544.59,6723.68,9868.51
"LOSS-00546","INC-00546",39433.59,2170.1,3156.76
"LOSS-00547","INC-00547",21228.44,2756.26,120345.96
"LOSS-00548","INC-00548",5299.75,963.55,49039.46
"LOSS-00549","INC-00549",10738,1793.73,7547.11
"LOSS-00550","INC-00550",39186.17,14512.69,14637.92
"LOSS-00551","INC-00551",2077.11,550.7,39873.78
"LOSS-00552","INC-00552",13694.79,4916.96,41273.59
"LOSS-00553","INC-00553",8460.89,2624.92,3787.4
"LOSS-00554","INC-00554",23808.16,5066.45,41185.67
"LOSS-00555","INC-00555",20955.71,16304.21,32435.08
"LOSS-00556","INC-00556",13373.81,3331.61,719.46
"LOSS-00557","INC-00557",44038.13,3622.67,11068.58
"LOSS-00558","INC-00558",2152.76,3082.5,76587.76
"LOSS-00559","INC-00559",24605.31,2472.27,3682.85
"LOSS-00560","INC-00560",2039.52,10028.74,7236.32
"LOSS-00561","INC-00561",17813.58,4662.31,15020.03
"LOSS-00562","INC-00562",10825.31,3246.38,107524.59
"LOSS-00563","INC-00563",26036.68,4017.82,6814.13
"LOSS-00564","INC-00564",10708.71,4918.56,61603.91
"LOSS-00565","INC-00565",2061.73,24768.95,4891.68
"LOSS-00566","INC-00566",1328.99,920.74,14930.04
"LOSS-00567","INC-00567",17000.08,5776.3,3921
"LOSS-00568","INC-00568",9196.92,1935.72,18271.72
"LOSS-00569","INC-00569",5591.38,5516.78,14091.1
"LOSS-00570","INC-00570",7251.27,6348.35,47861.15
"LOSS-00571","INC-00571",5057.28,15009,44089.68
"LOSS-00572","INC-00572",8456.24,3479.79,32388.45
"LOSS-00573","INC-00573",3899.86,1944.69,45084.78
"LOSS-00574","INC-00574",1362.38,17991.29,134701.32
"LOSS-00575","INC-00575",7945.81,895.96,22639.91
"LOSS-00576","INC-00576",28149.25,72604.39,34068.19
"LOSS-00577","INC-00577",64687.91,852.89,37529.95
"LOSS-00578","INC-00578",9922.96,15375.67,53070.39
"LOSS-00579","INC-00579",9130.08,34603.51,30117.87
"LOSS-00580","INC-00580",25925.5,537.01,3600.67
"LOSS-00581","INC-00581",10441.79,677.2,112531.56
"LOSS-00582","INC-00582",6406.71,24811.98,138308.02
"LOSS-00583","INC-00583",1741.85,2187.01,47910.97
"LOSS-00584","INC-00584",2797,7109.43,70703.38
"LOSS-00585","INC-00585",14858.22,885324.5,17425.76
"LOSS-00586","INC-00586",2299.27,4095.51,66855.47
"LOSS-00587","INC-00587",28238.95,5810.46,12718.48
"LOSS-00588","INC-00588",2574.91,832.37,7660.29
"LOSS-00589","INC-00589",8155.35,9010.82,96122.94
"LOSS-00590","INC-00590",9874.04,691.37,14041.73
"LOSS-00591","INC-00591",9770.96,12486.86,2289.01
"LOSS-00592","INC-00592",11521.24,651.84,20198.64
"LOSS-00593","INC-00593",18006.92,1157.1,16838.4
"LOSS-00594","INC-00594",8723.6,1755.94,30985.6
"LOSS-00595","INC-00595",7719.19,12065.54,59224.68
"LOSS-00596","INC-00596",11618.19,27031.29,49774.15
"LOSS-00597","INC-00597",6414.77,18121.29,7747.7
"LOSS-00598","INC-00598",46046.75,798.42,54638
"LOSS-00599","INC-00599",1129.75,3263.79,6599.48
"LOSS-00600","INC-00600",27639.59,2313.23,15764.04
"LOSS-00601","INC-00601",7719.59,904.84,14667.98
"LOSS-00602","INC-00602",15098.04,4842.99,27272.63
"LOSS-00603","INC-00603",26573.06,12750.16,60036.59
"LOSS-00604","INC-00604",22824.01,7586.4,5435.41
"LOSS-00605","INC-00605",5112.68,31896.4,3292.26
"LOSS-00606","INC-00606",47290.73,4806.01,16825.67
"LOSS-00607","INC-00607",1952.81,3018.39,34542.75
"LOSS-00608","INC-00608",23479.81,6083.98,20371.8
"LOSS-00609","INC-00609",5933.66,2855.84,11229.11
"LOSS-00610","INC-00610",1454.82,6176.46,36005.03
"LOSS-00611","INC-00611",1531.78,3699.73,21651.96
"LOSS-00612","INC-00612",12647.05,5713.61,16974.45
"LOSS-00613","INC-00613",91448.78,1868.18,17996.03
"LOSS-00614","INC-00614",13008.73,6478.32,38164.9
"LOSS-00615","INC-00615",30662.17,24048.89,3311.33
"LOSS-00616","INC-00616",22894.9,435.79,19151.28
"LOSS-00617","INC-00617",5142.96,1798.7,10792.61
"LOSS-00618","INC-00618",25692.67,5041.18,32383.68
"LOSS-00619","INC-00619",14086.21,1518,7285.42
"LOSS-00620","INC-00620",12168.42,14956.17,285760.21
"LOSS-00621","INC-00621",26933.15,4010.37,22910.42
"LOSS-00622","INC-00622",20898.9,8602.14,43502.54
"LOSS-00623","INC-00623",5289.22,5367.84,11107.48
"LOSS-00624","INC-00624",14694.43,515.87,9852.31
"LOSS-00625","INC-00625",4055.51,764.74,36401.75
"LOSS-00626","INC-00626",18598.17,6917.36,30617.5
"LOSS-00627","INC-00627",6420.78,4163.83,261893.43
"LOSS-00628","INC-00628",15555.02,14705,28764.03
"LOSS-00629","INC-00629",14299.77,15042.15,19135.98
"LOSS-00630","INC-00630",7552.34,585.49,42139.05
"LOSS-00631","INC-00631",15764.45,4143.09,14661.71
"LOSS-00632","INC-00632",17577.17,9572.44,9788.6
"LOSS-00633","INC-00633",7858.1,11612.83,13451.56
"LOSS-00634","INC-00634",31960.07,12144.45,21229.02
"LOSS-00635","INC-00635",39843.03,9342.21,21983.06
"LOSS-00636","INC-00636",5105.17,51773.54,10185.96
"LOSS-00637","INC-00637",4548.85,882.16,53231.03
"LOSS-00638","INC-00638",16540.03,966.81,3571.45
"LOSS-00639","INC-00639",3970.66,1419.34,26429.17
"LOSS-00640","INC-00640",6314.33,16194.46,41258.96
"LOSS-00641","INC-00641",22091.16,45403.75,14256.94
"LOSS-00642","INC-00642",5577.65,5075.49,10341.73
"LOSS-00643","INC-00643",1439.25,1567.64,21840.14
"LOSS-00644","INC-00644",19233.15,1300.57,2692.58
"LOSS-00645","INC-00645",1993.13,14005.7,53064.63
"LOSS-00646","INC-00646",2553.96,7184.89,28067.67
"LOSS-00647","INC-00647",483.99,7185.77,3402.72
"LOSS-00648","INC-00648",22725.38,360.8,2891.28
"LOSS-00649","INC-00649",12722.11,396.26,38156.64
"LOSS-00650","INC-00650",15713.78,6805.12,206830.88
"LOSS-00651","INC-00651",23035.51,56622.38,22221.99
"LOSS-00652","INC-00652",9490.33,4718.41,11858.78
"LOSS-00653","INC-00653",3276.15,10351.63,526918.86
"LOSS-00654","INC-00654",17392.17,6388.52,119767.06
"LOSS-00655","INC-00655",36437.9,841.02,4449.31
"LOSS-00656","INC-00656",2207.86,21582.72,1654.1
"LOSS-00657","INC-00657",5393.83,22879.92,112243.68
"LOSS-00658","INC-00658",7389.05,38445.78,70609.38
"LOSS-00659","INC-00659",2725.25,896.69,69955.9
"LOSS-00660","INC-00660",19813.24,1809.93,98826
"LOSS-00661","INC-00661",5436.11,80580.84,25435.04
"LOSS-00662","INC-00662",34783.79,537.51,5376.99
"LOSS-00663","INC-00663",10441.13,2918.26,23788.36
"LOSS-00664","INC-00664",20498.2,11487.25,6324.79
"LOSS-00665","INC-00665",47150.41,6964.38,39514.94
"LOSS-00666","INC-00666",12908.29,6992.36,132440.69
"LOSS-00667","INC-00667",29048.62,1817.11,9841.84
"LOSS-00668","INC-00668",12218.4,13416.6,30773.85
"LOSS-00669","INC-00669",2182.72,860.35,5422.63
"LOSS-00670","INC-00670",10121.35,2548.99,16200.98
"LOSS-00671","INC-00671",20295.13,3754.35,54036.69
"LOSS-00672","INC-00672",16146.47,1683.83,51529.16
"LOSS-00673","INC-00673",8317.46,14187.95,17111.14
"LOSS-00674","INC-00674",2928.66,4734.29,6533.85
"LOSS-00675","INC-00675",18890.2,12057.71,35119.73
"LOSS-00676","INC-00676",3958.2,5817.19,9778.44
"LOSS-00677","INC-00677",2830.41,3023.69,4664.43
"LOSS-00678","INC-00678",17942.5,12857.35,20126.57
"LOSS-00679","INC-00679",2884.74,55657.63,38373.98
"LOSS-00680","INC-00680",12636.75,12101.99,3366.11
"LOSS-00681","INC-00681",9924.6,14358.73,8030.88
"LOSS-00682","INC-00682",2622.26,4775.34,69769.76
"LOSS-00683","INC-00683",32199.18,21733.44,52091.4
"LOSS-00684","INC-00684",5470.88,5844.05,15676.69
"LOSS-00685","INC-00685",32858.91,7616.97,7437.03
"LOSS-00686","INC-00686",6154.67,6647.01,29732.39
"LOSS-00687","INC-00687",5568.84,2698.62,25760.19
"LOSS-00688","INC-00688",9592.86,10710.02,24482.52
"LOSS-00689","INC-00689",6918.42,819.08,4301.64
"LOSS-00690","INC-00690",6928.5,3563.15,40819.56
"LOSS-00691","INC-00691",4114.76,1138.92,36959.89
"LOSS-00692","INC-00692",2942.76,907.05,15854.71
"LOSS-00693","INC-00693",18274.95,7289.38,51622.62
"LOSS-00694","INC-00694",4419.57,893.77,41379.3
"LOSS-00695","INC-00695",2498.74,4496.05,24424.24
"LOSS-00696","INC-00696",5955.99,3472.89,34524.69
"LOSS-00697","INC-00697",4442.91,801.15,8937.54
"LOSS-00698","INC-00698",1104.57,611.92,5701.7
"LOSS-00699","INC-00699",7398.72,8657.23,52854.52
"LOSS-00700","INC-00700",11698.01,8004.83,14128.15
"LOSS-00701","INC-00701",13289.01,3111.42,89853.11
"LOSS-00702","INC-00702",14658,2288.96,26639.12
"LOSS-00703","INC-00703",3637.88,846.94,3890.1
"LOSS-00704","INC-00704",7145.75,1582.87,124845.87
"LOSS-00705","INC-00705",3610.68,793.92,216316.78
"LOSS-00706","INC-00706",5242.58,25972.89,44421.76
"LOSS-00707","INC-00707",2951.77,507.91,41627
"LOSS-00708","INC-00708",3240.67,838.48,6521.32
"LOSS-00709","INC-00709",18580.75,9463.37,78756.68
"LOSS-00710","INC-00710",7536.24,667.85,5401.68
"LOSS-00711","INC-00711",7640.05,18136.12,3414.48
"LOSS-00712","INC-00712",55801.62,6266.98,3714.69
"LOSS-00713","INC-00713",9335.76,28223.7,32440.11
"LOSS-00714","INC-00714",5784.49,4479.26,63887.01
"LOSS-00715","INC-00715",20895.45,7049.94,12466.6
"LOSS-00716","INC-00716",6079.89,9427.18,37172.37
"LOSS-00717","INC-00717",39062.09,6562.99,18194.58
"LOSS-00718","INC-00718",6784.04,6506.48,6491.84
"LOSS-00719","INC-00719",5344.63,7366.59,149659.36
"LOSS-00720","INC-00720",3077.51,2655.57,14079.79
"LOSS-00721","INC-00721",13747.89,3518.68,20338.82
"LOSS-00722","INC-00722",42895,36963.94,6164.93
"LOSS-00723","INC-00723",6932.6,7580.04,52560.08
"LOSS-00724","INC-00724",12854.74,10921.27,777.93
"LOSS-00725","INC-00725",13812.49,3081.97,12204.07
"LOSS-00726","INC-00726",41035.52,16185.2,228397.78
"LOSS-00727","INC-00727",19223.27,11070.68,149211.9
"LOSS-00728","INC-00728",3382.41,3862.74,4285.36
"LOSS-00729","INC-00729",4930.02,6947.67,10986.37
"LOSS-00730","INC-00730",4693.2,2220.57,2886.45
"LOSS-00731","INC-00731",11402.33,14691.64,34718.28
"LOSS-00732","INC-00732",9858.14,2753.38,18342.18
"LOSS-00733","INC-00733",14298.89,10547.57,11397.88
"LOSS-00734","INC-00734",5128.95,31555.78,14832.06
"LOSS-00735","INC-00735",6793.04,51703.94,124898.72
"LOSS-00736","INC-00736",20771.98,1741.9,10541.49
"LOSS-00737","INC-00737",8958.82,2256.19,52092.89
"LOSS-00738","INC-00738",5144.64,9000.12,32092.57
"LOSS-00739","INC-00739",26138.49,2335.79,35600.36
"LOSS-00740","INC-00740",10031.61,2204.87,11835.1
"LOSS-00741","INC-00741",3957.89,55007.4,18492.5
"LOSS-00742","INC-00742",54703.81,50935.3,10645.81
"LOSS-00743","INC-00743",3077.58,11512.29,110732.71
"LOSS-00744","INC-00744",1667.3,25943.33,2531.97
"LOSS-00745","INC-00745",1039.89,2259.16,41588.64
"LOSS-00746","INC-00746",18979.71,5106.29,146205.23
"LOSS-00747","INC-00747",5809.02,14890.91,46012.77
"LOSS-00748","INC-00748",7513.38,22243.22,23585.22
"LOSS-00749","INC-00749",13221.86,1670.57,31171.46
"LOSS-00750","INC-00750",6207.52,969.16,25256.76
"LOSS-00751","INC-00751",1982.15,92340.07,44450.93
"LOSS-00752","INC-00752",1408.41,83485.4,56455.83
"LOSS-00753","INC-00753",7039.55,29371.22,2411.08
"LOSS-00754","INC-00754",11786.68,15028.5,108868.5
"LOSS-00755","INC-00755",1014.57,910.59,32226.28
"LOSS-00756","INC-00756",13233.73,23931.44,44810.72
"LOSS-00757","INC-00757",15097.83,3349.92,13207.76
"LOSS-00758","INC-00758",36124.89,5776.26,4296.56
"LOSS-00759","INC-00759",11669.27,207,19653
"LOSS-00760","INC-00760",12148.41,21685.92,65694.22
"LOSS-00761","INC-00761",18116.96,6457.32,23642.7
"LOSS-00762","INC-00762",9709.49,1343.45,10940.26
"LOSS-00763","INC-00763",9138.81,4510,55421.04
"LOSS-00764","INC-00764",11114.26,989.51,129391.91
"LOSS-00765","INC-00765",20830.5,2468.74,11471.36
"LOSS-00766","INC-00766",6429.87,11725.89,74293.66
"LOSS-00767","INC-00767",6005.74,7619.89,13113.97
"LOSS-00768","INC-00768",4166.53,11440.44,48389.47
"LOSS-00769","INC-00769",3798.05,3109.24,139654.22
"LOSS-00770","INC-00770",13722.61,51082.45,14393.05
"LOSS-00771","INC-00771",46507.66,1300.05,148227.74
"LOSS-00772","INC-00772",3756.11,15519.08,4293.45
"LOSS-00773","INC-00773",8197.3,9401.82,12343.93
"LOSS-00774","INC-00774",3533.34,2589.65,8933
"LOSS-00775","INC-00775",24540.66,11513.61,15616.29
"LOSS-00776","INC-00776",7205.63,87350.12,91286.82
"LOSS-00777","INC-00777",11837.22,2693.54,4668.62
"LOSS-00778","INC-00778",14017.03,1139.69,113098.18
"LOSS-00779","INC-00779",3448.59,1413.65,309006.68
"LOSS-00780","INC-00780",8912.91,5561.38,8074.33
"LOSS-00781","INC-00781",7876.65,1800.22,29647.26
"LOSS-00782","INC-00782",19445.2,1310.19,116353.27
"LOSS-00783","INC-00783",2883.49,2058.18,22585.39
"LOSS-00784","INC-00784",2981.07,15921.31,24970.78
"LOSS-00785","INC-00785",21287.31,7246.59,23450.81
"LOSS-00786","INC-00786",5496.69,192.26,4737.05
"LOSS-00787","INC-00787",5113.83,4248.29,4307.8
"LOSS-00788","INC-00788",11081.29,3111.5,5173.84
"LOSS-00789","INC-00789",7183.93,2878.79,9071.45
"LOSS-00790","INC-00790",63983.56,1805.52,19437.52
"LOSS-00791","INC-00791",12829.87,25794.99,14429.48
"LOSS-00792","INC-00792",11632.52,1519.35,53012.38
"LOSS-00793","INC-00793",25111.34,5426.74,38030.12
"LOSS-00794","INC-00794",9321.26,17873.28,12713.75
"LOSS-00795","INC-00795",10391.46,8703.22,33776.62
"LOSS-00796","INC-00796",3385.05,4874.08,14946.84
"LOSS-00797","INC-00797",999.27,1287.63,7508.88
"LOSS-00798","INC-00798",2959.55,608.91,9472.2
"LOSS-00799","INC-00799",11093.44,2010.56,198175.29
"LOSS-00800","INC-00800",3521.71,13349.4,14621.54
"LOSS-00801","INC-00801",19708.55,2682.52,363782.81
"LOSS-00802","INC-00802",20436.61,3841.16,44645.34
"LOSS-00803","INC-00803",12300.32,4895.85,22139.38
"LOSS-00804","INC-00804",8089.67,21185.29,25765.59
"LOSS-00805","INC-00805",2525.79,2141.52,39645.21
"LOSS-00806","INC-00806",7266.74,2275.25,62464.69
"LOSS-00807","INC-00807",6292.4,15127.65,632267.75
"LOSS-00808","INC-00808",19210.82,3810.41,18052.19
"LOSS-00809","INC-00809",36630.24,11040.07,85034.53
"LOSS-00810","INC-00810",16334.59,6592.13,5185.63
"LOSS-00811","INC-00811",3202.58,51011.76,26946.2
"LOSS-00812","INC-00812",52627.67,11431.72,51583.05
"LOSS-00813","INC-00813",27183.16,2547.09,19227.59
"LOSS-00814","INC-00814",12376.08,3818.85,11367.78
"LOSS-00815","INC-00815",1089.54,15142.72,25048.83
"LOSS-00816","INC-00816",3810.11,6321.2,79542.84
"LOSS-00817","INC-00817",9241.2,647,7108.64
"LOSS-00818","INC-00818",21190.45,5819.26,99445.97
"LOSS-00819","INC-00819",3041.47,15554.97,10631.98
"LOSS-00820","INC-00820",245536.02,1433.92,35565.32
"LOSS-00821","INC-00821",769.83,12722.06,21072.28
"LOSS-00822","INC-00822",7817.08,1436.5,79457.43
"LOSS-00823","INC-00823",7634.54,6940.45,9285.34
"LOSS-00824","INC-00824",5098.15,9211.02,39287.99
"LOSS-00825","INC-00825",7194.05,558.9,12293.63
"LOSS-00826","INC-00826",20793.49,4060.15,14221.42
"LOSS-00827","INC-00827",4128.66,4816.65,3254.13
"LOSS-00828","INC-00828",1232.98,1212.96,4304.92
"LOSS-00829","INC-00829",10870.06,4127.52,41059.91
"LOSS-00830","INC-00830",9879.13,5044.16,110635.06
"LOSS-00831","INC-00831",9768.32,1437.37,27652.28
"LOSS-00832","INC-00832",19302.08,9220.73,48715.14
"LOSS-00833","INC-00833",9767.66,1980.06,22183.25
"LOSS-00834","INC-00834",21505.14,1209.67,23630.77
"LOSS-00835","INC-00835",1325.13,17370.85,26930.18
"LOSS-00836","INC-00836",3202.92,3919.68,49950.16
"LOSS-00837","INC-00837",14027.85,28135.75,62787.19
"LOSS-00838","INC-00838",6954.2,967.62,177615.69
"LOSS-00839","INC-00839",25457.73,5492.64,155343.74
"LOSS-00840","INC-00840",3623.81,3710.2,27754.21
"LOSS-00841","INC-00841",20412.5,707.74,26286.05
"LOSS-00842","INC-00842",5070.36,11788.12,13969.57
"LOSS-00843","INC-00843",3251.79,8396.95,17366.31
"LOSS-00844","INC-00844",7024.75,7080.47,7577.88
"LOSS-00845","INC-00845",10402.27,3417.88,113394.52
"LOSS-00846","INC-00846",2899.57,21354.96,150057.12
"LOSS-00847","INC-00847",4610.05,3535.06,20175.47
"LOSS-00848","INC-00848",2846.42,1868.86,81864.98
"LOSS-00849","INC-00849",27358.27,6793.73,30567.12
"LOSS-00850","INC-00850",20406.58,2190.42,23893.91
"LOSS-00851","INC-00851",3524.43,208.15,130005.68
"LOSS-00852","INC-00852",17280.71,6839.04,15450.91
"LOSS-00853","INC-00853",7664.99,3762.93,5368.54
"LOSS-00854","INC-00854",3250.64,10761.78,48614.11
"LOSS-00855","INC-00855",15081.1,9383.26,13009.18
"LOSS-00856","INC-00856",7165.62,6600.01,41305.45
"LOSS-00857","INC-00857",23865.28,3179.83,6872.32
"LOSS-00858","INC-00858",8144.81,1952.45,10971.01
"LOSS-00859","INC-00859",32469.45,10976.3,5547.53
"LOSS-00860","INC-00860",5944.58,41999.66,41820.19
"LOSS-00861","INC-00861",12327.01,1689.03,31078.62
"LOSS-00862","INC-00862",14332.64,21600.6,43113.25
"LOSS-00863","INC-00863",13083.52,46096.46,202166.73
"LOSS-00864","INC-00864",12111.88,32201.5,57734.48
"LOSS-00865","INC-00865",9769.33,2980.25,23592.27
"LOSS-00866","INC-00866",9037.47,5668.82,21853.59
"LOSS-00867","INC-00867",38755.63,755.75,13025.95
"LOSS-00868","INC-00868",24541.74,3599.82,10759.85
"LOSS-00869","INC-00869",5378.22,2620.79,20000.52
"LOSS-00870","INC-00870",39992.1,14241.17,15711.2
"LOSS-00871","INC-00871",11439.17,1964.53,196933.41
"LOSS-00872","INC-00872",5215.52,2248.86,180640.01
"LOSS-00873","INC-00873",11728.8,5470.47,8892.64
"LOSS-00874","INC-00874",8457.53,1696.22,1421.53
"LOSS-00875","INC-00875",10948.3,632.39,10819.56
"LOSS-00876","INC-00876",3739.12,8302.29,13283.04
"LOSS-00877","INC-00877",4359.77,625.1,80992.15
"LOSS-00878","INC-00878",38673.85,3303.45,15570.57
"LOSS-00879","INC-00879",25883.76,19249.85,9340.68
"LOSS-00880","INC-00880",4089.9,7846.66,74375.43
"LOSS-00881","INC-00881",4023.5,9878.84,50724.72
"LOSS-00882","INC-00882",55455.33,1476.81,17666.2
"LOSS-00883","INC-00883",66772.2,1071.22,21637.04
"LOSS-00884","INC-00884",4549.89,13219.93,12161.35
"LOSS-00885","INC-00885",2691.07,1138.19,18198.21
"LOSS-00886","INC-00886",136420.21,24198.15,61662.41
"LOSS-00887","INC-00887",12451.91,7568.12,10555.36
"LOSS-00888","INC-00888",11929.26,5207.76,100250.69
"LOSS-00889","INC-00889",10680.09,7134.48,55466.98
"LOSS-00890","INC-00890",40330.38,1090.58,8474.64
"LOSS-00891","INC-00891",8170.44,8754.68,59707.38
"LOSS-00892","INC-00892",42590.74,16856.68,42594.58
"LOSS-00893","INC-00893",7937.43,1572.86,5035.01
"LOSS-00894","INC-00894",16401.79,3981.24,29477.88
"LOSS-00895","INC-00895",3521.01,1770.33,37538.39
"LOSS-00896","INC-00896",11736.67,5514.69,4355.69
"LOSS-00897","INC-00897",32881.59,2908.07,45428.4
"LOSS-00898","INC-00898",8405.1,15932.3,2869.15
"LOSS-00899","INC-00899",35684.65,1191.38,29545.41
"LOSS-00900","INC-00900",151326.71,4353.46,3867.64
"LOSS-00901","INC-00901",25385.27,5162.99,1925.89
"LOSS-00902","INC-00902",7718.58,557.79,32067.35
"LOSS-00903","INC-00903",10899.57,3623.55,10444.82
"LOSS-00904","INC-00904",6412.91,1629.3,13490.47
"LOSS-00905","INC-00905",87436.48,2211.64,5415.18
"LOSS-00906","INC-00906",513.48,11550.87,15661.35
"LOSS-00907","INC-00907",10730.96,12864.74,12475.8
"LOSS-00908","INC-00908",11049.47,1061,47289.73
"LOSS-00909","INC-00909",12252.05,4376.08,10980.13
"LOSS-00910","INC-00910",2084.28,735.76,13501.71
"LOSS-00911","INC-00911",12285.95,13467.92,18903.58
"LOSS-00912","INC-00912",11940.17,2516.16,9596.78
"LOSS-00913","INC-00913",34843.51,16069.9,9450.22
"LOSS-00914","INC-00914",16705.91,1078.96,24261.02
"LOSS-00915","INC-00915",30195.68,22802.83,28008.22
"LOSS-00916","INC-00916",3799.02,2365.69,16664.16
"LOSS-00917","INC-00917",8739.38,1880.97,14808.31
"LOSS-00918","INC-00918",11988.92,2879.99,34348.24
"LOSS-00919","INC-00919",12993.67,1335.41,65523.66
"LOSS-00920","INC-00920",4945.26,352.63,30368.61
"LOSS-00921","INC-00921",43441.56,4986.67,12245.64
"LOSS-00922","INC-00922",5368.12,43383.71,80106.35
"LOSS-00923","INC-00923",1969.81,5505.9,16624.03
"LOSS-00924","INC-00924",14801.59,6756.81,2374.09
"LOSS-00925","INC-00925",19236.32,37952.26,70623.63
"LOSS-00926","INC-00926",25441.25,3625.31,157167.16
"LOSS-00927","INC-00927",3841.96,1708.14,25195.1
"LOSS-00928","INC-00928",7721.1,7386.19,300667.84
"LOSS-00929","INC-00929",2621.66,4599.72,31519.79
"LOSS-00930","INC-00930",23034.85,3380.87,37952.01
"LOSS-00931","INC-00931",14012.38,6515.81,3736.94
"LOSS-00932","INC-00932",24680.35,3481.37,37484.65
"LOSS-00933","INC-00933",18183.59,1914.75,5703.35
"LOSS-00934","INC-00934",5390.82,630.4,74502.43
"LOSS-00935","INC-00935",11844.96,1539.96,11665.58
"LOSS-00936","INC-00936",1467.9,2102.42,2988.5
"LOSS-00937","INC-00937",16365.75,6851.23,71602.8
"LOSS-00938","INC-00938",26079.35,3675.63,41159.51
"LOSS-00939","INC-00939",4122.7,1993.48,77863.36
"LOSS-00940","INC-00940",1169.08,1000.29,21303.98
"LOSS-00941","INC-00941",2158.51,5132.18,12362.14
"LOSS-00942","INC-00942",3251.53,19213.65,22872.39
"LOSS-00943","INC-00943",34234.32,1941.48,26399.73
"LOSS-00944","INC-00944",9931.65,20370.75,88102.03
"LOSS-00945","INC-00945",2870.4,2272.28,16098.85
"LOSS-00946","INC-00946",17252.27,99892.39,27587.26
"LOSS-00947","INC-00947",1115.27,3019.8,35340.17
"LOSS-00948","INC-00948",7730.86,15520.65,6299.8
"LOSS-00949","INC-00949",30117.36,8687.66,4217.07
"LOSS-00950","INC-00950",7032.71,4089.99,2459.67
"LOSS-00951","INC-00951",36513.54,1344.88,133220.41
"LOSS-00952","INC-00952",59594.82,6786.98,16135.71
"LOSS-00953","INC-00953",3078.4,16688.23,126571.04
"LOSS-00954","INC-00954",3126.63,4224.98,19774.58
"LOSS-00955","INC-00955",3966.12,3737.99,148672.76
"LOSS-00956","INC-00956",16793.18,46877.69,63454.48
"LOSS-00957","INC-00957",22812.84,1835.86,26438.35
"LOSS-00958","INC-00958",33161.24,3448.71,39251.7
"LOSS-00959","INC-00959",36296.35,2421.7,97805.24
"LOSS-00960","INC-00960",29019.76,44417.73,51767.68
"LOSS-00961","INC-00961",25331.43,16026.96,6519.23
"LOSS-00962","INC-00962",11653.65,7452.15,13785.79
"LOSS-00963","INC-00963",4071.89,3274.7,116402.86
"LOSS-00964","INC-00964",4787.86,21034.45,8221.94
"LOSS-00965","INC-00965",14877.38,12278.03,22431.81
"LOSS-00966","INC-00966",53291.72,7789.41,14537.41
"LOSS-00967","INC-00967",54501.3,4233.94,9920.83
"LOSS-00968","INC-00968",1442.07,6418.8,23551.56
"LOSS-00969","INC-00969",4298.42,573.11,5099.92
"LOSS-00970","INC-00970",40910.11,230.71,8003.84
"LOSS-00971","INC-00971",3414.85,10230.57,10770.55
"LOSS-00972","INC-00972",1971.25,27395.24,53107.45
"LOSS-00973","INC-00973",18030.34,2348.74,14769.14
"LOSS-00974","INC-00974",55992.03,31133.96,109072.12
"LOSS-00975","INC-00975",68494.21,11415.44,17962.76
"LOSS-00976","INC-00976",16862.05,27968.77,50413.52
"LOSS-00977","INC-00977",20326.2,27622.04,22424
"LOSS-00978","INC-00978",17328.25,3469.54,62537.79
"LOSS-00979","INC-00979",9719.73,9196.01,22840.08
"LOSS-00980","INC-00980",339.77,5969.25,110349.09
"LOSS-00981","INC-00981",21177.68,1711.05,61916.55
"LOSS-00982","INC-00982",6692.7,7037.03,69105.38
"LOSS-00983","INC-00983",27170.88,2990.26,321720.05
"LOSS-00984","INC-00984",5287.11,14096.05,82997.92
"LOSS-00985","INC-00985",1930.28,8278.7,279651.23
"LOSS-00986","INC-00986",34380.43,5535.6,4996.01
"LOSS-00987","INC-00987",11865.35,26257.02,6401.33
"LOSS-00988","INC-00988",326212.49,8851.66,11191.46
"LOSS-00989","INC-00989",24725.54,34239.94,91430.92
"LOSS-00990","INC-00990",28240.33,302.09,273202.19
"LOSS-00991","INC-00991",21243.9,12392.76,63461.96
"LOSS-00992","INC-00992",5413.29,807.57,113441.55
"LOSS-00993","INC-00993",6833.35,9276.88,21238.61
"LOSS-00994","INC-00994",28561.81,1642.98,9533.01
"LOSS-00995","INC-00995",28427.45,4309.41,4321.91
"LOSS-00996","INC-00996",17729.27,6676.39,170300.44
"LOSS-00997","INC-00997",3690.19,26100.17,28801.25
"LOSS-00998","INC-00998",53349.6,4971.88,16714.53
"LOSS-00999","INC-00999",2522.89,23076.13,24934.53
"LOSS-01000","INC-01000",6417.51,11591.46,76067.12
"LOSS-01001","INC-01001",101220.69,1625.28,27474.27
"LOSS-01002","INC-01002",16716.01,2710.85,10778.99
"LOSS-01003","INC-01003",26127.23,117.62,13881.04
"LOSS-01004","INC-01004",14428.68,2140.27,8923.09
"LOSS-01005","INC-01005",3655.79,7035.2,5870.74
"LOSS-01006","INC-01006",5445.35,4525.99,65882.13
"LOSS-01007","INC-01007",11675.54,1733.58,45443.1
"LOSS-01008","INC-01008",529.28,2204.44,209420.16
"LOSS-01009","INC-01009",4239.01,6022.72,113930.35
"LOSS-01010","INC-01010",21995.31,5361.57,18469.14
"LOSS-01011","INC-01011",7343.3,351.41,11073.55
"LOSS-01012","INC-01012",7453.12,1627.7,103182.72
"LOSS-01013","INC-01013",23612.21,4508.96,12886.61
"LOSS-01014","INC-01014",5742.47,14011.92,64379.35
"LOSS-01015","INC-01015",18560.73,419.45,30818.06
"LOSS-01016","INC-01016",2386.7,4503,4723.57
"LOSS-01017","INC-01017",2900.06,1038.87,19131.45
"LOSS-01018","INC-01018",1855.47,12742.3,92836.22
"LOSS-01019","INC-01019",10768.69,2871.59,284253.94
"LOSS-01020","INC-01020",8053.6,3062.86,42395.3
"LOSS-01021","INC-01021",41851.03,1799.74,14425.58
"LOSS-01022","INC-01022",9492.13,761.54,47275.77
"LOSS-01023","INC-01023",38321.04,1054.02,40152.74
"LOSS-01024","INC-01024",69232.47,2857.85,101537.96
"LOSS-01025","INC-01025",6057.56,9330.92,243779.45
"LOSS-01026","INC-01026",14595.07,7517.94,11517.84
"LOSS-01027","INC-01027",4251.84,40757.43,28996.99
"LOSS-01028","INC-01028",20702.1,6762.92,35158.29
"LOSS-01029","INC-01029",3361.83,2713.78,10147.57
"LOSS-01030","INC-01030",3545.82,9446.17,9911.37
"LOSS-01031","INC-01031",13210.84,3282.68,41981.01
"LOSS-01032","INC-01032",10837.97,24589.31,8087.95
"LOSS-01033","INC-01033",12869.6,5364.02,3300.26
"LOSS-01034","INC-01034",10607.69,82895.43,6013.45
"LOSS-01035","INC-01035",5833.41,322.49,31278.57
"LOSS-01036","INC-01036",8688.87,1067.21,129634.14
"LOSS-01037","INC-01037",50019.03,12037.8,21498.2
"LOSS-01038","INC-01038",9721.59,10341.53,33865.47
"LOSS-01039","INC-01039",2647.87,4858.43,41182.04
"LOSS-01040","INC-01040",4253.25,387.33,107030.9
"LOSS-01041","INC-01041",3288.49,1759.19,16369.71
"LOSS-01042","INC-01042",4023.51,17523.08,8151.99
"LOSS-01043","INC-01043",2804.32,16378.48,4031.74
"LOSS-01044","INC-01044",716.34,2569.8,14661.14
"LOSS-01045","INC-01045",19323.28,2967.95,11096.79
"LOSS-01046","INC-01046",19149.68,749.8,37176.46
"LOSS-01047","INC-01047",7703.27,4324.66,58643.81
"LOSS-01048","INC-01048",4799.19,7974.48,61324.13
"LOSS-01049","INC-01049",4393.22,10077.76,21368.63
"LOSS-01050","INC-01050",14746.11,54234.25,12516.35
"LOSS-01051","INC-01051",12413.79,26828.77,1964.79
"LOSS-01052","INC-01052",15087.83,13633.9,45564.14
"LOSS-01053","INC-01053",9945.13,1114.83,19433.32
"LOSS-01054","INC-01054",18379.37,5180,42955.77
"LOSS-01055","INC-01055",15231.7,12441.09,10499.79
"LOSS-01056","INC-01056",17297.42,1751.07,93457.52
"LOSS-01057","INC-01057",16251.84,1444.06,49205.83
"LOSS-01058","INC-01058",52150.33,770.95,68509.72
"LOSS-01059","INC-01059",3445.99,4780.41,789.51
"LOSS-01060","INC-01060",44726.64,1475.32,105690.6
"LOSS-01061","INC-01061",7085.4,1695.1,44014.22
"LOSS-01062","INC-01062",9274.46,2652.17,27219.73
"LOSS-01063","INC-01063",10733.03,4664.13,20655.77
"LOSS-01064","INC-01064",6321.96,7167.48,76090.6
"LOSS-01065","INC-01065",769.85,1765.16,46923.72
"LOSS-01066","INC-01066",7237.76,3997.72,368710.1
"LOSS-01067","INC-01067",10315.3,16328.97,8624.99
"LOSS-01068","INC-01068",1741.1,10021.58,25452.86
"LOSS-01069","INC-01069",17153.19,102315.31,9030.37
"LOSS-01070","INC-01070",5446.49,1819.67,28257.02
"LOSS-01071","INC-01071",42097.42,5586.61,11502.04
"LOSS-01072","INC-01072",12898.52,4553.31,12541.27
"LOSS-01073","INC-01073",4497.23,50833.76,141785.69
"LOSS-01074","INC-01074",11704.54,2590.33,13723.34
"LOSS-01075","INC-01075",12804.9,2056.36,21288.97
"LOSS-01076","INC-01076",24638.05,14565.58,24435.81
"LOSS-01077","INC-01077",8460.2,20719.34,27506.58
"LOSS-01078","INC-01078",1295.46,15772.07,4131.42
"LOSS-01079","INC-01079",2698.18,1535.19,53309.19
"LOSS-01080","INC-01080",4199.62,3259.42,19686.79
"LOSS-01081","INC-01081",15157.72,91342.18,1398.07
"LOSS-01082","INC-01082",7444,526.2,23346.1
"LOSS-01083","INC-01083",5354.17,43899.1,67140.78
"LOSS-01084","INC-01084",4251.85,13043.11,118062.06
"LOSS-01085","INC-01085",11541.39,2337.86,85534.35
"LOSS-01086","INC-01086",4224.13,3481.58,25700.64
"LOSS-01087","INC-01087",6648.05,1491.74,45044.55
"LOSS-01088","INC-01088",3866.18,3162.14,7451.09
"LOSS-01089","INC-01089",2469.44,7892.24,9375.48
"LOSS-01090","INC-01090",25724.13,10755.06,3640.47
"LOSS-01091","INC-01091",2650.5,461.05,32814.09
"LOSS-01092","INC-01092",10646.95,3199.69,35182.76
"LOSS-01093","INC-01093",5607.24,3328.49,38712.2
"LOSS-01094","INC-01094",3434.23,2076.44,9048.57
"LOSS-01095","INC-01095",12827.08,12978.04,5762.77
"LOSS-01096","INC-01096",14373.4,18566.04,11879.91
"LOSS-01097","INC-01097",35054.76,10186.86,68339.18
"LOSS-01098","INC-01098",13701.01,1685.8,25107.33
"LOSS-01099","INC-01099",8617.35,5268.66,15424.49
"LOSS-01100","INC-01100",133581.75,9765.59,7683.97
"LOSS-01101","INC-01101",5165.29,8111.91,28783.35
"LOSS-01102","INC-01102",3629.38,1085.88,25374.96
"LOSS-01103","INC-01103",5795.78,3537.05,23911.67
"LOSS-01104","INC-01104",8862.51,2115.53,100226.14
"LOSS-01105","INC-01105",18041.5,5179.77,22264.13
"LOSS-01106","INC-01106",15000.59,4744.37,27683.44
"LOSS-01107","INC-01107",8903.94,1640.64,5997.23
"LOSS-01108","INC-01108",4202.51,79784.82,24665.3
"LOSS-01109","INC-01109",30556.34,26789.99,32359.14
"LOSS-01110","INC-01110",24742.6,22813.28,91938.09
"LOSS-01111","INC-01111",4796.4,830.11,10078.5
"LOSS-01112","INC-01112",19668.61,16313.22,17992.79
"LOSS-01113","INC-01113",15523.12,2845.7,446717.38
"LOSS-01114","INC-01114",28147.72,5421.2,9633.22
"LOSS-01115","INC-01115",11494.56,225.37,14275.08
"LOSS-01116","INC-01116",3161.91,3411.81,15720.37
"LOSS-01117","INC-01117",22081.59,9120.18,26434.45
"LOSS-01118","INC-01118",4775.64,409.31,16815.07
"LOSS-01119","INC-01119",16767.69,4743.67,41203.04
"LOSS-01120","INC-01120",52758.43,2740.05,13537.91
"LOSS-01121","INC-01121",2395.08,45234.42,69065.25
"LOSS-01122","INC-01122",47188.75,4192.04,31328.05
"LOSS-01123","INC-01123",38298.31,3095.57,5907.04
"LOSS-01124","INC-01124",5833.1,7095.94,9091.48
"LOSS-01125","INC-01125",7698.09,1541.92,23415.52
"LOSS-01126","INC-01126",4984.82,7846.8,7001.63
"LOSS-01127","INC-01127",5595.02,7033.05,30225.47
"LOSS-01128","INC-01128",17670.14,451.39,19567.39
"LOSS-01129","INC-01129",4028.06,3537.32,52506.87
"LOSS-01130","INC-01130",8181.82,2488.97,250518.79
"LOSS-01131","INC-01131",8570.63,2827.87,146382.57
"LOSS-01132","INC-01132",8986.04,2231.15,92366.43
"LOSS-01133","INC-01133",11866.17,24073.83,13791.06
"LOSS-01134","INC-01134",48853.15,2356.22,35286.07
"LOSS-01135","INC-01135",6302.29,10283.73,94950.58
"LOSS-01136","INC-01136",4469.89,19052.42,5091.8
"LOSS-01137","INC-01137",21857.17,2223.6,66037.5
"LOSS-01138","INC-01138",14479.26,3927.38,9129.67
"LOSS-01139","INC-01139",12528.83,400.82,18860.86
"LOSS-01140","INC-01140",17871.96,7151.53,83971.06
"LOSS-01141","INC-01141",2411.66,1485.97,10224.7
"LOSS-01142","INC-01142",28661.09,13995.82,19499.5
"LOSS-01143","INC-01143",15582.72,7081.11,4279.44
"LOSS-01144","INC-01144",25624.72,9598.49,21573.77
"LOSS-01145","INC-01145",5439.72,13936.49,124511.67
"LOSS-01146","INC-01146",1568.79,4347.85,10333.39
"LOSS-01147","INC-01147",6096.14,6171.34,9348.87
"LOSS-01148","INC-01148",3996.42,9795.9,13616.04
"LOSS-01149","INC-01149",91378.22,3505.94,49777.66
"LOSS-01150","INC-01150",6545.5,2518.94,12431.77
"LOSS-01151","INC-01151",7977.07,13468.54,5688.36
"LOSS-01152","INC-01152",28652,5081.52,20775.32
"LOSS-01153","INC-01153",18404.43,12045.86,25654.78
"LOSS-01154","INC-01154",19400.74,7736.72,27365.27
"LOSS-01155","INC-01155",137820.8,2856.34,62091.74
"LOSS-01156","INC-01156",11685.62,4283.06,60517.8
"LOSS-01157","INC-01157",66514.52,7473.53,16994.79
"LOSS-01158","INC-01158",12755.51,4393.17,16271.2
"LOSS-01159","INC-01159",2300.72,2590.09,13655.71
"LOSS-01160","INC-01160",1067.16,700.96,22641.15
"LOSS-01161","INC-01161",18952.36,13873.85,71626.31
"LOSS-01162","INC-01162",3643.68,1734.16,32068.25
"LOSS-01163","INC-01163",10321.38,2940.52,24474.95
"LOSS-01164","INC-01164",58515.31,3279.9,31428.15
"LOSS-01165","INC-01165",14005.18,8138.88,88351.4
"LOSS-01166","INC-01166",7427.19,4393.64,14975.27
"LOSS-01167","INC-01167",1444.36,3148.38,81990.85
"LOSS-01168","INC-01168",4444.18,1961.95,15556.63
"LOSS-01169","INC-01169",5565.72,11852.4,72367.66
"LOSS-01170","INC-01170",19618.06,5522.76,29402.54
"LOSS-01171","INC-01171",16049.89,97168.78,36760.04
"LOSS-01172","INC-01172",10036.3,440.18,27276.95
"LOSS-01173","INC-01173",11851.9,33972.11,3866.67
"LOSS-01174","INC-01174",7419.57,1795.79,4546.83
"LOSS-01175","INC-01175",10200.86,3575.45,4011.99
"LOSS-01176","INC-01176",12986.61,11702.77,20853.14
"LOSS-01177","INC-01177",15508.73,10566.25,32018.8
"LOSS-01178","INC-01178",61551.39,6892.44,4677.36
"LOSS-01179","INC-01179",3255.09,3077.19,29836.29
"LOSS-01180","INC-01180",43252.38,2315.28,12100.5
"LOSS-01181","INC-01181",19370.61,139550.13,36547.18
"LOSS-01182","INC-01182",2110.48,132.98,25576.7
"LOSS-01183","INC-01183",7502.21,7733.41,7928.31
"LOSS-01184","INC-01184",5274.59,8141.68,7747.56
"LOSS-01185","INC-01185",3893.25,4518.94,7835.74
"LOSS-01186","INC-01186",2126.25,5964.79,26937.74
"LOSS-01187","INC-01187",6038.42,7949.83,10250.44
"LOSS-01188","INC-01188",6403.76,7239.71,34876.52
"LOSS-01189","INC-01189",7161.36,8466.48,40909.47
"LOSS-01190","INC-01190",1260.02,46982.59,13737.52
"LOSS-01191","INC-01191",15390.45,1079.82,33613.42
"LOSS-01192","INC-01192",20875.91,4432.56,22605.09
"LOSS-01193","INC-01193",21799.51,3306.14,2813.97
"LOSS-01194","INC-01194",21391.32,5869.95,55432.63
"LOSS-01195","INC-01195",12094.5,4628.36,349024.6
"LOSS-01196","INC-01196",42973.98,1286.34,19312.71
"LOSS-01197","INC-01197",4119.74,3153.44,23357.36
"LOSS-01198","INC-01198",2902.7,6670.58,108831.95
"LOSS-01199","INC-01199",13874.92,4525.49,29070.29
"LOSS-01200","INC-01200",15380.01,10154.15,9941.22
"LOSS-01201","INC-01201",4691.39,11703.26,151922.69
"LOSS-01202","INC-01202",10266.14,2706.19,66106.13
"LOSS-01203","INC-01203",13674.79,1704.38,129186.09
"LOSS-01204","INC-01204",14467.73,2935.1,204777.24
"LOSS-01205","INC-01205",23778.96,3645.13,62002.43
"LOSS-01206","INC-01206",25169.49,1014.06,91545.8
"LOSS-01207","INC-01207",872.35,910.58,73894.65
"LOSS-01208","INC-01208",55714.41,1287.04,185138.71
"LOSS-01209","INC-01209",15615.24,17365.29,36478.51
"LOSS-01210","INC-01210",5595.06,11011.78,54904.22
"LOSS-01211","INC-01211",3246.64,14535.25,4908.39
"LOSS-01212","INC-01212",24466.6,2976.16,63480.91
"LOSS-01213","INC-01213",13740.4,1448.99,99607.8
"LOSS-01214","INC-01214",29088.26,6173.52,1733.87
"LOSS-01215","INC-01215",9317.82,20985.47,21502.29
"LOSS-01216","INC-01216",7758.01,3680.01,136936.48
"LOSS-01217","INC-01217",93099.36,7398.76,15640.94
"LOSS-01218","INC-01218",1292.08,6756.74,3507.73
"LOSS-01219","INC-01219",14631.24,14153.84,45251.86
"LOSS-01220","INC-01220",14542.25,3458.07,74409.11
"LOSS-01221","INC-01221",15347.31,6928.52,21372.83
"LOSS-01222","INC-01222",17294.45,2582.62,6775.05
"LOSS-01223","INC-01223",7507.02,9315.66,14571.98
"LOSS-01224","INC-01224",31770.33,1997.37,12981.68
"LOSS-01225","INC-01225",850.41,5617.43,20519.22
"LOSS-01226","INC-01226",4422.38,21552.03,17074.23
"LOSS-01227","INC-01227",8785.48,4191.61,78206.87
"LOSS-01228","INC-01228",11651.8,66002.47,25125.46
"LOSS-01229","INC-01229",14860.76,3383.12,41592.98
"LOSS-01230","INC-01230",18757.33,9257.34,9681.73
"LOSS-01231","INC-01231",2189.62,1039.35,173975.85
"LOSS-01232","INC-01232",9973.34,4229.73,41176.48
"LOSS-01233","INC-01233",16716.78,954.76,33301.53
"LOSS-01234","INC-01234",37284.61,1998.19,19266.37
"LOSS-01235","INC-01235",8834.61,1125.28,115408.89
"LOSS-01236","INC-01236",48979.13,629.04,95436.71
"LOSS-01237","INC-01237",7468.67,3289.33,41445.79
"LOSS-01238","INC-01238",9415.4,542.08,15758.9
"LOSS-01239","INC-01239",11616.88,3454.19,33792.31
"LOSS-01240","INC-01240",5988.64,16837.4,11782.3
"LOSS-01241","INC-01241",20250.57,6075.52,4965.59
"LOSS-01242","INC-01242",2576.57,1529.04,10052.31
"LOSS-01243","INC-01243",9841.43,1528.16,264108.09
"LOSS-01244","INC-01244",5764.41,12179,35931.27
"LOSS-01245","INC-01245",5726.88,495.11,77325.89
"LOSS-01246","INC-01246",31302.25,4528.1,14500.43
"LOSS-01247","INC-01247",28345.39,789.95,36637.6
"LOSS-01248","INC-01248",48924.16,5560.82,120053.8
"LOSS-01249","INC-01249",7602.28,685.33,7019.9
"LOSS-01250","INC-01250",10223.06,7457.17,25846.51
"LOSS-01251","INC-01251",2097.32,1282.01,63806.55
"LOSS-01252","INC-01252",6713.13,7990.13,9090.47
"LOSS-01253","INC-01253",57765.57,21569.88,114799.99
"LOSS-01254","INC-01254",6525.5,754.57,30007.86
"LOSS-01255","INC-01255",3083.01,1772.17,33138.32
"LOSS-01256","INC-01256",10320.57,1207.32,4081.98
"LOSS-01257","INC-01257",34423.31,6096.77,11565.68
"LOSS-01258","INC-01258",2042.7,15783.59,28534.18
"LOSS-01259","INC-01259",7678.5,5957.34,8104
"LOSS-01260","INC-01260",15801.03,257714.12,45480.18
"LOSS-01261","INC-01261",71505.52,4353.11,67316.36
"LOSS-01262","INC-01262",5347.55,5899.37,4333.36
"LOSS-01263","INC-01263",45225.74,4103.28,17126.58
"LOSS-01264","INC-01264",6419.56,10299.54,18533.74
"LOSS-01265","INC-01265",3529.75,4132.74,46725.54
"LOSS-01266","INC-01266",3183.27,3642.18,19031.78
"LOSS-01267","INC-01267",7933.91,2725.41,33544.26
"LOSS-01268","INC-01268",9677.76,1918.31,6683.77
"LOSS-01269","INC-01269",7165.97,24574.11,90322.95
"LOSS-01270","INC-01270",28345.49,10311.01,7914.34
"LOSS-01271","INC-01271",11962.61,25331.04,24913.58
"LOSS-01272","INC-01272",8903.26,2687.91,13481.31
"LOSS-01273","INC-01273",5417.8,6991.27,16894.42
"LOSS-01274","INC-01274",2708.05,7699.5,14535.76
"LOSS-01275","INC-01275",1395.03,689.81,33369.83
"LOSS-01276","INC-01276",12251.6,15979.87,23889.92
"LOSS-01277","INC-01277",10151.08,5246.59,23935.96
"LOSS-01278","INC-01278",38755.32,8898.21,10596.55
"LOSS-01279","INC-01279",13241.27,10600.56,17725.5
"LOSS-01280","INC-01280",21965.27,6111.72,4826.05
"LOSS-01281","INC-01281",10311.2,865.64,174343.15
"LOSS-01282","INC-01282",4366.32,11026.14,11744.16
"LOSS-01283","INC-01283",13222.04,11304.67,17684.7
"LOSS-01284","INC-01284",13901.99,3930.5,21848.93
"LOSS-01285","INC-01285",4370.39,12099.27,16344.25
"LOSS-01286","INC-01286",9616.64,5187.58,151456.65
"LOSS-01287","INC-01287",73187.63,663.87,100249.62
"LOSS-01288","INC-01288",3199.45,10489.53,4821.97
"LOSS-01289","INC-01289",43138.82,7273.56,14896.31
"LOSS-01290","INC-01290",7886.68,18228.18,28716.22
"LOSS-01291","INC-01291",43578.13,1150.97,43864.37
"LOSS-01292","INC-01292",4259.67,2033.45,28334.43
"LOSS-01293","INC-01293",9263.2,1001.95,82924.24
"LOSS-01294","INC-01294",13510.65,2030.01,50086.58
"LOSS-01295","INC-01295",8843.25,10643.83,73776.34
"LOSS-01296","INC-01296",19124.75,13654.98,31745.53
"LOSS-01297","INC-01297",8376.11,3477.6,125327.24
"LOSS-01298","INC-01298",33152.5,2280.73,22470.92
"LOSS-01299","INC-01299",11736.04,1305.12,24040.52
"LOSS-01300","INC-01300",19779.86,44384.53,15889.13
"LOSS-01301","INC-01301",3024.35,15901.6,11574.01
"LOSS-01302","INC-01302",5123.59,1304.54,84242.46
"LOSS-01303","INC-01303",29422.29,5869.48,9834.44
"LOSS-01304","INC-01304",16461.6,3721,18723.35
"LOSS-01305","INC-01305",8639.44,5041.17,22761.92
"LOSS-01306","INC-01306",8876.99,7621.32,35408.62
"LOSS-01307","INC-01307",21055.14,67805.41,9123.95
"LOSS-01308","INC-01308",7912.42,17823.49,83386.19
"LOSS-01309","INC-01309",10667.48,7911.16,22868.16
"LOSS-01310","INC-01310",1908.45,1606.3,53195.81
"LOSS-01311","INC-01311",58338.02,32658.3,6463.15
"LOSS-01312","INC-01312",21289.47,10499.7,15729.8
"LOSS-01313","INC-01313",22749.26,7115.83,51789.19
"LOSS-01314","INC-01314",1472.24,3222.8,68327.78
"LOSS-01315","INC-01315",9693.04,827.51,19599.84
"LOSS-01316","INC-01316",6575.24,14627.34,26571.82
"LOSS-01317","INC-01317",2498.92,4125.57,79956.13
"LOSS-01318","INC-01318",20484.64,19105.02,35105.49
"LOSS-01319","INC-01319",34000.51,18018.55,21404.45
"LOSS-01320","INC-01320",5691.76,4533.75,176579.21
"LOSS-01321","INC-01321",7869.97,2884.96,43755.57
"LOSS-01322","INC-01322",54800.91,27295.84,50067.33
"LOSS-01323","INC-01323",1901.11,10217.48,14347.11
"LOSS-01324","INC-01324",20831.48,6402.67,25662.67
"LOSS-01325","INC-01325",7229.89,23348.85,7545.97
"LOSS-01326","INC-01326",8819.22,52608.87,74968.97
"LOSS-01327","INC-01327",5372.38,894.92,9579.19
"LOSS-01328","INC-01328",29634.53,7645.73,12829.18
"LOSS-01329","INC-01329",3206.17,17717.41,177288.76
"LOSS-01330","INC-01330",25915.84,2255.35,6689.93
"LOSS-01331","INC-01331",40395.11,2629.99,46923.49
"LOSS-01332","INC-01332",1916.68,1000.39,33335.17
"LOSS-01333","INC-01333",3207.01,4526.29,2700.18
"LOSS-01334","INC-01334",17881.92,2272.88,27709.52
"LOSS-01335","INC-01335",3803.55,1188.21,19798.19
"LOSS-01336","INC-01336",4956.57,39224.01,18048.76
"LOSS-01337","INC-01337",6340.08,1152.31,26447.91
"LOSS-01338","INC-01338",7012.96,5239.43,12163.91
"LOSS-01339","INC-01339",20004.21,5484.1,34050.19
"LOSS-01340","INC-01340",5415.36,9582.65,13477.59
"LOSS-01341","INC-01341",10822.15,1295.91,25065.61
"LOSS-01342","INC-01342",20691.84,7232.18,27182.04
"LOSS-01343","INC-01343",2120.95,80327.55,51381.42
"LOSS-01344","INC-01344",4965.99,29324.35,10632.78
"LOSS-01345","INC-01345",23383.68,2062.17,3169.56
"LOSS-01346","INC-01346",6791.86,3500.4,1065.38
"LOSS-01347","INC-01347",784.4,7044.01,12067.61
"LOSS-01348","INC-01348",4197.27,11666.27,27349.82
"LOSS-01349","INC-01349",22382.31,8064.07,14532.57
"LOSS-01350","INC-01350",6460.17,3872.1,12356.58
"LOSS-01351","INC-01351",6603.55,12616.85,2617.82
"LOSS-01352","INC-01352",8554.65,2543.3,3863.28
"LOSS-01353","INC-01353",20322.14,5698.3,10946.64
"LOSS-01354","INC-01354",6056.63,7279.34,6702.66
"LOSS-01355","INC-01355",15929.98,5340.53,3904.87
"LOSS-01356","INC-01356",17556.05,13670.01,10985.67
"LOSS-01357","INC-01357",3572.93,2016.77,122291.8
"LOSS-01358","INC-01358",9303.33,2372.83,31907.51
"LOSS-01359","INC-01359",5777.32,6683.04,14074.96
"LOSS-01360","INC-01360",15017.25,2836.86,5045.66
"LOSS-01361","INC-01361",2190.15,10258.97,20256.28
"LOSS-01362","INC-01362",46127.75,1119.56,28191.97
"LOSS-01363","INC-01363",38025.72,3410.57,3919.58
"LOSS-01364","INC-01364",4260.51,513.75,39191.76
"LOSS-01365","INC-01365",5065.08,46639.34,6337.14
"LOSS-01366","INC-01366",3989.86,6936.16,76482.38
"LOSS-01367","INC-01367",8633.97,6202.3,148000.24
"LOSS-01368","INC-01368",5996.68,3015.63,99432.56
"LOSS-01369","INC-01369",11077.14,3576.53,7048.92
"LOSS-01370","INC-01370",1517.44,572.7,31970.27
"LOSS-01371","INC-01371",11597.52,4471.43,83920.84
"LOSS-01372","INC-01372",10052.36,3215.38,65294.36
"LOSS-01373","INC-01373",1996.99,8256.12,5922.36
"LOSS-01374","INC-01374",13042.56,2447.65,3894.41
"LOSS-01375","INC-01375",10456.22,7364.49,5215.05
"LOSS-01376","INC-01376",7859.09,6695.16,18508.03
"LOSS-01377","INC-01377",9767.19,36436.95,6588.06
"LOSS-01378","INC-01378",14544.22,8939.45,26937.69
"LOSS-01379","INC-01379",13998.76,15828.32,87698.92
"LOSS-01380","INC-01380",6427.8,9962.5,7488.34
"LOSS-01381","INC-01381",31262.61,2052.95,4477.31
"LOSS-01382","INC-01382",9542.09,2552.58,152842
"LOSS-01383","INC-01383",8640.35,3902.47,5336.59
"LOSS-01384","INC-01384",25453.74,1124.55,10839.47
"LOSS-01385","INC-01385",26689.92,16714.61,42989.48
"LOSS-01386","INC-01386",4911.48,4536.08,14243.31
"LOSS-01387","INC-01387",3673.65,5289.25,4707.28
"LOSS-01388","INC-01388",4887.23,6612.45,52534.52
"LOSS-01389","INC-01389",3054.05,21143.17,28457.3
"LOSS-01390","INC-01390",1667.04,3289.92,30879.47
"LOSS-01391","INC-01391",13502.19,1472.66,19015.97
"LOSS-01392","INC-01392",8560.29,10013.11,6305.76
"LOSS-01393","INC-01393",18817.64,1313.55,19689.77
"LOSS-01394","INC-01394",9880.72,4016.6,5936.16
"LOSS-01395","INC-01395",14900.69,5352.3,70940.79
"LOSS-01396","INC-01396",6026.62,672.97,2164.63
"LOSS-01397","INC-01397",3789.13,4650.95,168310.04
"LOSS-01398","INC-01398",21550.02,18627.17,23275.91
"LOSS-01399","INC-01399",21186.52,10328.45,111914.3
"LOSS-01400","INC-01400",1748.11,9786,16007
"LOSS-01401","INC-01401",23796.52,4577.44,16033.02
"LOSS-01402","INC-01402",1680.13,8340.72,22139.38
"LOSS-01403","INC-01403",9455.13,2797.83,62710.36
"LOSS-01404","INC-01404",6668.35,27857.22,57547.41
"LOSS-01405","INC-01405",8707.53,3914.03,8245.44
"LOSS-01406","INC-01406",29620.97,38673.01,25680.05
"LOSS-01407","INC-01407",2820.82,438.33,86647.55
"LOSS-01408","INC-01408",7589.46,2810.89,18460.42
"LOSS-01409","INC-01409",127172.85,6756.54,116838.38
"LOSS-01410","INC-01410",2256.78,52969.68,15084.63
"LOSS-01411","INC-01411",5289.15,1643.2,26301.69
"LOSS-01412","INC-01412",9499.06,6612.15,34516.1
"LOSS-01413","INC-01413",12087.82,2159.56,7693.01
"LOSS-01414","INC-01414",5806.27,2079.09,77557.81
"LOSS-01415","INC-01415",7585.3,16849.45,24654.65
"LOSS-01416","INC-01416",29265.01,4336.72,64920.69
"LOSS-01417","INC-01417",8260.62,1235.57,24590.8
"LOSS-01418","INC-01418",12727.95,5913.4,101070.76
"LOSS-01419","INC-01419",14321.86,8062.32,34270.98
"LOSS-01420","INC-01420",14869.01,2085.79,11996.87
"LOSS-01421","INC-01421",16195.76,3440.72,19295.01
"LOSS-01422","INC-01422",10452.88,25394.31,39520.2
"LOSS-01423","INC-01423",4872.32,3889.77,2326.7
"LOSS-01424","INC-01424",9336.9,202.99,66074.24
"LOSS-01425","INC-01425",3776.6,13210.59,108564.62
"LOSS-01426","INC-01426",10865.99,2244.19,38759.6
"LOSS-01427","INC-01427",6989.04,5263.29,273393.08
"LOSS-01428","INC-01428",8792.6,9795.45,37639.86
"LOSS-01429","INC-01429",3297.46,306.31,344038.14
"LOSS-01430","INC-01430",7457.11,38295.06,25068.5
"LOSS-01431","INC-01431",3328.46,50634.72,7421.26
"LOSS-01432","INC-01432",6596.76,1766.52,39731.24
"LOSS-01433","INC-01433",16762.63,15641.5,23997.64
"LOSS-01434","INC-01434",12587,131884.2,9999.19
"LOSS-01435","INC-01435",24303.18,1362.83,76966.51
"LOSS-01436","INC-01436",16122.45,12766.13,12530.28
"LOSS-01437","INC-01437",11069.97,1495.06,4560.7
"LOSS-01438","INC-01438",26857.85,2365.37,4729.85
"LOSS-01439","INC-01439",32588.57,3163.6,42222.81
"LOSS-01440","INC-01440",2442.1,3971.78,43115.28
"LOSS-01441","INC-01441",24152.61,31138.9,628445.44
"LOSS-01442","INC-01442",21546.29,19670.21,128898.33
"LOSS-01443","INC-01443",25385.02,17528.06,20957.72
"LOSS-01444","INC-01444",3988.61,8475.06,80348.31
"LOSS-01445","INC-01445",110076.5,15031.99,33231.07
"LOSS-01446","INC-01446",739.33,3971.69,24148.66
"LOSS-01447","INC-01447",9965.29,2650.72,5507.11
"LOSS-01448","INC-01448",11137.87,1603.06,33574.82
"LOSS-01449","INC-01449",8521.12,1628.2,44135.4
"LOSS-01450","INC-01450",20907.71,14286,26559.63
"LOSS-01451","INC-01451",11204.1,2723.88,147987.87
"LOSS-01452","INC-01452",4545.74,1174.05,70462.35
"LOSS-01453","INC-01453",40539.55,34273.18,84885.18
"LOSS-01454","INC-01454",7376.75,33107.66,31148.91
"LOSS-01455","INC-01455",18227.35,19807.18,33013.63
"LOSS-01456","INC-01456",5082.15,4430.63,2000.14
"LOSS-01457","INC-01457",3429.32,673.9,44055.61
"LOSS-01458","INC-01458",5400.04,15057.73,17598.04
"LOSS-01459","INC-01459",3439.77,5867.27,33733.4
"LOSS-01460","INC-01460",16866.87,2275.74,24907.37
"LOSS-01461","INC-01461",2096.25,5326.95,38114.41
"LOSS-01462","INC-01462",3720.12,3153.79,11588.25
"LOSS-01463","INC-01463",10170.21,17111.3,50648.59
"LOSS-01464","INC-01464",1780.11,993.66,28055.39
"LOSS-01465","INC-01465",5973.64,21571.39,8633.3
"LOSS-01466","INC-01466",7295.97,3192.17,38487.85
"LOSS-01467","INC-01467",38028.01,10697.59,79762.23
"LOSS-01468","INC-01468",7650.02,2007.64,10816.19
"LOSS-01469","INC-01469",5864.74,10820.42,203864.94
"LOSS-01470","INC-01470",5098.91,718.99,28083.39
"LOSS-01471","INC-01471",15478.71,1375.18,16076.34
"LOSS-01472","INC-01472",7190.74,24039.29,21834.31
"LOSS-01473","INC-01473",5745.78,219.38,6922.72
"LOSS-01474","INC-01474",7482.53,11263.6,48515.67
"LOSS-01475","INC-01475",28716.66,4995.27,3741.35
"LOSS-01476","INC-01476",47468.84,1126.29,6845.64
"LOSS-01477","INC-01477",5202.47,2532.03,12541.01
"LOSS-01478","INC-01478",10102.33,6725.03,14574.78
"LOSS-01479","INC-01479",7156.78,3985.78,24355.3
"LOSS-01480","INC-01480",63411.22,8394.59,10304.37
"LOSS-01481","INC-01481",17867.95,8023.41,10787
"LOSS-01482","INC-01482",1667.99,74332,22947.44
"LOSS-01483","INC-01483",6411.77,2759.45,170475.03
"LOSS-01484","INC-01484",999.5,9747.04,49236.27
"LOSS-01485","INC-01485",9018.51,3759.75,4846.35
"LOSS-01486","INC-01486",20009.54,988.01,137355.55
"LOSS-01487","INC-01487",4046.11,7926.58,5696.27
"LOSS-01488","INC-01488",2744.88,666.88,5373.55
"LOSS-01489","INC-01489",34744.76,12262.18,23912.83
"LOSS-01490","INC-01490",3772.04,5415.88,142273.25
"LOSS-01491","INC-01491",24533.23,10495.74,37857.16
"LOSS-01492","INC-01492",12259.71,1661.49,54682.09
"LOSS-01493","INC-01493",23885.41,3254.21,27879.83
"LOSS-01494","INC-01494",26971.74,1446.54,23636.14
"LOSS-01495","INC-01495",30943.26,17038.59,22208.87
"LOSS-01496","INC-01496",34065.34,858.03,912.38
"LOSS-01497","INC-01497",13298.43,13307.81,27881.05
"LOSS-01498","INC-01498",11751.79,6988.04,172977.83
"LOSS-01499","INC-01499",3807.05,14524.42,6407.46
"LOSS-01500","INC-01500",2950.09,6672.49,252160.1
"LOSS-01501","INC-01501",5424.15,13515.39,130700.21
"LOSS-01502","INC-01502",8640.22,4086.85,98207.68
"LOSS-01503","INC-01503",3687.59,1543.11,30061.09
"LOSS-01504","INC-01504",22741.01,416.12,22540.36
"LOSS-01505","INC-01505",4469.09,32533.93,4839.88
"LOSS-01506","INC-01506",13911.41,22948.01,25663.57
"LOSS-01507","INC-01507",23633.72,593.82,20555.07
"LOSS-01508","INC-01508",3034.61,18183.9,9989.62
"LOSS-01509","INC-01509",27526.21,2485.35,15113.12
"LOSS-01510","INC-01510",1201.79,9141.26,17672.14
"LOSS-01511","INC-01511",12453.57,2634.49,68316.02
"LOSS-01512","INC-01512",44878.35,33945.39,6478.6
"LOSS-01513","INC-01513",17247.77,24526.76,22112.04
"LOSS-01514","INC-01514",24707.91,19236.89,32079.52
"LOSS-01515","INC-01515",5690.78,2867.38,11166.04
"LOSS-01516","INC-01516",13338.05,3237.85,44777.43
"LOSS-01517","INC-01517",29922.91,5976.41,173070.09
"LOSS-01518","INC-01518",2619.79,2650.87,28018.37
"LOSS-01519","INC-01519",26948.8,1225.51,13192.65
"LOSS-01520","INC-01520",2418,3904.21,32297.76
"LOSS-01521","INC-01521",6010.23,1366.26,33403.29
"LOSS-01522","INC-01522",136319.52,7285.72,90821.95
"LOSS-01523","INC-01523",16492.58,2817.8,16737.39
"LOSS-01524","INC-01524",9037.67,3334.11,24253.17
"LOSS-01525","INC-01525",26337.94,667,20110.72
"LOSS-01526","INC-01526",7755.76,38159.81,7200.92
"LOSS-01527","INC-01527",18431.36,4211.96,60661.29
"LOSS-01528","INC-01528",7012.19,3511.55,18510.91
"LOSS-01529","INC-01529",938.96,20124.18,38384.4
"LOSS-01530","INC-01530",15873.2,1470.24,8023.4
"LOSS-01531","INC-01531",5934.39,2054.01,23655.97
"LOSS-01532","INC-01532",5576.95,11653.52,47751.46
"LOSS-01533","INC-01533",9934.78,13168.72,88160.5
"LOSS-01534","INC-01534",37894.11,628.66,7768.09
"LOSS-01535","INC-01535",13299.23,5605.42,22179.21
"LOSS-01536","INC-01536",22966.39,6078.96,5396.54
"LOSS-01537","INC-01537",18565.57,6053.24,3533.52
"LOSS-01538","INC-01538",10955.52,17670.91,11111.07
"LOSS-01539","INC-01539",19363.03,917.48,8639.84
"LOSS-01540","INC-01540",8618.65,3055.68,49313.2
"LOSS-01541","INC-01541",2837.53,924.86,58136.12
"LOSS-01542","INC-01542",14011.52,3842.39,59269.28
"LOSS-01543","INC-01543",1014.54,1201.87,24864.23
"LOSS-01544","INC-01544",3691.51,3658.57,34017.82
"LOSS-01545","INC-01545",9325.04,6860.22,22116.64
"LOSS-01546","INC-01546",8427.37,10381.96,29451.28
"LOSS-01547","INC-01547",6500.53,3979.65,28173.71
"LOSS-01548","INC-01548",26597.99,5011.83,9357.46
"LOSS-01549","INC-01549",3396.11,4612.9,28863.76
"LOSS-01550","INC-01550",725.13,3029.14,342886.92
"LOSS-01551","INC-01551",21600.07,4980.31,11366.95
"LOSS-01552","INC-01552",10353.76,765.42,9204.12
"LOSS-01553","INC-01553",8879.59,917.95,17864.29
"LOSS-01554","INC-01554",6692.72,3376.48,23565.62
"LOSS-01555","INC-01555",1831.7,601.75,3518.61
"LOSS-01556","INC-01556",3817.29,9810.8,25870.91
"LOSS-01557","INC-01557",16439.04,938.06,8723.17
"LOSS-01558","INC-01558",10085.12,4347.47,66944.76
"LOSS-01559","INC-01559",2394.88,4334.57,100540.58
"LOSS-01560","INC-01560",18000.81,44247.64,20574.99
"LOSS-01561","INC-01561",21728.49,1537.91,6897.52
"LOSS-01562","INC-01562",8650.45,1076.21,11882.83
"LOSS-01563","INC-01563",9736.27,34601.46,4295.87
"LOSS-01564","INC-01564",40503.37,574.8,72616.83
"LOSS-01565","INC-01565",14688.77,2955.84,3070.59
"LOSS-01566","INC-01566",33519.25,16654.69,30440.38
"LOSS-01567","INC-01567",9460.9,4881.26,87498.87
"LOSS-01568","INC-01568",43455.29,5804.72,16910.63
"LOSS-01569","INC-01569",9175.72,22651.73,6128.9
"LOSS-01570","INC-01570",24778.92,9534.13,2585.81
"LOSS-01571","INC-01571",7010.9,1029.15,9613.91
"LOSS-01572","INC-01572",3371.11,6065.31,5538.63
"LOSS-01573","INC-01573",26946.39,1884.13,42367.7
"LOSS-01574","INC-01574",98322.09,11296.72,163661.91
"LOSS-01575","INC-01575",7144.67,5786.32,6528.12
"LOSS-01576","INC-01576",42995.73,4925.4,36904.1
"LOSS-01577","INC-01577",7809.46,503.48,4439.76
"LOSS-01578","INC-01578",24921.67,9571.33,31800.24
"LOSS-01579","INC-01579",3680.52,7122.53,235257.55
"LOSS-01580","INC-01580",13038.3,779.12,6859.01
"LOSS-01581","INC-01581",4611.64,2028.55,39980.06
"LOSS-01582","INC-01582",2560.32,2514.67,34540.99
"LOSS-01583","INC-01583",19053.85,10236.7,4338.86
"LOSS-01584","INC-01584",49495.98,748.26,124796.81
"LOSS-01585","INC-01585",4498.47,1060.6,54308.1
"LOSS-01586","INC-01586",4089.28,8139.27,10254.82
"LOSS-01587","INC-01587",3386.27,5061.43,9429.03
"LOSS-01588","INC-01588",6259.52,3255.87,17064.16
"LOSS-01589","INC-01589",19257.33,6801.07,20051.47
"LOSS-01590","INC-01590",20175.58,3633.64,21301.87
"LOSS-01591","INC-01591",15412.81,555.1,27308.63
"LOSS-01592","INC-01592",21154.06,1168.49,43973.05
"LOSS-01593","INC-01593",6192.67,8808.22,15879.59
"LOSS-01594","INC-01594",8327.26,1219.9,43066.03
"LOSS-01595","INC-01595",19575.81,27879.36,6613.09
"LOSS-01596","INC-01596",7468.3,29123.85,24167.88
"LOSS-01597","INC-01597",3783.4,841.29,26886.3
"LOSS-01598","INC-01598",2495.76,17325.4,131321.41
"LOSS-01599","INC-01599",146911.65,5775.28,44916.82
"LOSS-01600","INC-01600",1808.56,6660.08,3861
"LOSS-01601","INC-01601",10191.57,5411.74,30664.31
"LOSS-01602","INC-01602",68481.19,7571.22,60353.42
"LOSS-01603","INC-01603",22868.39,3044.18,27295.61
"LOSS-01604","INC-01604",8222.7,2482.58,21607.91
"LOSS-01605","INC-01605",16870.62,39911.07,7111.08
"LOSS-01606","INC-01606",58980.15,1722.35,36568.48
"LOSS-01607","INC-01607",11963.65,2118.61,26353.05
"LOSS-01608","INC-01608",5602.19,1286.12,381665.36
"LOSS-01609","INC-01609",42272.54,6881.17,39158.4
"LOSS-01610","INC-01610",64150.9,2312.92,20060.95
"LOSS-01611","INC-01611",3697.62,5487.02,142425.33
"LOSS-01612","INC-01612",20307.73,7139.31,13477.48
"LOSS-01613","INC-01613",11263.78,95181.57,8578.1
"LOSS-01614","INC-01614",19963.11,1047.45,50844.27
"LOSS-01615","INC-01615",16759.12,20981.28,15780.73
"LOSS-01616","INC-01616",9696.18,5725.12,440385.73
"LOSS-01617","INC-01617",15340.49,1138.08,5785.23
"LOSS-01618","INC-01618",2949.74,50863.39,33601.06
"LOSS-01619","INC-01619",2429.84,25988.76,35443.44
"LOSS-01620","INC-01620",20348.23,8980.11,17338.88
"LOSS-01621","INC-01621",10786.34,45435.9,20953.16
"LOSS-01622","INC-01622",8676.58,7382.54,74229.25
"LOSS-01623","INC-01623",1851.86,3465.81,74935
"LOSS-01624","INC-01624",5599.89,15901.03,59102.7
"LOSS-01625","INC-01625",11994.52,22585.36,8233.19
"LOSS-01626","INC-01626",6085.58,547.89,12597.94
"LOSS-01627","INC-01627",10735.21,7799.76,34793.03
"LOSS-01628","INC-01628",14543.47,17793.89,8815.83
"LOSS-01629","INC-01629",8625.67,9426.62,22322.91
"LOSS-01630","INC-01630",15177.86,3450.81,24347.41
"LOSS-01631","INC-01631",7761.54,2527.61,4294.95
"LOSS-01632","INC-01632",7198.64,3275.18,32727.61
"LOSS-01633","INC-01633",7676.31,6133.97,32578.38
"LOSS-01634","INC-01634",18748.85,3354.39,7409.62
"LOSS-01635","INC-01635",22495.38,5542.33,13133.07
"LOSS-01636","INC-01636",102280.99,10034.21,11826.4
"LOSS-01637","INC-01637",3702.24,12038.49,23816.54
"LOSS-01638","INC-01638",4878.25,4107.01,218579.07
"LOSS-01639","INC-01639",18847.76,1575.78,4449.27
"LOSS-01640","INC-01640",50902.4,4446.81,44302.6
"LOSS-01641","INC-01641",33747.05,5517.47,205866.09
"LOSS-01642","INC-01642",6199.94,407.42,7271
"LOSS-01643","INC-01643",5022.93,501.95,69871.01
"LOSS-01644","INC-01644",53981.8,3478.35,107293.61
"LOSS-01645","INC-01645",46297.67,1904.53,161117.33
"LOSS-01646","INC-01646",12265.28,2785.88,37260.39
"LOSS-01647","INC-01647",54213.67,2176.84,5006.9
"LOSS-01648","INC-01648",9818.4,371.61,27236.01
"LOSS-01649","INC-01649",4368.17,3524.82,48114.03
"LOSS-01650","INC-01650",9408.7,2936.17,10359.04
"LOSS-01651","INC-01651",10720.59,3285.01,46568.18
"LOSS-01652","INC-01652",2080.64,1980.03,47174.4
"LOSS-01653","INC-01653",8337.36,26167.32,50263.33
"LOSS-01654","INC-01654",6511.94,2993.56,18906.67
"LOSS-01655","INC-01655",16176.05,2131.51,9393.66
"LOSS-01656","INC-01656",5818.35,5544.53,92679.28
"LOSS-01657","INC-01657",16030.05,5917.97,17829.22
"LOSS-01658","INC-01658",16920.67,8027.5,10225.23
"LOSS-01659","INC-01659",7485.15,624.41,19860.05
"LOSS-01660","INC-01660",9475.76,14284.06,22419.83
"LOSS-01661","INC-01661",107099.68,4147.82,25298.82
"LOSS-01662","INC-01662",46538.31,6156.65,56827.12
"LOSS-01663","INC-01663",46852.61,3116.37,4809.74
"LOSS-01664","INC-01664",10489.3,2850.24,13149.45
"LOSS-01665","INC-01665",4273.64,7668.71,127157.45
"LOSS-01666","INC-01666",17520.44,6920.64,196875.7
"LOSS-01667","INC-01667",10572.88,4332.56,27767.93
"LOSS-01668","INC-01668",356703.25,9863.99,15337.81
"LOSS-01669","INC-01669",1433.83,19845.3,5957.68
"LOSS-01670","INC-01670",8080.16,1626.32,42801.27
"LOSS-01671","INC-01671",43639.38,2883.56,35379.83
"LOSS-01672","INC-01672",1213.77,4057.46,57575.99
"LOSS-01673","INC-01673",7633.88,1071.05,17035.78
"LOSS-01674","INC-01674",13822.71,14577.81,15336
"LOSS-01675","INC-01675",7945.51,4598.31,29679.78
"LOSS-01676","INC-01676",3898.04,1175.29,8255.74
"LOSS-01677","INC-01677",8758.32,6293.07,2758.85
"LOSS-01678","INC-01678",37741.99,3746.03,12594.71
"LOSS-01679","INC-01679",2570.02,2664.98,22823.04
"LOSS-01680","INC-01680",40734.71,2016.22,45735.29
"LOSS-01681","INC-01681",24687.42,47420.38,26987.6
"LOSS-01682","INC-01682",2873.57,21598.61,27117.3
"LOSS-01683","INC-01683",2206.67,2488.46,24012.78
"LOSS-01684","INC-01684",10244.93,6660.31,1813.26
"LOSS-01685","INC-01685",13177.94,6105.08,9307.64
"LOSS-01686","INC-01686",32409.54,11998.07,8505.53
"LOSS-01687","INC-01687",9532.39,2755.14,13301.47
"LOSS-01688","INC-01688",15068.65,37218,17475.53
"LOSS-01689","INC-01689",35927.08,11481.04,32737.12
"LOSS-01690","INC-01690",31910.46,10427.6,18091.7
"LOSS-01691","INC-01691",22608.78,2941.74,5897.69
"LOSS-01692","INC-01692",13683.1,16602.95,412574.1
"LOSS-01693","INC-01693",14486.18,11276.19,10846.94
"LOSS-01694","INC-01694",32945.82,10452.82,12322.24
"LOSS-01695","INC-01695",29798.27,2025.64,50752.4
"LOSS-01696","INC-01696",9306.66,7269.93,6685.31
"LOSS-01697","INC-01697",14251.11,4150.23,42142.9
"LOSS-01698","INC-01698",53774.37,5270.62,592.75
"LOSS-01699","INC-01699",43103.82,5583.29,51147.83
"LOSS-01700","INC-01700",3724.74,1051.7,11854.3
"LOSS-01701","INC-01701",42116.79,6787,28378.51
"LOSS-01702","INC-01702",9082.86,1003.17,26465.11
"LOSS-01703","INC-01703",2051.3,6378.33,145150.9
"LOSS-01704","INC-01704",36043.3,32945.42,26105.07
"LOSS-01705","INC-01705",10769.44,19934.07,29011.18
"LOSS-01706","INC-01706",26031.07,7709.34,113167.19
"LOSS-01707","INC-01707",68810.59,1375.05,22908.1
"LOSS-01708","INC-01708",29140.16,2639.74,21461.56
"LOSS-01709","INC-01709",6949.37,5080.28,32499.88
"LOSS-01710","INC-01710",8647.94,2204.24,14254.29
"LOSS-01711","INC-01711",3688.1,5283.76,4903.66
"LOSS-01712","INC-01712",4351.57,1536.59,5743.42
"LOSS-01713","INC-01713",16147.67,9265.87,30360.73
"LOSS-01714","INC-01714",7337.27,4251.27,10488.4
"LOSS-01715","INC-01715",19115.5,2057.65,90050.59
"LOSS-01716","INC-01716",22752.03,2032.02,6442.94
"LOSS-01717","INC-01717",14235.06,3037.39,7321.4
"LOSS-01718","INC-01718",6643.24,6357.48,4954.5
"LOSS-01719","INC-01719",2212.92,5855.72,63576.43
"LOSS-01720","INC-01720",11099.2,4189.86,22066.19
"LOSS-01721","INC-01721",3505.83,1779.98,203441.57
"LOSS-01722","INC-01722",18882.27,21666.71,18133.05
"LOSS-01723","INC-01723",21436.39,6838.28,13789.2
"LOSS-01724","INC-01724",13575.39,2763.7,2631.86
"LOSS-01725","INC-01725",3504.79,4234.28,437095.14
"LOSS-01726","INC-01726",4651.12,9093.91,26156.82
"LOSS-01727","INC-01727",6054.13,569.07,3645
"LOSS-01728","INC-01728",11466.97,1100.17,17545.74
"LOSS-01729","INC-01729",104454.1,1598.49,9807.73
"LOSS-01730","INC-01730",3941.56,13765.49,8722.68
"LOSS-01731","INC-01731",1144.99,3871.69,37349.14
"LOSS-01732","INC-01732",8774.46,11036.93,67433.76
"LOSS-01733","INC-01733",4275.92,2917.19,10114.08
"LOSS-01734","INC-01734",1127.28,22178.48,49011.17
"LOSS-01735","INC-01735",4128.59,18890.64,8251.26
"LOSS-01736","INC-01736",6811.86,7328.13,5441.52
"LOSS-01737","INC-01737",3287.24,1084.34,9206.47
"LOSS-01738","INC-01738",20244.93,3712.77,26145.02
"LOSS-01739","INC-01739",24529.71,952.89,39452.72
"LOSS-01740","INC-01740",7152.34,741.85,93555.02
"LOSS-01741","INC-01741",2249.39,1810.02,3225.5
"LOSS-01742","INC-01742",17928.93,13808.35,12909.19
"LOSS-01743","INC-01743",4209.61,19280.24,198871.42
"LOSS-01744","INC-01744",4315.99,6568.42,11114.88
"LOSS-01745","INC-01745",11488.56,10871.83,41067.19
"LOSS-01746","INC-01746",3728.85,1975.44,46411.83
"LOSS-01747","INC-01747",7371.05,3944.88,40943.91
"LOSS-01748","INC-01748",4578.03,1098.29,17430.95
"LOSS-01749","INC-01749",14651.29,3999.16,158942.04
"LOSS-01750","INC-01750",4245.84,71408.17,31152.55
"LOSS-01751","INC-01751",4256.66,6978.06,32162.09
"LOSS-01752","INC-01752",3782.39,5758.48,8785.84
"LOSS-01753","INC-01753",10007.1,28899.62,928.9
"LOSS-01754","INC-01754",33354.53,43884.16,9300.46
"LOSS-01755","INC-01755",4068.87,5282.94,5123.1
"LOSS-01756","INC-01756",12309.19,14852.1,10850.16
"LOSS-01757","INC-01757",5135.25,2077.06,5964.82
"LOSS-01758","INC-01758",3332.52,372.06,8629.79
"LOSS-01759","INC-01759",29470.08,4353.59,31889.54
"LOSS-01760","INC-01760",5601.4,2516.33,4274.78
"LOSS-01761","INC-01761",50051.62,17965.05,44728.66
"LOSS-01762","INC-01762",4979.14,15775.18,13788.84
"LOSS-01763","INC-01763",19091.47,9008.54,80243.87
"LOSS-01764","INC-01764",30052.23,9317.03,22592.97
"LOSS-01765","INC-01765",84180.68,8193.43,38426.61
"LOSS-01766","INC-01766",4311.44,5852.34,2254.4
"LOSS-01767","INC-01767",10682.97,4387.31,51236.51
"LOSS-01768","INC-01768",25230.89,2870.84,40180.87
"LOSS-01769","INC-01769",5992.92,3938.26,12027.18
"LOSS-01770","INC-01770",17941.17,3810.41,22560.3
"LOSS-01771","INC-01771",6433.98,3073.76,47194.56
"LOSS-01772","INC-01772",3186.44,7420.89,20622.84
"LOSS-01773","INC-01773",1056.62,8344,24364.19
"LOSS-01774","INC-01774",16558.25,92811.18,7760.36
"LOSS-01775","INC-01775",7031.06,9028.98,13132.35
"LOSS-01776","INC-01776",55153.61,7755.4,91258.77
"LOSS-01777","INC-01777",3240.95,7859.95,80421.58
"LOSS-01778","INC-01778",6072.47,1073.93,67802.91
"LOSS-01779","INC-01779",22188.56,4131.52,8414.89
"LOSS-01780","INC-01780",7623.5,2167.14,66589.58
"LOSS-01781","INC-01781",16123.93,1364.72,36599.98
"LOSS-01782","INC-01782",38283.87,785.65,212519.68
"LOSS-01783","INC-01783",87274.67,12894.8,8057.62
"LOSS-01784","INC-01784",10419.01,9385.04,21089.71
"LOSS-01785","INC-01785",4280.84,4755.88,104124.93
"LOSS-01786","INC-01786",3345.55,598.65,15786.83
"LOSS-01787","INC-01787",5729.98,3155.2,70230.75
"LOSS-01788","INC-01788",6460.68,7810.15,32082.25
"LOSS-01789","INC-01789",2948.35,6277.86,9298.6
"LOSS-01790","INC-01790",17993.99,1512.93,15766.39
"LOSS-01791","INC-01791",41105.44,18621.03,36121.99
"LOSS-01792","INC-01792",6353.12,646.85,129702.43
"LOSS-01793","INC-01793",3497.02,5646.07,49710.44
"LOSS-01794","INC-01794",2768.62,3149.28,21240.39
"LOSS-01795","INC-01795",21378.73,1842.3,9540.76
"LOSS-01796","INC-01796",10214.08,773.14,101848.17
"LOSS-01797","INC-01797",1473.13,11160.57,27560.18
"LOSS-01798","INC-01798",8745.07,2643.64,6635.33
"LOSS-01799","INC-01799",9900.38,1872.16,12839.46
"LOSS-01800","INC-01800",4256.58,885.22,36792.19
"LOSS-01801","INC-01801",2918.04,25189.07,44926.73
"LOSS-01802","INC-01802",6291.87,9582.23,15896.21
"LOSS-01803","INC-01803",4903.38,7115.46,52399.07
"LOSS-01804","INC-01804",5042.31,5751.71,4869.41
"LOSS-01805","INC-01805",989.28,3337.62,6504.4
"LOSS-01806","INC-01806",8524.22,3590.49,19605.81
"LOSS-01807","INC-01807",25557.59,16029.1,5939.07
"LOSS-01808","INC-01808",31456.55,1843.01,21310.85
"LOSS-01809","INC-01809",78775.12,54026.15,108150.05
"LOSS-01810","INC-01810",12903.97,1826.44,84587.39
"LOSS-01811","INC-01811",3456.45,26230.99,115719.79
"LOSS-01812","INC-01812",16355.87,2473.93,44655.94
"LOSS-01813","INC-01813",29728.01,9088.3,11679.61
"LOSS-01814","INC-01814",65284.17,1444.8,101737.6
"LOSS-01815","INC-01815",22275.74,2803.06,38582.66
"LOSS-01816","INC-01816",40873.77,1259.61,37365.3
"LOSS-01817","INC-01817",15354.59,3816.62,2815.29
"LOSS-01818","INC-01818",2758.65,10153.37,31800.82
"LOSS-01819","INC-01819",4182.34,25553.15,3479.17
"LOSS-01820","INC-01820",65315.58,674.99,27935.92
"LOSS-01821","INC-01821",20012,13406.06,85054.49
"LOSS-01822","INC-01822",5076,22517.01,67153.85
"LOSS-01823","INC-01823",4886.76,5546.83,12062.46
"LOSS-01824","INC-01824",3941.36,2242.85,25162
"LOSS-01825","INC-01825",11481.28,11970.37,9545.19
"LOSS-01826","INC-01826",7707.76,15767.88,8205.37
"LOSS-01827","INC-01827",3859.26,7219.49,32846.94
"LOSS-01828","INC-01828",33329.53,13405.84,53578.16
"LOSS-01829","INC-01829",10082.6,2810.7,107470.62
"LOSS-01830","INC-01830",21116.96,60777.53,22596.26
"LOSS-01831","INC-01831",6767.84,655.25,1760.34
"LOSS-01832","INC-01832",11789.31,3331.55,5721.12
"LOSS-01833","INC-01833",27820.36,3026.16,23840.22
"LOSS-01834","INC-01834",19452.37,1182.63,119966.32
"LOSS-01835","INC-01835",25368.95,7178.89,9707.67
"LOSS-01836","INC-01836",1592.99,1441.49,11931.01
"LOSS-01837","INC-01837",11815.94,7291.1,6444.85
"LOSS-01838","INC-01838",8169.74,5530.03,36895.37
"LOSS-01839","INC-01839",5165.73,4384.34,8988.4
"LOSS-01840","INC-01840",5649.39,2054.67,38753.46
"LOSS-01841","INC-01841",52879.22,5943.56,30588.16
"LOSS-01842","INC-01842",15222.57,6774.25,70791.45
"LOSS-01843","INC-01843",8564.61,6085.66,20866.42
"LOSS-01844","INC-01844",25311.79,5772.55,135982.57
"LOSS-01845","INC-01845",5735.92,5833.08,9886.22
"LOSS-01846","INC-01846",11371.33,4697.12,23319.64
"LOSS-01847","INC-01847",42060.41,986.33,15072.71
"LOSS-01848","INC-01848",7096.61,548.11,64599.41
"LOSS-01849","INC-01849",4450.82,13873.79,19779.72
"LOSS-01850","INC-01850",5719.9,2093.25,97012.55
"LOSS-01851","INC-01851",3460.62,3657.12,15015
"LOSS-01852","INC-01852",12742.05,3525.75,52561.48
"LOSS-01853","INC-01853",13737.19,37509.29,142902.34
"LOSS-01854","INC-01854",23287.51,26432.39,16116.83
"LOSS-01855","INC-01855",59979.75,3622.61,124973.08
"LOSS-01856","INC-01856",40345.73,3302.18,7258.78
"LOSS-01857","INC-01857",2833.33,1003.91,52761.65
"LOSS-01858","INC-01858",73065.3,13570.36,17931.09
"LOSS-01859","INC-01859",11376.2,257.46,7805.9
"LOSS-01860","INC-01860",6723.28,3183.16,13104.97
"LOSS-01861","INC-01861",63299.69,6071.06,40413.28
"LOSS-01862","INC-01862",15197.03,1655.72,12255.26
"LOSS-01863","INC-01863",55870.41,21667.73,43624.91
"LOSS-01864","INC-01864",9475.61,6232.55,9791.17
"LOSS-01865","INC-01865",4764.34,45131.42,41490.52
"LOSS-01866","INC-01866",1385.8,187579.1,11563.8
"LOSS-01867","INC-01867",30542.22,3212.51,25795.79
"LOSS-01868","INC-01868",4072.11,1883.25,18891.43
"LOSS-01869","INC-01869",23655.7,75704.71,32511.67
"LOSS-01870","INC-01870",11157.79,406.66,8432.09
"LOSS-01871","INC-01871",15873.95,6905.39,45539.55
"LOSS-01872","INC-01872",35124,9574.57,20318.09
"LOSS-01873","INC-01873",6091.71,40920.09,11970.15
"LOSS-01874","INC-01874",6238.32,2103.26,40802.75
"LOSS-01875","INC-01875",7849.79,1357.91,49242.41
"LOSS-01876","INC-01876",28576.89,5718.07,33500.64
"LOSS-01877","INC-01877",6156.2,12535.13,5033.02
"LOSS-01878","INC-01878",8303.98,25352.88,35087.66
"LOSS-01879","INC-01879",21945.66,32309.48,76950.02
"LOSS-01880","INC-01880",21563.24,2975.67,9143.38
"LOSS-01881","INC-01881",21956.15,758.14,14188.42
"LOSS-01882","INC-01882",10394.7,15380.61,42400.22
"LOSS-01883","INC-01883",21218.17,2968.32,12102.36
"LOSS-01884","INC-01884",13173.9,1060.33,7081.01
"LOSS-01885","INC-01885",5256.31,12651.11,90519.13
"LOSS-01886","INC-01886",60137.24,13163.82,11930.86
"LOSS-01887","INC-01887",1536.08,3333.74,35205.15
"LOSS-01888","INC-01888",23052.47,173.82,61473.65
"LOSS-01889","INC-01889",13928.16,4836.87,42864.97
"LOSS-01890","INC-01890",10125.15,7118.64,3980.36
"LOSS-01891","INC-01891",5370.09,3282.17,42954.21
"LOSS-01892","INC-01892",7627.18,9571.72,15498.62
"LOSS-01893","INC-01893",60214.61,12304.02,18275.82
"LOSS-01894","INC-01894",8982.21,5425.7,47745.1
"LOSS-01895","INC-01895",6737.97,10758.49,773335.46
"LOSS-01896","INC-01896",4111.89,1714.97,10740.04
"LOSS-01897","INC-01897",6029.51,448.53,18908.43
"LOSS-01898","INC-01898",9097.07,1015.61,58566.57
"LOSS-01899","INC-01899",2546,1684.26,40387.68
"LOSS-01900","INC-01900",31029.63,727.79,5289.87
"LOSS-01901","INC-01901",10914.28,52958.1,49261.29
"LOSS-01902","INC-01902",42831.15,1900.77,6150.05
"LOSS-01903","INC-01903",26647.11,5651.32,22425.41
"LOSS-01904","INC-01904",40716.42,2456.38,7534.96
"LOSS-01905","INC-01905",2602.17,35854.45,4280.55
"LOSS-01906","INC-01906",17669.29,5854.31,2581.99
"LOSS-01907","INC-01907",6892.43,38002.64,32473.19
"LOSS-01908","INC-01908",9444.12,1349.57,6263.87
"LOSS-01909","INC-01909",5434.5,9295.45,31764.24
"LOSS-01910","INC-01910",12272.36,903.68,13820.92
"LOSS-01911","INC-01911",10868.58,4628.45,20579.76
"LOSS-01912","INC-01912",1188.17,1140.58,16895.16
"LOSS-01913","INC-01913",23212.43,3751.91,101326.1
"LOSS-01914","INC-01914",11549.24,8877.48,29491.04
"LOSS-01915","INC-01915",3744.86,27848.89,2941.66
"LOSS-01916","INC-01916",3289.77,1578.01,75315.02
"LOSS-01917","INC-01917",4962.95,13149.29,4111.85
"LOSS-01918","INC-01918",2031.17,13901.99,43701.69
"LOSS-01919","INC-01919",11359,1835.17,26965.66
"LOSS-01920","INC-01920",44459.95,270071.64,12324.12
"LOSS-01921","INC-01921",12002.64,2848.98,34808.14
"LOSS-01922","INC-01922",16766.78,3432.76,225804.05
"LOSS-01923","INC-01923",2245.75,6073.79,24574.17
"LOSS-01924","INC-01924",2123.45,154.2,219884.54
"LOSS-01925","INC-01925",4038.25,33743.89,30696.63
"LOSS-01926","INC-01926",20354.76,10951.61,41507.94
"LOSS-01927","INC-01927",4086.72,4109.96,5017.19
"LOSS-01928","INC-01928",17302.37,45063.64,47409.84
"LOSS-01929","INC-01929",7952.67,11621.13,8165.7
"LOSS-01930","INC-01930",14524.95,7065.71,32394.63
"LOSS-01931","INC-01931",3501.27,1041.32,3579.07
"LOSS-01932","INC-01932",3831.49,31456,8139.58
"LOSS-01933","INC-01933",8918.11,4927.6,3200.17
"LOSS-01934","INC-01934",8032.8,6675.84,6891.91
"LOSS-01935","INC-01935",1654.53,55769.62,7546.97
"LOSS-01936","INC-01936",16934.1,8707.41,58141.84
"LOSS-01937","INC-01937",1408.53,5694.33,2560.6
"LOSS-01938","INC-01938",6533.94,1406.74,127560.3
"LOSS-01939","INC-01939",10458.07,4173.83,64615.9
"LOSS-01940","INC-01940",4904.95,2309.16,40516.21
"LOSS-01941","INC-01941",2431.25,2269.69,148865.96
"LOSS-01942","INC-01942",6642.05,3531.92,166653.36
"LOSS-01943","INC-01943",8862.45,12088.97,29922.78
"LOSS-01944","INC-01944",3928.14,22791.73,5789.17
"LOSS-01945","INC-01945",2547.22,4989.1,42294.69
"LOSS-01946","INC-01946",2997.09,3267.91,9266.89
"LOSS-01947","INC-01947",5834.32,12658.28,7854.63
"LOSS-01948","INC-01948",6294.13,1837.43,24010.37
"LOSS-01949","INC-01949",40924.54,666.92,75357.42
"LOSS-01950","INC-01950",2736.18,9970.25,3376.02
"LOSS-01951","INC-01951",14489.06,4376.46,84220.52
"LOSS-01952","INC-01952",6519.36,277.06,10450.45
"LOSS-01953","INC-01953",10860.22,344.5,11525.46
"LOSS-01954","INC-01954",5097.04,6913.37,7799.55
"LOSS-01955","INC-01955",22088.83,16861.9,29826.99
"LOSS-01956","INC-01956",1802.48,9692.24,12651.68
"LOSS-01957","INC-01957",11543.84,3310.54,4428.78
"LOSS-01958","INC-01958",10158.6,33424.63,58182.68
"LOSS-01959","INC-01959",28448.86,1535.27,63844.53
"LOSS-01960","INC-01960",7907.23,3042.83,66531.57
"LOSS-01961","INC-01961",16262.16,1935.39,20903.74
"LOSS-01962","INC-01962",14759.38,8368.26,29726.31
"LOSS-01963","INC-01963",5182.73,630.04,39282.73
"LOSS-01964","INC-01964",9101.89,696.72,28716.13
"LOSS-01965","INC-01965",8659.21,401.13,24234.84
"LOSS-01966","INC-01966",30321.24,4403.54,52052.67
"LOSS-01967","INC-01967",12571.92,24091.84,11679.23
"LOSS-01968","INC-01968",13234.76,35068.61,69457.52
"LOSS-01969","INC-01969",103115.13,1566.92,3323.35
"LOSS-01970","INC-01970",15007.39,2654.56,12141.4
"LOSS-01971","INC-01971",14221.09,1526.35,868.6
"LOSS-01972","INC-01972",16842.87,7171.94,20548.42
"LOSS-01973","INC-01973",46538.83,7398.55,3038.96
"LOSS-01974","INC-01974",25886.8,12247.32,119831.21
"LOSS-01975","INC-01975",13883.22,517.55,8502.25
"LOSS-01976","INC-01976",5372.49,860.35,9938.55
"LOSS-01977","INC-01977",14144.09,2584.58,29295.9
"LOSS-01978","INC-01978",11401.6,2009.66,13155.07
"LOSS-01979","INC-01979",1577.68,9107.09,35702.97
"LOSS-01980","INC-01980",2119.57,3963.88,3621.46
"LOSS-01981","INC-01981",1645.2,679.45,57741.59
"LOSS-01982","INC-01982",40721.64,20027.69,29074.76
"LOSS-01983","INC-01983",18367.5,8241.54,11409.85
"LOSS-01984","INC-01984",943.45,1852.62,3753.83
"LOSS-01985","INC-01985",15788.41,1047.98,139508.89
"LOSS-01986","INC-01986",10549.48,2702.13,29745.38
"LOSS-01987","INC-01987",7659.79,1324.85,7044.35
"LOSS-01988","INC-01988",4700.75,28148.99,196945.42
"LOSS-01989","INC-01989",2782.14,3367.08,11331.73
"LOSS-01990","INC-01990",23450.05,4895.69,46749.97
"LOSS-01991","INC-01991",5558.4,12445.45,19928.67
"LOSS-01992","INC-01992",8670.94,8977.15,48644.01
"LOSS-01993","INC-01993",17797.76,39500.78,73813
"LOSS-01994","INC-01994",16898.84,8899.04,132850.94
"LOSS-01995","INC-01995",6678.11,50884.37,29829.16
"LOSS-01996","INC-01996",5764.02,2493.91,32291.73
"LOSS-01997","INC-01997",12828.84,830.24,123040.11
"LOSS-01998","INC-01998",3046.42,3433.06,16400.05
"LOSS-01999","INC-01999",13441.99,6358.7,4204.4
"LOSS-02000","INC-02000",11772.02,12430.16,33291.08
"LOSS-02001","INC-02001",12715.51,19845.46,75179.8
"LOSS-02002","INC-02002",7495.63,3911.67,4944
"LOSS-02003","INC-02003",1763.87,3472.58,115753.96
"LOSS-02004","INC-02004",1330.48,3045.39,7794.47
"LOSS-02005","INC-02005",2719.47,11511.38,26738.65
"LOSS-02006","INC-02006",14268.91,701.22,31874.93
"LOSS-02007","INC-02007",8499.79,12408.55,80287.58
"LOSS-02008","INC-02008",4750.03,1047.78,265638.73
"LOSS-02009","INC-02009",4527.97,14326.86,39872.1
"LOSS-02010","INC-02010",17181.13,3970.31,5841.57
"LOSS-02011","INC-02011",1976.65,37997.88,83047.83
"LOSS-02012","INC-02012",20914.05,1049.63,33600.45
"LOSS-02013","INC-02013",15510.86,2711.69,7868.94
"LOSS-02014","INC-02014",4146.16,6363.48,41869.01
"LOSS-02015","INC-02015",8975.48,6961.07,1882.54
"LOSS-02016","INC-02016",24175.63,889.64,127138.62
"LOSS-02017","INC-02017",38212.39,4429.64,5232.89
"LOSS-02018","INC-02018",43869.32,766.79,32191.15
"LOSS-02019","INC-02019",14343.72,9430.56,26747.55
"LOSS-02020","INC-02020",7986.65,2659.96,13638.27
"LOSS-02021","INC-02021",15607.31,7607.64,16280.2
"LOSS-02022","INC-02022",7645.63,18603.93,7943.61
"LOSS-02023","INC-02023",3630.32,6089.76,32380.08
"LOSS-02024","INC-02024",23020.57,12989.19,181535.76
"LOSS-02025","INC-02025",19824.2,4387.2,75089.28
"LOSS-02026","INC-02026",34926.59,5130.19,28773.08
"LOSS-02027","INC-02027",52394.63,9629.2,16439.39
"LOSS-02028","INC-02028",43124.99,5103.45,42398.18
"LOSS-02029","INC-02029",21792.38,3332.93,3441.75
"LOSS-02030","INC-02030",9542.83,1457.19,11332.46
"LOSS-02031","INC-02031",9033.69,16320.87,140438.71
"LOSS-02032","INC-02032",6549.45,52515.51,10302.33
"LOSS-02033","INC-02033",4532.09,15529.01,40389.92
"LOSS-02034","INC-02034",6700.3,17173.38,31199.84
"LOSS-02035","INC-02035",18285.02,2339.07,9133.4
"LOSS-02036","INC-02036",14540.27,5618.61,9629.54
"LOSS-02037","INC-02037",2964.14,5572.48,52767.65
"LOSS-02038","INC-02038",32789.09,10078.98,135857.76
"LOSS-02039","INC-02039",35995.21,3366.53,2045.52
"LOSS-02040","INC-02040",43611.3,1882.02,30616.27
"LOSS-02041","INC-02041",2911.44,4157.78,25800.14
"LOSS-02042","INC-02042",6547.41,144032.32,41800.52
"LOSS-02043","INC-02043",6570.99,3240.18,20112.36
"LOSS-02044","INC-02044",6303.34,16057,91762.7
"LOSS-02045","INC-02045",5626.83,652.14,30023.22
"LOSS-02046","INC-02046",5653.27,173131.84,25811.15
"LOSS-02047","INC-02047",3749.74,845.74,24238.42
"LOSS-02048","INC-02048",5637.39,5817.42,20784.58
"LOSS-02049","INC-02049",7100.81,5183.58,27990.13
"LOSS-02050","INC-02050",12011.86,3957.97,10776.3
"LOSS-02051","INC-02051",18135.79,684.06,71687.04
"LOSS-02052","INC-02052",25793.39,1503.42,45212
"LOSS-02053","INC-02053",4443.43,18615.72,195731.78
"LOSS-02054","INC-02054",10327.33,5949.55,13563.55
"LOSS-02055","INC-02055",102303.67,4644.51,27300.43
"LOSS-02056","INC-02056",6236.24,7195.77,7404.94
"LOSS-02057","INC-02057",20752.66,6071.26,42563.4
"LOSS-02058","INC-02058",4922.91,5999.49,148997.49
"LOSS-02059","INC-02059",28720.57,12549.7,30501.58
"LOSS-02060","INC-02060",17077.5,10303.04,18868.49
"LOSS-02061","INC-02061",3951.26,23447.5,3054.17
"LOSS-02062","INC-02062",27589.52,4449.48,47903.07
"LOSS-02063","INC-02063",30507.82,7474.09,2623.29
"LOSS-02064","INC-02064",23927.9,367.08,12859.54
"LOSS-02065","INC-02065",621.37,24494.2,62682.22
"LOSS-02066","INC-02066",11428.06,14380.38,7898.86
"LOSS-02067","INC-02067",45246.61,3852.56,29408.55
"LOSS-02068","INC-02068",8338.88,47683.2,26160.69
"LOSS-02069","INC-02069",5124.84,3679.69,52693.1
"LOSS-02070","INC-02070",8482.03,7498.38,72562.88
"LOSS-02071","INC-02071",913.21,836.84,82524.02
"LOSS-02072","INC-02072",3170.68,6343.63,26735.33
"LOSS-02073","INC-02073",9070.15,1940.08,56463.91
"LOSS-02074","INC-02074",22818.5,2310.59,24297.97
"LOSS-02075","INC-02075",12235.67,48125.03,9624.62
"LOSS-02076","INC-02076",18795,20165.89,11506.41
"LOSS-02077","INC-02077",3525.93,2146.38,19777.54
"LOSS-02078","INC-02078",43729.17,15497.1,34717.96
"LOSS-02079","INC-02079",32548.16,16632.23,8150.11
"LOSS-02080","INC-02080",18347.1,10082.7,1752.33
"LOSS-02081","INC-02081",8325.36,4986.75,62470.57
"LOSS-02082","INC-02082",23425.5,6800.73,19274.51
"LOSS-02083","INC-02083",5323.65,13810.18,9703.5
"LOSS-02084","INC-02084",4112.5,3115.01,9288.87
"LOSS-02085","INC-02085",1065.72,31861.37,85523.8
"LOSS-02086","INC-02086",12007.22,4263.69,3640.56
"LOSS-02087","INC-02087",979.79,19206.74,22981.19
"LOSS-02088","INC-02088",9659.2,6789.13,45294.49
"LOSS-02089","INC-02089",15387.96,2231.28,26447.86
"LOSS-02090","INC-02090",21798.07,4555.4,3554.55
"LOSS-02091","INC-02091",27496.65,9451.6,106977.21
"LOSS-02092","INC-02092",18311.07,2472.27,47607.16
"LOSS-02093","INC-02093",4189.86,2399.75,11619.26
"LOSS-02094","INC-02094",24118.85,10002.09,45814.14
"LOSS-02095","INC-02095",10543.6,9987.9,30039.54
"LOSS-02096","INC-02096",1533.55,18234.07,7944.91
"LOSS-02097","INC-02097",8838.42,9464.88,85512.28
"LOSS-02098","INC-02098",1663.39,14887.24,4815.78
"LOSS-02099","INC-02099",3451.31,2676.44,13884.16
"LOSS-02100","INC-02100",5327.54,36203.29,18951.53
"LOSS-02101","INC-02101",5503.07,10836.66,21132.9
"LOSS-02102","INC-02102",25008.62,3588.83,34931.07
"LOSS-02103","INC-02103",9270.51,2842.65,26413.63
"LOSS-02104","INC-02104",3877.28,947.3,25148.73
"LOSS-02105","INC-02105",5250.83,12543.25,8822.56
"LOSS-02106","INC-02106",5567.91,759.12,19424.18
"LOSS-02107","INC-02107",11946.83,25521.95,9876.6
"LOSS-02108","INC-02108",16977.7,3527.35,5158.92
"LOSS-02109","INC-02109",6497.13,7842.19,45077.08
"LOSS-02110","INC-02110",7048.24,1577.83,22116.7
"LOSS-02111","INC-02111",16615.32,13325.38,89747.22
"LOSS-02112","INC-02112",4148.96,27156.4,12451.99
"LOSS-02113","INC-02113",8428.12,3720.42,101777.67
"LOSS-02114","INC-02114",8581.66,25771,53929.93
"LOSS-02115","INC-02115",4604.5,9284.73,20936.45
"LOSS-02116","INC-02116",5116.36,8735.02,7945.84
"LOSS-02117","INC-02117",7277.88,10191.32,72980.48
"LOSS-02118","INC-02118",4097.26,2096.71,3089.89
"LOSS-02119","INC-02119",8997.08,3170.74,10750.57
"LOSS-02120","INC-02120",2762.88,837.44,12508.72
"LOSS-02121","INC-02121",14408.66,755.46,25586.72
"LOSS-02122","INC-02122",6190.49,6143.3,15715.63
"LOSS-02123","INC-02123",22002.98,1004.83,32777.45
"LOSS-02124","INC-02124",15158.07,4060.71,59274.21
"LOSS-02125","INC-02125",5930.52,672.56,31326.56
"LOSS-02126","INC-02126",6991.74,19789.46,10381.23
"LOSS-02127","INC-02127",18203.93,8878.93,5540.74
"LOSS-02128","INC-02128",20649.87,1703.73,6121.86
"LOSS-02129","INC-02129",15941.94,7765.67,3920.98
"LOSS-02130","INC-02130",13743.01,13820.3,28307.55
"LOSS-02131","INC-02131",1666.92,683.96,3417.25
"LOSS-02132","INC-02132",11152.25,3951.24,5527.38
"LOSS-02133","INC-02133",2396.36,4283.26,32356.17
"LOSS-02134","INC-02134",10679,8032.65,194411.93
"LOSS-02135","INC-02135",5111.08,2052.84,6316.34
"LOSS-02136","INC-02136",8906.12,11052.81,2073.32
"LOSS-02137","INC-02137",3040.92,3564.33,2726.25
"LOSS-02138","INC-02138",8397.09,2453.93,7032.48
"LOSS-02139","INC-02139",45226.6,959.06,50817.56
"LOSS-02140","INC-02140",61400,257.42,68559.12
"LOSS-02141","INC-02141",821.69,2805.9,27161.27
"LOSS-02142","INC-02142",1892.54,41856.39,13194.06
"LOSS-02143","INC-02143",2390.23,10973.44,47842.56
"LOSS-02144","INC-02144",2761.98,1764.45,28803.38
"LOSS-02145","INC-02145",79150.06,6842.63,13093.45
"LOSS-02146","INC-02146",27324.42,524.35,31755.8
"LOSS-02147","INC-02147",8869.62,12302.21,10180.16
"LOSS-02148","INC-02148",26410.55,2719.29,35745.59
"LOSS-02149","INC-02149",94972.93,1163.19,80738.69
"LOSS-02150","INC-02150",18715.17,923.69,17743
"LOSS-02151","INC-02151",58427.18,33142.84,11024.18
"LOSS-02152","INC-02152",3141.63,3157.04,9328.5
"LOSS-02153","INC-02153",3363.3,4773.98,105349.69
"LOSS-02154","INC-02154",28794.79,1126.05,12990.26
"LOSS-02155","INC-02155",24143.08,3516.37,76836.05
"LOSS-02156","INC-02156",23625.84,23097.87,38421.84
"LOSS-02157","INC-02157",16086.93,1263.78,2647.06
"LOSS-02158","INC-02158",6178.97,3919.26,23120.85
"LOSS-02159","INC-02159",25581.64,44938.21,33482.55
"LOSS-02160","INC-02160",62801.08,2480.16,110380.3
"LOSS-02161","INC-02161",34214.59,32180.75,464832.08
"LOSS-02162","INC-02162",2487.88,3715.08,6501.22
"LOSS-02163","INC-02163",15909.58,2177.04,3872.06
"LOSS-02164","INC-02164",10020.08,5674.85,25240.14
"LOSS-02165","INC-02165",10797.82,3968.97,4097.96
"LOSS-02166","INC-02166",8247.22,8974.49,9133.62
"LOSS-02167","INC-02167",2791.49,5026.39,4962.39
"LOSS-02168","INC-02168",13784.28,1130.14,5610.13
"LOSS-02169","INC-02169",38243.49,1657.71,10054.43
"LOSS-02170","INC-02170",50846.46,3421.58,2429.77
"LOSS-02171","INC-02171",15993.41,2192.69,5289.16
"LOSS-02172","INC-02172",4739.49,1172.8,79689.83
"LOSS-02173","INC-02173",5524.7,7288.47,5748.36
"LOSS-02174","INC-02174",5369.92,5619.46,39025.77
"LOSS-02175","INC-02175",18094.26,4408.09,300018.09
"LOSS-02176","INC-02176",7818.41,29844.78,86353.15
"LOSS-02177","INC-02177",180631.82,7658.26,15328.04
"LOSS-02178","INC-02178",7568.19,21373.34,127653.01
"LOSS-02179","INC-02179",11476.91,1551.22,3389.94
"LOSS-02180","INC-02180",8048.21,629.48,40322.04
"LOSS-02181","INC-02181",5205.34,2939.06,11510.28
"LOSS-02182","INC-02182",23099.63,7286.35,11787.38
"LOSS-02183","INC-02183",5839.66,39614.75,10608.96
"LOSS-02184","INC-02184",9920.62,4513.85,8247.13
"LOSS-02185","INC-02185",7466.04,6155.71,11575.76
"LOSS-02186","INC-02186",584.95,725.65,10484.88
"LOSS-02187","INC-02187",18976,36033.65,53051.72
"LOSS-02188","INC-02188",11588.39,252.55,14215.21
"LOSS-02189","INC-02189",4215.67,6025.58,19575.78
"LOSS-02190","INC-02190",38680.86,998.22,22790.14
"LOSS-02191","INC-02191",2799.24,25252.01,60055.08
"LOSS-02192","INC-02192",1672.46,7389.85,12031.58
"LOSS-02193","INC-02193",4979.48,6216.03,9318.71
"LOSS-02194","INC-02194",3028.02,8792.74,46630.95
"LOSS-02195","INC-02195",21800.26,5154.78,86756.56
"LOSS-02196","INC-02196",10785.56,2030.58,6367.69
"LOSS-02197","INC-02197",6835.87,32368.23,29918
"LOSS-02198","INC-02198",9989.96,24064.28,23361.96
"LOSS-02199","INC-02199",3823.57,14006.73,4813.66
"LOSS-02200","INC-02200",11869.39,7975.12,67368.47
"LOSS-02201","INC-02201",11972.17,20981.68,7476.37
"LOSS-02202","INC-02202",9211.99,3896.77,6504.42
"LOSS-02203","INC-02203",9868.95,497.97,80380.55
"LOSS-02204","INC-02204",3267.5,2701.98,12631.55
"LOSS-02205","INC-02205",25214.94,1560.4,40551.31
"LOSS-02206","INC-02206",2239.84,7153.61,16818.75
"LOSS-02207","INC-02207",91907.87,941.81,5553.16
"LOSS-02208","INC-02208",50218.32,8558.93,13944.56
"LOSS-02209","INC-02209",16643.33,8496.67,46425.91
"LOSS-02210","INC-02210",2560.53,18868.61,5766.3
"LOSS-02211","INC-02211",15155.58,21721.08,332714.42
"LOSS-02212","INC-02212",1875.84,1867.28,34877.19
"LOSS-02213","INC-02213",7555.69,38827.71,2273.25
"LOSS-02214","INC-02214",21824.55,6496.04,7870.16
"LOSS-02215","INC-02215",22939.34,2030.92,24814.3
"LOSS-02216","INC-02216",10228.87,896.85,8391.97
"LOSS-02217","INC-02217",7799.67,60295.98,49868.97
"LOSS-02218","INC-02218",12881.56,12675.96,6853.48
"LOSS-02219","INC-02219",2014.68,23336.14,8604.61
"LOSS-02220","INC-02220",6793.79,2444.2,39054.02
"LOSS-02221","INC-02221",60628.91,13444.81,13355.29
"LOSS-02222","INC-02222",1740.45,619.32,24223.5
"LOSS-02223","INC-02223",50468.83,1826.66,59198.82
"LOSS-02224","INC-02224",16782.73,3003.52,134173.78
"LOSS-02225","INC-02225",6901.93,77.94,144662.57
"LOSS-02226","INC-02226",92745.73,1307.49,63129.87
"LOSS-02227","INC-02227",9507.16,10281.6,12533.32
"LOSS-02228","INC-02228",65783.57,891.6,14654.86
"LOSS-02229","INC-02229",10145.69,3002.57,98266.19
"LOSS-02230","INC-02230",17213.09,4051.14,3994.4
"LOSS-02231","INC-02231",5572.78,1708.7,73671.9
"LOSS-02232","INC-02232",3911.45,4667.42,77243.83
"LOSS-02233","INC-02233",1338.86,7381.79,17716.15
"LOSS-02234","INC-02234",5313.1,1784.69,24481.29
"LOSS-02235","INC-02235",20478.8,2013.23,19311.44
"LOSS-02236","INC-02236",3287.28,8067.07,20884.12
"LOSS-02237","INC-02237",3104.28,924.05,9073.7
"LOSS-02238","INC-02238",6381.09,35730.72,72408.68
"LOSS-02239","INC-02239",11604.34,30543.98,51146.68
"LOSS-02240","INC-02240",6035.41,6925.53,5463.41
"LOSS-02241","INC-02241",33268.55,5033.74,75105.1
"LOSS-02242","INC-02242",13261.66,859.61,21787.55
"LOSS-02243","INC-02243",9546.76,301.81,9349.22
"LOSS-02244","INC-02244",3285.86,43441.5,22174.17
"LOSS-02245","INC-02245",3882.99,535.69,38916.49
"LOSS-02246","INC-02246",15690.92,55521.7,249298.24
"LOSS-02247","INC-02247",7098.48,7709.32,35972.31
"LOSS-02248","INC-02248",29916.43,1828.21,21546.3
"LOSS-02249","INC-02249",1931.99,5569.65,14505.59
"LOSS-02250","INC-02250",13838.26,852.17,10150.85
"LOSS-02251","INC-02251",5856.71,4345.88,69137.81
"LOSS-02252","INC-02252",42760.54,13277.77,22423.53
"LOSS-02253","INC-02253",15171.56,3987.44,160125.62
"LOSS-02254","INC-02254",3550.59,12146.73,14631.99
"LOSS-02255","INC-02255",2675.63,2894.12,17612.32
"LOSS-02256","INC-02256",12451.57,8175.1,55334.78
"LOSS-02257","INC-02257",7280.67,7950.42,40283.68
"LOSS-02258","INC-02258",9101.25,7199.37,23888.31
"LOSS-02259","INC-02259",8385.57,468.02,28919.09
"LOSS-02260","INC-02260",19053.62,15944.95,3541.87
"LOSS-02261","INC-02261",3378.43,5515.61,49009.58
"LOSS-02262","INC-02262",318350.93,21113.09,106143.61
"LOSS-02263","INC-02263",13280.88,5912.42,7513.75
"LOSS-02264","INC-02264",5788.49,20841.86,9635.97
"LOSS-02265","INC-02265",8563.18,9274.39,124114.14
"LOSS-02266","INC-02266",17019.76,66611.64,50903.43
"LOSS-02267","INC-02267",18660.7,12189.37,93259.39
"LOSS-02268","INC-02268",1677.64,9760.67,28209.61
"LOSS-02269","INC-02269",1253.71,10595.44,59878.58
"LOSS-02270","INC-02270",9046.14,13896.92,105696.64
"LOSS-02271","INC-02271",22852.19,11039.05,94395.89
"LOSS-02272","INC-02272",11687.1,4464.76,10909.07
"LOSS-02273","INC-02273",27598.74,20117.87,25957.42
"LOSS-02274","INC-02274",14811.93,2856.54,32041.95
"LOSS-02275","INC-02275",14936.93,31029.58,35389.51
"LOSS-02276","INC-02276",53113.52,26667.45,38485.68
"LOSS-02277","INC-02277",3421.7,9510.53,13863.82
"LOSS-02278","INC-02278",4486.21,21233.82,100419.6
"LOSS-02279","INC-02279",14596.14,10242.7,10218.38
"LOSS-02280","INC-02280",12759.08,2468.39,127831.48
"LOSS-02281","INC-02281",1110.8,5084.4,7318.68
"LOSS-02282","INC-02282",16946.23,12549.39,20701.35
"LOSS-02283","INC-02283",2724.7,346.09,57891.62
"LOSS-02284","INC-02284",2905.78,1007.03,19390.73
"LOSS-02285","INC-02285",55665.37,2047.81,8802.72
"LOSS-02286","INC-02286",31582.48,30660.66,4859
"LOSS-02287","INC-02287",4683.68,1431.23,61632.8
"LOSS-02288","INC-02288",52400.55,2222.53,33072.05
"LOSS-02289","INC-02289",5827.26,1139.74,27170.99
"LOSS-02290","INC-02290",27685.06,447.92,22291.92
"LOSS-02291","INC-02291",39211.21,21757.7,46588.17
"LOSS-02292","INC-02292",37459.03,8935.71,38156.86
"LOSS-02293","INC-02293",34705.59,8303.78,19058.61
"LOSS-02294","INC-02294",7425.43,6166.95,83372.32
"LOSS-02295","INC-02295",5728.82,5643.82,52932.59
"LOSS-02296","INC-02296",34680.31,11478.71,8851.4
"LOSS-02297","INC-02297",9212.14,1484.68,19656.16
"LOSS-02298","INC-02298",5001.85,930.72,5837.24
"LOSS-02299","INC-02299",3551.07,5469.54,5718.71
"LOSS-02300","INC-02300",36372.85,4941.61,55716.59
"LOSS-02301","INC-02301",21121.8,2435.83,78819.76
"LOSS-02302","INC-02302",43460.79,6262.74,280739.87
"LOSS-02303","INC-02303",5326.44,5778.17,31372.18
"LOSS-02304","INC-02304",12831.87,721.54,11430.31
"LOSS-02305","INC-02305",3339.18,9508.97,28229.27
"LOSS-02306","INC-02306",10788.37,3600.05,2396.29
"LOSS-02307","INC-02307",4246.28,1364.22,13848
"LOSS-02308","INC-02308",14601.88,3938.74,4683.83
"LOSS-02309","INC-02309",9531.56,2483.89,21294.58
"LOSS-02310","INC-02310",42007.42,6707.77,215554.73
"LOSS-02311","INC-02311",13591.83,4507.39,62158.55
"LOSS-02312","INC-02312",6607.89,5188.58,13980.52
"LOSS-02313","INC-02313",1736.74,2658.94,10832.34
"LOSS-02314","INC-02314",6292.91,6721.84,26614.77
"LOSS-02315","INC-02315",5507.76,8467.01,14595.9
"LOSS-02316","INC-02316",31192.07,2267.54,71582.43
"LOSS-02317","INC-02317",15636.5,306.25,14256.9
"LOSS-02318","INC-02318",5498.3,4109.94,3414
"LOSS-02319","INC-02319",12430.58,9899.95,17424.33
"LOSS-02320","INC-02320",11317.98,87230.03,21636.14
"LOSS-02321","INC-02321",13757.34,15169.23,47906.41
"LOSS-02322","INC-02322",7350.24,465.54,8494.5
"LOSS-02323","INC-02323",32370.02,29781.86,20813.64
"LOSS-02324","INC-02324",36663.44,81638.35,23146.67
"LOSS-02325","INC-02325",3070.34,29994.45,95846.53
"LOSS-02326","INC-02326",26798.97,8736.18,57566.02
"LOSS-02327","INC-02327",4689.13,1359.51,267325.33
"LOSS-02328","INC-02328",12355.64,2284.32,63946.21
"LOSS-02329","INC-02329",26928.63,3504.42,8573.94
"LOSS-02330","INC-02330",16222.32,15388.74,1245.58
"LOSS-02331","INC-02331",9813.91,1981.84,23609.3
"LOSS-02332","INC-02332",10895.85,2476.49,20104.34
"LOSS-02333","INC-02333",93967.59,1636.72,14928.13
"LOSS-02334","INC-02334",41632.43,2578.97,104355.84
"LOSS-02335","INC-02335",10000.67,1323.05,42657.77
"LOSS-02336","INC-02336",7181.1,50759.22,21458.15
"LOSS-02337","INC-02337",62422.11,3483.87,23717.86
"LOSS-02338","INC-02338",10828.37,5235.9,227633.39
"LOSS-02339","INC-02339",14806.07,3488.95,3000.72
"LOSS-02340","INC-02340",36658.25,40661.55,3409.16
"LOSS-02341","INC-02341",5360.14,20496.06,37567.03
"LOSS-02342","INC-02342",6402.99,1962.9,32473.22
"LOSS-02343","INC-02343",6754.03,42497.26,75842.16
"LOSS-02344","INC-02344",11746.71,3361.8,12360.14
"LOSS-02345","INC-02345",883.1,33786.58,72253.4
"LOSS-02346","INC-02346",6514.78,3558.23,58072.81
"LOSS-02347","INC-02347",20074.3,2318,7610.04
"LOSS-02348","INC-02348",13518.41,5221.6,12469.72
"LOSS-02349","INC-02349",14053.69,1734.27,192152.99
"LOSS-02350","INC-02350",2024.61,10322.76,5371.32
"LOSS-02351","INC-02351",12289.76,3747.23,24204.7
"LOSS-02352","INC-02352",8824.17,4316.58,87196.47
"LOSS-02353","INC-02353",10100.48,3790.87,27364.77
"LOSS-02354","INC-02354",24168.13,42014.62,15772.27
"LOSS-02355","INC-02355",42111.84,24074.17,87746.13
"LOSS-02356","INC-02356",7692.25,5299.87,10024.98
"LOSS-02357","INC-02357",5445.41,16299.09,22144.87
"LOSS-02358","INC-02358",7725.32,10773.99,57246.83
"LOSS-02359","INC-02359",21469.01,10103.32,13340.39
"LOSS-02360","INC-02360",8790.38,386.07,40717.29
"LOSS-02361","INC-02361",6518.62,28509.76,117767.07
"LOSS-02362","INC-02362",9391.63,3180.79,14655.97
"LOSS-02363","INC-02363",38328.55,15049.06,687504.55
"LOSS-02364","INC-02364",3941.63,44138.06,15712.47
"LOSS-02365","INC-02365",7253.42,2531.01,63674.2
"LOSS-02366","INC-02366",3443.34,785.36,125520.13
"LOSS-02367","INC-02367",92850.34,40494.26,17334.04
"LOSS-02368","INC-02368",6166.82,14026.02,13977.31
"LOSS-02369","INC-02369",24490.83,1196.38,5146.21
"LOSS-02370","INC-02370",10279.6,2760.24,47802.98
"LOSS-02371","INC-02371",8305.21,1713.2,100318.34
"LOSS-02372","INC-02372",6893.89,2961.33,2960.35
"LOSS-02373","INC-02373",4430.99,17138.87,41659.43
"LOSS-02374","INC-02374",37857.2,31987.83,98763.67
"LOSS-02375","INC-02375",18507.49,11839.64,87205.42
"LOSS-02376","INC-02376",10210.08,444.93,138351.99
"LOSS-02377","INC-02377",3311.27,1591.65,28558.18
"LOSS-02378","INC-02378",6085.02,4669.99,5723.59
"LOSS-02379","INC-02379",25670.4,2076.33,36941.9
"LOSS-02380","INC-02380",3660.98,1167.44,48851.2
"LOSS-02381","INC-02381",5586.62,8180.55,60171.83
"LOSS-02382","INC-02382",21658.93,7318.54,15242.54
"LOSS-02383","INC-02383",14492.21,8326.76,186563.94
"LOSS-02384","INC-02384",5431.34,14562.48,62178.52
"LOSS-02385","INC-02385",51669.1,30659.75,20389.59
"LOSS-02386","INC-02386",3008.61,1778.72,66611.67
"LOSS-02387","INC-02387",40769.01,6985.33,123187.9
"LOSS-02388","INC-02388",22340.87,24822.26,2712.49
"LOSS-02389","INC-02389",1214.91,3851.99,69141.92
"LOSS-02390","INC-02390",13631.86,2731.93,218012.79
"LOSS-02391","INC-02391",22049.06,5802.57,17391.61
"LOSS-02392","INC-02392",4484.22,1001.72,12595.63
"LOSS-02393","INC-02393",9792.12,1545.39,45151.17
"LOSS-02394","INC-02394",1951.75,4702.57,27554.4
"LOSS-02395","INC-02395",3993.54,5815.37,29372.15
"LOSS-02396","INC-02396",11347.66,3603.1,72880.79
"LOSS-02397","INC-02397",12980.3,8401.35,61877.62
"LOSS-02398","INC-02398",9194.3,1799.13,8296.9
"LOSS-02399","INC-02399",4562.24,7944.11,18121.52
"LOSS-02400","INC-02400",17922.57,901.98,21845.69
"LOSS-02401","INC-02401",37328.21,5806.89,28362.86
"LOSS-02402","INC-02402",5427.12,2435.67,53207.16
"LOSS-02403","INC-02403",10472.49,5810.21,15626.89
"LOSS-02404","INC-02404",5819.23,7519.14,7559.42
"LOSS-02405","INC-02405",9127.99,1395.98,14910.28
"LOSS-02406","INC-02406",11623.17,6985.07,9427.17
"LOSS-02407","INC-02407",8936.14,9810.29,3383.59
"LOSS-02408","INC-02408",6941.34,8766.39,34803.27
"LOSS-02409","INC-02409",6178.14,42609.31,9810.41
"LOSS-02410","INC-02410",10239.87,21520.41,3537.29
"LOSS-02411","INC-02411",8097.24,7351.07,39363.86
"LOSS-02412","INC-02412",5741.93,15324.23,20479.67
"LOSS-02413","INC-02413",14434.3,56004.53,54080.98
"LOSS-02414","INC-02414",14819.93,3515.82,246347.2
"LOSS-02415","INC-02415",11733.89,1134.65,15899.72
"LOSS-02416","INC-02416",3290.91,2432.47,76440.9
"LOSS-02417","INC-02417",14801.29,2282.23,9842.48
"LOSS-02418","INC-02418",15150.91,54998.32,18088.96
"LOSS-02419","INC-02419",7456.72,18466.81,12703.51
"LOSS-02420","INC-02420",17216.65,5442.5,6919.08
"LOSS-02421","INC-02421",35043.88,1546.97,5672.65
"LOSS-02422","INC-02422",13736.37,4850.3,846464.34
"LOSS-02423","INC-02423",21271.14,16802.56,2126.9
"LOSS-02424","INC-02424",35688.13,1324.76,18237.95
"LOSS-02425","INC-02425",51994.17,433.05,4753.24
"LOSS-02426","INC-02426",6119.71,13951,7731.58
"LOSS-02427","INC-02427",6582.47,869.21,22647.75
"LOSS-02428","INC-02428",7122.98,21736.66,4599.66
"LOSS-02429","INC-02429",29764.65,12467.96,9577.63
"LOSS-02430","INC-02430",17707.05,713.93,11160.49
"LOSS-02431","INC-02431",25790.96,4381.85,16600.9
"LOSS-02432","INC-02432",13378.74,1035.15,3875.28
"LOSS-02433","INC-02433",7417.07,528.58,1079.83
"LOSS-02434","INC-02434",2307.33,2079.56,10616.88
"LOSS-02435","INC-02435",1799.65,2512.02,56173.91
"LOSS-02436","INC-02436",73955.67,20995.77,16407.66
"LOSS-02437","INC-02437",9936.41,4898.01,11711.77
"LOSS-02438","INC-02438",17295.85,6264.46,106764.68
"LOSS-02439","INC-02439",19820.93,1903.86,19961.97
"LOSS-02440","INC-02440",42037.66,4088.18,9816.82
"LOSS-02441","INC-02441",18647.53,3650.25,59122.26
"LOSS-02442","INC-02442",10161.59,3816.55,11000.62
"LOSS-02443","INC-02443",20803.48,7445.38,21163.16
"LOSS-02444","INC-02444",14006.87,6412.79,34334.06
"LOSS-02445","INC-02445",5278.22,113.81,27502.3
"LOSS-02446","INC-02446",25809.35,5750.44,22904.71
"LOSS-02447","INC-02447",11666.09,6196.87,5743.94
"LOSS-02448","INC-02448",9559.53,2845.98,34220.3
"LOSS-02449","INC-02449",3941.26,20463.71,74370.38
"LOSS-02450","INC-02450",31196.31,2049.25,107789.87
"LOSS-02451","INC-02451",6701.72,6880.97,31908.41
"LOSS-02452","INC-02452",8961.89,13457.11,18231.82
"LOSS-02453","INC-02453",9624.18,6431.31,6256.07
"LOSS-02454","INC-02454",9348.87,3908.59,14166.2
"LOSS-02455","INC-02455",17251.58,1184.2,17222.19
"LOSS-02456","INC-02456",24389.89,17832.73,43212.34
"LOSS-02457","INC-02457",16926.29,1992.66,58147.96
"LOSS-02458","INC-02458",2272.9,15883.6,5857.61
"LOSS-02459","INC-02459",889.48,12083.24,5089.63
"LOSS-02460","INC-02460",6870.43,11384.02,10181.13
"LOSS-02461","INC-02461",8256.3,3609.03,300264.74
"LOSS-02462","INC-02462",8526.52,316.79,100942.08
"LOSS-02463","INC-02463",2458.45,10561.1,55015.01
"LOSS-02464","INC-02464",5017.27,2842.69,17095.04
"LOSS-02465","INC-02465",1605,1398.95,60049.17
"LOSS-02466","INC-02466",138549.4,1253.26,28091.04
"LOSS-02467","INC-02467",17096.14,2527.09,29750.47
"LOSS-02468","INC-02468",9836.41,3094.84,26380.66
"LOSS-02469","INC-02469",1494.97,16014.19,24753.57
"LOSS-02470","INC-02470",7579.61,7029.44,21471.91
"LOSS-02471","INC-02471",22481.12,2609.79,13287.79
"LOSS-02472","INC-02472",21551.35,5816.89,62774.64
"LOSS-02473","INC-02473",15585.43,15154.18,21434.11
"LOSS-02474","INC-02474",40540.31,2292.45,303896.55
"LOSS-02475","INC-02475",1617.98,22951.29,39746.49
"LOSS-02476","INC-02476",3286.4,2436.77,7027.35
"LOSS-02477","INC-02477",9709.23,3713.08,91760.45
"LOSS-02478","INC-02478",11490.82,6015.35,69364.86
"LOSS-02479","INC-02479",5811.35,15790.95,31045.49
"LOSS-02480","INC-02480",32788.93,38770.41,10306.19
"LOSS-02481","INC-02481",1283.57,13554.49,12373.64
"LOSS-02482","INC-02482",3589.22,520.03,15004.34
"LOSS-02483","INC-02483",49213.25,1648.45,27525.97
"LOSS-02484","INC-02484",24157.5,4247.06,63530.87
"LOSS-02485","INC-02485",2169.59,2318.25,22245.55
"LOSS-02486","INC-02486",22550.86,2763.57,7532.45
"LOSS-02487","INC-02487",14264.97,5320.81,52052.61
"LOSS-02488","INC-02488",2615.15,1680.22,14978.95
"LOSS-02489","INC-02489",14179.83,2531.32,7510.89
"LOSS-02490","INC-02490",24173.07,10608.33,11395.07
"LOSS-02491","INC-02491",3658.84,101.67,45154.46
"LOSS-02492","INC-02492",16641.78,5784.01,94660.82
"LOSS-02493","INC-02493",2876.32,1680.49,29709.51
"LOSS-02494","INC-02494",16809.96,7252.1,6999.33
"LOSS-02495","INC-02495",3703.22,2036.5,25020.94
"LOSS-02496","INC-02496",6797.12,3431.77,51842.41
"LOSS-02497","INC-02497",3492.12,11070.27,27278.65
"LOSS-02498","INC-02498",19883.93,15432.99,13058.47
"LOSS-02499","INC-02499",8565.96,8694.83,232823.74
"LOSS-02500","INC-02500",16293.86,832.2,2646.28
"LOSS-02501","INC-02501",18349.12,14809.75,24907.85
"LOSS-02502","INC-02502",9852.29,1592.63,21550.64
"LOSS-02503","INC-02503",9033.94,115090.6,61647.55
"LOSS-02504","INC-02504",14764.18,19076.88,21382.83
"LOSS-02505","INC-02505",17834.71,21676.7,71905.06
"LOSS-02506","INC-02506",9731.49,43653.92,4154.39
"LOSS-02507","INC-02507",15043.54,4511.92,75374.43
"LOSS-02508","INC-02508",22042.51,1968.73,9887.66
"LOSS-02509","INC-02509",19533.63,3239.2,12031.27
"LOSS-02510","INC-02510",36668.15,9792.04,24088.98
"LOSS-02511","INC-02511",1493.36,11411.38,57145.5
"LOSS-02512","INC-02512",13973.35,5104.98,48719.75
"LOSS-02513","INC-02513",11553.72,7826.84,48783.36
"LOSS-02514","INC-02514",4598.83,17526.74,126956.83
"LOSS-02515","INC-02515",4661.46,2302.71,11270.52
"LOSS-02516","INC-02516",16718.49,7971.37,8603.28
"LOSS-02517","INC-02517",6936.65,505.64,13279.27
"LOSS-02518","INC-02518",7629.16,7002.32,21701.63
"LOSS-02519","INC-02519",16435.65,17226.94,15646.06
"LOSS-02520","INC-02520",31045.38,11160.36,12762.65
"LOSS-02521","INC-02521",78183.78,4444.17,125986.99
"LOSS-02522","INC-02522",21372.63,11602.39,3348.79
"LOSS-02523","INC-02523",73276.7,40864.8,247176.27
"LOSS-02524","INC-02524",35299.39,4485.78,23472.72
"LOSS-02525","INC-02525",13815.14,286.45,150728.49
"LOSS-02526","INC-02526",12760.03,8220.67,74216.97
"LOSS-02527","INC-02527",68248.74,12271.89,258872.35
"LOSS-02528","INC-02528",3594.18,8561.14,105342.73
"LOSS-02529","INC-02529",10555.94,35021.81,28908.87
"LOSS-02530","INC-02530",11996.54,2395.85,3688.11
"LOSS-02531","INC-02531",953.34,6179.78,44558.79
"LOSS-02532","INC-02532",6962.08,37414,52571.86
"LOSS-02533","INC-02533",13996.9,1977.2,30555.42
"LOSS-02534","INC-02534",584.68,2048.96,7815.82
"LOSS-02535","INC-02535",14297.97,2880.75,12290.31
"LOSS-02536","INC-02536",7439.18,620.32,11948.59
"LOSS-02537","INC-02537",15409.4,4631.49,12264.63
"LOSS-02538","INC-02538",20285.69,1109.11,40995.95
"LOSS-02539","INC-02539",41105.41,559.26,34015.44
"LOSS-02540","INC-02540",1834.65,12133.9,27250.23
"LOSS-02541","INC-02541",10318.87,1554.77,4532.08
"LOSS-02542","INC-02542",5255.64,23349.88,5157.12
"LOSS-02543","INC-02543",10199.55,3717,15788.12
"LOSS-02544","INC-02544",8698.07,5983.04,17819.51
"LOSS-02545","INC-02545",3053.67,39099.66,39620.88
"LOSS-02546","INC-02546",1624.87,8499.54,7086.52
"LOSS-02547","INC-02547",82480.21,2989.35,72199.48
"LOSS-02548","INC-02548",2632.25,2907.35,138325
"LOSS-02549","INC-02549",13030.16,5495.65,71922.65
"LOSS-02550","INC-02550",3265.4,5272.14,66482.77
"LOSS-02551","INC-02551",44700.52,3465.14,4829.64
"LOSS-02552","INC-02552",1690.37,3640.39,17753.57
"LOSS-02553","INC-02553",4070.04,5730.6,11040.56
"LOSS-02554","INC-02554",2924.7,8869.04,50849.32
"LOSS-02555","INC-02555",10407.49,1519.35,11050.36
"LOSS-02556","INC-02556",6058.32,1828.74,26092.71
"LOSS-02557","INC-02557",107479.99,3400.46,17362.29
"LOSS-02558","INC-02558",9853.79,2874.72,22779.93
"LOSS-02559","INC-02559",37484.78,3389.21,22725.44
"LOSS-02560","INC-02560",22489.61,5023.22,43303.88
"LOSS-02561","INC-02561",19646.98,36810.57,15222.79
"LOSS-02562","INC-02562",16578.81,2687.22,11631.32
"LOSS-02563","INC-02563",13014.27,1941.24,337703.55
"LOSS-02564","INC-02564",4849.66,25916.15,1392.84
"LOSS-02565","INC-02565",7023.07,2624.29,22788.55
"LOSS-02566","INC-02566",15819.2,820.02,31948.11
"LOSS-02567","INC-02567",832.28,580.3,9567.04
"LOSS-02568","INC-02568",1547.75,1224.73,48584.89
"LOSS-02569","INC-02569",6499.58,1169.37,77772.68
"LOSS-02570","INC-02570",1531.44,4225.29,6794.79
"LOSS-02571","INC-02571",11086.74,805.86,41873.96
"LOSS-02572","INC-02572",15835.64,7864.34,32141.27
"LOSS-02573","INC-02573",23970.86,1848.27,42374.79
"LOSS-02574","INC-02574",30140.05,3543.56,42577.71
"LOSS-02575","INC-02575",17445.73,9020.16,24730.91
"LOSS-02576","INC-02576",17086.14,8122.99,2487.4
"LOSS-02577","INC-02577",12579.74,1017.37,20329.24
"LOSS-02578","INC-02578",10240.8,1968.67,22440.19
"LOSS-02579","INC-02579",4411.23,4311.46,49991.4
"LOSS-02580","INC-02580",91824.31,4573.23,27440.62
"LOSS-02581","INC-02581",4480.44,437.97,3000.33
"LOSS-02582","INC-02582",54029.23,1027.49,59547.35
"LOSS-02583","INC-02583",25309.24,8773.33,2413.21
"LOSS-02584","INC-02584",75757.67,2143.5,23251.48
"LOSS-02585","INC-02585",20570.77,674.67,68267.18
"LOSS-02586","INC-02586",6503.87,3037.73,97815.64
"LOSS-02587","INC-02587",7260.88,796.8,5892.02
"LOSS-02588","INC-02588",2538.49,14865.77,90208.41
"LOSS-02589","INC-02589",27937.2,54274.79,71244.93
"LOSS-02590","INC-02590",10365.29,5618.07,31727.73
"LOSS-02591","INC-02591",9341.54,3800.91,16669.17
"LOSS-02592","INC-02592",10686.53,3931.69,9914.48
"LOSS-02593","INC-02593",5251.97,5983.82,52744.16
"LOSS-02594","INC-02594",6480.72,3460.94,18281.84
"LOSS-02595","INC-02595",21518.99,996.93,2883.67
"LOSS-02596","INC-02596",36713.77,10362.9,61072.9
"LOSS-02597","INC-02597",10491.3,347.36,12021.67
"LOSS-02598","INC-02598",12649.82,2391.78,25848.46
"LOSS-02599","INC-02599",12485.52,3485.38,79789.03
"LOSS-02600","INC-02600",11953.46,3502.43,107545.99
"LOSS-02601","INC-02601",7771.23,13590.88,116614.14
"LOSS-02602","INC-02602",17538.19,706.25,9138.67
"LOSS-02603","INC-02603",20046.14,1039.32,41656.75
"LOSS-02604","INC-02604",12147.75,2767.74,26971.85
"LOSS-02605","INC-02605",17190.35,19679.84,5606.62
"LOSS-02606","INC-02606",5603.4,763.89,21838.1
"LOSS-02607","INC-02607",12000.67,13569.44,153311.22
"LOSS-02608","INC-02608",18422.85,4057.17,13555.49
"LOSS-02609","INC-02609",8890.91,9996.17,38948.19
"LOSS-02610","INC-02610",8742.26,19447.88,24428.87
"LOSS-02611","INC-02611",6216.6,2781.38,31145.61
"LOSS-02612","INC-02612",17560.51,4447.11,6369.66
"LOSS-02613","INC-02613",12771.05,1945.94,4004.45
"LOSS-02614","INC-02614",143221,546.19,19597.99
"LOSS-02615","INC-02615",8651.65,9052.8,21758.65
"LOSS-02616","INC-02616",11065.35,5114.29,38384.15
"LOSS-02617","INC-02617",3604.71,2206.71,18026.08
"LOSS-02618","INC-02618",24049.75,47165.59,14708.8
"LOSS-02619","INC-02619",7279.25,5453.74,43107.99
"LOSS-02620","INC-02620",11306.86,6122,57580.44
"LOSS-02621","INC-02621",25471.78,1110.49,18934.02
"LOSS-02622","INC-02622",45509.97,15332.5,9374.68
"LOSS-02623","INC-02623",7727.57,1315.4,41299.32
"LOSS-02624","INC-02624",6928.48,1669.15,28796.58
"LOSS-02625","INC-02625",12185.09,3199.42,19054.29
"LOSS-02626","INC-02626",33165.1,33515.71,11804.4
"LOSS-02627","INC-02627",11120.65,3120.34,21773.41
"LOSS-02628","INC-02628",11992.85,9399.16,43018.84
"LOSS-02629","INC-02629",21733.63,1488.4,51773.43
"LOSS-02630","INC-02630",20740.44,8245.26,6140.94
"LOSS-02631","INC-02631",29339.56,21300.53,47201.13
"LOSS-02632","INC-02632",1404.16,8531.48,49894.28
"LOSS-02633","INC-02633",3033.81,4696.64,4027.29
"LOSS-02634","INC-02634",3039.11,14440.9,2489.2
"LOSS-02635","INC-02635",14428.79,2842.55,10538.03
"LOSS-02636","INC-02636",2548.37,3168.21,13340.64
"LOSS-02637","INC-02637",7874.55,1941.62,14664.13
"LOSS-02638","INC-02638",15112.18,7198.63,14708.86
"LOSS-02639","INC-02639",68934.24,4009.12,36748.04
"LOSS-02640","INC-02640",7777.43,5253.17,38238.34
"LOSS-02641","INC-02641",9691.74,51238.02,38827.23
"LOSS-02642","INC-02642",12527.07,2278.76,23824.36
"LOSS-02643","INC-02643",5457,1438.2,8257.65
"LOSS-02644","INC-02644",403.61,615.19,274028.66
"LOSS-02645","INC-02645",44858.95,466.97,2426.47
"LOSS-02646","INC-02646",7019.26,736.74,48408.85
"LOSS-02647","INC-02647",4832.27,50840.73,46545.56
"LOSS-02648","INC-02648",13199.17,13641.73,2670.48
"LOSS-02649","INC-02649",5337.58,15474.4,3802.54
"LOSS-02650","INC-02650",24838.93,668.06,25637.19
"LOSS-02651","INC-02651",6284.86,10836.89,6867.37
"LOSS-02652","INC-02652",23289.58,1252.6,13835.81
"LOSS-02653","INC-02653",7835.79,1739.77,1455.84
"LOSS-02654","INC-02654",3720.56,4913.79,81737.44
"LOSS-02655","INC-02655",20686.07,10061.9,13532.15
"LOSS-02656","INC-02656",113732.4,3607.57,5640.28
"LOSS-02657","INC-02657",3668.39,3296.66,4359.53
"LOSS-02658","INC-02658",6369.42,2259.16,85370.26
"LOSS-02659","INC-02659",3073.62,3620.53,1258.79
"LOSS-02660","INC-02660",48629.62,202.85,78934.71
"LOSS-02661","INC-02661",11240.46,1208.84,72828.86
"LOSS-02662","INC-02662",965.75,3975.92,12857.34
"LOSS-02663","INC-02663",1100.18,64279.24,76942.14
"LOSS-02664","INC-02664",25315.33,1698.31,20471.81
"LOSS-02665","INC-02665",13348.54,1481.98,17406.7
"LOSS-02666","INC-02666",1352.99,3186.66,60547.92
"LOSS-02667","INC-02667",2968.66,233.63,7449.21
"LOSS-02668","INC-02668",14740.38,8398.71,5522.31
"LOSS-02669","INC-02669",10350.15,42307.02,31728.98
"LOSS-02670","INC-02670",1531.25,41958.01,36018.75
"LOSS-02671","INC-02671",21005.15,1911.16,186088.58
"LOSS-02672","INC-02672",6466.02,6176.18,11401.99
"LOSS-02673","INC-02673",34343.58,14586.86,98039.21
"LOSS-02674","INC-02674",15527.21,21495.34,12072.59
"LOSS-02675","INC-02675",32299.51,13919.8,44502.61
"LOSS-02676","INC-02676",1388.56,966.56,13946.91
"LOSS-02677","INC-02677",20881.37,635.4,17918.09
"LOSS-02678","INC-02678",28320.01,7589.31,9956.84
"LOSS-02679","INC-02679",16716.83,6756.46,159392.82
"LOSS-02680","INC-02680",3243.52,719.82,164860.61
"LOSS-02681","INC-02681",9435.49,13510.21,64666.6
"LOSS-02682","INC-02682",1455.31,12378.21,8157.58
"LOSS-02683","INC-02683",5587.4,1040.79,6158.66
"LOSS-02684","INC-02684",4683.51,5433.51,100705.01
"LOSS-02685","INC-02685",13977.15,5674.55,29626.94
"LOSS-02686","INC-02686",86159.12,3005.39,23896.36
"LOSS-02687","INC-02687",13858.39,18373.88,31012.45
"LOSS-02688","INC-02688",6516.78,1404.74,10118.01
"LOSS-02689","INC-02689",24926.61,5178.5,19767.65
"LOSS-02690","INC-02690",21306.48,1808.68,41474.56
"LOSS-02691","INC-02691",12692.27,2581.69,26504.48
"LOSS-02692","INC-02692",5129.59,13316.73,24832.38
"LOSS-02693","INC-02693",17731.96,8204.58,10628.99
"LOSS-02694","INC-02694",19745.54,3446.99,28457.83
"LOSS-02695","INC-02695",13251.48,1299.77,17559.98
"LOSS-02696","INC-02696",67715.76,5407.8,32749.95
"LOSS-02697","INC-02697",99322.73,1641.05,5178.83
"LOSS-02698","INC-02698",3680.5,2404.03,81765.39
"LOSS-02699","INC-02699",14785.87,954.72,90448.46
"LOSS-02700","INC-02700",2885.96,900.32,138627.14
"LOSS-02701","INC-02701",5740.55,527.17,11785.27
"LOSS-02702","INC-02702",6409.05,3202.88,47147.17
"LOSS-02703","INC-02703",8596.88,647.37,12880.86
"LOSS-02704","INC-02704",57419.62,103050.68,11087.36
"LOSS-02705","INC-02705",4315.03,5424.92,8245.25
"LOSS-02706","INC-02706",16554.74,1424.69,216880.97
"LOSS-02707","INC-02707",21744.82,19765.64,33847.28
"LOSS-02708","INC-02708",12607.1,3845.4,44397.56
"LOSS-02709","INC-02709",17325.19,3948.31,9052.63
"LOSS-02710","INC-02710",5164.59,2263.03,225315.5
"LOSS-02711","INC-02711",6257.95,2731.57,18463.89
"LOSS-02712","INC-02712",5011.62,1028.8,30213.48
"LOSS-02713","INC-02713",1104.96,3832.71,32560.82
"LOSS-02714","INC-02714",18508.53,1284.44,30215.77
"LOSS-02715","INC-02715",6532.46,6648.91,15957.55
"LOSS-02716","INC-02716",8297.39,34837.04,12526.6
"LOSS-02717","INC-02717",19249.86,8236.08,15361.95
"LOSS-02718","INC-02718",10403.35,6014.93,205767.32
"LOSS-02719","INC-02719",8853.34,18735,199661.88
"LOSS-02720","INC-02720",5830.45,6661.31,58638.02
"LOSS-02721","INC-02721",49804.58,767.64,11102.17
"LOSS-02722","INC-02722",11378.84,14000.94,6876.62
"LOSS-02723","INC-02723",11154.34,1900.42,25379.11
"LOSS-02724","INC-02724",26366.93,2575.18,34063.81
"LOSS-02725","INC-02725",14463.51,2444.53,46853.13
"LOSS-02726","INC-02726",4104.29,2746.72,32346.24
"LOSS-02727","INC-02727",6591.57,1476.26,268680.11
"LOSS-02728","INC-02728",4549.97,12073.93,24032.97
"LOSS-02729","INC-02729",1838.12,10810.55,17993.44
"LOSS-02730","INC-02730",8375.09,3538.32,7789.52
"LOSS-02731","INC-02731",17924.94,1976.96,14559.81
"LOSS-02732","INC-02732",5894.89,7881.15,48414.54
"LOSS-02733","INC-02733",15385.77,6390.92,126752.56
"LOSS-02734","INC-02734",21069.9,8775.35,9553.03
"LOSS-02735","INC-02735",8839.97,10882.54,15916.96
"LOSS-02736","INC-02736",6157.18,3967.71,40927.5
"LOSS-02737","INC-02737",4904.35,7169.55,26525.29
"LOSS-02738","INC-02738",7484.8,1559.52,121978.24
"LOSS-02739","INC-02739",47297.36,26292.19,5814.19
"LOSS-02740","INC-02740",10841.03,12040.53,8385.55
"LOSS-02741","INC-02741",6234.24,49948.4,954.8
"LOSS-02742","INC-02742",6307.92,817.77,15669.1
"LOSS-02743","INC-02743",10647.67,38870.55,13120.78
"LOSS-02744","INC-02744",11286.39,2036.36,29593.8
"LOSS-02745","INC-02745",38011.21,1778.33,61918.31
"LOSS-02746","INC-02746",6481.05,3609.13,5110.42
"LOSS-02747","INC-02747",26289.96,382.07,8110.56
"LOSS-02748","INC-02748",5265.96,6122.9,52264.87
"LOSS-02749","INC-02749",12329.51,3599.7,56297.24
"LOSS-02750","INC-02750",7004.64,16158.83,73583.86
"LOSS-02751","INC-02751",27062.52,3629.93,51598.74
"LOSS-02752","INC-02752",40027.25,29502.33,54588.82
"LOSS-02753","INC-02753",45952.39,1678.5,51481.85
"LOSS-02754","INC-02754",19624.39,15620.94,7445.75
"LOSS-02755","INC-02755",5970.87,58734.05,36914.78
"LOSS-02756","INC-02756",8740.89,10452.2,405917.43
"LOSS-02757","INC-02757",13377.57,6275.47,69568.67
"LOSS-02758","INC-02758",1227.37,4691.49,35325.67
"LOSS-02759","INC-02759",40961.88,2839.66,27771.72
"LOSS-02760","INC-02760",3398.27,5512.71,46006.7
"LOSS-02761","INC-02761",6251.95,1260.18,153396.13
"LOSS-02762","INC-02762",37483.87,144707.36,62280.67
"LOSS-02763","INC-02763",14909.83,4632.36,14213.7
"LOSS-02764","INC-02764",15872.39,2103.04,70892.06
"LOSS-02765","INC-02765",4676.48,1892.58,30021.2
"LOSS-02766","INC-02766",1994.82,14922.5,7632.39
"LOSS-02767","INC-02767",4485.26,3410.71,76444.03
"LOSS-02768","INC-02768",16350.45,28397.48,19250.19
"LOSS-02769","INC-02769",20276.04,23571,20049.79
"LOSS-02770","INC-02770",10335.66,14174.37,63870.89
"LOSS-02771","INC-02771",6673.21,6379.95,172091.9
"LOSS-02772","INC-02772",14472.49,1671.29,44934.33
"LOSS-02773","INC-02773",5311.19,7302.85,23008.98
"LOSS-02774","INC-02774",16504.48,2511.84,34687.21
"LOSS-02775","INC-02775",3289.95,1177.81,18232.41
"LOSS-02776","INC-02776",63666.61,21963.02,22590.06
"LOSS-02777","INC-02777",661.83,475.1,5601.99
"LOSS-02778","INC-02778",40861.26,136167.75,23929.77
"LOSS-02779","INC-02779",5139.39,3114.41,11474.44
"LOSS-02780","INC-02780",34623.33,4946.78,12990.66
"LOSS-02781","INC-02781",2297.81,89903.56,17733.53
"LOSS-02782","INC-02782",7110.05,11630.64,41123.52
"LOSS-02783","INC-02783",12219.86,4028.71,137712.2
"LOSS-02784","INC-02784",3606.53,1201.94,17253.83
"LOSS-02785","INC-02785",5797.74,1782.15,2582.29
"LOSS-02786","INC-02786",16237.17,6562.27,21747.5
"LOSS-02787","INC-02787",17128.41,7980.58,16899.27
"LOSS-02788","INC-02788",2899.4,996.52,32095.37
"LOSS-02789","INC-02789",3616.95,9251.25,10061.05
"LOSS-02790","INC-02790",12175.33,3146.28,39057.45
"LOSS-02791","INC-02791",40839.34,4065.88,54945
"LOSS-02792","INC-02792",20891.33,8835.98,935.11
"LOSS-02793","INC-02793",2165.85,1733.38,18452.9
"LOSS-02794","INC-02794",4817.11,1722.09,4031.69
"LOSS-02795","INC-02795",1574.65,7514.74,21409.56
"LOSS-02796","INC-02796",21685.43,40000.53,88012.15
"LOSS-02797","INC-02797",4142.06,15031.48,14628.72
"LOSS-02798","INC-02798",9790.17,423.23,14385.65
"LOSS-02799","INC-02799",18199.36,942.85,35871.34
"LOSS-02800","INC-02800",8664.14,13683,17984.32
"LOSS-02801","INC-02801",4232.16,1610.97,9298.03
"LOSS-02802","INC-02802",11104.87,43351.93,40635.77
"LOSS-02803","INC-02803",2614.07,2536.39,4208.59
"LOSS-02804","INC-02804",106346.54,5609.55,22710.88
"LOSS-02805","INC-02805",815.8,12608.01,26051.91
"LOSS-02806","INC-02806",89650.69,3922.22,27204.94
"LOSS-02807","INC-02807",17525.23,8611.25,1776.37
"LOSS-02808","INC-02808",5520.67,5496.43,9036.89
"LOSS-02809","INC-02809",13028.05,2149.68,12937.35
"LOSS-02810","INC-02810",9430.56,2680.53,62691.21
"LOSS-02811","INC-02811",94133.44,1751.37,20466.8
"LOSS-02812","INC-02812",90037.56,5483.21,3834.28
"LOSS-02813","INC-02813",21308.15,4537.6,134626.98
"LOSS-02814","INC-02814",7448.8,2050.95,11412.37
"LOSS-02815","INC-02815",11517.76,4052.79,54736.3
"LOSS-02816","INC-02816",4531.89,10792.23,97449.91
"LOSS-02817","INC-02817",3799.41,6747.74,11557.1
"LOSS-02818","INC-02818",7300.21,10310.58,9182.77
"LOSS-02819","INC-02819",45746.87,5080.67,5978.36
"LOSS-02820","INC-02820",6134.56,10929.4,144695.66
"LOSS-02821","INC-02821",13042.44,718.27,24839.97
"LOSS-02822","INC-02822",36054.24,2990.37,10880.64
"LOSS-02823","INC-02823",15123.58,3647.6,3439.47
"LOSS-02824","INC-02824",16777.02,4997.46,10986.19
"LOSS-02825","INC-02825",5147,719.38,26862.15
"LOSS-02826","INC-02826",11177.69,26780.41,14897.56
"LOSS-02827","INC-02827",3689.1,15609.04,27040.62
"LOSS-02828","INC-02828",4648.99,5959.79,115062.48
"LOSS-02829","INC-02829",3099.54,15914.56,25336.08
"LOSS-02830","INC-02830",6356.28,4133.61,111284.8
"LOSS-02831","INC-02831",13834.87,11583.84,7360.84
"LOSS-02832","INC-02832",8949.4,13895.17,60584.46
"LOSS-02833","INC-02833",3731.12,16019.39,9615.98
"LOSS-02834","INC-02834",3739.78,3819.01,51626.26
"LOSS-02835","INC-02835",2589.48,4065.46,63211.75
"LOSS-02836","INC-02836",14974.48,31088.52,13810.71
"LOSS-02837","INC-02837",13018.97,992.6,75954.12
"LOSS-02838","INC-02838",2406.76,11583.28,15315.38
"LOSS-02839","INC-02839",1841.01,13841.27,32034.88
"LOSS-02840","INC-02840",9227.23,539.7,41297.01
"LOSS-02841","INC-02841",6245.97,3677.37,24680.39
"LOSS-02842","INC-02842",2959.73,30771.09,8496.14
"LOSS-02843","INC-02843",28013.48,5542.71,40999.87
"LOSS-02844","INC-02844",9263.11,3177.25,123723.26
"LOSS-02845","INC-02845",9702.53,2013.8,18055.89
"LOSS-02846","INC-02846",18316.48,3103.16,102478.19
"LOSS-02847","INC-02847",15068.82,10886.23,28473.96
"LOSS-02848","INC-02848",7129.85,6903.56,91964.65
"LOSS-02849","INC-02849",3182.89,10002.58,109560.97
"LOSS-02850","INC-02850",32282.1,3210.09,76724.51
"LOSS-02851","INC-02851",1788.65,2844.31,59590.04
"LOSS-02852","INC-02852",39318.45,1602.26,8416.14
"LOSS-02853","INC-02853",5761.74,8369.1,79838.7
"LOSS-02854","INC-02854",78862.95,18799.1,3849.06
"LOSS-02855","INC-02855",8064.6,3837.55,70112.03
"LOSS-02856","INC-02856",5702.06,15792.45,86719.85
"LOSS-02857","INC-02857",10313.37,4956.05,92346.97
"LOSS-02858","INC-02858",36939.9,2873.46,69792.23
"LOSS-02859","INC-02859",1620.27,10347.23,115813.46
"LOSS-02860","INC-02860",7273.63,974.3,24102.23
"LOSS-02861","INC-02861",13287.26,1881.83,9767.29
"LOSS-02862","INC-02862",11473.22,19852.35,21906
"LOSS-02863","INC-02863",11113.9,10263.04,134772.35
"LOSS-02864","INC-02864",7162.89,6072.5,106729.13
"LOSS-02865","INC-02865",3164.13,3701.61,10574.56
"LOSS-02866","INC-02866",173047.17,6507.02,52115.1
"LOSS-02867","INC-02867",2318.35,317.34,13259.23
"LOSS-02868","INC-02868",26469.38,2101.07,6365.52
"LOSS-02869","INC-02869",3268.74,2026.01,426611.61
"LOSS-02870","INC-02870",1340.91,5178.88,25646.63
"LOSS-02871","INC-02871",11507.13,11512.94,9514.34
"LOSS-02872","INC-02872",81549.71,887.37,153535.84
"LOSS-02873","INC-02873",18567.92,2785.89,66483.31
"LOSS-02874","INC-02874",1924.37,1995.8,186334.3
"LOSS-02875","INC-02875",5123.15,5184.14,2550.51
"LOSS-02876","INC-02876",4673.63,5010.02,2235.41
"LOSS-02877","INC-02877",3149.09,1353.7,44529.32
"LOSS-02878","INC-02878",27656.42,1091.61,6227.78
"LOSS-02879","INC-02879",117952.87,4875.3,8181.87
"LOSS-02880","INC-02880",2313.89,15686.91,6377.6
"LOSS-02881","INC-02881",22522.37,2348.37,16668.34
"LOSS-02882","INC-02882",3406.88,33514.21,79610.55
"LOSS-02883","INC-02883",29563.82,3714.39,111138.83
"LOSS-02884","INC-02884",12339.94,1391.2,10826.54
"LOSS-02885","INC-02885",7455.9,2253.97,8557.45
"LOSS-02886","INC-02886",20131.7,4550.17,56529.14
"LOSS-02887","INC-02887",90262.45,4887.22,158258.07
"LOSS-02888","INC-02888",40622.06,12725.45,21588.13
"LOSS-02889","INC-02889",8130.7,7636.86,10612.08
"LOSS-02890","INC-02890",21065.35,3049.7,62824.02
"LOSS-02891","INC-02891",3313.96,24300.4,47358.93
"LOSS-02892","INC-02892",15217.18,12096.84,43270.31
"LOSS-02893","INC-02893",25862.51,3505.19,45496.18
"LOSS-02894","INC-02894",15663.05,2157.45,14740.65
"LOSS-02895","INC-02895",5450.95,17675.98,12511.03
"LOSS-02896","INC-02896",9460.81,8057.62,11220.82
"LOSS-02897","INC-02897",5532.98,11207.79,11170.63
"LOSS-02898","INC-02898",15411.41,4958.76,2730.86
"LOSS-02899","INC-02899",7257.34,35941.92,8043.2
"LOSS-02900","INC-02900",7920.19,4324.63,28434.08
"LOSS-02901","INC-02901",5257.51,6550.74,72143.2
"LOSS-02902","INC-02902",28772.93,1573.51,26638.16
"LOSS-02903","INC-02903",13868.79,2866.43,41671.61
"LOSS-02904","INC-02904",3813.7,5450.1,104490.76
"LOSS-02905","INC-02905",12723.09,2594.53,10743.27
"LOSS-02906","INC-02906",5720.73,22836.53,117066.84
"LOSS-02907","INC-02907",10973.47,8537.92,85291.89
"LOSS-02908","INC-02908",63960.21,15338.77,105353.19
"LOSS-02909","INC-02909",3494.71,549.52,196459.35
"LOSS-02910","INC-02910",12332.38,932.25,41767.97
"LOSS-02911","INC-02911",2383.21,506.57,3079.17
"LOSS-02912","INC-02912",18324.92,9421.5,46170.24
"LOSS-02913","INC-02913",2341.24,31624.07,6030.5
"LOSS-02914","INC-02914",1804.85,410.74,24528.39
"LOSS-02915","INC-02915",17278.41,6399.74,67563.45
"LOSS-02916","INC-02916",4672.68,17762.84,48536.7
"LOSS-02917","INC-02917",1378.94,18155.99,73839.84
"LOSS-02918","INC-02918",2632.1,20857.56,10778.65
"LOSS-02919","INC-02919",29013.98,6138.99,9397
"LOSS-02920","INC-02920",11799.77,1644.57,9493.88
"LOSS-02921","INC-02921",12184.56,10076.7,91096.84
"LOSS-02922","INC-02922",24178.11,3605.31,7847.93
"LOSS-02923","INC-02923",12071.59,1039.45,7536.51
"LOSS-02924","INC-02924",411.05,4867,8171.4
"LOSS-02925","INC-02925",10093.87,3764.33,9719.39
"LOSS-02926","INC-02926",2454.87,2905.45,34386.53
"LOSS-02927","INC-02927",3892.33,26710.59,30351.29
"LOSS-02928","INC-02928",1941,450.09,236063.22
"LOSS-02929","INC-02929",14315.49,7128.29,83624.33
"LOSS-02930","INC-02930",97309.94,155956.69,12703.62
"LOSS-02931","INC-02931",16099.52,10591.35,35500.61
"LOSS-02932","INC-02932",68333.28,28313.9,7326.49
"LOSS-02933","INC-02933",7846.88,4020.56,116084.6
"LOSS-02934","INC-02934",5782.29,6370.27,40830.2
"LOSS-02935","INC-02935",21722.46,4555.65,237285.36
"LOSS-02936","INC-02936",2828.85,2425.15,139666.77
"LOSS-02937","INC-02937",2632.88,97882.89,118816.83
"LOSS-02938","INC-02938",508.65,871.7,65993.96
"LOSS-02939","INC-02939",1068.79,1514.09,6715.62
"LOSS-02940","INC-02940",6363.58,2701.2,18347.05
"LOSS-02941","INC-02941",11210.93,5932.96,131717.49
"LOSS-02942","INC-02942",6974.41,43450.27,6990.39
"LOSS-02943","INC-02943",1475.13,13356.56,142633.76
"LOSS-02944","INC-02944",3121.15,2533.06,14085.54
"LOSS-02945","INC-02945",4495.43,1601.23,17664.63
"LOSS-02946","INC-02946",24328.46,2387.64,30566.2
"LOSS-02947","INC-02947",13575.74,6916.15,23828.17
"LOSS-02948","INC-02948",4328.66,11116.74,77588.95
"LOSS-02949","INC-02949",1969.29,3272.3,47675.05
"LOSS-02950","INC-02950",8379.7,212.76,5100.46
"LOSS-02951","INC-02951",1675.07,681.44,22441.78
"LOSS-02952","INC-02952",5080.25,3118.03,18272.34
"LOSS-02953","INC-02953",7273.81,6004.61,6945.24
"LOSS-02954","INC-02954",33608.2,19684.24,37567.12
"LOSS-02955","INC-02955",24242.49,5567.57,26329.92
"LOSS-02956","INC-02956",12135.68,17576.15,112351.84
"LOSS-02957","INC-02957",7974.48,13164.9,261545.19
"LOSS-02958","INC-02958",6075.34,11900.62,3229.06
"LOSS-02959","INC-02959",18070.79,11076.73,5928.29
"LOSS-02960","INC-02960",2455.04,3206.49,63775.97
"LOSS-02961","INC-02961",6945.41,2929.69,29314.47
"LOSS-02962","INC-02962",33895.91,9504.57,21084.73
"LOSS-02963","INC-02963",4387.85,1087.29,21091.1
"LOSS-02964","INC-02964",2150.23,20571.63,9973
"LOSS-02965","INC-02965",9906.17,11850.63,46158.15
"LOSS-02966","INC-02966",13295.19,6415.88,177064.85
"LOSS-02967","INC-02967",54531.71,3199.09,134841.61
"LOSS-02968","INC-02968",3993.82,12594.44,38650.1
"LOSS-02969","INC-02969",5845.26,3323.36,29373.16
"LOSS-02970","INC-02970",34200.95,7620.08,2914.99
"LOSS-02971","INC-02971",7571.13,2262.55,35056.94
"LOSS-02972","INC-02972",13416.44,2231.72,26327.71
"LOSS-02973","INC-02973",15840.16,8203.15,15631
"LOSS-02974","INC-02974",35817.51,7787.74,40862.97
"LOSS-02975","INC-02975",24759.82,10625.35,30978.25
"LOSS-02976","INC-02976",9499.81,3761.75,77532.5
"LOSS-02977","INC-02977",2726.67,3743.05,2295.54
"LOSS-02978","INC-02978",9142.62,25681.73,18722.92
"LOSS-02979","INC-02979",20741.56,4290.46,16553.89
"LOSS-02980","INC-02980",35481.27,9308.69,26346.62
"LOSS-02981","INC-02981",19247.43,2099.63,11933.18
"LOSS-02982","INC-02982",2158.8,584.02,3458.7
"LOSS-02983","INC-02983",11228.64,12830.12,10049.77
"LOSS-02984","INC-02984",3192.69,3171.55,31913.51
"LOSS-02985","INC-02985",6139.97,8540.73,5982.74
"LOSS-02986","INC-02986",3299.5,12593.17,16431.84
"LOSS-02987","INC-02987",54581.07,3015.42,14756.51
"LOSS-02988","INC-02988",8232.93,1557.31,17135.91
"LOSS-02989","INC-02989",63667.29,6894.05,198061.24
"LOSS-02990","INC-02990",1733.6,2609.64,43430.12
"LOSS-02991","INC-02991",4521.24,2537.81,30901.56
"LOSS-02992","INC-02992",21922.54,7152.52,12585.35
"LOSS-02993","INC-02993",5812.29,4270.23,51392.13
"LOSS-02994","INC-02994",72099.64,16556.87,28669.94
"LOSS-02995","INC-02995",5157.46,1922.14,48786.66
"LOSS-02996","INC-02996",1144.86,3984.81,22373.96
"LOSS-02997","INC-02997",9026.97,56021.31,20483.52
"LOSS-02998","INC-02998",6651.51,907.98,11911.75
"LOSS-02999","INC-02999",8618.55,923.07,25977.99
"LOSS-03000","INC-03000",4333.95,2365.07,179024.03
"LOSS-03001","INC-03001",4985.75,3451.72,174476.31
"LOSS-03002","INC-03002",4479.58,8577.2,18239.93
"LOSS-03003","INC-03003",6587.94,777.07,5842.08
"LOSS-03004","INC-03004",3137.96,16048.73,48061.03
"LOSS-03005","INC-03005",30204.93,10469.97,17658.92
"LOSS-03006","INC-03006",4107.39,5264.87,17479.39
"LOSS-03007","INC-03007",35572.31,3109.05,10911.81
"LOSS-03008","INC-03008",2311.66,2298.88,4510.83
"LOSS-03009","INC-03009",22976.54,4530.12,6297.12
"LOSS-03010","INC-03010",5414.22,49331.34,24500.62
"LOSS-03011","INC-03011",11288.67,6475.85,5835.31
"LOSS-03012","INC-03012",21257.06,6377.27,7037.96
"LOSS-03013","INC-03013",3955.51,365.13,23194.08
"LOSS-03014","INC-03014",12548.98,9846.96,9125
"LOSS-03015","INC-03015",9464.57,2434.25,28601.47
"LOSS-03016","INC-03016",3233.92,4756.77,111135.06
"LOSS-03017","INC-03017",17618.5,4193.38,3608.94
"LOSS-03018","INC-03018",990.55,2351.62,130055.51
"LOSS-03019","INC-03019",46351.61,18648.6,5442.97
"LOSS-03020","INC-03020",32738.97,20450.97,51925.55
"LOSS-03021","INC-03021",8089.51,3893.38,23861.96
"LOSS-03022","INC-03022",6423.56,1067.26,189942.23
"LOSS-03023","INC-03023",14001.9,1965.23,15528.74
"LOSS-03024","INC-03024",6091.33,50549.65,25789.86
"LOSS-03025","INC-03025",8141.21,1110.77,38927.58
"LOSS-03026","INC-03026",12454,5212.07,21421.71
"LOSS-03027","INC-03027",9003.3,2097.81,23617.36
"LOSS-03028","INC-03028",54731.77,1321.59,17656.64
"LOSS-03029","INC-03029",7074.49,10384.72,21806.81
"LOSS-03030","INC-03030",4124.4,8351.52,28172.74
"LOSS-03031","INC-03031",3188.95,4534.03,106743.53
"LOSS-03032","INC-03032",5619.4,23753.27,12157.36
"LOSS-03033","INC-03033",3735.42,7318.7,18050.16
"LOSS-03034","INC-03034",25465.56,6972.69,8386.19
"LOSS-03035","INC-03035",12679.49,30887.52,78434.6
"LOSS-03036","INC-03036",8913.53,30121.54,30678.84
"LOSS-03037","INC-03037",10175.74,325.66,19255.93
"LOSS-03038","INC-03038",3994.7,1778.06,69778.48
"LOSS-03039","INC-03039",103873.98,15843.06,31663.17
"LOSS-03040","INC-03040",22220.48,21804.72,7780.59
"LOSS-03041","INC-03041",21679.89,3543.04,32967.34
"LOSS-03042","INC-03042",11733.89,43020.46,6098.79
"LOSS-03043","INC-03043",11605.07,13726.82,66641.3
"LOSS-03044","INC-03044",19497.04,7091.53,508400.72
"LOSS-03045","INC-03045",15281.1,5230.34,14274.52
"LOSS-03046","INC-03046",21602.29,12417.71,27739.48
"LOSS-03047","INC-03047",6345.06,962.28,7977.5
"LOSS-03048","INC-03048",35295.7,3332.01,129784.63
"LOSS-03049","INC-03049",2267.9,893.12,16513.1
"LOSS-03050","INC-03050",61451.93,1916.69,25188.68
"LOSS-03051","INC-03051",9116.48,5209.78,6001.8
"LOSS-03052","INC-03052",12174.1,20861.11,84664.19
"LOSS-03053","INC-03053",9337.94,2310.7,12621.7
"LOSS-03054","INC-03054",4259.67,9919.51,15599.12
"LOSS-03055","INC-03055",6207.5,3030.83,14013.88
"LOSS-03056","INC-03056",45091.5,15083.55,11866.46
"LOSS-03057","INC-03057",78744.32,8313,33275.69
"LOSS-03058","INC-03058",3440.09,4303.55,14298.03
"LOSS-03059","INC-03059",14118.61,1239.98,19815.16
"LOSS-03060","INC-03060",5781.24,7087.68,17439.95
"LOSS-03061","INC-03061",10832.61,15759.4,20506.81
"LOSS-03062","INC-03062",14024.18,393.18,36916.46
"LOSS-03063","INC-03063",5898.66,1014.05,80895.19
"LOSS-03064","INC-03064",13191.15,2905.46,51510.23
"LOSS-03065","INC-03065",52474.1,55732.57,106104.83
"LOSS-03066","INC-03066",3357.87,2739.48,11320.47
"LOSS-03067","INC-03067",6648.52,3211.39,43580.25
"LOSS-03068","INC-03068",13322.49,4720.34,19270.51
"LOSS-03069","INC-03069",14377.63,12150.2,14326.2
"LOSS-03070","INC-03070",10589.14,1964.76,16548.3
"LOSS-03071","INC-03071",13997.5,4775.91,21728.38
"LOSS-03072","INC-03072",8395.31,1303.47,41850.45
"LOSS-03073","INC-03073",11967.89,30823.03,41119.92
"LOSS-03074","INC-03074",9240.04,17018.67,14623.74
"LOSS-03075","INC-03075",24746.77,8322.35,87704.42
"LOSS-03076","INC-03076",20141.74,5185.44,16383.93
"LOSS-03077","INC-03077",9709.99,3703.14,60059.03
"LOSS-03078","INC-03078",36795.35,3458.41,72868.39
"LOSS-03079","INC-03079",11735.65,11314.75,69323.14
"LOSS-03080","INC-03080",17655.75,2392.13,46398.66
"LOSS-03081","INC-03081",12430.46,7498.89,21982.61
"LOSS-03082","INC-03082",5364.4,13279.02,84745.07
"LOSS-03083","INC-03083",20620.28,20551.6,8584.68
"LOSS-03084","INC-03084",1555.42,8459.72,15095.45
"LOSS-03085","INC-03085",3757.3,4842,8536.43
"LOSS-03086","INC-03086",18538.9,2306.41,5706.54
"LOSS-03087","INC-03087",34210.15,4204.31,50998.1
"LOSS-03088","INC-03088",2193.16,2106.18,4360.74
"LOSS-03089","INC-03089",32292.71,25451.88,3882.39
"LOSS-03090","INC-03090",2606.62,6601.48,74259.45
"LOSS-03091","INC-03091",5451.68,6466.37,23377.77
"LOSS-03092","INC-03092",2618.9,33453.57,35495.23
"LOSS-03093","INC-03093",8249.32,43214.86,32812.05
"LOSS-03094","INC-03094",10395.61,2786.36,59769.46
"LOSS-03095","INC-03095",14944.17,4601.95,5165.5
"LOSS-03096","INC-03096",6487.59,11722.02,10420.31
"LOSS-03097","INC-03097",9704.51,2703.06,90144.73
"LOSS-03098","INC-03098",13400.09,11177.23,23410.48
"LOSS-03099","INC-03099",3742.76,11087.32,50496.95
"LOSS-03100","INC-03100",4909.1,437.21,42232.22
"LOSS-03101","INC-03101",39278.47,4124.49,51733.09
"LOSS-03102","INC-03102",516.39,954.05,28626.89
"LOSS-03103","INC-03103",25740.9,20102.11,10491.11
"LOSS-03104","INC-03104",28567.76,17903.35,22159.16
"LOSS-03105","INC-03105",38214.13,5844.81,13947.54
"LOSS-03106","INC-03106",6623.93,8933.3,20098.38
"LOSS-03107","INC-03107",22925.08,1479.45,7771.43
"LOSS-03108","INC-03108",12276.46,3421.14,30118.49
"LOSS-03109","INC-03109",5229.25,3546.41,146412.76
"LOSS-03110","INC-03110",17203.15,6214.27,12792.84
"LOSS-03111","INC-03111",14333.44,3631.02,32266.39
"LOSS-03112","INC-03112",6707.46,17171.23,34452.67
"LOSS-03113","INC-03113",6247.32,3494.53,37206.33
"LOSS-03114","INC-03114",7586.41,22095.15,12978.82
"LOSS-03115","INC-03115",16341.14,5650.95,18768.17
"LOSS-03116","INC-03116",9392.32,2898.97,21210.63
"LOSS-03117","INC-03117",2560.17,6439.04,28864.68
"LOSS-03118","INC-03118",13474.83,3991.49,1626.58
"LOSS-03119","INC-03119",6856.85,3366.49,124284.91
"LOSS-03120","INC-03120",21180.06,1191.1,17460.71
"LOSS-03121","INC-03121",2954.9,1005.61,62766.09
"LOSS-03122","INC-03122",1467.69,1325.89,8015.23
"LOSS-03123","INC-03123",6016.44,4460.02,22897.12
"LOSS-03124","INC-03124",5234.13,27800.15,5542.72
"LOSS-03125","INC-03125",19462.25,3967.72,21109.79
"LOSS-03126","INC-03126",1526.28,6616.5,8334.62
"LOSS-03127","INC-03127",3399.72,3486.32,191107.47
"LOSS-03128","INC-03128",8725.41,9755.62,5372.21
"LOSS-03129","INC-03129",4739.64,7439.95,17303.05
"LOSS-03130","INC-03130",8174.36,12406.21,8820.06
"LOSS-03131","INC-03131",2986.03,3647.6,4071.99
"LOSS-03132","INC-03132",4340.5,24583.38,82047.89
"LOSS-03133","INC-03133",3946.04,1887.48,22027.06
"LOSS-03134","INC-03134",1730.44,15062.82,23116.75
"LOSS-03135","INC-03135",14516.45,6308.87,33473.68
"LOSS-03136","INC-03136",5761.37,23642.93,49558.92
"LOSS-03137","INC-03137",5676.32,2338.3,10557.18
"LOSS-03138","INC-03138",30000.18,1390,11773.08
"LOSS-03139","INC-03139",19297.75,3404.38,30190.31
"LOSS-03140","INC-03140",4945.93,22567.22,8896.34
"LOSS-03141","INC-03141",23860.81,17418.94,4781.41
"LOSS-03142","INC-03142",6775.22,3218.59,6742.39
"LOSS-03143","INC-03143",6430.14,17472.24,22009.33
"LOSS-03144","INC-03144",11689.48,12850.24,77485.31
"LOSS-03145","INC-03145",11390.33,2881.54,15287.11
"LOSS-03146","INC-03146",8887.97,1584.47,33518.28
"LOSS-03147","INC-03147",7692.59,3707.34,20124.29
"LOSS-03148","INC-03148",14765.08,12472.12,78204.58
"LOSS-03149","INC-03149",26746.8,7724.27,12115.87
"LOSS-03150","INC-03150",6675.01,32365.79,2834.53
"LOSS-03151","INC-03151",42267.02,1695.68,9055.05
"LOSS-03152","INC-03152",4294.12,9884.27,102996.23
"LOSS-03153","INC-03153",73237.08,7400.73,268399.35
"LOSS-03154","INC-03154",22478.02,16248.38,28773.91
"LOSS-03155","INC-03155",6894.47,3679.21,7816.86
"LOSS-03156","INC-03156",1181.27,15705.33,65824.28
"LOSS-03157","INC-03157",6647.2,2400.55,38278.45
"LOSS-03158","INC-03158",6991.16,2940.92,185596.72
"LOSS-03159","INC-03159",41980.16,18658.03,6624.87
"LOSS-03160","INC-03160",14418.05,8412.09,143180.34
"LOSS-03161","INC-03161",1601.8,4491.77,66770.11
"LOSS-03162","INC-03162",12999.77,11476.98,47364.51
"LOSS-03163","INC-03163",3855.25,21858.8,21539.97
"LOSS-03164","INC-03164",1806.43,6125.06,22127.83
"LOSS-03165","INC-03165",24810.86,1618.75,63710.07
"LOSS-03166","INC-03166",18064.53,4652.02,9237.06
"LOSS-03167","INC-03167",6634.09,652.31,6855.8
"LOSS-03168","INC-03168",41667.29,274.57,21494.92
"LOSS-03169","INC-03169",7243.03,3821.27,101562.92
"LOSS-03170","INC-03170",1834.66,11658.61,23088.74
"LOSS-03171","INC-03171",24611.08,14379.02,41910.53
"LOSS-03172","INC-03172",5039.18,1315.79,29802.19
"LOSS-03173","INC-03173",11353.84,2870.5,52615.38
"LOSS-03174","INC-03174",3931.43,355.8,16889.89
"LOSS-03175","INC-03175",2685.28,3442.98,45886.16
"LOSS-03176","INC-03176",15389.38,10332.27,23891.34
"LOSS-03177","INC-03177",4029.16,15996.33,7276.83
"LOSS-03178","INC-03178",5758.47,2250.41,40140.67
"LOSS-03179","INC-03179",20416.16,52684.2,129685.31
"LOSS-03180","INC-03180",763.28,3815.97,93777.99
"LOSS-03181","INC-03181",3876.87,17190.72,52172.63
"LOSS-03182","INC-03182",45686.62,49009.42,10135.37
"LOSS-03183","INC-03183",9843.97,11315.02,9281.5
"LOSS-03184","INC-03184",1838.7,2605.62,33743.98
"LOSS-03185","INC-03185",9419.91,693.79,7210.16
"LOSS-03186","INC-03186",10357.78,2009.25,5094.73
"LOSS-03187","INC-03187",4555.68,850.58,78793.65
"LOSS-03188","INC-03188",4987.36,4100.34,147355.26
"LOSS-03189","INC-03189",9518.33,3229.13,31033.35
"LOSS-03190","INC-03190",22919.49,56841.23,18529.13
"LOSS-03191","INC-03191",4266.68,9413.19,12725.78
"LOSS-03192","INC-03192",20256.44,7488.66,13178.33
"LOSS-03193","INC-03193",1529.25,2835.23,6160.85
"LOSS-03194","INC-03194",72464.84,12517.79,14391.49
"LOSS-03195","INC-03195",21398.72,207.33,139883.79
"LOSS-03196","INC-03196",5310.29,6292.7,141813.09
"LOSS-03197","INC-03197",8923.16,724.54,100288.51
"LOSS-03198","INC-03198",2885.52,853.23,21631.23
"LOSS-03199","INC-03199",3893.61,17174.79,63815.93
"LOSS-03200","INC-03200",13326.62,1991.08,110037.21
"LOSS-03201","INC-03201",1255.73,3060.57,99200.41
"LOSS-03202","INC-03202",19482.06,2878.66,13704.49
"LOSS-03203","INC-03203",22842.61,4769.91,73793.65
"LOSS-03204","INC-03204",11184.05,46898.89,5206.92
"LOSS-03205","INC-03205",4499.63,10736.21,10649.07
"LOSS-03206","INC-03206",18650.66,2674.35,36058.72
"LOSS-03207","INC-03207",8076.44,3054.69,44400.66
"LOSS-03208","INC-03208",58441.12,13252.23,23981.01
"LOSS-03209","INC-03209",16372.43,684.44,8581.88
"LOSS-03210","INC-03210",63573.1,6928.45,123427.23
"LOSS-03211","INC-03211",5380.34,16933.51,53586.36
"LOSS-03212","INC-03212",31352.69,1332.16,8098.32
"LOSS-03213","INC-03213",26091.09,3763.16,15803.46
"LOSS-03214","INC-03214",18719.17,5530.82,12852.23
"LOSS-03215","INC-03215",58230.68,377.47,10878.17
"LOSS-03216","INC-03216",32154.59,14957.74,35832.18
"LOSS-03217","INC-03217",29753.52,7620.38,21860.95
"LOSS-03218","INC-03218",39220.23,603.74,17609.28
"LOSS-03219","INC-03219",4830.64,1055.38,57855.5
"LOSS-03220","INC-03220",19702.74,4004.68,19977.07
"LOSS-03221","INC-03221",35175.37,3333.97,61922.51
"LOSS-03222","INC-03222",1522.2,1794.29,40987.03
"LOSS-03223","INC-03223",34478.21,931.41,25046.61
"LOSS-03224","INC-03224",3370.11,19131.84,21143.22
"LOSS-03225","INC-03225",2266.13,6182.8,25210.08
"LOSS-03226","INC-03226",8930.6,27148.04,2757.71
"LOSS-03227","INC-03227",1781.36,1599.52,57650.59
"LOSS-03228","INC-03228",4562.37,3803.5,58610.19
"LOSS-03229","INC-03229",23099.22,8972.41,50112.1
"LOSS-03230","INC-03230",10756.17,7722.64,5142.7
"LOSS-03231","INC-03231",35777.88,7823.35,103125.47
"LOSS-03232","INC-03232",13043.5,5968.52,65965.41
"LOSS-03233","INC-03233",1788.01,2820.57,68497.24
"LOSS-03234","INC-03234",3135.21,2834.71,19379.68
"LOSS-03235","INC-03235",11611.91,6461.32,75046.7
"LOSS-03236","INC-03236",6456.14,2514.63,21581.29
"LOSS-03237","INC-03237",24514.06,7213.38,144713.11
"LOSS-03238","INC-03238",11509.17,469.67,5127.41
"LOSS-03239","INC-03239",3263.23,1986.91,82465.02
"LOSS-03240","INC-03240",5716.95,5197.54,22939.43
"LOSS-03241","INC-03241",27413.43,1924.6,57414.74
"LOSS-03242","INC-03242",3845.23,6024.39,13072.06
"LOSS-03243","INC-03243",2207.65,45627.87,255411.42
"LOSS-03244","INC-03244",17416.34,32570.16,76921.22
"LOSS-03245","INC-03245",11881.51,1999.42,123486.15
"LOSS-03246","INC-03246",4461.64,4647.49,29322.05
"LOSS-03247","INC-03247",9450.41,3508.4,11084.97
"LOSS-03248","INC-03248",11540.6,1936.11,18849.19
"LOSS-03249","INC-03249",4597.99,5847.79,14357.98
"LOSS-03250","INC-03250",14253.44,5393.38,25277.2
"LOSS-03251","INC-03251",4946.73,2783.63,29842.18
"LOSS-03252","INC-03252",7022.28,2348.23,25126.21
"LOSS-03253","INC-03253",20802.93,5998.63,92578.96
"LOSS-03254","INC-03254",7438.78,2941.71,27118.15
"LOSS-03255","INC-03255",1863.32,578.85,28317.48
"LOSS-03256","INC-03256",7597.77,3913.62,12292.31
"LOSS-03257","INC-03257",1808.12,3599.89,50790.48
"LOSS-03258","INC-03258",5843.98,3602.93,25708.3
"LOSS-03259","INC-03259",5234.28,3284.65,150437.59
"LOSS-03260","INC-03260",236693.13,1760.88,10807.75
"LOSS-03261","INC-03261",16174.73,1777.11,29786.74
"LOSS-03262","INC-03262",15398.36,699.37,13310.79
"LOSS-03263","INC-03263",12090.78,12179.71,39222.61
"LOSS-03264","INC-03264",5830.19,1102.62,129793.76
"LOSS-03265","INC-03265",680.5,3978.52,101451.39
"LOSS-03266","INC-03266",60640.12,265.73,17569.63
"LOSS-03267","INC-03267",5906.15,3103.98,95039.48
"LOSS-03268","INC-03268",4179.55,7358.15,4290.55
"LOSS-03269","INC-03269",5271.29,1425.76,95315.62
"LOSS-03270","INC-03270",28997.43,2413.48,75692.86
"LOSS-03271","INC-03271",20862.11,12745.26,17235.2
"LOSS-03272","INC-03272",37107.92,1980.41,18263.36
"LOSS-03273","INC-03273",13088.24,14134.91,22152.21
"LOSS-03274","INC-03274",8821.91,14819.46,6587.37
"LOSS-03275","INC-03275",7706.08,13133.34,25428.61
"LOSS-03276","INC-03276",2085.63,7160.74,29276.7
"LOSS-03277","INC-03277",12830.69,12374.61,27805.58
"LOSS-03278","INC-03278",7063,4755.93,41478.2
"LOSS-03279","INC-03279",6748.23,30573.67,12107.07
"LOSS-03280","INC-03280",28358.79,8898.49,18161.66
"LOSS-03281","INC-03281",33230.17,3721.19,8693.9
"LOSS-03282","INC-03282",115115.92,22343.62,108820.69
"LOSS-03283","INC-03283",15755.23,5512.51,100817.86
"LOSS-03284","INC-03284",9001.53,10161.41,19310.44
"LOSS-03285","INC-03285",3990.49,1077.28,11741.2
"LOSS-03286","INC-03286",9572.63,8966.96,16132.33
"LOSS-03287","INC-03287",55303.82,16128.46,81886.92
"LOSS-03288","INC-03288",7814.59,4718.96,18309.32
"LOSS-03289","INC-03289",54649.68,31466.92,1716.78
"LOSS-03290","INC-03290",7920.77,1736.54,131725.43
"LOSS-03291","INC-03291",12213.9,9159.94,80023.11
"LOSS-03292","INC-03292",118293.06,9303.85,26605.31
"LOSS-03293","INC-03293",10169.67,13109.37,8789.7
"LOSS-03294","INC-03294",2315.3,43899.84,7403.31
"LOSS-03295","INC-03295",5046.03,5427.64,35895.18
"LOSS-03296","INC-03296",3439.51,10722.27,42578.98
"LOSS-03297","INC-03297",10827.42,6997.15,74625.78
"LOSS-03298","INC-03298",5584.28,483.45,71712.63
"LOSS-03299","INC-03299",14444.07,2705,21966.24
"LOSS-03300","INC-03300",50202.57,1597.98,40615.85
"LOSS-03301","INC-03301",3728.3,2282.48,21135.48
"LOSS-03302","INC-03302",3610.59,1685.67,58170.96
"LOSS-03303","INC-03303",7658.72,4167.48,12192.53
"LOSS-03304","INC-03304",23928.29,5424.01,11323.72
"LOSS-03305","INC-03305",14415.04,1595.61,13080.81
"LOSS-03306","INC-03306",10986.81,7840.73,15508.67
"LOSS-03307","INC-03307",47655.31,18489.97,12610.49
"LOSS-03308","INC-03308",7565.54,1775.27,11954.61
"LOSS-03309","INC-03309",62850.98,7038.19,78480.06
"LOSS-03310","INC-03310",2185.07,8603.75,102821.75
"LOSS-03311","INC-03311",13109.09,1464.37,219997.56
"LOSS-03312","INC-03312",24447.75,2598.56,20861.05
"LOSS-03313","INC-03313",30904.51,3548.22,179828.03
"LOSS-03314","INC-03314",2316.15,4253.29,7194.18
"LOSS-03315","INC-03315",5290.39,9183.52,156605.8
"LOSS-03316","INC-03316",1433.57,3663.92,27282.38
"LOSS-03317","INC-03317",7792.67,5272.43,38098.27
"LOSS-03318","INC-03318",6001.28,2627.2,22796.48
"LOSS-03319","INC-03319",26568.24,7855.01,45011.87
"LOSS-03320","INC-03320",14994.24,1291.19,111477.38
"LOSS-03321","INC-03321",7360.5,42380.74,38093.44
"LOSS-03322","INC-03322",38646.9,450.28,38764.5
"LOSS-03323","INC-03323",8567.26,2866.3,14770.47
"LOSS-03324","INC-03324",36891.18,887.72,37846.7
"LOSS-03325","INC-03325",19275.9,14360.9,12628.15
"LOSS-03326","INC-03326",19175.02,3347.38,30670.1
"LOSS-03327","INC-03327",24507.15,1360.1,6201.26
"LOSS-03328","INC-03328",5320.91,1207.58,142262.6
"LOSS-03329","INC-03329",2412.51,5203,12918.48
"LOSS-03330","INC-03330",22253.27,695.13,6415.42
"LOSS-03331","INC-03331",2694.59,2543.82,10183.87
"LOSS-03332","INC-03332",4009.37,8639.17,4140.79
"LOSS-03333","INC-03333",7952.62,89842.92,118231.02
"LOSS-03334","INC-03334",17406.31,2756.57,31414.25
"LOSS-03335","INC-03335",18201.45,3507.23,59285.89
"LOSS-03336","INC-03336",1578.1,77515.53,40266.63
"LOSS-03337","INC-03337",12634,11615.54,33362.95
"LOSS-03338","INC-03338",1683.51,37721.34,17478.56
"LOSS-03339","INC-03339",93958.67,1253.16,13848.36
"LOSS-03340","INC-03340",3854.48,4680.99,13098.13
"LOSS-03341","INC-03341",53470.72,7392.9,7961.76
"LOSS-03342","INC-03342",7052.86,4308.01,37756.28
"LOSS-03343","INC-03343",18411.18,1568.1,138154.09
"LOSS-03344","INC-03344",4434.98,3470.31,17695.45
"LOSS-03345","INC-03345",11121.04,237.63,30645.93
"LOSS-03346","INC-03346",18179.82,3321.81,61305.18
"LOSS-03347","INC-03347",45612.72,23160.31,7506.26
"LOSS-03348","INC-03348",5286.57,8678.89,28317.06
"LOSS-03349","INC-03349",2070.89,5800.67,19824.89
"LOSS-03350","INC-03350",2905.67,2315.71,16785.64
"LOSS-03351","INC-03351",11225.77,1214.79,44900.57
"LOSS-03352","INC-03352",12827.3,11507.04,73098.52
"LOSS-03353","INC-03353",7515.43,62979.72,39391.73
"LOSS-03354","INC-03354",10402.14,2792.06,20994.5
"LOSS-03355","INC-03355",7253.96,2158.69,18628.49
"LOSS-03356","INC-03356",6493.55,4927.42,62226.77
"LOSS-03357","INC-03357",93545.93,3101.99,15389.05
"LOSS-03358","INC-03358",10793.05,9026.61,29503.19
"LOSS-03359","INC-03359",33641.44,2676.55,8082.73
"LOSS-03360","INC-03360",135704.2,34957.73,11172.44
"LOSS-03361","INC-03361",2629.68,2087.53,4885.03
"LOSS-03362","INC-03362",8623.46,16632.26,13543.41
"LOSS-03363","INC-03363",9870.75,8111.27,11752.33
"LOSS-03364","INC-03364",33054.38,2881.37,17335.11
"LOSS-03365","INC-03365",7126.32,10571.76,179974.57
"LOSS-03366","INC-03366",13551.95,6972.81,69379.54
"LOSS-03367","INC-03367",11866.39,29342.46,56892.08
"LOSS-03368","INC-03368",14397.13,7283.69,13485.81
"LOSS-03369","INC-03369",5205.52,13570.71,15307.95
"LOSS-03370","INC-03370",130021.27,4002.43,20230.46
"LOSS-03371","INC-03371",3163.11,2020.01,61915.36
"LOSS-03372","INC-03372",7260.86,17238.97,12993.23
"LOSS-03373","INC-03373",15006.56,3780.32,52163.91
"LOSS-03374","INC-03374",15237.74,3829.37,8649.93
"LOSS-03375","INC-03375",3074.39,1395.26,5430.03
"LOSS-03376","INC-03376",8517.07,7454.78,33793.62
"LOSS-03377","INC-03377",2442.75,6892.63,246041.33
"LOSS-03378","INC-03378",24768.78,5045.5,10720.62
"LOSS-03379","INC-03379",3945.67,5852.71,41225.44
"LOSS-03380","INC-03380",3209.29,2150.64,4595.04
"LOSS-03381","INC-03381",9839.55,4853.38,18560.18
"LOSS-03382","INC-03382",2818.24,15338.88,5410.47
"LOSS-03383","INC-03383",12244,1459.69,5668.09
"LOSS-03384","INC-03384",5678.15,7136.14,70543.24
"LOSS-03385","INC-03385",5280.05,377.32,62132.36
"LOSS-03386","INC-03386",2008.21,68970.89,2034.84
"LOSS-03387","INC-03387",831.76,2142.97,135427.14
"LOSS-03388","INC-03388",30040.31,386.99,17548.38
"LOSS-03389","INC-03389",57556.23,6687.25,24738.58
"LOSS-03390","INC-03390",34769.64,8106.75,52931.87
"LOSS-03391","INC-03391",9122.2,4629.24,3165.76
"LOSS-03392","INC-03392",11467.49,21804.13,44046.32
"LOSS-03393","INC-03393",14109.41,19556.97,67754.42
"LOSS-03394","INC-03394",7064.65,5144.46,30667.19
"LOSS-03395","INC-03395",16198.18,13086.91,12678.37
"LOSS-03396","INC-03396",22694.25,49012.23,159585.96
"LOSS-03397","INC-03397",25530.05,1395.25,28090.52
"LOSS-03398","INC-03398",31743.04,15607.17,6323.33
"LOSS-03399","INC-03399",6495.3,2356.79,42570.74
"LOSS-03400","INC-03400",13830.1,10785.84,24526.83
"LOSS-03401","INC-03401",8899.74,5400.09,23790
"LOSS-03402","INC-03402",2732.34,6265.75,9631.96
"LOSS-03403","INC-03403",3991.57,6947.51,26578.28
"LOSS-03404","INC-03404",7450.71,6313.99,16915.99
"LOSS-03405","INC-03405",12920.78,10212.08,55096.4
"LOSS-03406","INC-03406",33668.55,11345.76,36738.36
"LOSS-03407","INC-03407",22505.74,5674.49,68977.59
"LOSS-03408","INC-03408",2841.91,11593.1,37288.63
"LOSS-03409","INC-03409",18056.75,12786.12,386412.83
"LOSS-03410","INC-03410",3988.81,2815.06,86160.53
"LOSS-03411","INC-03411",24351.41,75224.02,183065.08
"LOSS-03412","INC-03412",3812.84,1175.01,44106.72
"LOSS-03413","INC-03413",2861.52,3989.39,8032.04
"LOSS-03414","INC-03414",10738.06,3027.53,21921.4
"LOSS-03415","INC-03415",4389.29,569.47,67622.14
"LOSS-03416","INC-03416",28703.8,44018.81,27140.58
"LOSS-03417","INC-03417",3466.78,2841.94,40968.04
"LOSS-03418","INC-03418",16580.94,2154.64,14264.75
"LOSS-03419","INC-03419",26522.45,559.62,89031.86
"LOSS-03420","INC-03420",6962.84,23667.79,55305.57
"LOSS-03421","INC-03421",15548.96,1833.35,14456.89
"LOSS-03422","INC-03422",5466.69,12222.58,8817.04
"LOSS-03423","INC-03423",3176.4,4785.69,11463.82
"LOSS-03424","INC-03424",958.17,29574.58,8069.2
"LOSS-03425","INC-03425",3918.26,501.14,18860.96
"LOSS-03426","INC-03426",14693.66,2923.62,9531.87
"LOSS-03427","INC-03427",10659.12,1499.98,24835.14
"LOSS-03428","INC-03428",3440.96,19001.61,8737.89
"LOSS-03429","INC-03429",9158.57,13058.74,92376.33
"LOSS-03430","INC-03430",883.57,1810.22,47206.26
"LOSS-03431","INC-03431",22237.16,40067.85,8315.46
"LOSS-03432","INC-03432",4147.45,9762.15,33703.31
"LOSS-03433","INC-03433",8733.51,1402.15,182830.15
"LOSS-03434","INC-03434",14930.35,2357.17,250181.87
"LOSS-03435","INC-03435",4228.34,10085.61,56890.01
"LOSS-03436","INC-03436",42896.74,14310.47,33596.17
"LOSS-03437","INC-03437",13451.94,801.55,30857.2
"LOSS-03438","INC-03438",15209.58,1905.23,127535.36
"LOSS-03439","INC-03439",22256.23,1028.49,50043.27
"LOSS-03440","INC-03440",24863.92,1143.53,10570.23
"LOSS-03441","INC-03441",17065.39,14935.36,16042.29
"LOSS-03442","INC-03442",105830.6,4225.89,7631.61
"LOSS-03443","INC-03443",5414.88,11148.49,29055.73
"LOSS-03444","INC-03444",47138.23,700.44,27033.45
"LOSS-03445","INC-03445",2555.91,954.42,303616.64
"LOSS-03446","INC-03446",5955.05,37377.32,5093.64
"LOSS-03447","INC-03447",6134.53,5325.12,23017.74
"LOSS-03448","INC-03448",4031.24,17604.96,41775.26
"LOSS-03449","INC-03449",11028.9,2696.18,1916.68
"LOSS-03450","INC-03450",18956.07,6577.62,14599.17
"LOSS-03451","INC-03451",4356.95,4440.52,107547.47
"LOSS-03452","INC-03452",14182.46,8971.89,9369.49
"LOSS-03453","INC-03453",18644.84,26115.24,73840.39
"LOSS-03454","INC-03454",10914.16,2512.16,54779.14
"LOSS-03455","INC-03455",4441.81,17841.4,149461.37
"LOSS-03456","INC-03456",3286.92,15013.05,12396.26
"LOSS-03457","INC-03457",4223.18,3453.42,31055.14
"LOSS-03458","INC-03458",16637.56,1475.97,9894.48
"LOSS-03459","INC-03459",58824.61,27154.11,374769.48
"LOSS-03460","INC-03460",5431.51,1219.11,46926.15
"LOSS-03461","INC-03461",43132.36,2878.31,27659.88
"LOSS-03462","INC-03462",3506.78,823.98,21138.85
"LOSS-03463","INC-03463",5588.97,6318.24,33964.14
"LOSS-03464","INC-03464",9165.58,2189.31,4335.92
"LOSS-03465","INC-03465",6438.35,5153.59,39192.01
"LOSS-03466","INC-03466",11829.42,1331.02,94521.29
"LOSS-03467","INC-03467",22809.25,40703.89,45931.39
"LOSS-03468","INC-03468",28187.98,3182.28,16253.15
"LOSS-03469","INC-03469",21215.68,2092.96,33414.39
"LOSS-03470","INC-03470",2196.19,6431.43,48781.61
"LOSS-03471","INC-03471",5482.36,6551.34,123042.49
"LOSS-03472","INC-03472",6950.82,3706.27,3688.93
"LOSS-03473","INC-03473",19796.85,342.44,7350.18
"LOSS-03474","INC-03474",2067.57,4878.67,24551.91
"LOSS-03475","INC-03475",5024.61,2508.26,8165.78
"LOSS-03476","INC-03476",19249.03,827.59,28080.6
"LOSS-03477","INC-03477",25725.68,51204.3,7379.12
"LOSS-03478","INC-03478",13240.09,10954.61,17544.81
"LOSS-03479","INC-03479",53344.38,67839.8,7304.08
"LOSS-03480","INC-03480",885.22,11062.42,4711.44
"LOSS-03481","INC-03481",12455.25,7463.87,28409.6
"LOSS-03482","INC-03482",9246.08,979.86,8305.71
"LOSS-03483","INC-03483",3634.64,2165.83,206942.4
"LOSS-03484","INC-03484",5653.24,2847.29,24036.55
"LOSS-03485","INC-03485",12588.87,3359.88,50604.46
"LOSS-03486","INC-03486",33320.95,2539.86,14946.1
"LOSS-03487","INC-03487",12738.17,34260.53,99399.85
"LOSS-03488","INC-03488",19004.18,15629.61,76236.5
"LOSS-03489","INC-03489",3909.28,4800.61,37012.04
"LOSS-03490","INC-03490",6344.26,3131.23,3845.25
"LOSS-03491","INC-03491",9515.31,32073.28,7051.64
"LOSS-03492","INC-03492",11419.53,23225.79,31256.3
"LOSS-03493","INC-03493",16801.11,989.58,29665.39
"LOSS-03494","INC-03494",8220.95,4087.97,24371.01
"LOSS-03495","INC-03495",21304.53,2061.02,108540.42
"LOSS-03496","INC-03496",12891.49,3711.22,95677.33
"LOSS-03497","INC-03497",2550.84,6070.1,8764.47
"LOSS-03498","INC-03498",14172.68,2634.92,13963.72
"LOSS-03499","INC-03499",1793.18,28923.3,41061.19
"LOSS-03500","INC-03500",5239.97,4912.93,35711.32
"LOSS-03501","INC-03501",13232.53,1556.44,2533.33
"LOSS-03502","INC-03502",2687.07,722.57,7132.87
"LOSS-03503","INC-03503",8829.9,20594.24,40966.46
"LOSS-03504","INC-03504",9018.54,2484.23,97337.99
"LOSS-03505","INC-03505",8755.52,1047.4,43848.72
"LOSS-03506","INC-03506",4091.59,6106.51,1927.56
"LOSS-03507","INC-03507",18036.8,14753.54,12653.43
"LOSS-03508","INC-03508",20274.81,3478.78,6676.46
"LOSS-03509","INC-03509",6695.06,16272.2,7384.19
"LOSS-03510","INC-03510",15182.41,3179.54,27003.29
"LOSS-03511","INC-03511",4285.08,4505.59,9271.44
"LOSS-03512","INC-03512",10122.94,15812.71,9752.09
"LOSS-03513","INC-03513",21164.08,1926.71,104199.79
"LOSS-03514","INC-03514",12653.81,2736.65,202897.3
"LOSS-03515","INC-03515",11400.26,606.67,11831.04
"LOSS-03516","INC-03516",37819.39,3922.41,97819.54
"LOSS-03517","INC-03517",4679.26,831.23,63529.98
"LOSS-03518","INC-03518",21516.7,7293.49,37078.1
"LOSS-03519","INC-03519",12433.9,9820.38,4812.08
"LOSS-03520","INC-03520",4739.09,6307.56,15648.76
"LOSS-03521","INC-03521",9224.08,6064.2,3447.25
"LOSS-03522","INC-03522",6794.53,41845.78,35267.87
"LOSS-03523","INC-03523",19210.71,2207.8,24276.66
"LOSS-03524","INC-03524",14923.55,15018.16,15870.78
"LOSS-03525","INC-03525",1584.7,653.79,70516.81
"LOSS-03526","INC-03526",51452.99,18894.14,8442.06
"LOSS-03527","INC-03527",1172.72,4917.07,24924.45
"LOSS-03528","INC-03528",19673.07,2474.01,50441.83
"LOSS-03529","INC-03529",4680.87,37259.59,6110.16
"LOSS-03530","INC-03530",28828.3,3789.28,17694.89
"LOSS-03531","INC-03531",14718.04,11222.6,9585.69
"LOSS-03532","INC-03532",39551.28,10975.49,5694.21
"LOSS-03533","INC-03533",8282.66,2626.06,10168.47
"LOSS-03534","INC-03534",871.42,6268.42,72192.41
"LOSS-03535","INC-03535",7847.8,2529.41,3054.06
"LOSS-03536","INC-03536",11003.15,386.63,19757.94
"LOSS-03537","INC-03537",33442.06,1856.74,20249.58
"LOSS-03538","INC-03538",3066.33,301.62,6844.38
"LOSS-03539","INC-03539",7581.94,4055.4,21417.25
"LOSS-03540","INC-03540",6281.19,7325.4,9421.32
"LOSS-03541","INC-03541",44575.17,5669.12,5262.72
"LOSS-03542","INC-03542",1953.66,835.47,60811.62
"LOSS-03543","INC-03543",28539.8,19112.28,23195.66
"LOSS-03544","INC-03544",31475.98,2621.82,17240.02
"LOSS-03545","INC-03545",8831.16,760.59,20406.44
"LOSS-03546","INC-03546",23276.3,2845.58,5142.41
"LOSS-03547","INC-03547",16500.39,12985.63,5384.26
"LOSS-03548","INC-03548",4844.41,13222.69,87409.28
"LOSS-03549","INC-03549",4939.54,9086.86,43313.49
"LOSS-03550","INC-03550",1309.6,553.87,15037.12
"LOSS-03551","INC-03551",48120.34,45826.33,97431.71
"LOSS-03552","INC-03552",36200.68,22770.2,35848.33
"LOSS-03553","INC-03553",35254.71,2726.09,22072.95
"LOSS-03554","INC-03554",9739.28,12886.39,27167.45
"LOSS-03555","INC-03555",5531.63,678.39,73657.35
"LOSS-03556","INC-03556",1893.96,4819.13,14902.7
"LOSS-03557","INC-03557",5572.46,31031.62,150325.79
"LOSS-03558","INC-03558",3993.32,9765.35,18123.2
"LOSS-03559","INC-03559",2526.17,29496.07,32677.38
"LOSS-03560","INC-03560",13471.07,239.16,56970.29
"LOSS-03561","INC-03561",6169.5,4639.41,56256.26
"LOSS-03562","INC-03562",15463.26,13407.79,39295.83
"LOSS-03563","INC-03563",4558.93,3284.86,8734.82
"LOSS-03564","INC-03564",77705.99,6781.14,35485.13
"LOSS-03565","INC-03565",131320.53,4703.55,4780.99
"LOSS-03566","INC-03566",44347.27,8398.32,119799.82
"LOSS-03567","INC-03567",8953.57,4665.83,55505.31
"LOSS-03568","INC-03568",18905.08,4633.3,14846.71
"LOSS-03569","INC-03569",2429.43,3406.22,24091.69
"LOSS-03570","INC-03570",2606.81,4084.96,38892.28
"LOSS-03571","INC-03571",6331.36,6037.19,3931.52
"LOSS-03572","INC-03572",53670.56,1450.84,74358.39
"LOSS-03573","INC-03573",7915.95,3054.81,12145.26
"LOSS-03574","INC-03574",24920.31,8696.48,54523.65
"LOSS-03575","INC-03575",9418.91,2783.75,34647.18
"LOSS-03576","INC-03576",6996.11,6306.67,15998.08
"LOSS-03577","INC-03577",12079.34,106668.07,2130.51
"LOSS-03578","INC-03578",8670.42,9996.54,66752.57
"LOSS-03579","INC-03579",42371.52,836.16,12308.46
"LOSS-03580","INC-03580",2642.18,6689.58,19112.91
"LOSS-03581","INC-03581",11039.19,13053.83,43864.01
"LOSS-03582","INC-03582",9648.21,455.02,20701.48
"LOSS-03583","INC-03583",8645.92,5303.8,3037.28
"LOSS-03584","INC-03584",5215.94,6634.1,35132.56
"LOSS-03585","INC-03585",20281.87,75628.56,19573.85
"LOSS-03586","INC-03586",2259.93,31822.65,8220.7
"LOSS-03587","INC-03587",21038.4,902.54,62073.38
"LOSS-03588","INC-03588",1107.87,5316.58,5729.33
"LOSS-03589","INC-03589",46774.8,3943.02,3094.93
"LOSS-03590","INC-03590",19971.51,1990.85,14737.5
"LOSS-03591","INC-03591",10420.43,10812.37,68113.66
"LOSS-03592","INC-03592",873.08,6615.02,14922.48
"LOSS-03593","INC-03593",9080.91,823.64,10920.09
"LOSS-03594","INC-03594",4729.82,413.13,3209.46
"LOSS-03595","INC-03595",31815.98,4749.36,36408.47
"LOSS-03596","INC-03596",1934.01,88533.31,6214.57
"LOSS-03597","INC-03597",1972.13,1142.66,38491.52
"LOSS-03598","INC-03598",7905.71,11117.07,37056.03
"LOSS-03599","INC-03599",9365.91,2083.05,1761.44
"LOSS-03600","INC-03600",5285.03,1347.55,6968.78
"LOSS-03601","INC-03601",8230.9,4530.51,11513.55
"LOSS-03602","INC-03602",7608,33687.65,3189.29
"LOSS-03603","INC-03603",5850.92,4134.39,5766.57
"LOSS-03604","INC-03604",5038.04,5726.33,32075.2
"LOSS-03605","INC-03605",8460.9,284.1,39185.13
"LOSS-03606","INC-03606",26088.31,2909.39,88550.98
"LOSS-03607","INC-03607",63784.54,22430.33,35943.02
"LOSS-03608","INC-03608",27415.33,2008.66,72405.55
"LOSS-03609","INC-03609",10359.84,2462.16,17999.52
"LOSS-03610","INC-03610",2975.62,1864.46,20069.05
"LOSS-03611","INC-03611",24571.79,881.27,14383.63
"LOSS-03612","INC-03612",42700.17,4030.84,21075.48
"LOSS-03613","INC-03613",8228.62,1773.1,70661.02
"LOSS-03614","INC-03614",8183.14,8396.79,127141.82
"LOSS-03615","INC-03615",34313.52,1273.08,115601.16
"LOSS-03616","INC-03616",11915.41,1530.39,15449.74
"LOSS-03617","INC-03617",95896.26,2992.4,23649.4
"LOSS-03618","INC-03618",9399.81,11617.5,90829.4
"LOSS-03619","INC-03619",1967.37,5102.57,25263.58
"LOSS-03620","INC-03620",28508.45,16733.26,12518.57
"LOSS-03621","INC-03621",14212.75,3295.97,25019.07
"LOSS-03622","INC-03622",7586.48,1993.13,13759.65
"LOSS-03623","INC-03623",2819.23,520.57,5424.42
"LOSS-03624","INC-03624",23777.24,10865.97,17566.78
"LOSS-03625","INC-03625",17901.41,26514.75,59813.32
"LOSS-03626","INC-03626",12984.68,4054.59,351398.53
"LOSS-03627","INC-03627",46782.92,9367.56,6776.79
"LOSS-03628","INC-03628",3415.89,2189.16,109094.01
"LOSS-03629","INC-03629",12171.14,5392.81,16026.9
"LOSS-03630","INC-03630",7716.12,19859.64,12107.8
"LOSS-03631","INC-03631",16570.66,4273.56,18195.56
"LOSS-03632","INC-03632",15410.21,1603.54,23654.74
"LOSS-03633","INC-03633",8803.31,1902,109116.23
"LOSS-03634","INC-03634",2213.12,567.6,8224.11
"LOSS-03635","INC-03635",10375.48,1331.22,4679.52
"LOSS-03636","INC-03636",43488.76,1520.68,51045.68
"LOSS-03637","INC-03637",1387.76,12831.89,37235.35
"LOSS-03638","INC-03638",5775.87,1994.21,54181.37
"LOSS-03639","INC-03639",16363.14,11301.9,5726.61
"LOSS-03640","INC-03640",3316.57,14502.32,120691.43
"LOSS-03641","INC-03641",3547.41,12815.3,2170.46
"LOSS-03642","INC-03642",3597.39,4845.03,6084.06
"LOSS-03643","INC-03643",4524.97,64940.7,7067.63
"LOSS-03644","INC-03644",14179.65,8632.95,2336.8
"LOSS-03645","INC-03645",73029.61,37421.01,70903.78
"LOSS-03646","INC-03646",17221.86,19936.44,4064.58
"LOSS-03647","INC-03647",4410.29,22550.46,24173.06
"LOSS-03648","INC-03648",5670.21,1335.55,35325.98
"LOSS-03649","INC-03649",3342.24,1557.03,4255.89
"LOSS-03650","INC-03650",4818.44,5075.79,33021.09
"LOSS-03651","INC-03651",4951.44,3258.05,42332.25
"LOSS-03652","INC-03652",40680.52,6120.71,30614.05
"LOSS-03653","INC-03653",18787.78,849.28,18524.28
"LOSS-03654","INC-03654",1776.64,7719.11,2928.35
"LOSS-03655","INC-03655",22610.93,3034.95,142014.48
"LOSS-03656","INC-03656",35624.02,2060.66,45790.21
"LOSS-03657","INC-03657",7853.04,1405.27,30094.13
"LOSS-03658","INC-03658",38515.94,2461.4,20792.23
"LOSS-03659","INC-03659",13922.19,23417.63,26022.69
"LOSS-03660","INC-03660",18811.74,8196.69,8354.9
"LOSS-03661","INC-03661",7178.09,2053.25,10785.82
"LOSS-03662","INC-03662",41780.95,4665.91,24457.45
"LOSS-03663","INC-03663",10443.49,30962.77,139405.52
"LOSS-03664","INC-03664",7557.43,1091.53,29986.98
"LOSS-03665","INC-03665",15784.07,16608.23,16045.78
"LOSS-03666","INC-03666",8859.88,7196.36,30483.88
"LOSS-03667","INC-03667",7661.28,1676.38,6294.7
"LOSS-03668","INC-03668",20457.24,756.31,12953.5
"LOSS-03669","INC-03669",8095.13,28615.58,26585.58
"LOSS-03670","INC-03670",6485.52,718.34,66075.21
"LOSS-03671","INC-03671",5755.03,2169.76,34180.23
"LOSS-03672","INC-03672",2464.69,4476.87,55906.77
"LOSS-03673","INC-03673",49371.84,1409.46,31114.63
"LOSS-03674","INC-03674",5152.11,11558.71,9759.13
"LOSS-03675","INC-03675",6765.77,10047.7,32146.44
"LOSS-03676","INC-03676",10793.97,2779.91,15775.26
"LOSS-03677","INC-03677",5171.62,7984.94,14765.74
"LOSS-03678","INC-03678",1317.52,15406.61,17816.79
"LOSS-03679","INC-03679",15499.72,2651.89,112217.34
"LOSS-03680","INC-03680",16703.74,5099.16,3804.83
"LOSS-03681","INC-03681",7737.84,7462.44,69901.05
"LOSS-03682","INC-03682",5741.38,1327.35,15979.02
"LOSS-03683","INC-03683",4430.72,2692.56,136257.26
"LOSS-03684","INC-03684",69875.55,9202.03,13080.19
"LOSS-03685","INC-03685",7354.83,4244.21,29129.36
"LOSS-03686","INC-03686",9552.85,760.22,60536.24
"LOSS-03687","INC-03687",11016.94,5866.64,20771.81
"LOSS-03688","INC-03688",7858.72,13460.76,42484.4
"LOSS-03689","INC-03689",108019.82,5380.39,59669.5
"LOSS-03690","INC-03690",9782.67,20758.67,74825.03
"LOSS-03691","INC-03691",3330.71,3994.06,95431.03
"LOSS-03692","INC-03692",13544.95,2167.06,17662.13
"LOSS-03693","INC-03693",29605.68,4038.22,67181.44
"LOSS-03694","INC-03694",3572.8,20155.75,6557.47
"LOSS-03695","INC-03695",52621.24,2028.19,13983.03
"LOSS-03696","INC-03696",13032.26,11132.66,28072.08
"LOSS-03697","INC-03697",8251.36,17821.97,47347.67
"LOSS-03698","INC-03698",23561.17,115467.5,65187.28
"LOSS-03699","INC-03699",2433.79,313.79,43010.48
"LOSS-03700","INC-03700",43577.73,2015.14,9017.95
"LOSS-03701","INC-03701",5476.4,5662.51,7908.51
"LOSS-03702","INC-03702",4084.68,2038.99,35589.24
"LOSS-03703","INC-03703",5840.45,22825.81,5820.99
"LOSS-03704","INC-03704",10209.13,32800.9,9288.5
"LOSS-03705","INC-03705",3840.99,4646.45,43177.26
"LOSS-03706","INC-03706",813.24,2637.33,48791.03
"LOSS-03707","INC-03707",11449.62,17361.68,17755.52
"LOSS-03708","INC-03708",23358.2,549.6,67036.18
"LOSS-03709","INC-03709",8022.95,3051.69,45138.98
"LOSS-03710","INC-03710",14747.43,5418.39,9110.85
"LOSS-03711","INC-03711",21186.68,64805.34,4930.72
"LOSS-03712","INC-03712",3769.11,782,69763.19
"LOSS-03713","INC-03713",54407.29,4451.82,52536.14
"LOSS-03714","INC-03714",4377.3,1269.97,280391.2
"LOSS-03715","INC-03715",10409.8,1996.93,12671.84
"LOSS-03716","INC-03716",60982.04,5578.53,41433.04
"LOSS-03717","INC-03717",12503.18,9625.94,345842.23
"LOSS-03718","INC-03718",9616.26,3444.84,18095.26
"LOSS-03719","INC-03719",3180.02,15054.27,41833.94
"LOSS-03720","INC-03720",3110.76,3660.4,2805.15
"LOSS-03721","INC-03721",5725.35,1364.17,10986.89
"LOSS-03722","INC-03722",6415.21,13887.42,50269.64
"LOSS-03723","INC-03723",52181.64,1085.32,18544.44
"LOSS-03724","INC-03724",5635.66,2358.04,76856.51
"LOSS-03725","INC-03725",3147.76,1770.29,35194.36
"LOSS-03726","INC-03726",20116.41,2697.8,13785.82
"LOSS-03727","INC-03727",11617.11,19087.1,10836.23
"LOSS-03728","INC-03728",11085.05,36272.56,16157.31
"LOSS-03729","INC-03729",44144.05,4744.57,66762.35
"LOSS-03730","INC-03730",27535.64,17228.23,39631.4
"LOSS-03731","INC-03731",32031.07,14911.61,56568.46
"LOSS-03732","INC-03732",7750.37,1321.09,34931.56
"LOSS-03733","INC-03733",8375.52,4660.4,1515.49
"LOSS-03734","INC-03734",9098.68,15750.57,65040.4
"LOSS-03735","INC-03735",4330.77,4164.62,18563.23
"LOSS-03736","INC-03736",3012.43,3225.34,19810.91
"LOSS-03737","INC-03737",14666.95,610.18,146729.02
"LOSS-03738","INC-03738",8260.3,2407.85,17356.71
"LOSS-03739","INC-03739",9918.81,17697.91,1555.77
"LOSS-03740","INC-03740",32298.22,14851.25,20945.9
"LOSS-03741","INC-03741",4970,5484.63,3778.61
"LOSS-03742","INC-03742",70516.97,3989.22,4190.56
"LOSS-03743","INC-03743",6361.95,2109.63,11081.42
"LOSS-03744","INC-03744",21612.09,5171.54,38221.49
"LOSS-03745","INC-03745",3183.17,2390.6,35303.22
"LOSS-03746","INC-03746",13004.38,2053.03,47979.75
"LOSS-03747","INC-03747",4611.43,1784.95,78405.37
"LOSS-03748","INC-03748",4733.37,39306.29,14577.59
"LOSS-03749","INC-03749",2816.99,2255.22,18157.25
"LOSS-03750","INC-03750",9729.62,4778.53,34590.52
"LOSS-03751","INC-03751",21174.66,10859.56,73729.47
"LOSS-03752","INC-03752",8334.63,704.41,9670.42
"LOSS-03753","INC-03753",7591.14,3996.7,26609.25
"LOSS-03754","INC-03754",6476.94,6901.2,53332.45
"LOSS-03755","INC-03755",19717.7,1183.97,43217.12
"LOSS-03756","INC-03756",28295.28,1619.75,22738.89
"LOSS-03757","INC-03757",1103.21,23407.85,65759.91
"LOSS-03758","INC-03758",5985.14,119856.88,42452.1
"LOSS-03759","INC-03759",23868.6,10437.46,29772.13
"LOSS-03760","INC-03760",46553.28,676.22,6574.8
"LOSS-03761","INC-03761",17641.44,7505.35,56200.3
"LOSS-03762","INC-03762",8683.38,4977.69,11186.42
"LOSS-03763","INC-03763",18175.99,1916.77,125726.73
"LOSS-03764","INC-03764",12302.04,5055.39,12291.52
"LOSS-03765","INC-03765",16750.63,22933.79,49826.07
"LOSS-03766","INC-03766",15708.85,1617.14,59906.78
"LOSS-03767","INC-03767",44533.24,3893.82,58302.15
"LOSS-03768","INC-03768",14087.03,3301.09,40634.24
"LOSS-03769","INC-03769",6641.53,4875.05,489110.75
"LOSS-03770","INC-03770",27544.54,193.88,29794.33
"LOSS-03771","INC-03771",4443.2,9943.96,93780.1
"LOSS-03772","INC-03772",7348.27,5995.79,7250.07
"LOSS-03773","INC-03773",896.86,4296.95,51416.8
"LOSS-03774","INC-03774",12016.05,3801.55,32018.25
"LOSS-03775","INC-03775",18593.15,3282.17,37415.4
"LOSS-03776","INC-03776",1768.08,3543.65,12441.06
"LOSS-03777","INC-03777",125372.73,14867.45,20051.38
"LOSS-03778","INC-03778",3897.04,2490.2,13365.02
"LOSS-03779","INC-03779",2718.87,3777.79,264693.99
"LOSS-03780","INC-03780",7121.51,1995.28,26279.59
"LOSS-03781","INC-03781",13350.41,4158.01,38088.34
"LOSS-03782","INC-03782",6372.92,682.6,16543.73
"LOSS-03783","INC-03783",16267.66,179911.97,55953.89
"LOSS-03784","INC-03784",4061.99,1159.65,48892
"LOSS-03785","INC-03785",20571.05,7387.14,19075.54
"LOSS-03786","INC-03786",11237.33,39128.44,14402.8
"LOSS-03787","INC-03787",65450.04,14114.21,6524.71
"LOSS-03788","INC-03788",14469.06,5729.49,139358.45
"LOSS-03789","INC-03789",9463.37,3375.85,15318.09
"LOSS-03790","INC-03790",11339.46,3512.8,37153.37
"LOSS-03791","INC-03791",17158.97,3291.21,7234.01
"LOSS-03792","INC-03792",4411.28,657.38,22061
"LOSS-03793","INC-03793",3615.57,3639.83,3587.95
"LOSS-03794","INC-03794",23346.5,1814.3,12184.7
"LOSS-03795","INC-03795",10768.89,489.6,37909.54
"LOSS-03796","INC-03796",2248.93,3329.94,115085.56
"LOSS-03797","INC-03797",3770.16,1517.52,7335.62
"LOSS-03798","INC-03798",10977.47,1547.05,100736.61
"LOSS-03799","INC-03799",32122.87,3057.18,30275.19
"LOSS-03800","INC-03800",11998.85,648.91,27959.04
"LOSS-03801","INC-03801",9825.74,1071.36,19471.94
"LOSS-03802","INC-03802",6233.48,1848.58,17868.08
"LOSS-03803","INC-03803",4796.36,1868.95,51188.9
"LOSS-03804","INC-03804",5223.81,17590.4,15165.57
"LOSS-03805","INC-03805",15431.14,1299.01,10685.41
"LOSS-03806","INC-03806",5518.97,1588.17,163764
"LOSS-03807","INC-03807",11923.49,5585.79,78276.17
"LOSS-03808","INC-03808",7329.46,5773.16,13501.42
"LOSS-03809","INC-03809",11610.91,17229.33,15348.52
"LOSS-03810","INC-03810",27446.53,4964.66,21431.9
"LOSS-03811","INC-03811",21990.19,4161.78,50004.74
"LOSS-03812","INC-03812",9470.24,11087.11,37434.43
"LOSS-03813","INC-03813",3669.48,2697.67,11915.42
"LOSS-03814","INC-03814",17603.49,34486.18,578079.87
"LOSS-03815","INC-03815",11336.48,1767.5,110858.39
"LOSS-03816","INC-03816",3597.23,1902.87,7069.48
"LOSS-03817","INC-03817",27011.64,1673.58,48801.67
"LOSS-03818","INC-03818",23768.01,4743.71,56156.46
"LOSS-03819","INC-03819",4949.45,10630.05,140948.81
"LOSS-03820","INC-03820",144611.99,4684.22,14941.47
"LOSS-03821","INC-03821",428.81,1152.21,12927.18
"LOSS-03822","INC-03822",18881.85,10510.77,18039.68
"LOSS-03823","INC-03823",6120.44,35659.96,111733.72
"LOSS-03824","INC-03824",12001.75,9365.26,15253.28
"LOSS-03825","INC-03825",3465.96,1172.82,101684.12
"LOSS-03826","INC-03826",7739.93,15058.98,18148.39
"LOSS-03827","INC-03827",5357.6,868.18,3965.16
"LOSS-03828","INC-03828",16279.99,4789.41,28374.05
"LOSS-03829","INC-03829",15628.35,2908.92,9456.48
"LOSS-03830","INC-03830",20545.02,12346.19,14774.13
"LOSS-03831","INC-03831",14757.68,10393.77,19075.84
"LOSS-03832","INC-03832",9080.3,1832.07,5702.2
"LOSS-03833","INC-03833",8987.76,342.78,157563.55
"LOSS-03834","INC-03834",63814.38,11617.96,33145.44
"LOSS-03835","INC-03835",23185.53,2676.05,32566.67
"LOSS-03836","INC-03836",9327.43,2822.53,98303.11
"LOSS-03837","INC-03837",44385.56,2878.51,4311.3
"LOSS-03838","INC-03838",15537.67,34808.95,106750.23
"LOSS-03839","INC-03839",8959.21,1202.96,28103.2
"LOSS-03840","INC-03840",3565.19,1810.28,4707.67
"LOSS-03841","INC-03841",13997.12,2767.73,101753.9
"LOSS-03842","INC-03842",16602.36,1233.27,74067.08
"LOSS-03843","INC-03843",5218.78,4533.4,16945.62
"LOSS-03844","INC-03844",3647.5,3247.3,10619.57
"LOSS-03845","INC-03845",2619.36,2699.84,37887
"LOSS-03846","INC-03846",4131.59,8161.11,26752.81
"LOSS-03847","INC-03847",28884.11,11225.13,3118.57
"LOSS-03848","INC-03848",15805.76,3792.83,22998.63
"LOSS-03849","INC-03849",3915.42,4941.9,27142.26
"LOSS-03850","INC-03850",2034.86,1335.57,110447.05
"LOSS-03851","INC-03851",611.56,7297.94,33821.23
"LOSS-03852","INC-03852",3879.28,3666.02,10736.54
"LOSS-03853","INC-03853",15960.55,3425.47,8980.55
"LOSS-03854","INC-03854",2995.03,2340.02,21898.38
"LOSS-03855","INC-03855",13430.74,6837.02,8269.6
"LOSS-03856","INC-03856",55975.07,17813.51,6031.09
"LOSS-03857","INC-03857",1137.78,9207.31,22822.53
"LOSS-03858","INC-03858",8779.55,3706.07,172562.82
"LOSS-03859","INC-03859",3731.15,8216.45,66562.27
"LOSS-03860","INC-03860",25791.09,3367.74,38601.39
"LOSS-03861","INC-03861",9946.22,5115.79,56370.77
"LOSS-03862","INC-03862",14103.87,21760.84,2123.75
"LOSS-03863","INC-03863",11804.14,471.25,32563.52
"LOSS-03864","INC-03864",12465.03,7825.31,6628.8
"LOSS-03865","INC-03865",13758.3,7519.08,17999.49
"LOSS-03866","INC-03866",3742.87,7997.17,5339.56
"LOSS-03867","INC-03867",35656.75,939.67,77333.75
"LOSS-03868","INC-03868",45667.54,34875.49,49257.87
"LOSS-03869","INC-03869",8511.05,48702.21,9209.04
"LOSS-03870","INC-03870",8253.82,2089.79,118439.9
"LOSS-03871","INC-03871",1570.36,5270.17,9859.49
"LOSS-03872","INC-03872",11674.85,3029.21,9775.12
"LOSS-03873","INC-03873",1039.59,4009.41,41856.41
"LOSS-03874","INC-03874",8075.76,3393.84,12863.06
"LOSS-03875","INC-03875",2232.75,17664.14,71409.89
"LOSS-03876","INC-03876",4420.8,24963.58,21296.29
"LOSS-03877","INC-03877",8406.5,2160.74,13036.52
"LOSS-03878","INC-03878",16744.68,21553.05,39645.45
"LOSS-03879","INC-03879",40231.56,6446.11,63699.08
"LOSS-03880","INC-03880",6462.39,2992.1,71186.37
"LOSS-03881","INC-03881",8001.65,5250.23,17146.96
"LOSS-03882","INC-03882",7857.18,9675.85,67144.33
"LOSS-03883","INC-03883",6050.2,5100.56,16396.6
"LOSS-03884","INC-03884",7277.92,107052.59,48661.69
"LOSS-03885","INC-03885",20199.17,6805.71,81182.6
"LOSS-03886","INC-03886",57330.95,876.13,22752.85
"LOSS-03887","INC-03887",47511.94,2635.02,59606.52
"LOSS-03888","INC-03888",8827.47,3194.96,17643.95
"LOSS-03889","INC-03889",17776.14,2266.29,105178.79
"LOSS-03890","INC-03890",5519.98,1656.47,2120.2
"LOSS-03891","INC-03891",2191.23,5233.62,50894.8
"LOSS-03892","INC-03892",16624.48,17481.5,3662.86
"LOSS-03893","INC-03893",14294.7,200.57,13993.19
"LOSS-03894","INC-03894",48895.47,9585.19,151504.25
"LOSS-03895","INC-03895",8320.64,14923.08,10744.87
"LOSS-03896","INC-03896",1782.96,11083.31,13760.94
"LOSS-03897","INC-03897",13158.94,1945.75,841.89
"LOSS-03898","INC-03898",2174.47,871.48,11057.21
"LOSS-03899","INC-03899",3238.2,31605.29,46218.66
"LOSS-03900","INC-03900",6233.94,16875.38,56933.82
"LOSS-03901","INC-03901",6308.17,360.69,7800.03
"LOSS-03902","INC-03902",2496.82,751.73,2561.6
"LOSS-03903","INC-03903",28242.73,1382.58,21724.45
"LOSS-03904","INC-03904",13434.16,906.12,21781.56
"LOSS-03905","INC-03905",3949.13,53100.34,23193.7
"LOSS-03906","INC-03906",4250.44,26900.57,43049.34
"LOSS-03907","INC-03907",2900.6,7580.01,8830.56
"LOSS-03908","INC-03908",14066.19,6756.53,83576.55
"LOSS-03909","INC-03909",23880.72,3636.44,10872.67
"LOSS-03910","INC-03910",6285.7,1951.05,112982.91
"LOSS-03911","INC-03911",27393.09,5073.75,53848.65
"LOSS-03912","INC-03912",7192.46,74990.47,12176.88
"LOSS-03913","INC-03913",12811.97,966.61,9798.37
"LOSS-03914","INC-03914",30223.17,21944.43,25414.67
"LOSS-03915","INC-03915",4572.85,22341.58,37451.37
"LOSS-03916","INC-03916",11076.65,4222.33,50071.34
"LOSS-03917","INC-03917",16840.84,9090.42,19542.73
"LOSS-03918","INC-03918",6484.03,2641.2,8659.28
"LOSS-03919","INC-03919",11483.01,801.94,2066.65
"LOSS-03920","INC-03920",14754.25,16864.51,23693.68
"LOSS-03921","INC-03921",32385.05,8122.54,2684.25
"LOSS-03922","INC-03922",24812.31,11509.05,19947.28
"LOSS-03923","INC-03923",6669.03,35590.8,64668.14
"LOSS-03924","INC-03924",18201.17,3634.74,357279.57
"LOSS-03925","INC-03925",46758.64,8939.27,25304.82
"LOSS-03926","INC-03926",5276.43,8185.2,122166.75
"LOSS-03927","INC-03927",40914.9,11522.49,190003.09
"LOSS-03928","INC-03928",2513.26,6588.95,11453.16
"LOSS-03929","INC-03929",4035.84,5878.11,39099.56
"LOSS-03930","INC-03930",11351.59,1597.03,6059.2
"LOSS-03931","INC-03931",1800.15,1335.58,3827.54
"LOSS-03932","INC-03932",13633.81,20068.19,54153.58
"LOSS-03933","INC-03933",1174.92,1758.48,146157.27
"LOSS-03934","INC-03934",4710.5,6464.49,42794.26
"LOSS-03935","INC-03935",3820.2,1428.48,39548.75
"LOSS-03936","INC-03936",25184.6,7993.67,4097.54
"LOSS-03937","INC-03937",3296.17,65764.36,63849.67
"LOSS-03938","INC-03938",36210.71,838.35,63959.64
"LOSS-03939","INC-03939",4394.6,13119.3,55195.2
"LOSS-03940","INC-03940",7057.23,1516.8,135696.88
"LOSS-03941","INC-03941",4319.61,25558.78,49340.36
"LOSS-03942","INC-03942",29046.47,4040.29,48162.98
"LOSS-03943","INC-03943",2623.08,703.31,102591.98
"LOSS-03944","INC-03944",20741.83,1584.28,32367.64
"LOSS-03945","INC-03945",26282.88,3799.63,55048.85
"LOSS-03946","INC-03946",6789.85,5311.17,16768.18
"LOSS-03947","INC-03947",2694.88,4263.14,17565.84
"LOSS-03948","INC-03948",20439.09,702.68,78801.36
"LOSS-03949","INC-03949",3750.63,2137.27,31618.67
"LOSS-03950","INC-03950",4074.84,3290.05,100169.4
"LOSS-03951","INC-03951",4982.98,16422.25,38394.5
"LOSS-03952","INC-03952",3888.75,443.53,48269.72
"LOSS-03953","INC-03953",51965.08,1677.14,15626.2
"LOSS-03954","INC-03954",18290.4,865.94,48427.44
"LOSS-03955","INC-03955",13886.07,32056.71,135577.34
"LOSS-03956","INC-03956",5563.55,1635.87,30988.88
"LOSS-03957","INC-03957",28301.66,97631.55,27755.64
"LOSS-03958","INC-03958",3581.56,17243.87,57009.06
"LOSS-03959","INC-03959",8021.09,47309.16,6436.53
"LOSS-03960","INC-03960",29821.52,676.16,6587.24
"LOSS-03961","INC-03961",3890.31,3897.91,158148.07
"LOSS-03962","INC-03962",10273.67,86805.77,5807.71
"LOSS-03963","INC-03963",4586.74,9825.75,18112.88
"LOSS-03964","INC-03964",6717.25,2648.35,31873.69
"LOSS-03965","INC-03965",9378.36,2223.06,39129.12
"LOSS-03966","INC-03966",8196.46,10341.48,49672.59
"LOSS-03967","INC-03967",25996.01,734.41,42670.91
"LOSS-03968","INC-03968",18507.04,14737.64,42075.92
"LOSS-03969","INC-03969",22424.13,725.44,128395.45
"LOSS-03970","INC-03970",23073.46,2283.3,163379.22
"LOSS-03971","INC-03971",37485.04,3284.62,8518.75
"LOSS-03972","INC-03972",12418.82,6803.63,33831.92
"LOSS-03973","INC-03973",19025.01,17834.49,62661.25
"LOSS-03974","INC-03974",7039.95,16438.46,14223.35
"LOSS-03975","INC-03975",8813.33,3373.68,53453.02
"LOSS-03976","INC-03976",16913.21,691.83,8066.68
"LOSS-03977","INC-03977",7060.8,41928.38,212494.77
"LOSS-03978","INC-03978",6806.15,761.55,9731.52
"LOSS-03979","INC-03979",13001.03,18168.19,107006.58
"LOSS-03980","INC-03980",45977.98,2728.24,82839.08
"LOSS-03981","INC-03981",2460.48,3702.19,118994
"LOSS-03982","INC-03982",6175.62,70663.38,3454.28
"LOSS-03983","INC-03983",14495.38,5743.12,30844.85
"LOSS-03984","INC-03984",13620.63,8451.84,98090.69
"LOSS-03985","INC-03985",2404.83,35627.77,12433.65
"LOSS-03986","INC-03986",4723.41,2361.22,22979.99
"LOSS-03987","INC-03987",3223.65,4102.51,29249.07
"LOSS-03988","INC-03988",9456.29,17597.12,250744.24
"LOSS-03989","INC-03989",36811.41,8426.61,17105.66
"LOSS-03990","INC-03990",9881.48,1817.86,33280.17
"LOSS-03991","INC-03991",8005.7,2190.55,17326.75
"LOSS-03992","INC-03992",94228.22,2100.43,10683.11
"LOSS-03993","INC-03993",5397.83,9866.37,19161.02
"LOSS-03994","INC-03994",11090.26,3264.25,82179.52
"LOSS-03995","INC-03995",7081.63,18735.84,25434.62
"LOSS-03996","INC-03996",3994.68,10993.65,47701.56
"LOSS-03997","INC-03997",18139.69,1482.27,30570.63
"LOSS-03998","INC-03998",5867.5,7734.63,43884.91
"LOSS-03999","INC-03999",23165.96,3758.25,118295
"LOSS-04000","INC-04000",6581.14,3868.32,102717.11
"LOSS-04001","INC-04001",8588.6,5242.5,12658.63
"LOSS-04002","INC-04002",4385.69,12138.25,19198.28
"LOSS-04003","INC-04003",7147.08,6633.05,26694.24
"LOSS-04004","INC-04004",14445.78,2884.41,44040.5
"LOSS-04005","INC-04005",1346.84,4627.05,56466.26
"LOSS-04006","INC-04006",3643.29,2803.62,22324.91
"LOSS-04007","INC-04007",13145.34,209.2,39865.19
"LOSS-04008","INC-04008",3290.54,6603.88,193221.38
"LOSS-04009","INC-04009",26458.88,2213.9,42464.79
"LOSS-04010","INC-04010",3580.92,454.85,16111.99
"LOSS-04011","INC-04011",4171.76,40931.74,23568.15
"LOSS-04012","INC-04012",7887.33,12773.5,168946.12
"LOSS-04013","INC-04013",7537.24,2960.17,13957.91
"LOSS-04014","INC-04014",7678.73,1029.7,110418.77
"LOSS-04015","INC-04015",14999.56,478.37,2661.43
"LOSS-04016","INC-04016",17543.55,39035.25,93235.8
"LOSS-04017","INC-04017",1606.42,16714.35,15036.82
"LOSS-04018","INC-04018",25676.64,6662.39,60297.5
"LOSS-04019","INC-04019",37958.47,11006.3,33125.36
"LOSS-04020","INC-04020",4654.22,2594.65,69016.33
"LOSS-04021","INC-04021",1499.82,6908.56,81848.37
"LOSS-04022","INC-04022",1921.46,5218.89,184755.72
"LOSS-04023","INC-04023",1461.44,3462.29,21087.46
"LOSS-04024","INC-04024",13476.75,12343.11,116798.26
"LOSS-04025","INC-04025",18660.38,1798.71,17993.6
"LOSS-04026","INC-04026",43216.07,4102.66,36520.25
"LOSS-04027","INC-04027",13678.38,2634.43,78500.99
"LOSS-04028","INC-04028",24922.1,518.22,27636.9
"LOSS-04029","INC-04029",5670.98,7831.67,138872.96
"LOSS-04030","INC-04030",3666.78,33451.43,20550.88
"LOSS-04031","INC-04031",12930.74,16027.6,16692.11
"LOSS-04032","INC-04032",13866.11,21497.8,5067.91
"LOSS-04033","INC-04033",1244.75,2082.58,68820.97
"LOSS-04034","INC-04034",25284.25,4214.73,4984.12
"LOSS-04035","INC-04035",5361.16,12203.94,9677.22
"LOSS-04036","INC-04036",8847.65,3104.41,34849.93
"LOSS-04037","INC-04037",3590.6,8241.2,14576.29
"LOSS-04038","INC-04038",18702.13,419.45,9075.65
"LOSS-04039","INC-04039",6831.35,3404.56,104438.96
"LOSS-04040","INC-04040",2389.09,7983.91,125329.6
"LOSS-04041","INC-04041",13214.77,90389.94,6433.56
"LOSS-04042","INC-04042",1904.79,3172.56,11153.69
"LOSS-04043","INC-04043",8182.51,8722.58,73447.22
"LOSS-04044","INC-04044",10091.05,13392.56,29374.87
"LOSS-04045","INC-04045",147536.53,338.84,18264.07
"LOSS-04046","INC-04046",16497.62,2192.26,52210.62
"LOSS-04047","INC-04047",2770.15,24222.77,92754.4
"LOSS-04048","INC-04048",14420.96,2165.51,92526.8
"LOSS-04049","INC-04049",8966.35,7892.85,14299.22
"LOSS-04050","INC-04050",12339.3,8643.72,31319.5
"LOSS-04051","INC-04051",1966.62,2148.89,10429.21
"LOSS-04052","INC-04052",53151.58,24965.27,14729.99
"LOSS-04053","INC-04053",17296.09,5154.34,8502.58
"LOSS-04054","INC-04054",6792.74,1106.15,8783.2
"LOSS-04055","INC-04055",1303.01,1431.84,32810.72
"LOSS-04056","INC-04056",14733.89,23838.12,18050.94
"LOSS-04057","INC-04057",2448.19,10903.07,3626.63
"LOSS-04058","INC-04058",3034.28,15437.49,5431.26
"LOSS-04059","INC-04059",17023.07,4540.53,13690.2
"LOSS-04060","INC-04060",20634.53,37423.32,150061.67
"LOSS-04061","INC-04061",6778.4,8440.32,50578.3
"LOSS-04062","INC-04062",1914.47,6443.27,10941.26
"LOSS-04063","INC-04063",940.46,18732.94,23026.15
"LOSS-04064","INC-04064",2440.15,2074.65,5861.61
"LOSS-04065","INC-04065",4930.55,6353.33,3374.36
"LOSS-04066","INC-04066",3738.08,16796.84,15664.83
"LOSS-04067","INC-04067",13648.38,35169.79,10221.72
"LOSS-04068","INC-04068",4363.32,24238.95,7638.15
"LOSS-04069","INC-04069",15878.24,1812.07,64150.09
"LOSS-04070","INC-04070",32709.38,2184.38,4850.91
"LOSS-04071","INC-04071",6338.15,3127.66,2559.56
"LOSS-04072","INC-04072",2557.72,4501.56,9298.06
"LOSS-04073","INC-04073",3025.92,3754.95,10460.51
"LOSS-04074","INC-04074",21175.64,17615.82,27305.54
"LOSS-04075","INC-04075",2085.27,7053.34,120407.88
"LOSS-04076","INC-04076",49129.11,6266.35,104276.91
"LOSS-04077","INC-04077",13084.92,1380.77,624016.33
"LOSS-04078","INC-04078",25800.7,4486.38,184671.02
"LOSS-04079","INC-04079",4732.01,2398.85,27963.87
"LOSS-04080","INC-04080",5213.19,621.32,27386.57
"LOSS-04081","INC-04081",15466.97,7567.43,25046.6
"LOSS-04082","INC-04082",8190.97,2626.83,39420.98
"LOSS-04083","INC-04083",17820.25,58462.95,16038.47
"LOSS-04084","INC-04084",8200.53,2693.89,25986.91
"LOSS-04085","INC-04085",8241.62,8618.07,3834.86
"LOSS-04086","INC-04086",57547.79,28690.6,85898.37
"LOSS-04087","INC-04087",16184.66,10405.3,5295.37
"LOSS-04088","INC-04088",965.94,2003.71,62725.56
"LOSS-04089","INC-04089",20276.83,714.83,37442.02
"LOSS-04090","INC-04090",5002.34,12025.99,1893.71
"LOSS-04091","INC-04091",10286.78,1915.37,68014.07
"LOSS-04092","INC-04092",38309.12,2715.36,49532.19
"LOSS-04093","INC-04093",53711.9,4937.37,79372.56
"LOSS-04094","INC-04094",1370.25,4002.75,6319.45
"LOSS-04095","INC-04095",2152.97,18906.35,67874.51
"LOSS-04096","INC-04096",15332.76,1580.02,5461.2
"LOSS-04097","INC-04097",5202.4,6699.8,38394
"LOSS-04098","INC-04098",6148.25,17235.14,13605.88
"LOSS-04099","INC-04099",33840.08,8506.74,25793.49
"LOSS-04100","INC-04100",6238.17,3502.53,11215.45
"LOSS-04101","INC-04101",3080.57,2709.72,20913.92
"LOSS-04102","INC-04102",7329.39,3991.98,55050.35
"LOSS-04103","INC-04103",21374.93,1761.4,169961.17
"LOSS-04104","INC-04104",12585.02,84268.55,8027.04
"LOSS-04105","INC-04105",21039.75,2388.73,7099.28
"LOSS-04106","INC-04106",1687.36,3140.98,15401.89
"LOSS-04107","INC-04107",11118.13,5693.43,32440.42
"LOSS-04108","INC-04108",19772.01,371.31,38637.76
"LOSS-04109","INC-04109",39260.96,7698.77,44606.34
"LOSS-04110","INC-04110",641.64,19169.69,880.23
"LOSS-04111","INC-04111",4525.28,93879.61,77056.77
"LOSS-04112","INC-04112",22204.35,642.02,28906.1
"LOSS-04113","INC-04113",16715.11,16787.68,67042.83
"LOSS-04114","INC-04114",14130.88,5894.74,18325.64
"LOSS-04115","INC-04115",1988.32,35654.78,263154.45
"LOSS-04116","INC-04116",7167.54,4229.85,37918.44
"LOSS-04117","INC-04117",1139.72,36480.84,514.23
"LOSS-04118","INC-04118",10087.95,205.65,2088.65
"LOSS-04119","INC-04119",3667.61,1611.38,9375.91
"LOSS-04120","INC-04120",2345.45,16856.08,1246.12
"LOSS-04121","INC-04121",11722.81,16204.33,24913.68
"LOSS-04122","INC-04122",61379.17,3074.37,12088.27
"LOSS-04123","INC-04123",2029.53,3684.67,15568.86
"LOSS-04124","INC-04124",4130.57,4302.06,7071.02
"LOSS-04125","INC-04125",8137.34,35144.52,5350.21
"LOSS-04126","INC-04126",4882.18,996.34,49701.19
"LOSS-04127","INC-04127",3485.32,4539.09,38946.63
"LOSS-04128","INC-04128",18215.02,3842.18,21171.32
"LOSS-04129","INC-04129",3614.86,36405.96,30265.54
"LOSS-04130","INC-04130",8418.75,5806.84,8021.97
"LOSS-04131","INC-04131",26371.84,5175.23,28183.16
"LOSS-04132","INC-04132",14213.43,2459.49,102459.44
"LOSS-04133","INC-04133",1986.92,687.22,7124.65
"LOSS-04134","INC-04134",36719.25,5283.7,5220.32
"LOSS-04135","INC-04135",16973.15,2252.46,79143.26
"LOSS-04136","INC-04136",12317.72,705.94,10267
"LOSS-04137","INC-04137",8690.91,4597.4,3199.66
"LOSS-04138","INC-04138",4166.98,2899.33,75562.28
"LOSS-04139","INC-04139",4334.5,4786.23,36983.56
"LOSS-04140","INC-04140",3811.82,6666.45,4906.19
"LOSS-04141","INC-04141",2459.65,7727.01,16164.48
"LOSS-04142","INC-04142",16856.74,3332.55,358509.51
"LOSS-04143","INC-04143",2540.17,17561.17,16396.21
"LOSS-04144","INC-04144",15032.95,78787.48,29706.84
"LOSS-04145","INC-04145",4229.09,1887.56,25170.19
"LOSS-04146","INC-04146",23612.38,5638.95,7269.46
"LOSS-04147","INC-04147",27847,24636.32,91153.42
"LOSS-04148","INC-04148",10104.51,19503.21,2435.28
"LOSS-04149","INC-04149",14692.89,13638.76,30781.1
"LOSS-04150","INC-04150",13047.5,967.78,48585.4
"LOSS-04151","INC-04151",2423.8,4123.28,23725.86
"LOSS-04152","INC-04152",22129.91,1956.64,72586.77
"LOSS-04153","INC-04153",21483.79,333.01,237064.75
"LOSS-04154","INC-04154",3991.23,311.12,65367.47
"LOSS-04155","INC-04155",3655.47,18806.47,17638.96
"LOSS-04156","INC-04156",14222.02,33554.2,9385.03
"LOSS-04157","INC-04157",3340.64,3078.91,66691.65
"LOSS-04158","INC-04158",11793.01,443.8,1541.67
"LOSS-04159","INC-04159",18667.2,26088.96,24462.57
"LOSS-04160","INC-04160",7568.08,1481.77,31244.5
"LOSS-04161","INC-04161",8574.79,5881.54,4358.2
"LOSS-04162","INC-04162",4987.42,16843.59,114073.65
"LOSS-04163","INC-04163",7255.67,4241.96,58910.56
"LOSS-04164","INC-04164",5596.13,32777.15,75200.75
"LOSS-04165","INC-04165",124784.84,1705.61,4942.86
"LOSS-04166","INC-04166",18061.47,1080.62,41782.02
"LOSS-04167","INC-04167",30563.48,10949.74,104278.87
"LOSS-04168","INC-04168",6184.17,1665.56,9300.98
"LOSS-04169","INC-04169",8043.11,10969.04,9226.35
"LOSS-04170","INC-04170",154148.76,3955.72,32300.84
"LOSS-04171","INC-04171",4314.38,7756.64,11611.83
"LOSS-04172","INC-04172",5204.61,376.92,21533.46
"LOSS-04173","INC-04173",8590.29,8844.71,69836.81
"LOSS-04174","INC-04174",29862.72,1697.89,24971.94
"LOSS-04175","INC-04175",492.24,995.96,37556.33
"LOSS-04176","INC-04176",77156.71,7127.98,64071.1
"LOSS-04177","INC-04177",3314.97,9344.11,15733.23
"LOSS-04178","INC-04178",2902.82,8797.29,74639.72
"LOSS-04179","INC-04179",7028.46,2405.5,32814.52
"LOSS-04180","INC-04180",19120.81,4479,30679.61
"LOSS-04181","INC-04181",4224.07,11830.97,19013.1
"LOSS-04182","INC-04182",1516.28,2132.23,91483.21
"LOSS-04183","INC-04183",6064.11,48202.08,149399.73
"LOSS-04184","INC-04184",13742.43,10094.57,6657.1
"LOSS-04185","INC-04185",23509.55,11323.63,7027.35
"LOSS-04186","INC-04186",30937.26,1783.97,35841.84
"LOSS-04187","INC-04187",6412.76,452.64,6486.4
"LOSS-04188","INC-04188",42743.64,5811.45,25198.62
"LOSS-04189","INC-04189",32787.67,7001.23,157533.11
"LOSS-04190","INC-04190",6233.63,17134.81,151457.91
"LOSS-04191","INC-04191",24657.78,9239.63,10918.47
"LOSS-04192","INC-04192",28468.89,5101.47,14135.73
"LOSS-04193","INC-04193",2486.04,2969.68,9296.13
"LOSS-04194","INC-04194",45361.62,2804.41,30531.24
"LOSS-04195","INC-04195",9154.32,9640.11,10160.54
"LOSS-04196","INC-04196",16355.94,1871.21,38135.02
"LOSS-04197","INC-04197",9070.54,6121.86,4620.13
"LOSS-04198","INC-04198",4959.43,18524.64,23076.03
"LOSS-04199","INC-04199",45543.49,1576.77,27144.62
"LOSS-04200","INC-04200",36829.95,7408.63,88893.76
"LOSS-04201","INC-04201",3395.63,17923.45,2740.41
"LOSS-04202","INC-04202",9740.97,502.95,53295.65
"LOSS-04203","INC-04203",16965.39,1267.67,54256.51
"LOSS-04204","INC-04204",1661.18,39917.94,21430.25
"LOSS-04205","INC-04205",6310.02,36199.88,25344.85
"LOSS-04206","INC-04206",15970.47,9623.6,45435.3
"LOSS-04207","INC-04207",6999.34,4402.04,18700.68
"LOSS-04208","INC-04208",1281.41,29366.77,58848.29
"LOSS-04209","INC-04209",2244.81,6182.34,6473.46
"LOSS-04210","INC-04210",3932.55,3474.79,8441.93
"LOSS-04211","INC-04211",11781.01,3351.82,85427.87
"LOSS-04212","INC-04212",1607.89,4169.19,55077.55
"LOSS-04213","INC-04213",16318.27,51749.56,5416.07
"LOSS-04214","INC-04214",28668.27,2313.42,7258.16
"LOSS-04215","INC-04215",5623.99,18490,21487.08
"LOSS-04216","INC-04216",25440.38,15952.1,10127.06
"LOSS-04217","INC-04217",26189.11,548.5,11984.55
"LOSS-04218","INC-04218",9728.68,10143.53,13436.63
"LOSS-04219","INC-04219",6905.49,29555.98,12369.58
"LOSS-04220","INC-04220",8183.01,6140.4,12256.4
"LOSS-04221","INC-04221",1513.9,10601.07,19819.34
"LOSS-04222","INC-04222",17332.69,420.9,79119.11
"LOSS-04223","INC-04223",13840.92,4514.01,60904.95
"LOSS-04224","INC-04224",8492.83,10012.41,13238.25
"LOSS-04225","INC-04225",652.96,4450.35,57438.24
"LOSS-04226","INC-04226",13256.16,2783.87,30071.36
"LOSS-04227","INC-04227",17419.09,770.17,1742.52
"LOSS-04228","INC-04228",4128.96,6222.35,104550.55
"LOSS-04229","INC-04229",27147.33,14267.93,52719.34
"LOSS-04230","INC-04230",17624.67,4137.99,38654.62
"LOSS-04231","INC-04231",3016.95,27697.45,35244.44
"LOSS-04232","INC-04232",3794.87,2125.72,188381.23
"LOSS-04233","INC-04233",7936.71,4464.87,17249.63
"LOSS-04234","INC-04234",3675.69,797.45,20888.66
"LOSS-04235","INC-04235",3477.07,5168,2804.93
"LOSS-04236","INC-04236",38547.55,6685.86,9420.58
"LOSS-04237","INC-04237",3115.29,4115.02,11184.89
"LOSS-04238","INC-04238",12846.71,1465.43,66685.89
"LOSS-04239","INC-04239",2083.41,3709.35,24431.88
"LOSS-04240","INC-04240",9826.71,2860.43,71790.79
"LOSS-04241","INC-04241",17460.95,1916.14,7492.87
"LOSS-04242","INC-04242",30062.81,5300.9,91353.69
"LOSS-04243","INC-04243",3231.35,3043.63,22207.1
"LOSS-04244","INC-04244",4696.93,1497.48,20487
"LOSS-04245","INC-04245",24238.2,16598.23,34709.96
"LOSS-04246","INC-04246",17858.67,3716.5,29381.91
"LOSS-04247","INC-04247",7417.06,11060.61,10786.84
"LOSS-04248","INC-04248",10385.47,2272.15,37946.98
"LOSS-04249","INC-04249",6069.76,2315.2,5335.45
"LOSS-04250","INC-04250",20190.89,803.53,11684.7
"LOSS-04251","INC-04251",14024.92,10408.47,23372.56
"LOSS-04252","INC-04252",9013.14,11217.57,4038.6
"LOSS-04253","INC-04253",4249.75,1697.52,7884.43
"LOSS-04254","INC-04254",13063.88,51821.04,15645.54
"LOSS-04255","INC-04255",7413.8,1238.71,25797.82
"LOSS-04256","INC-04256",1554.13,2659.26,28351.56
"LOSS-04257","INC-04257",3806.75,13425.22,10433.92
"LOSS-04258","INC-04258",1831.45,3040.43,25507.71
"LOSS-04259","INC-04259",25166.09,2303.85,4575.5
"LOSS-04260","INC-04260",44978.99,77234,82764.27
"LOSS-04261","INC-04261",104222.7,27344.86,5450.79
"LOSS-04262","INC-04262",83835.92,27876.18,78796.01
"LOSS-04263","INC-04263",4663.06,119376.02,11973.23
"LOSS-04264","INC-04264",2827.26,13752.13,33870.18
"LOSS-04265","INC-04265",5298.46,15412.99,204396.33
"LOSS-04266","INC-04266",35315.05,807.47,196168.27
"LOSS-04267","INC-04267",3663.53,1597.54,241623.22
"LOSS-04268","INC-04268",4873.47,5945.61,8620.71
"LOSS-04269","INC-04269",4690.15,1024.4,35439.65
"LOSS-04270","INC-04270",7500.24,1735.77,13754.51
"LOSS-04271","INC-04271",19146.91,785.47,44671.87
"LOSS-04272","INC-04272",2181.7,7485.7,47815.22
"LOSS-04273","INC-04273",9685.53,13797.81,34459.32
"LOSS-04274","INC-04274",1712.02,312.81,60895.13
"LOSS-04275","INC-04275",27874.46,9976.49,150254.47
"LOSS-04276","INC-04276",23444.65,35906.71,48199.96
"LOSS-04277","INC-04277",12907.25,8053.91,28209.58
"LOSS-04278","INC-04278",7853.17,5970.39,5079.06
"LOSS-04279","INC-04279",27566.53,1133.61,10844.78
"LOSS-04280","INC-04280",18349.73,1979.88,17606.61
"LOSS-04281","INC-04281",3068.58,2242.48,14888.1
"LOSS-04282","INC-04282",122907.78,3811.24,33647.98
"LOSS-04283","INC-04283",5254.87,4683.72,42314.79
"LOSS-04284","INC-04284",3556.28,2414.81,4857.34
"LOSS-04285","INC-04285",15301.31,9434.8,53814.07
"LOSS-04286","INC-04286",12929.88,2299.13,22355.77
"LOSS-04287","INC-04287",11516.49,5340.29,6994.54
"LOSS-04288","INC-04288",2370.58,4831.83,36075.4
"LOSS-04289","INC-04289",10853.51,662.25,28565.39
"LOSS-04290","INC-04290",14579.18,7590.88,5813.1
"LOSS-04291","INC-04291",93314.98,6580.39,68094.93
"LOSS-04292","INC-04292",4530.26,1036.99,11087.7
"LOSS-04293","INC-04293",20743.07,5552.9,47478.99
"LOSS-04294","INC-04294",4194.7,19053.75,9280.27
"LOSS-04295","INC-04295",13386.72,14687.16,72535.9
"LOSS-04296","INC-04296",3785.39,14917.74,19325.59
"LOSS-04297","INC-04297",1342.64,4902.31,6453.16
"LOSS-04298","INC-04298",985.45,5872.76,17189.84
"LOSS-04299","INC-04299",23558.25,51271.48,8284.7
"LOSS-04300","INC-04300",10679.84,2336.49,29163.09
"LOSS-04301","INC-04301",14548.23,1860.64,9895.89
"LOSS-04302","INC-04302",1261.14,9269.84,17441.21
"LOSS-04303","INC-04303",8558.2,8865.28,9344.92
"LOSS-04304","INC-04304",10915.94,3423.81,20140.02
"LOSS-04305","INC-04305",51594.63,1270.98,28402.7
"LOSS-04306","INC-04306",4926.92,4175.95,10319.35
"LOSS-04307","INC-04307",22034.25,32645.07,31275.59
"LOSS-04308","INC-04308",9617.83,17518.71,7699.92
"LOSS-04309","INC-04309",25082.76,6512.29,21924.81
"LOSS-04310","INC-04310",11678.44,2779.78,9100.91
"LOSS-04311","INC-04311",11566.68,1411.18,16275.74
"LOSS-04312","INC-04312",8390.99,4912.4,103857.61
"LOSS-04313","INC-04313",10807.28,5223.23,53914.27
"LOSS-04314","INC-04314",10784.36,10734.18,28331.14
"LOSS-04315","INC-04315",8336.81,26458.51,62691.33
"LOSS-04316","INC-04316",8543.48,10514.97,13422.29
"LOSS-04317","INC-04317",23157.6,8390.94,23453.69
"LOSS-04318","INC-04318",8217.16,13474.17,114452.64
"LOSS-04319","INC-04319",4292.22,1012.74,20886.29
"LOSS-04320","INC-04320",9004.46,111537.92,327848.41
"LOSS-04321","INC-04321",2784.61,1594.14,16819.66
"LOSS-04322","INC-04322",55200.28,2448.39,35493.35
"LOSS-04323","INC-04323",120191.34,30577.64,54455.25
"LOSS-04324","INC-04324",9650.78,1853.28,1803.84
"LOSS-04325","INC-04325",9966.98,448.77,8983.77
"LOSS-04326","INC-04326",3708.14,3073.57,47165.66
"LOSS-04327","INC-04327",13456.73,6520.06,3575.99
"LOSS-04328","INC-04328",26359.68,16560.1,4683.67
"LOSS-04329","INC-04329",21605.67,749.97,20484.43
"LOSS-04330","INC-04330",9821.64,6531.37,28654.87
"LOSS-04331","INC-04331",34841.6,16751.04,15440.85
"LOSS-04332","INC-04332",57920.97,3017.17,51125.13
"LOSS-04333","INC-04333",7247.8,4195.11,14380.66
"LOSS-04334","INC-04334",15168.47,3257.93,47514.29
"LOSS-04335","INC-04335",31400.38,2056.08,13900.64
"LOSS-04336","INC-04336",7426.71,1213.51,34612.76
"LOSS-04337","INC-04337",11302.38,5446.43,88698.59
"LOSS-04338","INC-04338",3273.99,9822.89,52615.39
"LOSS-04339","INC-04339",4104.15,3297.49,26040.61
"LOSS-04340","INC-04340",908.11,18025.86,422220.22
"LOSS-04341","INC-04341",4963.92,5725.18,50052.58
"LOSS-04342","INC-04342",5838,1542.17,36571.5
"LOSS-04343","INC-04343",28747.64,34646.75,88553.92
"LOSS-04344","INC-04344",3312.46,1346.04,109953.11
"LOSS-04345","INC-04345",9090.09,6064.21,10540
"LOSS-04346","INC-04346",6529.06,1637.72,41426.06
"LOSS-04347","INC-04347",6744.69,7303.32,27519.65
"LOSS-04348","INC-04348",11367.1,3349.47,44442.19
"LOSS-04349","INC-04349",44467.31,1512.36,20514.7
"LOSS-04350","INC-04350",3115.28,2443.47,25189.22
"LOSS-04351","INC-04351",19469.14,80357.64,40110.72
"LOSS-04352","INC-04352",4945.94,7749.08,41702.61
"LOSS-04353","INC-04353",3198.75,1629.76,95101.22
"LOSS-04354","INC-04354",23094,2961.88,29543.59
"LOSS-04355","INC-04355",2739.91,2185.6,44211.31
"LOSS-04356","INC-04356",3823.02,2834.97,70229.23
"LOSS-04357","INC-04357",27214.78,1418.17,3877.57
"LOSS-04358","INC-04358",8892.9,12160.42,16917.48
"LOSS-04359","INC-04359",48082.66,11311.84,8213.96
"LOSS-04360","INC-04360",148575.03,13906.98,22696.13
"LOSS-04361","INC-04361",12073.89,124500.08,226734.21
"LOSS-04362","INC-04362",21174.85,2313.8,106511.76
"LOSS-04363","INC-04363",11084.86,819.64,15814.35
"LOSS-04364","INC-04364",5637.12,13222.78,7587.01
"LOSS-04365","INC-04365",4827.19,11227.3,20410.14
"LOSS-04366","INC-04366",29037.57,5491.59,68326.93
"LOSS-04367","INC-04367",20520.69,4329.7,13722.23
"LOSS-04368","INC-04368",15867.19,1899.68,17832.83
"LOSS-04369","INC-04369",24075.85,5047.67,21335.04
"LOSS-04370","INC-04370",3185.72,3118.69,26594.76
"LOSS-04371","INC-04371",3302.37,111469.69,38046.67
"LOSS-04372","INC-04372",11556.65,17907.67,55792.78
"LOSS-04373","INC-04373",16995.57,9632.86,42294.85
"LOSS-04374","INC-04374",31282.28,15097.7,53545.6
"LOSS-04375","INC-04375",43349.48,724.44,173265.71
"LOSS-04376","INC-04376",11874.97,2811.14,1234.52
"LOSS-04377","INC-04377",3290.9,17826.63,11579.93
"LOSS-04378","INC-04378",2973.43,6479.57,15066.2
"LOSS-04379","INC-04379",3764.2,1800.71,12891.96
"LOSS-04380","INC-04380",39914.35,24449.53,150079.85
"LOSS-04381","INC-04381",14829.3,1699.57,45111.73
"LOSS-04382","INC-04382",43928.38,75301.83,8532.7
"LOSS-04383","INC-04383",5010.47,4295.66,28948.6
"LOSS-04384","INC-04384",9393,102.58,9144.15
"LOSS-04385","INC-04385",18710.19,7575.59,7092.51
"LOSS-04386","INC-04386",14141.7,3078.13,12387.71
"LOSS-04387","INC-04387",3054.54,4035.71,13227.1
"LOSS-04388","INC-04388",2239.36,10165.15,39549.55
"LOSS-04389","INC-04389",858.02,12644.78,33204.11
"LOSS-04390","INC-04390",18962.13,35418.74,21931.02
"LOSS-04391","INC-04391",17987.98,4680.79,24551.62
"LOSS-04392","INC-04392",9838.76,326.83,14588.79
"LOSS-04393","INC-04393",75726.27,58943.33,7776.96
"LOSS-04394","INC-04394",13046.68,2221.51,5810.58
"LOSS-04395","INC-04395",6024.16,3388.14,5141.44
"LOSS-04396","INC-04396",31895.37,1091.75,41318.74
"LOSS-04397","INC-04397",27015.08,21614.88,7137.82
"LOSS-04398","INC-04398",4882.24,3549.15,257978.71
"LOSS-04399","INC-04399",10599.52,1347.87,31524.12
"LOSS-04400","INC-04400",24038.84,1564.09,116924.8
"LOSS-04401","INC-04401",25618.77,14785.85,40447.01
"LOSS-04402","INC-04402",8664.8,5793.07,18250.72
"LOSS-04403","INC-04403",2736.45,8885.1,60205.75
"LOSS-04404","INC-04404",52112.75,5103.82,52627.77
"LOSS-04405","INC-04405",11345.5,7569.77,3185.81
"LOSS-04406","INC-04406",6220.69,5221.69,10593.7
"LOSS-04407","INC-04407",7285.03,291.93,22254.51
"LOSS-04408","INC-04408",6400.86,2365.99,19960.68
"LOSS-04409","INC-04409",1793.95,5964.14,77261.23
"LOSS-04410","INC-04410",8339.1,11313.98,22023.65
"LOSS-04411","INC-04411",26603.97,13181.03,21602.34
"LOSS-04412","INC-04412",97308.54,5108.33,3110.15
"LOSS-04413","INC-04413",5790.96,2162.75,68700.65
"LOSS-04414","INC-04414",8191.98,66953.5,5167.86
"LOSS-04415","INC-04415",19096.32,3781.66,8839.82
"LOSS-04416","INC-04416",8373.88,8418.91,13155.06
"LOSS-04417","INC-04417",5786.21,3690.04,60066.52
"LOSS-04418","INC-04418",7090.85,13953.17,4051.59
"LOSS-04419","INC-04419",12368.45,14055.34,38372.44
"LOSS-04420","INC-04420",1051.84,1314.53,35723.34
"LOSS-04421","INC-04421",5204.13,5196.04,12457.12
"LOSS-04422","INC-04422",11265.57,6377.11,12029.82
"LOSS-04423","INC-04423",16328.77,2027.99,26027.01
"LOSS-04424","INC-04424",3711.95,3221.86,16613.8
"LOSS-04425","INC-04425",5440.24,1935.21,36925.79
"LOSS-04426","INC-04426",1831.73,1488.03,76095.07
"LOSS-04427","INC-04427",15724.66,4674.6,23120.11
"LOSS-04428","INC-04428",18638.5,19887.1,26497.57
"LOSS-04429","INC-04429",9190.08,1773.65,10241.01
"LOSS-04430","INC-04430",10177.77,1879.67,16056.65
"LOSS-04431","INC-04431",802.64,71587.14,109210.76
"LOSS-04432","INC-04432",40679.68,2037.55,33902.39
"LOSS-04433","INC-04433",7308.41,6768.15,20702.02
"LOSS-04434","INC-04434",5435.4,1237.91,11242.41
"LOSS-04435","INC-04435",10093.65,15804.89,17459.46
"LOSS-04436","INC-04436",18081.28,7548.96,70414.8
"LOSS-04437","INC-04437",47747.64,12082.69,61887.47
"LOSS-04438","INC-04438",14596.81,3541.83,25041.21
"LOSS-04439","INC-04439",3213.46,218.73,44363.56
"LOSS-04440","INC-04440",9142.71,9519.27,4968.3
"LOSS-04441","INC-04441",11020.83,33082.59,11051.36
"LOSS-04442","INC-04442",11663.79,3636.71,8280.19
"LOSS-04443","INC-04443",26487.92,11865.7,30034.15
"LOSS-04444","INC-04444",9070.07,1415.91,42443.65
"LOSS-04445","INC-04445",4528.81,13953.94,237673.45
"LOSS-04446","INC-04446",39839.43,1990.3,20518.98
"LOSS-04447","INC-04447",154086.98,2584.96,111733.27
"LOSS-04448","INC-04448",7329.3,2253.55,304108.59
"LOSS-04449","INC-04449",25338.26,7638.04,122393.03
"LOSS-04450","INC-04450",29214.28,5132.87,44975.61
"LOSS-04451","INC-04451",24837.16,3910.84,25809.68
"LOSS-04452","INC-04452",6593.14,861.97,121507.22
"LOSS-04453","INC-04453",19235.3,3493.06,61219.82
"LOSS-04454","INC-04454",33760.64,7386.12,13888.38
"LOSS-04455","INC-04455",196595.29,26619.46,48478.09
"LOSS-04456","INC-04456",14759.9,17562.11,9700.24
"LOSS-04457","INC-04457",10631.18,9001.77,27929.84
"LOSS-04458","INC-04458",3832.69,8519.62,15382.17
"LOSS-04459","INC-04459",10030.64,4006.8,45117.44
"LOSS-04460","INC-04460",20050.59,1719.45,91403.7
"LOSS-04461","INC-04461",19258.24,7179.24,3220.33
"LOSS-04462","INC-04462",3999.07,1837.41,7315.48
"LOSS-04463","INC-04463",9944.45,4216.84,24840.7
"LOSS-04464","INC-04464",3351.17,41255.54,102827.55
"LOSS-04465","INC-04465",14859.86,1137.02,3686.5
"LOSS-04466","INC-04466",10838.14,1894.16,37069.58
"LOSS-04467","INC-04467",33362.04,8903.76,14841.43
"LOSS-04468","INC-04468",11506.17,13025.81,21767.73
"LOSS-04469","INC-04469",27084.63,1246.09,104736.84
"LOSS-04470","INC-04470",17861.61,12349.28,32870.76
"LOSS-04471","INC-04471",4234.01,7291.12,95459.63
"LOSS-04472","INC-04472",2227.64,10614.78,2946.35
"LOSS-04473","INC-04473",9502.53,9217.95,217323.97
"LOSS-04474","INC-04474",88904.21,16160.08,60698.46
"LOSS-04475","INC-04475",21231.44,1781.04,27035
"LOSS-04476","INC-04476",16704.67,28200.56,5250.09
"LOSS-04477","INC-04477",18765.07,10832.12,4861.34
"LOSS-04478","INC-04478",35940.12,13925.33,2961.12
"LOSS-04479","INC-04479",53546.86,13493.28,90853.26
"LOSS-04480","INC-04480",25959.27,5468.82,186087.86
"LOSS-04481","INC-04481",36020.62,3545.75,10197.81
"LOSS-04482","INC-04482",27861.32,15001.91,27321.78
"LOSS-04483","INC-04483",40299.86,2668.8,37670.7
"LOSS-04484","INC-04484",31483.13,5039.87,76251.77
"LOSS-04485","INC-04485",1999.53,8537.23,233295.7
"LOSS-04486","INC-04486",4667.47,2899.99,10501.71
"LOSS-04487","INC-04487",7791.99,50972.38,6396.41
"LOSS-04488","INC-04488",9696.54,3057.99,23980.43
"LOSS-04489","INC-04489",70500.37,34750.46,9062.15
"LOSS-04490","INC-04490",14615.61,9033.33,26332.67
"LOSS-04491","INC-04491",28755.45,4786.03,19529.23
"LOSS-04492","INC-04492",7546.11,664.91,5186.47
"LOSS-04493","INC-04493",11936.51,991.67,34891.62
"LOSS-04494","INC-04494",8274.84,14780.6,24553.21
"LOSS-04495","INC-04495",8462.62,6549.1,22336.94
"LOSS-04496","INC-04496",59245.37,254.09,42200.73
"LOSS-04497","INC-04497",13473.82,3334.86,123782.98
"LOSS-04498","INC-04498",14259.76,2759.15,25528.59
"LOSS-04499","INC-04499",9490.8,1126.25,55628.29
"LOSS-04500","INC-04500",5437.19,5842.23,58011.2
"LOSS-04501","INC-04501",8082.73,3006.72,16130.53
"LOSS-04502","INC-04502",2938.39,1611.88,11984.11
"LOSS-04503","INC-04503",9705.75,30998.01,13423.36
"LOSS-04504","INC-04504",4656.25,6432.55,3227.8
"LOSS-04505","INC-04505",32503,410.01,21208.25
"LOSS-04506","INC-04506",44809.11,16827.6,144443.83
"LOSS-04507","INC-04507",3070.54,3234.1,5552.18
"LOSS-04508","INC-04508",2713.71,12793.06,12725.48
"LOSS-04509","INC-04509",6093.59,7571.56,45541.54
"LOSS-04510","INC-04510",9323.61,2116.55,13077.13
"LOSS-04511","INC-04511",11249.51,14615.43,36576.39
"LOSS-04512","INC-04512",21980.97,4014,7982.38
"LOSS-04513","INC-04513",3582.89,1386.06,75751.15
"LOSS-04514","INC-04514",12663.17,2995.55,164435.11
"LOSS-04515","INC-04515",5224.52,4151.82,11027.16
"LOSS-04516","INC-04516",5419.26,5893.49,14454.24
"LOSS-04517","INC-04517",17138.91,1496.91,32004.92
"LOSS-04518","INC-04518",11204.77,12073.07,35510.77
"LOSS-04519","INC-04519",20121.78,4886.43,18806.4
"LOSS-04520","INC-04520",4342.95,4102.71,12340.29
"LOSS-04521","INC-04521",10793.91,774.84,48447.75
"LOSS-04522","INC-04522",8279.86,4100.48,4613.25
"LOSS-04523","INC-04523",27546.7,7109.25,11567.05
"LOSS-04524","INC-04524",9624.61,2467.69,9812.8
"LOSS-04525","INC-04525",4460.72,887.58,140832.37
"LOSS-04526","INC-04526",20308.52,11687.18,14566.9
"LOSS-04527","INC-04527",16735.94,3337.34,92182.12
"LOSS-04528","INC-04528",22368.49,3227.65,55639.56
"LOSS-04529","INC-04529",11737.53,4743.09,31607.23
"LOSS-04530","INC-04530",4282.71,2272.11,20691.21
"LOSS-04531","INC-04531",2240.83,18057.09,52727.22
"LOSS-04532","INC-04532",29749.16,1683.51,86204.27
"LOSS-04533","INC-04533",25216.34,4824.92,23723.22
"LOSS-04534","INC-04534",10287.49,573.93,4464.84
"LOSS-04535","INC-04535",902.47,527.48,6450.57
"LOSS-04536","INC-04536",8988.67,12835.83,37895.05
"LOSS-04537","INC-04537",22450.01,19293.25,2434.54
"LOSS-04538","INC-04538",6054.06,14095.37,8376.72
"LOSS-04539","INC-04539",13516.36,10292.98,37199.36
"LOSS-04540","INC-04540",3506.88,1312.93,17493.07
"LOSS-04541","INC-04541",16540.97,12287.88,38254.02
"LOSS-04542","INC-04542",2613.66,1277.58,22126.78
"LOSS-04543","INC-04543",5699.98,37985.76,56206.68
"LOSS-04544","INC-04544",34053.05,32760.57,11325.08
"LOSS-04545","INC-04545",7925.41,7516.98,3576.33
"LOSS-04546","INC-04546",40984.98,11434.73,86413.17
"LOSS-04547","INC-04547",14262.23,3276.39,7751.5
"LOSS-04548","INC-04548",33922.89,20418.79,61880.86
"LOSS-04549","INC-04549",9259.97,2776.64,26928.85
"LOSS-04550","INC-04550",19556.44,766.59,11445.98
"LOSS-04551","INC-04551",16869.51,2785.87,73382.14
"LOSS-04552","INC-04552",6758.75,11034.65,61275.58
"LOSS-04553","INC-04553",48826.35,12170.09,57194.74
"LOSS-04554","INC-04554",24113.03,1382.18,230711.47
"LOSS-04555","INC-04555",4339.13,23748.86,8806.22
"LOSS-04556","INC-04556",32508.21,5526.58,167509.29
"LOSS-04557","INC-04557",6127.03,4078.53,24899.91
"LOSS-04558","INC-04558",721.95,22751.34,5074.46
"LOSS-04559","INC-04559",7927.98,77168.51,18022.67
"LOSS-04560","INC-04560",3918.1,10108.7,28736.81
"LOSS-04561","INC-04561",6582.65,663.07,17022.19
"LOSS-04562","INC-04562",5419.2,12264.71,8343.97
"LOSS-04563","INC-04563",859.32,2342.51,26553.5
"LOSS-04564","INC-04564",5985.16,6290.72,44149.99
"LOSS-04565","INC-04565",25922.6,1243.49,22504.43
"LOSS-04566","INC-04566",1835.51,10180.92,21999.36
"LOSS-04567","INC-04567",42218.29,16333.36,4326.04
"LOSS-04568","INC-04568",45684.62,6529.76,34801.27
"LOSS-04569","INC-04569",3839.05,43767.37,8342.51
"LOSS-04570","INC-04570",98189.86,599.89,59189.95
"LOSS-04571","INC-04571",3296.4,6008.4,110556.52
"LOSS-04572","INC-04572",11426.28,3048.4,181885.62
"LOSS-04573","INC-04573",6671.28,60034.3,7556.11
"LOSS-04574","INC-04574",34873.64,4561.92,44638.51
"LOSS-04575","INC-04575",2825.68,7603.52,40613.39
"LOSS-04576","INC-04576",6235.7,3824.05,81133.54
"LOSS-04577","INC-04577",2234.02,717.16,19819.94
"LOSS-04578","INC-04578",22884.49,9574.82,254541.06
"LOSS-04579","INC-04579",17542.38,2158.48,16066.92
"LOSS-04580","INC-04580",8698.38,2799.31,22472.24
"LOSS-04581","INC-04581",4429.36,56770.4,35574.56
"LOSS-04582","INC-04582",3739.63,1864.92,9949.94
"LOSS-04583","INC-04583",10847.25,7524.57,31234.84
"LOSS-04584","INC-04584",2444.13,4232.37,11290.47
"LOSS-04585","INC-04585",77441.93,5275.73,11041.79
"LOSS-04586","INC-04586",3287.93,45163.24,4440.49
"LOSS-04587","INC-04587",9190.07,3871.41,7152.39
"LOSS-04588","INC-04588",5432.04,4175.71,27880.76
"LOSS-04589","INC-04589",7636.71,40724.75,3427.66
"LOSS-04590","INC-04590",9135.79,21032.62,74821.91
"LOSS-04591","INC-04591",17001.6,6983.76,7134.23
"LOSS-04592","INC-04592",4327.73,7728.6,3219.83
"LOSS-04593","INC-04593",3746.61,11413.71,8277.92
"LOSS-04594","INC-04594",21761.45,12613.55,81235.75
"LOSS-04595","INC-04595",73982.64,25841.81,125720.98
"LOSS-04596","INC-04596",20315.07,2957.03,11182
"LOSS-04597","INC-04597",15435.79,5301.1,36556.14
"LOSS-04598","INC-04598",11954.57,883.42,79219.49
"LOSS-04599","INC-04599",10691.37,23367.47,6441.25
"LOSS-04600","INC-04600",1438.29,9052.52,126571.16
"LOSS-04601","INC-04601",17542.77,201.66,129429.72
"LOSS-04602","INC-04602",5978.4,12477.19,37460
"LOSS-04603","INC-04603",13336.7,15083.34,41845.31
"LOSS-04604","INC-04604",44475.71,9015.4,102580.66
"LOSS-04605","INC-04605",8616.51,17385.86,14468.8
"LOSS-04606","INC-04606",17695.34,6784.59,8572.3
"LOSS-04607","INC-04607",4865.34,3626.22,22730.45
"LOSS-04608","INC-04608",40419.47,2539.8,8478.86
"LOSS-04609","INC-04609",41296.59,672.51,12384.01
"LOSS-04610","INC-04610",21427.74,6371.25,8493.97
"LOSS-04611","INC-04611",21976.41,1703.51,65388.67
"LOSS-04612","INC-04612",13314.25,3504.8,9911.74
"LOSS-04613","INC-04613",14433.32,1324.93,33348.14
"LOSS-04614","INC-04614",16327.17,45974.53,6610.33
"LOSS-04615","INC-04615",8348.65,1104.3,6160.71
"LOSS-04616","INC-04616",5702.53,39843.26,7577.42
"LOSS-04617","INC-04617",7305.72,5587,19682.93
"LOSS-04618","INC-04618",16806.64,14796.98,36498.08
"LOSS-04619","INC-04619",6730.94,2329.25,14475.84
"LOSS-04620","INC-04620",1441.76,4519.86,51726.19
"LOSS-04621","INC-04621",20730.13,2501.36,33157.72
"LOSS-04622","INC-04622",12527.16,529.22,34991.28
"LOSS-04623","INC-04623",5033.46,18654.9,11163.24
"LOSS-04624","INC-04624",7829.1,47166.59,29635.43
"LOSS-04625","INC-04625",14835.71,1332.65,17718.57
"LOSS-04626","INC-04626",51291.69,6925.39,97675.33
"LOSS-04627","INC-04627",28884.89,2045.66,26766.66
"LOSS-04628","INC-04628",5397.51,3402.03,42637.75
"LOSS-04629","INC-04629",116475.82,3094.57,9800.47
"LOSS-04630","INC-04630",36209.38,7294.95,43892.66
"LOSS-04631","INC-04631",16137.65,5349.35,9966.17
"LOSS-04632","INC-04632",14466.07,5978.32,128042.81
"LOSS-04633","INC-04633",6033.61,4068.76,8577.64
"LOSS-04634","INC-04634",17018.66,9350.78,8107.69
"LOSS-04635","INC-04635",19242.4,5227.91,50005.14
"LOSS-04636","INC-04636",8761.37,6899.03,4658.55
"LOSS-04637","INC-04637",15707.55,76961.28,16729.72
"LOSS-04638","INC-04638",4172.82,4091.54,48547.26
"LOSS-04639","INC-04639",31955.35,3162.35,25659.81
"LOSS-04640","INC-04640",9046.67,4155.44,39636.52
"LOSS-04641","INC-04641",1591,1417.52,50366.96
"LOSS-04642","INC-04642",6277.92,25365.39,50485.09
"LOSS-04643","INC-04643",12995.25,4835,45330.26
"LOSS-04644","INC-04644",18171.52,8414.79,397880.76
"LOSS-04645","INC-04645",3115.77,4705.23,53167.19
"LOSS-04646","INC-04646",10477.17,3211.33,18203.56
"LOSS-04647","INC-04647",8947.11,2786.07,103816.81
"LOSS-04648","INC-04648",6146.33,2551.75,18576.18
"LOSS-04649","INC-04649",3827.43,54947.99,7219.9
"LOSS-04650","INC-04650",2542.1,1452.81,21433.93
"LOSS-04651","INC-04651",12424.61,14715.9,12069.26
"LOSS-04652","INC-04652",3265.95,4174.68,17288.73
"LOSS-04653","INC-04653",4482.5,861.6,36253.83
"LOSS-04654","INC-04654",21500.47,9344.23,85999.97
"LOSS-04655","INC-04655",5913.44,4962,69191.38
"LOSS-04656","INC-04656",13496.65,1607.87,16499.56
"LOSS-04657","INC-04657",27636.39,5015,10053.07
"LOSS-04658","INC-04658",12181.15,7877.56,16162.59
"LOSS-04659","INC-04659",10698.29,17556.1,12512.94
"LOSS-04660","INC-04660",5423.66,1143.68,27849.72
"LOSS-04661","INC-04661",4607.76,5653.37,23680.39
"LOSS-04662","INC-04662",4166.35,2370.3,10625.89
"LOSS-04663","INC-04663",14110.66,2120.37,1945.82
"LOSS-04664","INC-04664",1537.41,4772.45,28793.58
"LOSS-04665","INC-04665",15056.56,19120.78,19017.16
"LOSS-04666","INC-04666",3050.52,1910.4,4748.8
"LOSS-04667","INC-04667",11744.89,3539.71,3405.46
"LOSS-04668","INC-04668",35103.96,8886.32,18674.91
"LOSS-04669","INC-04669",16567.99,1446.17,124093.69
"LOSS-04670","INC-04670",7539.04,2096.63,116336.48
"LOSS-04671","INC-04671",13558.46,10101.87,11082.77
"LOSS-04672","INC-04672",1888.08,2055.79,16369.47
"LOSS-04673","INC-04673",5694.97,7103.79,35862.3
"LOSS-04674","INC-04674",7565.35,2111.92,78459.28
"LOSS-04675","INC-04675",677.97,15837.66,27850.49
"LOSS-04676","INC-04676",57818.76,9176.78,68934.36
"LOSS-04677","INC-04677",13746.71,16901.63,21142.42
"LOSS-04678","INC-04678",28226.23,4042.89,21896.98
"LOSS-04679","INC-04679",9693.74,19348.71,45426
"LOSS-04680","INC-04680",16055.93,4102.58,17993.68
"LOSS-04681","INC-04681",66699.91,11145.43,9214.06
"LOSS-04682","INC-04682",10168.73,4956.45,34281.15
"LOSS-04683","INC-04683",13515.62,20176.23,20652.36
"LOSS-04684","INC-04684",17066.34,23795.64,12666.59
"LOSS-04685","INC-04685",14484.71,3046.25,36444.29
"LOSS-04686","INC-04686",18789.9,1570.02,42751.34
"LOSS-04687","INC-04687",7816.98,1345.77,13552.57
"LOSS-04688","INC-04688",7246.33,2038.93,4039.04
"LOSS-04689","INC-04689",3113.11,668.21,31195.43
"LOSS-04690","INC-04690",7084.92,26123,17480.97
"LOSS-04691","INC-04691",6524.04,2939.06,77096.88
"LOSS-04692","INC-04692",5562.07,1190.36,39866.4
"LOSS-04693","INC-04693",16432.42,704.42,10155.19
"LOSS-04694","INC-04694",13282.43,8723.62,64643.26
"LOSS-04695","INC-04695",3349.58,1220.9,3600.81
"LOSS-04696","INC-04696",6474.56,6209.89,20087.47
"LOSS-04697","INC-04697",12783.87,1461.02,18283.59
"LOSS-04698","INC-04698",14022.37,2364.14,4261.6
"LOSS-04699","INC-04699",11093.69,6263.29,22616.82
"LOSS-04700","INC-04700",5398.04,42030.81,60565.42
"LOSS-04701","INC-04701",52884.92,4669.18,9360.97
"LOSS-04702","INC-04702",15651.96,7386.8,37580.93
"LOSS-04703","INC-04703",5383.13,2760.43,123507.06
"LOSS-04704","INC-04704",34333.87,228.04,3503.88
"LOSS-04705","INC-04705",6520.85,11813.8,7158.55
"LOSS-04706","INC-04706",53588.53,15174.59,22564.45
"LOSS-04707","INC-04707",10198.74,15211.05,59762.32
"LOSS-04708","INC-04708",3444.75,2108.21,12333.54
"LOSS-04709","INC-04709",15401.1,1332.96,19895.89
"LOSS-04710","INC-04710",34012.42,8070.54,35392.2
"LOSS-04711","INC-04711",4416.96,483.7,9636.63
"LOSS-04712","INC-04712",3506.55,524.34,21650.44
"LOSS-04713","INC-04713",13112.73,2233.76,70127.75
"LOSS-04714","INC-04714",1574.84,5092.99,8027.58
"LOSS-04715","INC-04715",7129.69,619.43,46639.7
"LOSS-04716","INC-04716",5567.32,2670.61,86222.94
"LOSS-04717","INC-04717",19141.99,1535.14,35732.89
"LOSS-04718","INC-04718",1566.43,4585.28,6512.08
"LOSS-04719","INC-04719",2158.4,551.87,64132.91
"LOSS-04720","INC-04720",7587.95,21746.79,57989.9
"LOSS-04721","INC-04721",4059.7,3135.97,122962.55
"LOSS-04722","INC-04722",14399.59,12940.1,12185.12
"LOSS-04723","INC-04723",7553.4,4645.63,6765.58
"LOSS-04724","INC-04724",5590.41,335.56,103232.35
"LOSS-04725","INC-04725",42229.51,2942.21,8862.68
"LOSS-04726","INC-04726",1248.36,27388.89,5606.58
"LOSS-04727","INC-04727",108571.82,12462.47,76589.68
"LOSS-04728","INC-04728",12459.64,5927.13,12374.36
"LOSS-04729","INC-04729",4784.36,11331.03,126344.67
"LOSS-04730","INC-04730",3279.85,238.96,175035.78
"LOSS-04731","INC-04731",3407.69,4655.82,41138.57
"LOSS-04732","INC-04732",20241.32,48863.18,10436.96
"LOSS-04733","INC-04733",27337.73,2265.21,37102.83
"LOSS-04734","INC-04734",4919.65,11003.57,5343.53
"LOSS-04735","INC-04735",30280.99,2080.3,136319
"LOSS-04736","INC-04736",12406.77,14339.01,26885.21
"LOSS-04737","INC-04737",5292.62,3261.93,14715.42
"LOSS-04738","INC-04738",37456.56,4600.94,42315.71
"LOSS-04739","INC-04739",21060.62,2341.38,15132.21
"LOSS-04740","INC-04740",2862.79,9595.73,61862.93
"LOSS-04741","INC-04741",22962.83,19838.4,1772.45
"LOSS-04742","INC-04742",37686.12,15073.22,9833.78
"LOSS-04743","INC-04743",8001.3,441.42,52044.49
"LOSS-04744","INC-04744",5477.77,4338.71,1416.46
"LOSS-04745","INC-04745",22004.11,802.72,2089.47
"LOSS-04746","INC-04746",46588.47,8576.58,19447.96
"LOSS-04747","INC-04747",6311.41,8983.97,27000.9
"LOSS-04748","INC-04748",15322.35,9954.79,37519.97
"LOSS-04749","INC-04749",60446.81,4960.31,23304.93
"LOSS-04750","INC-04750",7763.69,15972.63,82864.86
"LOSS-04751","INC-04751",6892.16,102.92,90357.8
"LOSS-04752","INC-04752",5052.13,3350.36,14051.36
"LOSS-04753","INC-04753",3352.06,3305.47,63331.32
"LOSS-04754","INC-04754",2549.74,13932.18,7749.32
"LOSS-04755","INC-04755",17913,7796.91,26323.14
"LOSS-04756","INC-04756",7390.6,25981.16,12094.61
"LOSS-04757","INC-04757",2406.84,1496.64,25236.02
"LOSS-04758","INC-04758",16527.14,1239.39,7675.51
"LOSS-04759","INC-04759",5407.14,2943.85,14711.9
"LOSS-04760","INC-04760",1784.01,11689.48,5516.08
"LOSS-04761","INC-04761",5082,18206.03,44523.48
"LOSS-04762","INC-04762",3397.01,11314.1,43541.7
"LOSS-04763","INC-04763",9135.75,4664.33,43697.17
"LOSS-04764","INC-04764",20915.53,2312.04,30449.59
"LOSS-04765","INC-04765",26696.49,22071.43,7694.37
"LOSS-04766","INC-04766",16106.94,6685.04,24788.45
"LOSS-04767","INC-04767",4566.15,7878.64,20275
"LOSS-04768","INC-04768",16063.09,6280.17,9288.08
"LOSS-04769","INC-04769",3362.19,3636.23,53322.36
"LOSS-04770","INC-04770",20125.78,6037.53,174338.6
"LOSS-04771","INC-04771",8400.08,51619.86,12175.99
"LOSS-04772","INC-04772",6591.56,1241.2,26578.34
"LOSS-04773","INC-04773",18264.93,2471.08,14573.97
"LOSS-04774","INC-04774",14114.19,1770.37,5542.59
"LOSS-04775","INC-04775",1445.89,10462.06,36380.73
"LOSS-04776","INC-04776",1357.91,1275.67,41898.05
"LOSS-04777","INC-04777",78034.32,3221.22,85569.16
"LOSS-04778","INC-04778",11923.43,15146.43,274671.89
"LOSS-04779","INC-04779",38259.44,6585.48,14858.54
"LOSS-04780","INC-04780",41104.46,4742.95,8089
"LOSS-04781","INC-04781",9242.66,38137.5,9866.3
"LOSS-04782","INC-04782",2691.53,475.36,8242.15
"LOSS-04783","INC-04783",2377.83,4446.39,83535.86
"LOSS-04784","INC-04784",889.94,1478.48,14734.62
"LOSS-04785","INC-04785",47728.26,14530.13,49891.88
"LOSS-04786","INC-04786",9195.35,4098.66,19915.83
"LOSS-04787","INC-04787",23686.63,7995.09,30758
"LOSS-04788","INC-04788",8063.44,4048.38,4117.28
"LOSS-04789","INC-04789",34933.17,14540.54,6923.21
"LOSS-04790","INC-04790",13336.92,4937.92,854.38
"LOSS-04791","INC-04791",13483.58,365.74,5028.05
"LOSS-04792","INC-04792",7534.21,3525.83,19933.23
"LOSS-04793","INC-04793",9063.55,665.44,31619.73
"LOSS-04794","INC-04794",24981.25,1440.91,207430.97
"LOSS-04795","INC-04795",664.83,1805.33,3935.28
"LOSS-04796","INC-04796",4206.96,3208.11,15644.86
"LOSS-04797","INC-04797",3281.2,5343.55,12949.1
"LOSS-04798","INC-04798",6679.43,3774.23,58306.49
"LOSS-04799","INC-04799",3621.75,1242.29,18457.37
"LOSS-04800","INC-04800",19577.53,22362.02,27671.31
"LOSS-04801","INC-04801",35361.46,2744.48,22399.35
"LOSS-04802","INC-04802",25010.46,5425.68,29681.38
"LOSS-04803","INC-04803",29305.08,4785.06,6111.92
"LOSS-04804","INC-04804",23174.54,9084.38,51835.83
"LOSS-04805","INC-04805",23534.28,617.74,102814.84
"LOSS-04806","INC-04806",3697.36,20819.28,24826.23
"LOSS-04807","INC-04807",1656.87,2815.13,43527.49
"LOSS-04808","INC-04808",84712.59,8129.05,4274.31
"LOSS-04809","INC-04809",5383.85,2330.9,145564.4
"LOSS-04810","INC-04810",53215.17,8434.5,42683.42
"LOSS-04811","INC-04811",1958.66,6089.1,256472.2
"LOSS-04812","INC-04812",8469.31,4048.39,24595.49
"LOSS-04813","INC-04813",8689.01,4424.25,177007.63
"LOSS-04814","INC-04814",11707.14,1956.36,21361.55
"LOSS-04815","INC-04815",3812.19,1989.34,30711.62
"LOSS-04816","INC-04816",7191.42,5725.61,30063.95
"LOSS-04817","INC-04817",22266.76,5442.92,9669.69
"LOSS-04818","INC-04818",9343.6,2927.77,35775.43
"LOSS-04819","INC-04819",5606.75,3240.61,69466.83
"LOSS-04820","INC-04820",6222.88,830.02,21101.82
"LOSS-04821","INC-04821",120122.72,4214.18,9709.85
"LOSS-04822","INC-04822",5006.34,42550.06,19343.59
"LOSS-04823","INC-04823",18751.41,37299.82,247743.88
"LOSS-04824","INC-04824",35716.67,55706.17,1628.12
"LOSS-04825","INC-04825",3397.56,11232.33,13464.92
"LOSS-04826","INC-04826",6861.88,42470.47,52170.76
"LOSS-04827","INC-04827",14987.86,3954.24,5975.73
"LOSS-04828","INC-04828",33360.03,6266.52,208723.82
"LOSS-04829","INC-04829",30849.14,2373.3,6932.34
"LOSS-04830","INC-04830",9257.7,12796.44,7587.73
"LOSS-04831","INC-04831",14246.55,1191.85,53399.91
"LOSS-04832","INC-04832",12024.64,31017.21,109455.45
"LOSS-04833","INC-04833",12899.41,10456.52,7935.76
"LOSS-04834","INC-04834",8191.44,6598.25,37614.05
"LOSS-04835","INC-04835",1544.53,15034.8,2025.98
"LOSS-04836","INC-04836",7536.71,1663.53,66278.7
"LOSS-04837","INC-04837",13201.26,7492.86,659069.71
"LOSS-04838","INC-04838",14493.49,1410.11,40401.21
"LOSS-04839","INC-04839",9606.93,3574.62,2800.01
"LOSS-04840","INC-04840",14895.47,18879.92,32887.73
"LOSS-04841","INC-04841",7741.2,9435.99,39466.59
"LOSS-04842","INC-04842",1754.87,10406.53,33483.53
"LOSS-04843","INC-04843",8206.37,13606.65,19577.35
"LOSS-04844","INC-04844",8689.58,947.96,36931.32
"LOSS-04845","INC-04845",918.26,5502.26,951.39
"LOSS-04846","INC-04846",24644.13,11819.81,51034.28
"LOSS-04847","INC-04847",3277.66,46952.3,10337.53
"LOSS-04848","INC-04848",18260.5,843.72,25110.78
"LOSS-04849","INC-04849",12610.73,16405.58,17216.06
"LOSS-04850","INC-04850",3746.66,432.98,17154.06
"LOSS-04851","INC-04851",12605.17,1153.14,16530.86
"LOSS-04852","INC-04852",35446.89,78553.97,65145.15
"LOSS-04853","INC-04853",11893.89,17902.31,50810.66
"LOSS-04854","INC-04854",7418.5,3290.78,9453.73
"LOSS-04855","INC-04855",10299.8,2255.17,302975.49
"LOSS-04856","INC-04856",7213.14,11994.96,61147.99
"LOSS-04857","INC-04857",2028.05,9500.63,49727.09
"LOSS-04858","INC-04858",11624.03,13430.24,11435.88
"LOSS-04859","INC-04859",3927.52,31106.86,38025.84
"LOSS-04860","INC-04860",2044.9,18311.76,131602.25
"LOSS-04861","INC-04861",1416.37,1304.59,157235.39
"LOSS-04862","INC-04862",6777.04,6869.97,18502.37
"LOSS-04863","INC-04863",18664.31,4667.49,27243.9
"LOSS-04864","INC-04864",2162.86,2443.99,4027.6
"LOSS-04865","INC-04865",4738.87,18663.04,158126.49
"LOSS-04866","INC-04866",15489.52,2338.04,123640.93
"LOSS-04867","INC-04867",2730.17,4170.95,13564.53
"LOSS-04868","INC-04868",44554.29,1389.16,18705.08
"LOSS-04869","INC-04869",4388.39,14410.37,13931.74
"LOSS-04870","INC-04870",6195.68,3756.44,16100.6
"LOSS-04871","INC-04871",33089.27,1039.37,143589.82
"LOSS-04872","INC-04872",17017.08,35441.27,44176.28
"LOSS-04873","INC-04873",23284.04,11919.05,2245.5
"LOSS-04874","INC-04874",3134.41,5342.42,223235.29
"LOSS-04875","INC-04875",28662.84,4812.94,37936.44
"LOSS-04876","INC-04876",9821.71,5670.41,62949.66
"LOSS-04877","INC-04877",16040.68,1619.71,14779.81
"LOSS-04878","INC-04878",10154.23,6230.07,84672.65
"LOSS-04879","INC-04879",8284.47,1423.39,21234.73
"LOSS-04880","INC-04880",82066.15,3300.15,21014.9
"LOSS-04881","INC-04881",2585.62,15648.64,5793.82
"LOSS-04882","INC-04882",41322.63,2355.87,4805.33
"LOSS-04883","INC-04883",7066.32,2612.65,55146.84
"LOSS-04884","INC-04884",4731.19,27122.32,5303.96
"LOSS-04885","INC-04885",19778.09,959.49,45238.88
"LOSS-04886","INC-04886",6551.76,3454.94,74251.24
"LOSS-04887","INC-04887",24652.17,4833.96,246966.06
"LOSS-04888","INC-04888",3796.47,15843.96,73529.84
"LOSS-04889","INC-04889",3388.14,1573.61,63460.64
"LOSS-04890","INC-04890",35349,12100.25,8682.65
"LOSS-04891","INC-04891",20762.24,2295.4,150061.95
"LOSS-04892","INC-04892",8368.99,4277.88,61570.58
"LOSS-04893","INC-04893",16379.22,2135.77,39913.68
"LOSS-04894","INC-04894",10451.68,5925.56,113069.23
"LOSS-04895","INC-04895",10688.02,16763.62,8719.13
"LOSS-04896","INC-04896",6078.67,1147.16,42978.81
"LOSS-04897","INC-04897",12963.76,9988.68,48349.51
"LOSS-04898","INC-04898",8779.71,40418.26,1650.79
"LOSS-04899","INC-04899",35480.9,11198.54,3832.77
"LOSS-04900","INC-04900",1837.68,798.12,4555.93
"LOSS-04901","INC-04901",19164.54,3212.24,15557.07
"LOSS-04902","INC-04902",5661.34,6714.83,5003.13
"LOSS-04903","INC-04903",5731.92,181.43,11373.94
"LOSS-04904","INC-04904",9412.98,3256.82,184671.06
"LOSS-04905","INC-04905",39745.7,16897.56,29354.2
"LOSS-04906","INC-04906",2380.72,5528.52,4700.66
"LOSS-04907","INC-04907",3993.05,2482.4,339198.31
"LOSS-04908","INC-04908",7933.07,7895.11,5721.8
"LOSS-04909","INC-04909",11762.83,7760.13,9695.48
"LOSS-04910","INC-04910",12009.3,1830.61,6993.25
"LOSS-04911","INC-04911",70877.16,1023.41,15214.78
"LOSS-04912","INC-04912",12404.46,11862.27,9845.2
"LOSS-04913","INC-04913",9235.54,43348.46,141339.43
"LOSS-04914","INC-04914",11842.72,2733.34,17253.92
"LOSS-04915","INC-04915",4027.61,449.49,70111.74
"LOSS-04916","INC-04916",20680.43,17983.47,23754.17
"LOSS-04917","INC-04917",4697.33,5401.33,10431.3
"LOSS-04918","INC-04918",3911.09,6598.83,14931.3
"LOSS-04919","INC-04919",15202.21,2518.4,15652.39
"LOSS-04920","INC-04920",17334.77,4428.69,7207.2
"LOSS-04921","INC-04921",2044.36,37993.09,14469.91
"LOSS-04922","INC-04922",37965.54,52310.81,90597.81
"LOSS-04923","INC-04923",1308.12,19953.79,12587.9
"LOSS-04924","INC-04924",27367.15,398537.24,15677.26
"LOSS-04925","INC-04925",10579.53,108325.88,136203.65
"LOSS-04926","INC-04926",32112.03,9264.97,24175.33
"LOSS-04927","INC-04927",17539.45,2657.29,65628.74
"LOSS-04928","INC-04928",43438.17,3412.74,12314.01
"LOSS-04929","INC-04929",9886.34,1102.49,132639.96
"LOSS-04930","INC-04930",23270.85,11375.25,43864.47
"LOSS-04931","INC-04931",3279.28,11352.03,28180.78
"LOSS-04932","INC-04932",8882.2,4596.4,25196.75
"LOSS-04933","INC-04933",40496.41,9566.59,135559.46
"LOSS-04934","INC-04934",20091.7,3536.68,960.38
"LOSS-04935","INC-04935",2231.13,1045.08,120904.8
"LOSS-04936","INC-04936",5428.34,5332.84,27067.49
"LOSS-04937","INC-04937",11248.48,616.63,19932.41
"LOSS-04938","INC-04938",4150.67,2493.77,37244.07
"LOSS-04939","INC-04939",4580.06,3675.36,7446.55
"LOSS-04940","INC-04940",53832.51,1019.11,2689.51
"LOSS-04941","INC-04941",3382.11,10873.61,169985.22
"LOSS-04942","INC-04942",12307.44,8981,13516.74
"LOSS-04943","INC-04943",22999.98,2569.54,9108.7
"LOSS-04944","INC-04944",12172.51,38350.59,8099.13
"LOSS-04945","INC-04945",8284.86,2245.73,25182.27
"LOSS-04946","INC-04946",19270.94,2739.8,16179.34
"LOSS-04947","INC-04947",6095.05,3773.6,4663.28
"LOSS-04948","INC-04948",48032.39,5389.22,36313.66
"LOSS-04949","INC-04949",5519.93,2226.97,14545.55
"LOSS-04950","INC-04950",3096.15,9096.01,61550.78
"LOSS-04951","INC-04951",353.99,483.97,28421.95
"LOSS-04952","INC-04952",13046.31,2853.88,10484.35
"LOSS-04953","INC-04953",3602.82,1354.45,336160.07
"LOSS-04954","INC-04954",10427.3,4219.52,108435.72
"LOSS-04955","INC-04955",2077.52,4051.33,3696.38
"LOSS-04956","INC-04956",26153.39,5627.37,34996.05
"LOSS-04957","INC-04957",7892.82,8113.59,23739.57
"LOSS-04958","INC-04958",30134.34,27154.08,324564.66
"LOSS-04959","INC-04959",16557.06,3639.35,29765.35
"LOSS-04960","INC-04960",25278.2,633.22,9507.3
"LOSS-04961","INC-04961",17290.91,2091.08,14860.16
"LOSS-04962","INC-04962",12222.24,18953.16,63839.89
"LOSS-04963","INC-04963",45097.64,1647.89,24894.76
"LOSS-04964","INC-04964",6417.39,14688.42,10931.54
"LOSS-04965","INC-04965",2703.11,3208.4,4708.38
"LOSS-04966","INC-04966",74796.72,16121.42,11732.33
"LOSS-04967","INC-04967",7474.32,6934.08,79895.68
"LOSS-04968","INC-04968",25674.11,3960.55,5783.6
"LOSS-04969","INC-04969",7285.69,4609.34,13197.13
"LOSS-04970","INC-04970",12813.6,1063.57,54936.01
"LOSS-04971","INC-04971",16756.35,1164.83,27253.61
"LOSS-04972","INC-04972",1503.93,2699.15,23575.98
"LOSS-04973","INC-04973",13779.63,763.96,17407.94
"LOSS-04974","INC-04974",3852.23,4970.71,7096.34
"LOSS-04975","INC-04975",66413.43,7877.56,9441.84
"LOSS-04976","INC-04976",19559.91,1517.91,15763.78
"LOSS-04977","INC-04977",33582.23,4054.91,18085.61
"LOSS-04978","INC-04978",7498.34,19880.92,73969.09
"LOSS-04979","INC-04979",10760.1,2684.87,32058.99
"LOSS-04980","INC-04980",13797.79,3998.26,13397.83
"LOSS-04981","INC-04981",14468.01,19548.62,28266.99
"LOSS-04982","INC-04982",3796.34,1106.09,28357.82
"LOSS-04983","INC-04983",7884.16,485.96,4599.93
"LOSS-04984","INC-04984",2907.51,55033.82,17046.11
"LOSS-04985","INC-04985",42966.33,18660.97,8326.66
"LOSS-04986","INC-04986",7890.79,1984.21,14603.93
"LOSS-04987","INC-04987",20018.62,159.62,8239.31
"LOSS-04988","INC-04988",8551.02,4726.44,36231.45
"LOSS-04989","INC-04989",21360.12,58413.1,123711.98
"LOSS-04990","INC-04990",14260.32,6324.08,85035.74
"LOSS-04991","INC-04991",28179.1,8825.96,43490.24
"LOSS-04992","INC-04992",24581.34,20261.62,36746.06
"LOSS-04993","INC-04993",16071.73,1658.21,2157.37
"LOSS-04994","INC-04994",6639.23,27545.03,8846.08
"LOSS-04995","INC-04995",6342,5826.09,321282.98
"LOSS-04996","INC-04996",17356.31,7973.32,20478.37
"LOSS-04997","INC-04997",4458.16,19969.42,9035.97
"LOSS-04998","INC-04998",31552.36,4352.88,57565.96
"LOSS-04999","INC-04999",18570.9,8365.74,8197.02
"LOSS-05000","INC-05000",16219.51,7085.64,28256.89
"LOSS-05001","INC-05001",10627.74,566.5,7022.3
"LOSS-05002","INC-05002",26115.65,4325.5,28330.12
"LOSS-05003","INC-05003",13494.47,44363.01,121098.23
"LOSS-05004","INC-05004",8608.04,16792.39,10301.66
"LOSS-05005","INC-05005",7141.58,4889.56,117536.94
"LOSS-05006","INC-05006",8788.42,75803.18,37020.93
"LOSS-05007","INC-05007",24186.72,5699.55,7838.91
"LOSS-05008","INC-05008",12223.49,4134.43,45319.3
"LOSS-05009","INC-05009",6070.65,1010.11,23496.9
"LOSS-05010","INC-05010",7939.68,252138.01,15139.01
"LOSS-05011","INC-05011",996.01,1965.99,49236.09
"LOSS-05012","INC-05012",13054.81,888.93,18011.18
"LOSS-05013","INC-05013",26207.9,26381.07,60381.33
"LOSS-05014","INC-05014",3176.09,5493.28,1538.19
"LOSS-05015","INC-05015",10895.25,11871.21,16587.45
"LOSS-05016","INC-05016",6091.5,8429.9,5412.87
"LOSS-05017","INC-05017",4498.96,6844.13,9956.75
"LOSS-05018","INC-05018",10805.82,12663.19,120483.5
"LOSS-05019","INC-05019",4710.99,4052.98,452541.34
"LOSS-05020","INC-05020",9160.38,1636.22,11595.44
"LOSS-05021","INC-05021",37170.58,5484.24,34302.79
"LOSS-05022","INC-05022",1805.4,13817.28,42716.42
"LOSS-05023","INC-05023",5046.86,5281.02,17990.18
"LOSS-05024","INC-05024",6440.06,132.39,3795.66
"LOSS-05025","INC-05025",34470.83,4358.05,31616.2
"LOSS-05026","INC-05026",23953.74,2642.16,51702.27
"LOSS-05027","INC-05027",9340.43,9909.31,76456.24
"LOSS-05028","INC-05028",2900.61,11247.72,16102.76
"LOSS-05029","INC-05029",13032.52,13545.91,185890.47
"LOSS-05030","INC-05030",10962.83,11087.57,11398.84
"LOSS-05031","INC-05031",16346.68,870.09,105541.2
"LOSS-05032","INC-05032",9919.92,69378.22,7263.75
"LOSS-05033","INC-05033",2433.77,22189.55,20477.04
"LOSS-05034","INC-05034",7424.57,11435.84,8141.17
"LOSS-05035","INC-05035",44431.87,559.71,27575.92
"LOSS-05036","INC-05036",1861.71,1939.27,5448.65
"LOSS-05037","INC-05037",11512.99,3699.98,39377.9
"LOSS-05038","INC-05038",48417.68,1280.41,3902.42
"LOSS-05039","INC-05039",6290.34,1096.48,10977.55
"LOSS-05040","INC-05040",16398.78,2097.87,55440.04
"LOSS-05041","INC-05041",6120.67,6654.25,36618.5
"LOSS-05042","INC-05042",14922.1,15137.75,15095.22
"LOSS-05043","INC-05043",2609.45,7159.9,7574.81
"LOSS-05044","INC-05044",5318.11,36270.18,11206.48
"LOSS-05045","INC-05045",28827.01,5686.59,55497.9
"LOSS-05046","INC-05046",97413.13,2533.29,52649.21
"LOSS-05047","INC-05047",6468.79,9416.8,18067.34
"LOSS-05048","INC-05048",14392.8,16662.93,5932.41
"LOSS-05049","INC-05049",33315.91,375.35,7167.68
"LOSS-05050","INC-05050",7909.18,1502.04,20874.38
"LOSS-05051","INC-05051",11447.96,2190.8,31808.25
"LOSS-05052","INC-05052",21095.26,17119.85,45159.56
"LOSS-05053","INC-05053",913.24,5003.49,46701.22
"LOSS-05054","INC-05054",18531.53,2037.64,101843.17
"LOSS-05055","INC-05055",4148.55,4000.11,54096.89
"LOSS-05056","INC-05056",11033.85,25889.98,5098.7
"LOSS-05057","INC-05057",7171.01,446.97,19849.94
"LOSS-05058","INC-05058",9168.19,10886.4,8578.02
"LOSS-05059","INC-05059",24874.13,2313.18,10091.77
"LOSS-05060","INC-05060",13656.94,6301.17,4087.31
"LOSS-05061","INC-05061",5928.7,9900.02,32409.33
"LOSS-05062","INC-05062",11094.97,172087.19,10097.73
"LOSS-05063","INC-05063",24277.43,2629.98,52442.31
"LOSS-05064","INC-05064",16792.07,1074.24,36142.28
"LOSS-05065","INC-05065",2304.34,818.89,7711.79
"LOSS-05066","INC-05066",515.39,10867,57666.42
"LOSS-05067","INC-05067",14460.96,1002.93,11552.85
"LOSS-05068","INC-05068",6872.26,4485.98,35584.65
"LOSS-05069","INC-05069",14839.45,3051.76,28489.44
"LOSS-05070","INC-05070",13544.74,14889.61,5181.6
"LOSS-05071","INC-05071",6206.29,123175.58,13358.41
"LOSS-05072","INC-05072",14372.99,712.15,11131.45
"LOSS-05073","INC-05073",17623.99,517.03,11510.63
"LOSS-05074","INC-05074",25954.25,4084.69,84372.88
"LOSS-05075","INC-05075",10938.13,9029.32,4130.2
"LOSS-05076","INC-05076",4127.99,13540.23,34339.82
"LOSS-05077","INC-05077",8113.61,2347.85,47042.89
"LOSS-05078","INC-05078",2872.57,5931.69,1787.76
"LOSS-05079","INC-05079",11356.25,11794.56,57163.44
"LOSS-05080","INC-05080",2360.42,1169.58,41902.48
"LOSS-05081","INC-05081",82047.21,1715.43,8553.01
"LOSS-05082","INC-05082",1513.3,3610.19,18891.57
"LOSS-05083","INC-05083",8759.92,4320.95,36210.34
"LOSS-05084","INC-05084",74920.13,50711.37,19463.75
"LOSS-05085","INC-05085",3335.09,4143.91,72956.73
"LOSS-05086","INC-05086",4234.92,1140.43,19101.11
"LOSS-05087","INC-05087",1265.38,1339.71,46019.98
"LOSS-05088","INC-05088",2165.76,12502.45,26545.7
"LOSS-05089","INC-05089",3481.27,17270.85,14162.06
"LOSS-05090","INC-05090",2025.93,8681.72,87617.07
"LOSS-05091","INC-05091",14417.96,4932.93,60528.43
"LOSS-05092","INC-05092",43154.39,496.37,58747.35
"LOSS-05093","INC-05093",4210.72,5473.94,88592.13
"LOSS-05094","INC-05094",3204.08,2390.14,68700.77
"LOSS-05095","INC-05095",31863.64,9038.31,70798.48
"LOSS-05096","INC-05096",2274.58,3559.37,10305.35
"LOSS-05097","INC-05097",14027.63,5214.3,10884.7
"LOSS-05098","INC-05098",21419.23,6211.52,6589.57
"LOSS-05099","INC-05099",77143.72,8971.29,22943.87
"LOSS-05100","INC-05100",15801.34,3243.98,9571.94
"LOSS-05101","INC-05101",4317.24,8373.4,17972.25
"LOSS-05102","INC-05102",38045.05,5453,12606.96
"LOSS-05103","INC-05103",1958.87,1467.18,31497.27
"LOSS-05104","INC-05104",17087.99,9985.57,42009.72
"LOSS-05105","INC-05105",10840.99,3332.09,11390.95
"LOSS-05106","INC-05106",978.68,12093.74,25362.02
"LOSS-05107","INC-05107",9246.55,9796.98,106093.82
"LOSS-05108","INC-05108",14737.54,5250.41,2558.11
"LOSS-05109","INC-05109",10058.65,2889.94,71294.46
"LOSS-05110","INC-05110",46258.77,5603.51,9126.76
"LOSS-05111","INC-05111",6303.93,810.89,53556.74
"LOSS-05112","INC-05112",2471.87,2529.6,12058.54
"LOSS-05113","INC-05113",7457.55,7607,14504.93
"LOSS-05114","INC-05114",11770.42,9955.13,89996.54
"LOSS-05115","INC-05115",929.07,9253.84,12503.3
"LOSS-05116","INC-05116",6753.17,6019.47,14882.98
"LOSS-05117","INC-05117",18742.71,3813.78,53624.23
"LOSS-05118","INC-05118",9012.09,806.05,32498.45
"LOSS-05119","INC-05119",17897.94,7713.58,4286.48
"LOSS-05120","INC-05120",46035.22,8017.04,5661.42
"LOSS-05121","INC-05121",1595.94,7478.69,44163.98
"LOSS-05122","INC-05122",40949.15,1186.83,19471.1
"LOSS-05123","INC-05123",20422.5,3759.02,33544.43
"LOSS-05124","INC-05124",39574.51,1201.27,58717.88
"LOSS-05125","INC-05125",19394.02,1928.69,14261.54
"LOSS-05126","INC-05126",10843.27,7621.9,9311.84
"LOSS-05127","INC-05127",66369.33,566.01,39093.71
"LOSS-05128","INC-05128",8033.17,7872.14,5205.02
"LOSS-05129","INC-05129",1345.56,573.38,94002.99
"LOSS-05130","INC-05130",10422.14,3581.53,9179.34
"LOSS-05131","INC-05131",1422.37,3172.38,25679.06
"LOSS-05132","INC-05132",40015.35,745.6,28964.62
"LOSS-05133","INC-05133",2352.32,15373.29,38709.39
"LOSS-05134","INC-05134",32844.6,2142.07,8669.96
"LOSS-05135","INC-05135",4808.3,10358.11,9189.42
"LOSS-05136","INC-05136",6933.98,4261.29,14481.66
"LOSS-05137","INC-05137",43777.38,15116,9636.39
"LOSS-05138","INC-05138",15955.35,27294.12,12881.02
"LOSS-05139","INC-05139",2514.37,3872.08,2840.77
"LOSS-05140","INC-05140",8290.63,13786.9,21471.05
"LOSS-05141","INC-05141",7097.1,54990.79,11186.59
"LOSS-05142","INC-05142",4063.42,16600.88,12411.13
"LOSS-05143","INC-05143",18783.17,8514.48,9475.11
"LOSS-05144","INC-05144",138323.65,8769.77,72785.56
"LOSS-05145","INC-05145",3292.17,2513.21,2172.62
"LOSS-05146","INC-05146",8037.95,1415.84,24117.35
"LOSS-05147","INC-05147",143792.36,1913.03,11391.91
"LOSS-05148","INC-05148",12202.68,2788.45,11410.98
"LOSS-05149","INC-05149",7011.28,2084.54,187700.25
"LOSS-05150","INC-05150",9852.36,6680.03,143304.8
"LOSS-05151","INC-05151",1865.66,3163.12,6164.34
"LOSS-05152","INC-05152",8564.59,1280.63,7721.26
"LOSS-05153","INC-05153",3344.95,2250.53,30857.57
"LOSS-05154","INC-05154",2846.05,4067.51,28520.26
"LOSS-05155","INC-05155",12346.08,2983.38,12839.11
"LOSS-05156","INC-05156",4707.2,989.74,22379.38
"LOSS-05157","INC-05157",16424.29,221.74,93208.05
"LOSS-05158","INC-05158",15470.99,5045.71,69853.91
"LOSS-05159","INC-05159",14340.75,23306.29,15977.98
"LOSS-05160","INC-05160",11291.24,84696.88,4693.33
"LOSS-05161","INC-05161",16653.94,459.99,123835.83
"LOSS-05162","INC-05162",3257.19,1622.95,24588.43
"LOSS-05163","INC-05163",2749.36,14897.3,5880.07
"LOSS-05164","INC-05164",4493.76,5569.41,28696.8
"LOSS-05165","INC-05165",30817.76,3612.7,7757.4
"LOSS-05166","INC-05166",9499.6,10689.91,30465.19
"LOSS-05167","INC-05167",8406.53,13788.77,52983.76
"LOSS-05168","INC-05168",7923.04,8069.65,18007.8
"LOSS-05169","INC-05169",10970.53,1169.94,22198.99
"LOSS-05170","INC-05170",16710.75,37757.41,15839.1
"LOSS-05171","INC-05171",10221.4,5427.51,42729.98
"LOSS-05172","INC-05172",26382.67,342472.56,4158.35
"LOSS-05173","INC-05173",34872.5,5207.66,17202.8
"LOSS-05174","INC-05174",29005.25,12936.34,113138.49
"LOSS-05175","INC-05175",11806.74,8715.17,5987.46
"LOSS-05176","INC-05176",40698.13,2946.78,40359.46
"LOSS-05177","INC-05177",11625.68,26459.86,6998.7
"LOSS-05178","INC-05178",12302.62,8410.9,6438.21
"LOSS-05179","INC-05179",11218.04,1584.42,30573.67
"LOSS-05180","INC-05180",20448.69,1811.28,14811.66
"LOSS-05181","INC-05181",5267.49,956.03,350208.25
"LOSS-05182","INC-05182",4449.26,1112.7,5598.92
"LOSS-05183","INC-05183",50666.84,5960.43,119997.24
"LOSS-05184","INC-05184",2548.26,1289.62,23108.15
"LOSS-05185","INC-05185",35904.95,13010.21,26559.84
"LOSS-05186","INC-05186",1970.7,3487.49,33339.86
"LOSS-05187","INC-05187",60522.1,9647,85421.37
"LOSS-05188","INC-05188",9342.95,2049.95,9084.47
"LOSS-05189","INC-05189",110753.62,473.02,83797.38
"LOSS-05190","INC-05190",13908.29,7685.98,17629.88
"LOSS-05191","INC-05191",5386.67,5324.79,8835.38
"LOSS-05192","INC-05192",23768.95,18457.62,143327.6
"LOSS-05193","INC-05193",12889.72,2789.85,11710.04
"LOSS-05194","INC-05194",20078.57,1531,134178.97
"LOSS-05195","INC-05195",12732.16,1143.01,95506.47
"LOSS-05196","INC-05196",39579.26,13422.98,8325.6
"LOSS-05197","INC-05197",25735.18,1640.57,19562.23
"LOSS-05198","INC-05198",6651.7,3339.52,70869.04
"LOSS-05199","INC-05199",12548.13,3961.59,45810.64
"LOSS-05200","INC-05200",51084.99,1114.93,52203.24
"LOSS-05201","INC-05201",12029.86,195.67,52930.01
"LOSS-05202","INC-05202",34369.52,3122.06,84807.99
"LOSS-05203","INC-05203",29929.43,6493.78,29965.45
"LOSS-05204","INC-05204",12590.7,2689.73,19163.59
"LOSS-05205","INC-05205",22649.64,7831.85,63283.7
"LOSS-05206","INC-05206",5725.69,5056.17,11126.61
"LOSS-05207","INC-05207",9427.79,8762.56,14576.96
"LOSS-05208","INC-05208",68567.12,760.3,35813.13
"LOSS-05209","INC-05209",12753.97,3565.97,26976.48
"LOSS-05210","INC-05210",34644.34,8767.36,10714.68
"LOSS-05211","INC-05211",6491.69,5865.87,14167.6
"LOSS-05212","INC-05212",917.83,23673.78,73863.55
"LOSS-05213","INC-05213",4013.87,10905.28,69358.79
"LOSS-05214","INC-05214",7802.8,10280.38,12575.21
"LOSS-05215","INC-05215",2927.76,12748.52,71075.59
"LOSS-05216","INC-05216",23020.15,6154.58,1950.92
"LOSS-05217","INC-05217",9814.61,2660,6850.77
"LOSS-05218","INC-05218",3766.58,14578.32,20983.59
"LOSS-05219","INC-05219",29235.51,6836.69,10379.86
"LOSS-05220","INC-05220",7147.46,38292.33,46028.84
"LOSS-05221","INC-05221",3104.49,6945.79,4998.52
"LOSS-05222","INC-05222",8865.69,1185.37,10850.65
"LOSS-05223","INC-05223",11571.81,9905.65,7719.04
"LOSS-05224","INC-05224",107273.56,373.25,81383.04
"LOSS-05225","INC-05225",12904.82,2494.4,15297.32
"LOSS-05226","INC-05226",6863.02,8799.44,18370.1
"LOSS-05227","INC-05227",3676.75,4332.77,37515.82
"LOSS-05228","INC-05228",11664.92,68930.88,3648.74
"LOSS-05229","INC-05229",7088.66,5753.09,42580.83
"LOSS-05230","INC-05230",22650.67,7729.59,10357.51
"LOSS-05231","INC-05231",12955.36,2825.76,60214.24
"LOSS-05232","INC-05232",42413.84,1870.05,23348.71
"LOSS-05233","INC-05233",12363.07,13202.85,15313.33
"LOSS-05234","INC-05234",2458.45,8249.94,112467.66
"LOSS-05235","INC-05235",4113.1,5200.1,19901.92
"LOSS-05236","INC-05236",9683.18,2918.95,16239.54
"LOSS-05237","INC-05237",18072.46,9508.52,26312.26
"LOSS-05238","INC-05238",114377.4,14033.46,100374.33
"LOSS-05239","INC-05239",19265.26,4981.18,8015.25
"LOSS-05240","INC-05240",17789.47,4467.24,26606.53
"LOSS-05241","INC-05241",2784.83,7179.54,16556.62
"LOSS-05242","INC-05242",14165.32,3644.02,55996.13
"LOSS-05243","INC-05243",2660.74,1427.79,41725.12
"LOSS-05244","INC-05244",5537.98,23038.68,11549.47
"LOSS-05245","INC-05245",23500.23,8697.72,15615.72
"LOSS-05246","INC-05246",25701.58,9757.27,74307.54
"LOSS-05247","INC-05247",6536.77,2161.66,93161.15
"LOSS-05248","INC-05248",5661.15,4745.83,37388.77
"LOSS-05249","INC-05249",7553.18,3787.25,2734.28
"LOSS-05250","INC-05250",65717.43,1897.76,30656.97
"LOSS-05251","INC-05251",667.15,2028.78,13055.44
"LOSS-05252","INC-05252",8670.83,624.26,62191.02
"LOSS-05253","INC-05253",29905.13,4696.42,45541.82
"LOSS-05254","INC-05254",8408.73,2507.96,65576.5
"LOSS-05255","INC-05255",3038.23,777.39,4875.01
"LOSS-05256","INC-05256",18974.18,7259.94,46907.63
"LOSS-05257","INC-05257",23797.42,623.18,125459.37
"LOSS-05258","INC-05258",2903.64,2954.71,14401.49
"LOSS-05259","INC-05259",7235.88,846.71,8027.8
"LOSS-05260","INC-05260",19131.51,7026.49,66372.33
"LOSS-05261","INC-05261",4563.21,13527.48,101592.26
"LOSS-05262","INC-05262",9494.2,7632.94,67083.59
"LOSS-05263","INC-05263",7781.85,52941.11,57269.26
"LOSS-05264","INC-05264",8333.38,513.53,86615.85
"LOSS-05265","INC-05265",8333.86,3896.72,79212.5
"LOSS-05266","INC-05266",35813.79,19147.44,12327.85
"LOSS-05267","INC-05267",29715.07,9267.97,33345.69
"LOSS-05268","INC-05268",15901.41,2720.05,5495.07
"LOSS-05269","INC-05269",8006.53,5378.32,13016.57
"LOSS-05270","INC-05270",1879.01,20641.87,22029.28
"LOSS-05271","INC-05271",3888.23,2668.02,50745.72
"LOSS-05272","INC-05272",30103.55,1840.83,7059
"LOSS-05273","INC-05273",4027.42,6392.25,8627.89
"LOSS-05274","INC-05274",7247.91,33356.38,70211.92
"LOSS-05275","INC-05275",29493.17,227.29,8409.94
"LOSS-05276","INC-05276",2685.03,13407.08,29682.01
"LOSS-05277","INC-05277",56576.92,11158.34,17326.81
"LOSS-05278","INC-05278",8854.06,1103.54,2611.55
"LOSS-05279","INC-05279",884.49,51577.9,36904.32
"LOSS-05280","INC-05280",3520.68,4318.71,73786.36
"LOSS-05281","INC-05281",7469.48,2620.54,26564.44
"LOSS-05282","INC-05282",39575.91,8826.34,15823.31
"LOSS-05283","INC-05283",28811.59,58334.65,50907.46
"LOSS-05284","INC-05284",20202.66,14271.98,22686.36
"LOSS-05285","INC-05285",14842.72,1334.58,11636.8
"LOSS-05286","INC-05286",8963.78,624.55,16480.07
"LOSS-05287","INC-05287",5947.11,5360.79,112926.86
"LOSS-05288","INC-05288",3286.66,8032.64,81919.61
"LOSS-05289","INC-05289",27241.73,1398.29,10653.16
"LOSS-05290","INC-05290",11039.47,2527.67,71000.85
"LOSS-05291","INC-05291",26372.13,2067.32,33746.99
"LOSS-05292","INC-05292",99297.84,2150.74,15229.97
"LOSS-05293","INC-05293",15282.77,2771.84,37108.37
"LOSS-05294","INC-05294",8495.3,49579.75,731.47
"LOSS-05295","INC-05295",27170.32,1885.27,25925.2
"LOSS-05296","INC-05296",6349.76,25007.3,12635.21
"LOSS-05297","INC-05297",15353.57,6211.36,84672.49
"LOSS-05298","INC-05298",66067.7,2599.71,42494.1
"LOSS-05299","INC-05299",5371.59,6826.43,114220.23
"LOSS-05300","INC-05300",3873.89,30348.08,150275.51
"LOSS-05301","INC-05301",3404.38,19143.11,2095.8
"LOSS-05302","INC-05302",34188.83,3813.99,10454.95
"LOSS-05303","INC-05303",17985.33,3248.1,15398.17
"LOSS-05304","INC-05304",35313.09,4876.64,5844.86
"LOSS-05305","INC-05305",20975.14,2456.55,14353.26
"LOSS-05306","INC-05306",12370.88,3039.72,11756
"LOSS-05307","INC-05307",12585.79,8407.79,5736.74
"LOSS-05308","INC-05308",10747.06,6212.64,17377.52
"LOSS-05309","INC-05309",5000.74,12577.75,11062.77
"LOSS-05310","INC-05310",11241.87,11858.07,15923.34
"LOSS-05311","INC-05311",7301.93,3661.41,18196.28
"LOSS-05312","INC-05312",19989.66,983,14589.99
"LOSS-05313","INC-05313",3413.66,9401.01,11793.54
"LOSS-05314","INC-05314",3168.79,2335.72,8705.24
"LOSS-05315","INC-05315",47341.16,2914.78,115717.02
"LOSS-05316","INC-05316",8377.14,2881.57,48232
"LOSS-05317","INC-05317",36543.28,9631.73,42490.28
"LOSS-05318","INC-05318",27753.37,15297.19,54703.96
"LOSS-05319","INC-05319",4428.17,96805.01,62628.31
"LOSS-05320","INC-05320",3875.81,1258.31,158225.74
"LOSS-05321","INC-05321",5420.65,5055.64,26503.88
"LOSS-05322","INC-05322",1342.41,2912.11,20491.67
"LOSS-05323","INC-05323",13661.64,12876.09,14890.13
"LOSS-05324","INC-05324",5841.11,5689.06,141772.26
"LOSS-05325","INC-05325",2387.82,2022.22,64190.07
"LOSS-05326","INC-05326",4214.73,3497.71,29705.76
"LOSS-05327","INC-05327",33322.14,8805.58,5752.26
"LOSS-05328","INC-05328",31129.21,4641.74,57639.67
"LOSS-05329","INC-05329",32484.52,3075.78,5775.61
"LOSS-05330","INC-05330",5053.38,49017.76,20609.6
"LOSS-05331","INC-05331",46491.19,28218.28,52446.11
"LOSS-05332","INC-05332",4136.85,13928.31,15648.21
"LOSS-05333","INC-05333",18995.59,8387.62,45923.8
"LOSS-05334","INC-05334",8289.56,5804.03,9906.58
"LOSS-05335","INC-05335",40947.16,3591.65,29302.16
"LOSS-05336","INC-05336",19836.85,13511.4,9200.94
"LOSS-05337","INC-05337",2108.99,3891.23,25910.39
"LOSS-05338","INC-05338",42627.13,733.65,75502.13
"LOSS-05339","INC-05339",7040.01,6682.96,15135.46
"LOSS-05340","INC-05340",4923.12,3374.02,28865.35
"LOSS-05341","INC-05341",7062.01,1718.24,9720.07
"LOSS-05342","INC-05342",2935.46,1162.97,6764.73
"LOSS-05343","INC-05343",6060.39,18216.92,76858.9
"LOSS-05344","INC-05344",2830.88,7037.41,70205.55
"LOSS-05345","INC-05345",42567.25,414.39,47958.18
"LOSS-05346","INC-05346",9172.75,5190.12,8669.03
"LOSS-05347","INC-05347",991.92,12113.64,66151.41
"LOSS-05348","INC-05348",2879.79,839.02,54231.61
"LOSS-05349","INC-05349",7195.93,1860.64,12620.01
"LOSS-05350","INC-05350",603.68,1624.93,23585.52
"LOSS-05351","INC-05351",1198.64,2256.55,48971.75
"LOSS-05352","INC-05352",1796.34,2727.7,7050.94
"LOSS-05353","INC-05353",26533.36,17132.12,14350.36
"LOSS-05354","INC-05354",12938.17,29538.61,3563.2
"LOSS-05355","INC-05355",8044.63,10050.85,6200.77
"LOSS-05356","INC-05356",2392.46,98716.13,26624.9
"LOSS-05357","INC-05357",6135.23,4034.81,17894.69
"LOSS-05358","INC-05358",2984.41,11169.77,4261.9
"LOSS-05359","INC-05359",11064.3,6803.32,30762.3
"LOSS-05360","INC-05360",17074.1,11497.52,25385.06
"LOSS-05361","INC-05361",8139.28,10363,33170.16
"LOSS-05362","INC-05362",13428.77,7768.72,16084.49
"LOSS-05363","INC-05363",28764.78,21951.69,21418.39
"LOSS-05364","INC-05364",10231.12,6405.8,3828.32
"LOSS-05365","INC-05365",3513.69,5996.34,8390.49
"LOSS-05366","INC-05366",65454.89,2020.61,21808.96
"LOSS-05367","INC-05367",12617.64,1305.13,21902.58
"LOSS-05368","INC-05368",6101.71,572.36,130657.41
"LOSS-05369","INC-05369",8541.08,2887.62,28512.65
"LOSS-05370","INC-05370",12699.78,3513.33,20654.36
"LOSS-05371","INC-05371",8545.42,35895.07,37642.09
"LOSS-05372","INC-05372",4915.36,4547.85,13409.83
"LOSS-05373","INC-05373",19035.43,23986.15,15806.57
"LOSS-05374","INC-05374",9022.76,16676.29,6934.59
"LOSS-05375","INC-05375",5343.24,6754.73,40294.95
"LOSS-05376","INC-05376",1532.98,6537.62,93408.01
"LOSS-05377","INC-05377",5675.33,14091.63,51511.75
"LOSS-05378","INC-05378",14377.22,1952.05,2258.46
"LOSS-05379","INC-05379",18913.44,4331.88,5132.22
"LOSS-05380","INC-05380",2767.39,12713.53,9738.35
"LOSS-05381","INC-05381",44860.76,2326.29,97562.37
"LOSS-05382","INC-05382",3399.91,7237.09,128132.96
"LOSS-05383","INC-05383",5376.98,18242.51,20073.89
"LOSS-05384","INC-05384",11815.29,10506.48,28181.87
"LOSS-05385","INC-05385",15033.36,7300.65,114833.18
"LOSS-05386","INC-05386",9693.51,9063.2,14828.58
"LOSS-05387","INC-05387",5472.19,17655.28,27132.86
"LOSS-05388","INC-05388",1722.72,3890.89,5139.3
"LOSS-05389","INC-05389",3438.64,8809.34,29802.65
"LOSS-05390","INC-05390",12894.94,137.77,209662.6
"LOSS-05391","INC-05391",14089.35,16789.86,19871.36
"LOSS-05392","INC-05392",12660.86,9276.08,8506.38
"LOSS-05393","INC-05393",9226.23,32136.57,101357.7
"LOSS-05394","INC-05394",9770.79,8537.97,36322.53
"LOSS-05395","INC-05395",10964.46,3664.24,96880.26
"LOSS-05396","INC-05396",203975.54,370.64,15537.43
"LOSS-05397","INC-05397",9952.37,344.05,25217.78
"LOSS-05398","INC-05398",3553.98,15280.11,95180.89
"LOSS-05399","INC-05399",28493.75,8736.15,74297.2
"LOSS-05400","INC-05400",42617.99,18881.32,4017
"LOSS-05401","INC-05401",22892.5,54845.82,23393.96
"LOSS-05402","INC-05402",8773.86,10412.96,73894.1
"LOSS-05403","INC-05403",2061.56,1807.75,13357.05
"LOSS-05404","INC-05404",21372.62,1307.69,8289.67
"LOSS-05405","INC-05405",30967.43,5370.05,4745.96
"LOSS-05406","INC-05406",2992.43,1481.02,7501.81
"LOSS-05407","INC-05407",3470.66,3940.85,22900.99
"LOSS-05408","INC-05408",4994.43,10672.85,42985.93
"LOSS-05409","INC-05409",3987.63,12062.76,3454.24
"LOSS-05410","INC-05410",9620.34,17082.99,11978.83
"LOSS-05411","INC-05411",1412.67,9988.16,5173.79
"LOSS-05412","INC-05412",11434.11,4604.32,20925.33
"LOSS-05413","INC-05413",6904.47,26851.77,44942.99
"LOSS-05414","INC-05414",37139.4,6709.86,8455.78
"LOSS-05415","INC-05415",3434.99,2719.27,7674.39
"LOSS-05416","INC-05416",63672.34,13703.24,108536.51
"LOSS-05417","INC-05417",8324.93,5368.53,6051.85
"LOSS-05418","INC-05418",11007.29,452.95,14630.97
"LOSS-05419","INC-05419",4392.59,15126.34,42023.91
"LOSS-05420","INC-05420",1584.32,6193.44,25801
"LOSS-05421","INC-05421",2087.92,51000.88,6272.3
"LOSS-05422","INC-05422",11099.54,1155.31,100927.9
"LOSS-05423","INC-05423",9649.08,12252.53,6021.53
"LOSS-05424","INC-05424",35772.79,6250.23,77625.59
"LOSS-05425","INC-05425",8802.3,723.95,37824.08
"LOSS-05426","INC-05426",35807.86,7749.54,13061.63
"LOSS-05427","INC-05427",54145.27,3876.02,48532.12
"LOSS-05428","INC-05428",12963.63,2157.99,77046.55
"LOSS-05429","INC-05429",26489.35,8104.58,58473.71
"LOSS-05430","INC-05430",6655.75,630.08,84956.62
"LOSS-05431","INC-05431",2067.32,2170.59,31471.79
"LOSS-05432","INC-05432",8077.25,2827.02,5684.79
"LOSS-05433","INC-05433",8268.52,3699.22,40063.66
"LOSS-05434","INC-05434",3007.55,17384.08,42113.89
"LOSS-05435","INC-05435",8829.83,4677.3,221917.63
"LOSS-05436","INC-05436",45029.72,3003.37,2821.78
"LOSS-05437","INC-05437",6468.87,4042.69,1395.69
"LOSS-05438","INC-05438",61172.59,3867.4,12756.46
"LOSS-05439","INC-05439",3648.87,2972.03,12076
"LOSS-05440","INC-05440",2611.69,1347.06,19536.59
"LOSS-05441","INC-05441",2268.96,1897.91,7150.79
"LOSS-05442","INC-05442",14102.11,1464.48,35611.78
"LOSS-05443","INC-05443",7567.65,1822.62,71212.68
"LOSS-05444","INC-05444",11254.61,10329.49,28386.35
"LOSS-05445","INC-05445",26023.48,5201.56,88013.9
"LOSS-05446","INC-05446",38846.03,2385.03,25410.37
"LOSS-05447","INC-05447",6128.73,4356.37,56128.7
"LOSS-05448","INC-05448",51656.39,12301.82,77111.7
"LOSS-05449","INC-05449",8554.51,46847.24,23650.16
"LOSS-05450","INC-05450",7092.44,5846.04,8449.41
"LOSS-05451","INC-05451",2549.73,3020.53,57504.57
"LOSS-05452","INC-05452",3491.91,9861.01,42770.73
"LOSS-05453","INC-05453",9021.38,10171.9,14233.43
"LOSS-05454","INC-05454",12325.99,6292.67,65781.14
"LOSS-05455","INC-05455",3715.69,4817.34,21072.45
"LOSS-05456","INC-05456",29886.99,701.06,30769.41
"LOSS-05457","INC-05457",35408.29,2878.12,6507.3
"LOSS-05458","INC-05458",1425.33,16906.68,476113.92
"LOSS-05459","INC-05459",4849.86,3158.19,23394.85
"LOSS-05460","INC-05460",20330.62,5918.63,37992.67
"LOSS-05461","INC-05461",26021.72,15278.64,16963.6
"LOSS-05462","INC-05462",12052.4,11284.78,9665.09
"LOSS-05463","INC-05463",8845.16,15068.97,22629.08
"LOSS-05464","INC-05464",10530.29,6930.28,35179.97
"LOSS-05465","INC-05465",15518.08,3585.01,8515.68
"LOSS-05466","INC-05466",11979.76,4068.22,178613.72
"LOSS-05467","INC-05467",268039.3,1293.98,203894.22
"LOSS-05468","INC-05468",4662.85,1504.1,7667.4
"LOSS-05469","INC-05469",5022.13,7999.57,73108.6
"LOSS-05470","INC-05470",19458.17,19883.06,41955.06
"LOSS-05471","INC-05471",30237.06,6285.95,249608.68
"LOSS-05472","INC-05472",10953.37,2544.67,7550.12
"LOSS-05473","INC-05473",10630.81,13109.33,13679.37
"LOSS-05474","INC-05474",8611.44,16434.53,12934.1
"LOSS-05475","INC-05475",34345.9,8746.11,31072
"LOSS-05476","INC-05476",6683.53,2187.01,35161.72
"LOSS-05477","INC-05477",7284.28,10970.4,62230.15
"LOSS-05478","INC-05478",31675.45,67114.92,83928.22
"LOSS-05479","INC-05479",32473.97,2775.06,10448.12
"LOSS-05480","INC-05480",7196.43,8957.65,106980.48
"LOSS-05481","INC-05481",6925.17,3758.05,7644.25
"LOSS-05482","INC-05482",45639.21,3360.29,120852.03
"LOSS-05483","INC-05483",37679.87,1115.78,44944.71
"LOSS-05484","INC-05484",31729.14,467.38,15892.17
"LOSS-05485","INC-05485",4856.99,17188.68,247479.99
"LOSS-05486","INC-05486",2532.28,1907.93,32304.07
"LOSS-05487","INC-05487",25712.74,2070.37,23500.1
"LOSS-05488","INC-05488",11341.6,1680.18,10823.12
"LOSS-05489","INC-05489",35167.46,6303.67,120652.11
"LOSS-05490","INC-05490",2714.63,612.39,50180.54
"LOSS-05491","INC-05491",62994.76,1603.86,71496.7
"LOSS-05492","INC-05492",7139.89,824.52,24547.97
"LOSS-05493","INC-05493",8558.11,60046.17,25530.07
"LOSS-05494","INC-05494",12840.77,589.55,7200.13
"LOSS-05495","INC-05495",5145.74,1556.61,17262.79
"LOSS-05496","INC-05496",11973.88,5404,39181.93
"LOSS-05497","INC-05497",5210.85,1888.99,29674.29
"LOSS-05498","INC-05498",12364.45,846.88,113877.24
"LOSS-05499","INC-05499",4088.77,17085.54,13669.73
"LOSS-05500","INC-05500",4473.63,4087.57,44238.64
"LOSS-05501","INC-05501",22135.79,5435.49,31006.66
"LOSS-05502","INC-05502",89072.04,679.54,103709.63
"LOSS-05503","INC-05503",7467.19,22314.52,136922.81
"LOSS-05504","INC-05504",4921.62,7315.28,85826.04
"LOSS-05505","INC-05505",25735.06,5226.57,51316.72
"LOSS-05506","INC-05506",7576.79,1465.4,25306.57
"LOSS-05507","INC-05507",19641.76,5007.34,34723.53
"LOSS-05508","INC-05508",1942.09,9049.32,70286.5
"LOSS-05509","INC-05509",16513.08,16717.37,6820.17
"LOSS-05510","INC-05510",82208.5,7031.8,5427.49
"LOSS-05511","INC-05511",12523.87,2422.32,14377.09
"LOSS-05512","INC-05512",35068.38,17793.49,112897.1
"LOSS-05513","INC-05513",10977.38,1200.69,60542.23
"LOSS-05514","INC-05514",26357.19,24726.43,6467.96
"LOSS-05515","INC-05515",6805.19,5122.91,845450.83
"LOSS-05516","INC-05516",6518.4,3014.95,31316.81
"LOSS-05517","INC-05517",15076.82,2131.88,46068.57
"LOSS-05518","INC-05518",16129.81,2682.57,37365.86
"LOSS-05519","INC-05519",34756.63,3374.12,29142.18
"LOSS-05520","INC-05520",25533.35,25237.07,62085.15
"LOSS-05521","INC-05521",4726.26,11676.43,87201.6
"LOSS-05522","INC-05522",7341.11,4610.1,39858.4
"LOSS-05523","INC-05523",8087.34,47935.01,35330.41
"LOSS-05524","INC-05524",18914.36,4454.34,25394.13
"LOSS-05525","INC-05525",2398.87,1580.71,82659.74
"LOSS-05526","INC-05526",26703.08,47955.71,22189.46
"LOSS-05527","INC-05527",10286.35,429.71,9213.12
"LOSS-05528","INC-05528",11241.32,22657.22,6886.77
"LOSS-05529","INC-05529",20984.43,9668.93,17620.02
"LOSS-05530","INC-05530",9294.59,879.27,5463.2
"LOSS-05531","INC-05531",4901.85,29482.15,34049.48
"LOSS-05532","INC-05532",4819.56,747.48,127416.85
"LOSS-05533","INC-05533",5694.25,4570.8,5167.56
"LOSS-05534","INC-05534",13129.56,1638.92,12466.05
"LOSS-05535","INC-05535",2385.76,4561.75,25089.97
"LOSS-05536","INC-05536",2797.98,14964.51,584769.46
"LOSS-05537","INC-05537",23810.57,9130.04,106351
"LOSS-05538","INC-05538",4638.76,2737.89,18601.68
"LOSS-05539","INC-05539",6438.06,9996.8,29059.09
"LOSS-05540","INC-05540",91321.92,1527.46,11365.21
"LOSS-05541","INC-05541",6595.36,4442.16,18180.57
"LOSS-05542","INC-05542",6751.52,5641.97,44482.37
"LOSS-05543","INC-05543",16826.18,514.99,121296.89
"LOSS-05544","INC-05544",22875.54,860.5,4521.79
"LOSS-05545","INC-05545",21932.65,1679.44,67242.45
"LOSS-05546","INC-05546",146377.64,12735.38,35080.92
"LOSS-05547","INC-05547",77679.7,11746.28,36396.46
"LOSS-05548","INC-05548",34232.53,2417.48,3854.4
"LOSS-05549","INC-05549",2754.46,338.89,9195.62
"LOSS-05550","INC-05550",7443.32,1841.46,50442.93
"LOSS-05551","INC-05551",1244.65,2545.88,10566
"LOSS-05552","INC-05552",2448.62,60156.28,7182.86
"LOSS-05553","INC-05553",12600.43,3849.97,69790.52
"LOSS-05554","INC-05554",15755.53,3539.29,24429.72
"LOSS-05555","INC-05555",3439.18,29029.87,146307.66
"LOSS-05556","INC-05556",6602.45,2846.95,12204.84
"LOSS-05557","INC-05557",46723.22,8853.45,157953.59
"LOSS-05558","INC-05558",10093.91,4580.49,119413.11
"LOSS-05559","INC-05559",32998.48,2226.81,76577.86
"LOSS-05560","INC-05560",16336.08,5788.53,99417.28
"LOSS-05561","INC-05561",7240.76,6959.98,41166.35
"LOSS-05562","INC-05562",4541.93,17811.58,38629.04
"LOSS-05563","INC-05563",16033.89,4609.96,18819.72
"LOSS-05564","INC-05564",5240.43,2420.71,15072.62
"LOSS-05565","INC-05565",9115.8,1943.56,22260.32
"LOSS-05566","INC-05566",13553.06,7857.13,134626.82
"LOSS-05567","INC-05567",9239.19,3596.87,9414.26
"LOSS-05568","INC-05568",3795.44,8543.89,17082.29
"LOSS-05569","INC-05569",3344.11,3059.36,14580.05
"LOSS-05570","INC-05570",13539.2,3090.73,16115.56
"LOSS-05571","INC-05571",18745.51,1167.4,119823.2
"LOSS-05572","INC-05572",13498.04,8261.3,57923.43
"LOSS-05573","INC-05573",16499.1,12662.58,13610.18
"LOSS-05574","INC-05574",3272.58,1652.28,3686.69
"LOSS-05575","INC-05575",7512,66148.53,102616.16
"LOSS-05576","INC-05576",20983.6,5595.49,19775.36
"LOSS-05577","INC-05577",40557.57,622.71,81042.96
"LOSS-05578","INC-05578",3930.06,9360.39,18837.4
"LOSS-05579","INC-05579",1882.82,7477.48,71185.31
"LOSS-05580","INC-05580",11095.6,3608.23,50100.78
"LOSS-05581","INC-05581",14221.49,8825.84,13919.46
"LOSS-05582","INC-05582",24335.61,9285.26,2405.98
"LOSS-05583","INC-05583",42414.73,11116.26,17087.59
"LOSS-05584","INC-05584",9361.02,1442.31,9600.86
"LOSS-05585","INC-05585",2584.27,14066.57,19241.22
"LOSS-05586","INC-05586",2006.77,2531.94,15160.78
"LOSS-05587","INC-05587",1886.09,2100.58,7433.45
"LOSS-05588","INC-05588",9576.25,26882.7,9475.04
"LOSS-05589","INC-05589",14789.17,583.19,14455.8
"LOSS-05590","INC-05590",5198.58,13487.79,8497.91
"LOSS-05591","INC-05591",37164.43,580.37,52839.53
"LOSS-05592","INC-05592",17443.03,10697.48,2498.19
"LOSS-05593","INC-05593",7815.83,10158.04,188148.92
"LOSS-05594","INC-05594",19673.69,3034.61,24405.01
"LOSS-05595","INC-05595",15551.11,1016.86,10327.51
"LOSS-05596","INC-05596",6980.76,3538.98,41699.25
"LOSS-05597","INC-05597",15835.83,7170.02,22770.66
"LOSS-05598","INC-05598",36227.89,79346.03,19798.85
"LOSS-05599","INC-05599",22348.96,1871.1,18600.69
"LOSS-05600","INC-05600",18224.26,9617.28,15653.45
"LOSS-05601","INC-05601",5962.24,1252.87,2480.91
"LOSS-05602","INC-05602",11738.45,432.15,119168.97
"LOSS-05603","INC-05603",3453.04,1501.84,18555.41
"LOSS-05604","INC-05604",14065.91,23796.69,12872.41
"LOSS-05605","INC-05605",6522.32,3851.65,16489.9
"LOSS-05606","INC-05606",4316.31,12077.25,48253.59
"LOSS-05607","INC-05607",3987.98,809.68,113885.75
"LOSS-05608","INC-05608",10500.64,6336.22,15806.88
"LOSS-05609","INC-05609",7889.13,2744.88,18577.82
"LOSS-05610","INC-05610",4156.05,4853.81,2990.21
"LOSS-05611","INC-05611",10655.75,15950.34,679.35
"LOSS-05612","INC-05612",55804.85,567.62,65756.66
"LOSS-05613","INC-05613",56796.43,8742.33,28057.81
"LOSS-05614","INC-05614",4743.05,13987.84,8031.59
"LOSS-05615","INC-05615",5100.84,6841.97,64525.84
"LOSS-05616","INC-05616",10571.88,11998.07,7139.97
"LOSS-05617","INC-05617",7054.61,59681.93,31736.83
"LOSS-05618","INC-05618",59228.09,8087.79,27928.6
"LOSS-05619","INC-05619",16230.63,2751.06,50161.82
"LOSS-05620","INC-05620",17475.23,8958.48,65003.63
"LOSS-05621","INC-05621",17506.48,3528.52,15475.57
"LOSS-05622","INC-05622",7391.2,5163.18,26998.84
"LOSS-05623","INC-05623",22772.72,210.06,28671.47
"LOSS-05624","INC-05624",2513.88,2118.1,9351.58
"LOSS-05625","INC-05625",9846.08,7542.59,61163.2
"LOSS-05626","INC-05626",37370.2,36566.47,93154.86
"LOSS-05627","INC-05627",1639.39,2290.67,22300.31
"LOSS-05628","INC-05628",3505.28,12088.59,3970
"LOSS-05629","INC-05629",3237.05,6297.71,21362.71
"LOSS-05630","INC-05630",20572.34,3350.49,15233.89
"LOSS-05631","INC-05631",9681.33,4272.43,96147.4
"LOSS-05632","INC-05632",7673.36,9949.02,80062.35
"LOSS-05633","INC-05633",20636.74,31962.03,78297.59
"LOSS-05634","INC-05634",1610.47,4797.17,163720.07
"LOSS-05635","INC-05635",24999.74,21346.54,45434.22
"LOSS-05636","INC-05636",6077.36,6570.34,15097.44
"LOSS-05637","INC-05637",14409.09,9186.57,20254.4
"LOSS-05638","INC-05638",27037.03,1232.6,84608.46
"LOSS-05639","INC-05639",5152.67,2920.99,21009.72
"LOSS-05640","INC-05640",54949.58,5088.88,45822.32
"LOSS-05641","INC-05641",8371.73,37254.11,45334.67
"LOSS-05642","INC-05642",22279.55,1808.57,83453.87
"LOSS-05643","INC-05643",1951,5491.48,11387.95
"LOSS-05644","INC-05644",4138.53,8407,83580.25
"LOSS-05645","INC-05645",9050.38,8492.45,9715.87
"LOSS-05646","INC-05646",25504.59,4179.28,180532.76
"LOSS-05647","INC-05647",11021.42,5830.84,12890.12
"LOSS-05648","INC-05648",2412.04,484.98,118736.09
"LOSS-05649","INC-05649",17423.21,3297.25,40611.67
"LOSS-05650","INC-05650",12561.14,1271.25,87608.22
"LOSS-05651","INC-05651",27791.41,3329.43,208889.79
"LOSS-05652","INC-05652",8780.87,6178.99,12892.65
"LOSS-05653","INC-05653",89265.37,13775.08,29515.87
"LOSS-05654","INC-05654",3260.49,13267.37,79125.1
"LOSS-05655","INC-05655",18207.62,4677.75,147734.02
"LOSS-05656","INC-05656",49760.44,2231.42,77173.61
"LOSS-05657","INC-05657",6258.93,4685.34,218324.88
"LOSS-05658","INC-05658",18866.4,730.91,4375.92
"LOSS-05659","INC-05659",14110.49,3754.97,60350.29
"LOSS-05660","INC-05660",6695.36,2469.34,71188.11
"LOSS-05661","INC-05661",52206.54,3404.09,8793.43
"LOSS-05662","INC-05662",7521.68,4366.65,21738.05
"LOSS-05663","INC-05663",4429.21,1568.91,2999.57
"LOSS-05664","INC-05664",1466.08,1811.42,8152.48
"LOSS-05665","INC-05665",24711.65,918.98,21743.53
"LOSS-05666","INC-05666",2858.78,14513.98,2734.88
"LOSS-05667","INC-05667",17643.15,24380.94,12870.08
"LOSS-05668","INC-05668",15195.12,1449.63,515991.7
"LOSS-05669","INC-05669",858.72,3100.65,11931.43
"LOSS-05670","INC-05670",11255.46,19762.6,59391.88
"LOSS-05671","INC-05671",10749.29,12009.71,47218.7
"LOSS-05672","INC-05672",21523.77,13546.75,65269.67
"LOSS-05673","INC-05673",3991.18,2967.97,51388.77
"LOSS-05674","INC-05674",35009.74,55593.34,12179.75
"LOSS-05675","INC-05675",28086.15,1012.07,5644.71
"LOSS-05676","INC-05676",104048.26,6748.14,33102.22
"LOSS-05677","INC-05677",42775.89,4215.05,6052.6
"LOSS-05678","INC-05678",4276.1,26622.33,6046.86
"LOSS-05679","INC-05679",10647.89,794.21,73503.73
"LOSS-05680","INC-05680",5731.79,4270.16,29232.75
"LOSS-05681","INC-05681",2286.88,882.12,25342.23
"LOSS-05682","INC-05682",1547.21,1776.49,42036.74
"LOSS-05683","INC-05683",9747.29,782.86,10166.3
"LOSS-05684","INC-05684",3038.24,85370.01,6557.1
"LOSS-05685","INC-05685",13801.21,5427.36,5894
"LOSS-05686","INC-05686",22218.01,882.84,5894.96
"LOSS-05687","INC-05687",34086.07,10041.15,45496
"LOSS-05688","INC-05688",7665.48,12648.89,11195.18
"LOSS-05689","INC-05689",29944.48,3275.95,10707.65
"LOSS-05690","INC-05690",30766.69,19207.15,5396.91
"LOSS-05691","INC-05691",14412.2,2426.39,35902.14
"LOSS-05692","INC-05692",5748.39,17554.52,11259.87
"LOSS-05693","INC-05693",25664.17,604.59,13448.97
"LOSS-05694","INC-05694",1533.85,3191.31,110338.38
"LOSS-05695","INC-05695",37751.71,38444.73,70036.8
"LOSS-05696","INC-05696",34397.35,926.5,229218.53
"LOSS-05697","INC-05697",8824.79,1501.06,7912.32
"LOSS-05698","INC-05698",12753.56,2500.77,52370.34
"LOSS-05699","INC-05699",1723.59,789.57,2123
"LOSS-05700","INC-05700",4996.04,35623.18,138079.49
"LOSS-05701","INC-05701",6270.17,5460.46,14900.38
"LOSS-05702","INC-05702",63975.87,15676.95,155391.62
"LOSS-05703","INC-05703",2209.17,3254.64,114583.8
"LOSS-05704","INC-05704",3739.88,22336.76,12754.81
"LOSS-05705","INC-05705",12893.25,10591.38,38336.42
"LOSS-05706","INC-05706",12717.92,3944.91,9521.29
"LOSS-05707","INC-05707",7970.42,6696.78,57360.5
"LOSS-05708","INC-05708",10361.19,6395.87,2636
"LOSS-05709","INC-05709",21528.71,32074.55,22439.64
"LOSS-05710","INC-05710",7210.76,6749.47,9511.18
"LOSS-05711","INC-05711",29186.53,3076.35,14647.8
"LOSS-05712","INC-05712",21583.43,166.59,188425.37
"LOSS-05713","INC-05713",56614.68,745.5,7220.19
"LOSS-05714","INC-05714",7591.65,4849.44,49738.45
"LOSS-05715","INC-05715",3486.99,3198.7,91720.16
"LOSS-05716","INC-05716",12451.7,6028.2,17308.87
"LOSS-05717","INC-05717",24873.16,4538.7,16680.2
"LOSS-05718","INC-05718",39596.72,27216.85,3217.51
"LOSS-05719","INC-05719",69551.9,906.02,79656.62
"LOSS-05720","INC-05720",1406.45,2060.85,2360.03
"LOSS-05721","INC-05721",6684.21,1658.29,3034.97
"LOSS-05722","INC-05722",36857.05,5053.97,75399.56
"LOSS-05723","INC-05723",3728.87,3192.82,117304.69
"LOSS-05724","INC-05724",6909.95,4606.91,16676.59
"LOSS-05725","INC-05725",2918.1,18186.74,140843.53
"LOSS-05726","INC-05726",4376.95,23388.88,30265.89
"LOSS-05727","INC-05727",4820.65,9463.09,37296.29
"LOSS-05728","INC-05728",4302.33,8710.63,2392.69
"LOSS-05729","INC-05729",17307.08,16086.74,17311.06
"LOSS-05730","INC-05730",1190.72,312.05,4494.08
"LOSS-05731","INC-05731",9806.9,6094.36,172627.51
"LOSS-05732","INC-05732",42338.26,2497.47,3869.26
"LOSS-05733","INC-05733",2539.32,11050.36,33578.3
"LOSS-05734","INC-05734",15800.52,1511.02,5620.7
"LOSS-05735","INC-05735",3085.87,1008.77,439774.46
"LOSS-05736","INC-05736",7393.59,70853.43,82423.64
"LOSS-05737","INC-05737",11644.65,3670.6,34408.29
"LOSS-05738","INC-05738",26210.95,7465.97,66216.2
"LOSS-05739","INC-05739",12531.03,5169.58,7177.45
"LOSS-05740","INC-05740",4861.04,1092.44,7263.58
"LOSS-05741","INC-05741",21025.7,6992.95,17546.72
"LOSS-05742","INC-05742",1990.5,13574.23,27997.9
"LOSS-05743","INC-05743",20676.53,6480.77,68754.03
"LOSS-05744","INC-05744",3717.13,1613.98,21060.88
"LOSS-05745","INC-05745",3112.78,15219.42,13712.09
"LOSS-05746","INC-05746",11025.31,36694.99,14268.77
"LOSS-05747","INC-05747",1285.93,18070.73,29434.99
"LOSS-05748","INC-05748",4929.17,3497.67,31992.7
"LOSS-05749","INC-05749",4353.78,6108.78,93764.55
"LOSS-05750","INC-05750",3215.84,2019.7,26539.72
"LOSS-05751","INC-05751",11937.92,35383.4,7837.31
"LOSS-05752","INC-05752",11021.44,11886.54,20222.66
"LOSS-05753","INC-05753",16878.79,6132.81,38474.04
"LOSS-05754","INC-05754",55403.67,1739.61,10719.06
"LOSS-05755","INC-05755",8449.88,4819.39,321071.3
"LOSS-05756","INC-05756",72287.95,4849.74,9238.97
"LOSS-05757","INC-05757",1600.8,7174.76,98255.71
"LOSS-05758","INC-05758",1789.36,3243.41,14634.43
"LOSS-05759","INC-05759",3645.17,20671.46,48876.5
"LOSS-05760","INC-05760",7584.72,767.66,43192.22
"LOSS-05761","INC-05761",9045.68,12067.57,14830.22
"LOSS-05762","INC-05762",51005.45,35147.37,19480.15
"LOSS-05763","INC-05763",6282.51,2853.65,32619.16
"LOSS-05764","INC-05764",28011.89,3158.95,44509.26
"LOSS-05765","INC-05765",11733.61,5474.85,14503.34
"LOSS-05766","INC-05766",23664.46,16338.34,32077.72
"LOSS-05767","INC-05767",30665.9,6488.63,25793.99
"LOSS-05768","INC-05768",1581.83,3593.19,7100
"LOSS-05769","INC-05769",18632.61,2435.08,9781.25
"LOSS-05770","INC-05770",6279.63,4281.23,13215.12
"LOSS-05771","INC-05771",6219.08,5095.96,25628.05
"LOSS-05772","INC-05772",3386.46,6528.5,1984.48
"LOSS-05773","INC-05773",6935.4,11099.04,26147.42
"LOSS-05774","INC-05774",2595.15,17871.2,12774.1
"LOSS-05775","INC-05775",4335.77,1614.25,1386.32
"LOSS-05776","INC-05776",9964.73,1624.35,32940.16
"LOSS-05777","INC-05777",7690.24,849.16,122342
"LOSS-05778","INC-05778",20865.14,5787.57,81787.01
"LOSS-05779","INC-05779",1037.55,3261.34,11349.31
"LOSS-05780","INC-05780",22741.39,12616.61,28223.03
"LOSS-05781","INC-05781",15678.77,4001.34,17162.73
"LOSS-05782","INC-05782",2688.06,15764.94,96929.02
"LOSS-05783","INC-05783",6060.28,2906.65,89198.44
"LOSS-05784","INC-05784",7089.47,1282.23,23495.97
"LOSS-05785","INC-05785",9496.87,6209.6,10258.99
"LOSS-05786","INC-05786",3332.8,1542.81,19283.92
"LOSS-05787","INC-05787",2952.06,964.41,10943.73
"LOSS-05788","INC-05788",58962.77,10240.34,30098.77
"LOSS-05789","INC-05789",3875.8,1220,29044.32
"LOSS-05790","INC-05790",4246.68,3313.22,12175.01
"LOSS-05791","INC-05791",10303.26,1851.86,21658.38
"LOSS-05792","INC-05792",27173.18,12376.27,8984.26
"LOSS-05793","INC-05793",3775.74,3542.11,33880.44
"LOSS-05794","INC-05794",13041.47,5006.19,126885.86
"LOSS-05795","INC-05795",32460.86,19338.23,7493.92
"LOSS-05796","INC-05796",11536,2242.87,29351.8
"LOSS-05797","INC-05797",8061.87,2142.82,17678.35
"LOSS-05798","INC-05798",13908.77,9805.21,26622.74
"LOSS-05799","INC-05799",11029.53,55613.63,15188.19
"LOSS-05800","INC-05800",3590.16,19052.25,1914.85
"LOSS-05801","INC-05801",13493.3,17226.77,99476.69
"LOSS-05802","INC-05802",4126.16,2765.37,11090.35
"LOSS-05803","INC-05803",68281.83,4398.08,34150.2
"LOSS-05804","INC-05804",4058.53,5258.06,60446.46
"LOSS-05805","INC-05805",49588.34,1338.97,36320.58
"LOSS-05806","INC-05806",15256.8,1792.28,10869.58
"LOSS-05807","INC-05807",17872.89,11910.61,8764.37
"LOSS-05808","INC-05808",10021.71,3991.98,109166.05
"LOSS-05809","INC-05809",2452.52,1515.94,45409.36
"LOSS-05810","INC-05810",9540.26,21923.92,69288.31
"LOSS-05811","INC-05811",7896.55,2726.78,76750.04
"LOSS-05812","INC-05812",106170.9,6409.71,149082.7
"LOSS-05813","INC-05813",14592.25,28898.92,11274.49
"LOSS-05814","INC-05814",8832.67,1797.5,4701.63
"LOSS-05815","INC-05815",10710.98,302.74,191867.71
"LOSS-05816","INC-05816",78947.34,6980.22,12399.9
"LOSS-05817","INC-05817",1977.57,5924.57,9831.59
"LOSS-05818","INC-05818",9121.51,14841.35,28756.39
"LOSS-05819","INC-05819",11513.81,3559.93,103757.26
"LOSS-05820","INC-05820",13177.48,2434.58,37703.94
"LOSS-05821","INC-05821",39359.59,5202.11,114257.97
"LOSS-05822","INC-05822",4819.35,8318.07,4249.08
"LOSS-05823","INC-05823",1288.41,6942.66,56468.55
"LOSS-05824","INC-05824",5840.95,1522.28,37263.55
"LOSS-05825","INC-05825",4480.68,22911.29,66416.47
"LOSS-05826","INC-05826",1464.29,3733.92,43571.35
"LOSS-05827","INC-05827",12031.11,2528.19,9189.91
"LOSS-05828","INC-05828",11307.45,6180.74,48721.38
"LOSS-05829","INC-05829",3840.29,545.14,45345.17
"LOSS-05830","INC-05830",84686.75,7801.4,186102.35
"LOSS-05831","INC-05831",42789.53,14138.31,1437.9
"LOSS-05832","INC-05832",5299.47,566.44,28808.9
"LOSS-05833","INC-05833",37667.29,3246.48,86352.91
"LOSS-05834","INC-05834",3059.69,2361.04,33201.24
"LOSS-05835","INC-05835",11462.32,8585.23,25129.46
"LOSS-05836","INC-05836",96486.72,40595.36,17567.94
"LOSS-05837","INC-05837",25081.52,1760.95,30390.28
"LOSS-05838","INC-05838",6713.68,1085.37,141288.38
"LOSS-05839","INC-05839",1135.15,1300.12,45291.97
"LOSS-05840","INC-05840",20446.32,5618.76,52871.6
"LOSS-05841","INC-05841",4314.31,2341.98,62389.41
"LOSS-05842","INC-05842",53140.75,1824.17,26926.13
"LOSS-05843","INC-05843",36818.82,2584.53,45131.87
"LOSS-05844","INC-05844",14064.05,2939.3,95775.8
"LOSS-05845","INC-05845",40546.05,7854.93,7994.25
"LOSS-05846","INC-05846",2130.34,6477.65,12742.64
"LOSS-05847","INC-05847",86994.61,16670.27,4176.31
"LOSS-05848","INC-05848",49898.25,4244.63,16386.86
"LOSS-05849","INC-05849",33851.33,1055.69,771.23
"LOSS-05850","INC-05850",15786.41,6930.95,65249.63
"LOSS-05851","INC-05851",4409.06,1670.91,109172.19
"LOSS-05852","INC-05852",6114.54,12630.49,15907.69
"LOSS-05853","INC-05853",6610.71,8109.39,18252.09
"LOSS-05854","INC-05854",38534.55,34536.51,29661.12
"LOSS-05855","INC-05855",1445.62,534.08,27576.84
"LOSS-05856","INC-05856",7146.17,9761.31,5536.55
"LOSS-05857","INC-05857",17401.66,2101.39,33138.6
"LOSS-05858","INC-05858",1809.77,2363.1,35438.91
"LOSS-05859","INC-05859",5808.32,5261.03,40503.87
"LOSS-05860","INC-05860",48014.91,15339.68,81355.73
"LOSS-05861","INC-05861",11730.1,1097.71,13008.31
"LOSS-05862","INC-05862",30346.87,939.05,75720.14
"LOSS-05863","INC-05863",9173.1,1641.53,99021.16
"LOSS-05864","INC-05864",24868.84,10087.63,4069.99
"LOSS-05865","INC-05865",17337.97,12703.88,9928.7
"LOSS-05866","INC-05866",28921.98,2217.72,11772.19
"LOSS-05867","INC-05867",10206.64,39183.05,125764.22
"LOSS-05868","INC-05868",3611.02,1581.56,67563.59
"LOSS-05869","INC-05869",2543.84,854.71,29448.23
"LOSS-05870","INC-05870",21203.17,24753.47,18183.52
"LOSS-05871","INC-05871",6483.05,7735.62,6936.45
"LOSS-05872","INC-05872",4370.73,480.23,8627.74
"LOSS-05873","INC-05873",19703.03,22878.02,2728.9
"LOSS-05874","INC-05874",14642.98,1757.28,56811.87
"LOSS-05875","INC-05875",3124.28,1745.76,2317.5
"LOSS-05876","INC-05876",1846.67,4161.5,10112.03
"LOSS-05877","INC-05877",2257.7,13936.92,3727.19
"LOSS-05878","INC-05878",44131.98,21809.04,12787.78
"LOSS-05879","INC-05879",15642.22,40735.92,136191.69
"LOSS-05880","INC-05880",7543.13,7175.89,18765.19
"LOSS-05881","INC-05881",16668.47,5066.58,125705.78
"LOSS-05882","INC-05882",9004.64,1828.53,5052.72
"LOSS-05883","INC-05883",2200.44,2980.11,169471.46
"LOSS-05884","INC-05884",23695.73,20405.6,34891.21
"LOSS-05885","INC-05885",25497.51,2781.62,29145.98
"LOSS-05886","INC-05886",2587.16,4517.48,7091.8
"LOSS-05887","INC-05887",40483.93,3740.99,10415.41
"LOSS-05888","INC-05888",8579.76,1654.15,10880.18
"LOSS-05889","INC-05889",4633.99,12113.94,112420.88
"LOSS-05890","INC-05890",254734.29,17739.19,5438.34
"LOSS-05891","INC-05891",8339.75,4437.11,47063
"LOSS-05892","INC-05892",1824.56,2868.26,9601.46
"LOSS-05893","INC-05893",10890.64,6309.74,25613.12
"LOSS-05894","INC-05894",18217.73,7458.06,19089.8
"LOSS-05895","INC-05895",30251.08,5142.04,91350.96
"LOSS-05896","INC-05896",14489.13,1189.32,22486.81
"LOSS-05897","INC-05897",8840.86,4674.3,55398.17
"LOSS-05898","INC-05898",5557.81,6432.17,13314.52
"LOSS-05899","INC-05899",18132.75,1878.03,9212.98
"LOSS-05900","INC-05900",4949.97,940.16,13088.6
"LOSS-05901","INC-05901",24402.41,10585.35,25203.36
"LOSS-05902","INC-05902",6776.46,19851.81,28918.17
"LOSS-05903","INC-05903",1216.66,5470.47,55642.16
"LOSS-05904","INC-05904",22704.83,7233.9,11853.36
"LOSS-05905","INC-05905",7511.44,1985.22,15334.97
"LOSS-05906","INC-05906",10153.09,24652.26,12362.6
"LOSS-05907","INC-05907",49797.02,3270.27,24114.9
"LOSS-05908","INC-05908",8315.05,12192.09,2365.14
"LOSS-05909","INC-05909",12534.57,2317.19,97698.14
"LOSS-05910","INC-05910",11493.15,5705.16,7211.45
"LOSS-05911","INC-05911",45963.08,4590.27,35311.21
"LOSS-05912","INC-05912",7260.57,3264.59,17637.34
"LOSS-05913","INC-05913",4438.92,13792.04,7171.6
"LOSS-05914","INC-05914",4722.93,1289.66,11626.32
"LOSS-05915","INC-05915",1215.27,7582.88,61362.54
"LOSS-05916","INC-05916",1527.01,3103.72,316024.76
"LOSS-05917","INC-05917",36388.57,8936.97,19686.14
"LOSS-05918","INC-05918",9382.63,9246.18,59257.57
"LOSS-05919","INC-05919",10680.89,3658.55,27593.61
"LOSS-05920","INC-05920",12463.69,10139.04,8873.17
"LOSS-05921","INC-05921",33017.14,39524.46,252243.06
"LOSS-05922","INC-05922",7503.84,9093.09,25403.13
"LOSS-05923","INC-05923",8355.31,397.54,79262.42
"LOSS-05924","INC-05924",25189.83,6340.12,45482.38
"LOSS-05925","INC-05925",30496.75,1543.84,21407.07
"LOSS-05926","INC-05926",26331.79,1187.97,80969.57
"LOSS-05927","INC-05927",3106.72,3786.19,268349.2
"LOSS-05928","INC-05928",12077.2,6294.02,9023.47
"LOSS-05929","INC-05929",6327.99,6465.35,82484.93
"LOSS-05930","INC-05930",6298.58,4921.37,11417.88
"LOSS-05931","INC-05931",13168.42,9194.84,17384.08
"LOSS-05932","INC-05932",46399.67,10475.46,13649.02
"LOSS-05933","INC-05933",1775.26,7875.16,62764.59
"LOSS-05934","INC-05934",4278.38,62273.97,6920.85
"LOSS-05935","INC-05935",9645.02,1071.42,9270.07
"LOSS-05936","INC-05936",6749.49,20094.92,11717.34
"LOSS-05937","INC-05937",23177.35,10439.52,51055.08
"LOSS-05938","INC-05938",8110.2,399.54,5029.46
"LOSS-05939","INC-05939",6144.34,8374.55,5620.35
"LOSS-05940","INC-05940",40677.11,30175.61,6810.5
"LOSS-05941","INC-05941",25147.94,6011.28,20383.2
"LOSS-05942","INC-05942",3584.96,3322.58,5990.97
"LOSS-05943","INC-05943",1675.36,8807.29,4402.78
"LOSS-05944","INC-05944",12510.59,554.15,74899.11
"LOSS-05945","INC-05945",109150.87,3638.33,17744.28
"LOSS-05946","INC-05946",6055.31,15292.36,67071.42
"LOSS-05947","INC-05947",2478.32,1652.21,26922.2
"LOSS-05948","INC-05948",3383.25,2225.09,13478.42
"LOSS-05949","INC-05949",2627.02,3366.09,16192.14
"LOSS-05950","INC-05950",6998.48,4900.91,3193.79
"LOSS-05951","INC-05951",26070.69,13489.66,5114.05
"LOSS-05952","INC-05952",13501.12,2594.37,164380.61
"LOSS-05953","INC-05953",27591.33,94374.13,3826.05
"LOSS-05954","INC-05954",31969.58,4081.84,201214.22
"LOSS-05955","INC-05955",12577.68,14274.2,11780.72
"LOSS-05956","INC-05956",14170.41,18851.6,252753.43
"LOSS-05957","INC-05957",3746.35,1076.83,49941.7
"LOSS-05958","INC-05958",19251.97,3412.06,28814.34
"LOSS-05959","INC-05959",10746.14,9738.17,2646.72
"LOSS-05960","INC-05960",4563.49,9493.29,18848.01
"LOSS-05961","INC-05961",7033.84,23242.16,104264.48
"LOSS-05962","INC-05962",12190.58,4862.65,92720.37
"LOSS-05963","INC-05963",111397.3,16796.41,39512.43
"LOSS-05964","INC-05964",35638.21,10348.5,19880.82
"LOSS-05965","INC-05965",3959.22,12237.72,309047.8
"LOSS-05966","INC-05966",19041.67,6071.43,192800.38
"LOSS-05967","INC-05967",4108.99,9253.73,17812.69
"LOSS-05968","INC-05968",17657.48,4125.14,10592.89
"LOSS-05969","INC-05969",2836.61,3940.23,160645.11
"LOSS-05970","INC-05970",2371.61,10169.59,12908.39
"LOSS-05971","INC-05971",11868.8,4585.86,28911.55
"LOSS-05972","INC-05972",24778.97,9704.47,21527.55
"LOSS-05973","INC-05973",3916.72,27259.09,28646.76
"LOSS-05974","INC-05974",25524.65,19075.2,122667.84
"LOSS-05975","INC-05975",34379.02,1041.8,25037.73
"LOSS-05976","INC-05976",19094.33,4007.3,76138.75
"LOSS-05977","INC-05977",30257.78,3846.51,8502.94
"LOSS-05978","INC-05978",11070.93,7680.96,137831.46
"LOSS-05979","INC-05979",56727.76,862.34,7569.7
"LOSS-05980","INC-05980",25471.88,5352.25,199478.55
"LOSS-05981","INC-05981",12199.61,1157.24,467842
"LOSS-05982","INC-05982",5502.16,9440.11,39111.84
"LOSS-05983","INC-05983",11851.21,1016.27,26165.64
"LOSS-05984","INC-05984",33867.3,354.38,19721.37
"LOSS-05985","INC-05985",19193.13,15775.65,37247.09
"LOSS-05986","INC-05986",5004.41,24522.5,17546.05
"LOSS-05987","INC-05987",4359.58,3594.18,43262.76
"LOSS-05988","INC-05988",16920.49,2946.78,16263.13
"LOSS-05989","INC-05989",3706.01,577.68,63368.86
"LOSS-05990","INC-05990",39043.26,5549.01,116841.15
"LOSS-05991","INC-05991",9456.86,4988.75,19514.83
"LOSS-05992","INC-05992",12001.47,950.29,2739.02
"LOSS-05993","INC-05993",1116.3,1325.07,11522.12
"LOSS-05994","INC-05994",36610.72,1590.34,8673.88
"LOSS-05995","INC-05995",6856.71,2975.31,24802.32
"LOSS-05996","INC-05996",22628.32,7100.87,14366.79
"LOSS-05997","INC-05997",1273.36,69268.77,64505.54
"LOSS-05998","INC-05998",17012.68,16189.31,30344.08
"LOSS-05999","INC-05999",14228.31,7960.98,26278.51
"LOSS-06000","INC-06000",2015.09,3640.14,57461.96
"LOSS-06001","INC-06001",11764.39,312.53,8050.07
"LOSS-06002","INC-06002",2771.2,4942.3,20113.48
"LOSS-06003","INC-06003",4155.15,706.55,7792.19
"LOSS-06004","INC-06004",18514.72,39330.48,24510.49
"LOSS-06005","INC-06005",8905.01,2189.85,3131.18
"LOSS-06006","INC-06006",7659.32,4388.31,8448.59
"LOSS-06007","INC-06007",4823.56,1794.92,18548.37
"LOSS-06008","INC-06008",1312.73,3690.5,59882.82
"LOSS-06009","INC-06009",14612.21,5033.13,435276.63
"LOSS-06010","INC-06010",905.07,4492.01,18894.24
"LOSS-06011","INC-06011",28640.18,1285.1,15509.79
"LOSS-06012","INC-06012",11715.59,6534.22,4844.05
"LOSS-06013","INC-06013",10913.46,10827.91,26251.01
"LOSS-06014","INC-06014",6159.62,3719.99,89011.61
"LOSS-06015","INC-06015",1171.89,17932.55,74907.38
"LOSS-06016","INC-06016",16008.92,5743.36,17574.27
"LOSS-06017","INC-06017",13443.95,7319.68,32448.27
"LOSS-06018","INC-06018",6693.26,3463.63,15360.86
"LOSS-06019","INC-06019",13061.77,6536.18,10886.34
"LOSS-06020","INC-06020",22222.02,22476.22,2998.51
"LOSS-06021","INC-06021",15917.27,3601.92,7234.29
"LOSS-06022","INC-06022",19039.96,664.52,29208.53
"LOSS-06023","INC-06023",16156.4,5088.61,20167.07
"LOSS-06024","INC-06024",5307.62,35838.94,21767.24
"LOSS-06025","INC-06025",68593.65,518.55,24970.64
"LOSS-06026","INC-06026",17305.34,1297.68,20165.12
"LOSS-06027","INC-06027",14438.3,436.59,15991.5
"LOSS-06028","INC-06028",7104.85,93340.8,13395.96
"LOSS-06029","INC-06029",1787.6,16630.94,49029.12
"LOSS-06030","INC-06030",7787.91,226.87,9466.98
"LOSS-06031","INC-06031",6170.64,8830.07,70590.49
"LOSS-06032","INC-06032",1318.25,13671.19,8888.31
"LOSS-06033","INC-06033",21875.33,596.73,72543.6
"LOSS-06034","INC-06034",9207.35,598.24,5178.55
"LOSS-06035","INC-06035",38862.63,7215.52,34964.93
"LOSS-06036","INC-06036",8557.67,1786.16,18102.44
"LOSS-06037","INC-06037",44802.62,17439.9,31332.84
"LOSS-06038","INC-06038",3102.7,4057.6,84935.06
"LOSS-06039","INC-06039",3309.38,1350.21,36943.32
"LOSS-06040","INC-06040",7153.53,5477.5,12489.3
"LOSS-06041","INC-06041",29983.94,1184.64,77687.44
"LOSS-06042","INC-06042",2204.78,7699.39,21216.02
"LOSS-06043","INC-06043",57838.94,1966.19,27649.06
"LOSS-06044","INC-06044",17512.25,2292.03,11367.1
"LOSS-06045","INC-06045",17395.94,6526.28,57557.79
"LOSS-06046","INC-06046",4376.85,5989.9,85008.73
"LOSS-06047","INC-06047",11751.21,18649.85,15163.27
"LOSS-06048","INC-06048",4803.7,2451.8,79256.24
"LOSS-06049","INC-06049",8164.42,7025.98,34285.72
"LOSS-06050","INC-06050",7172.41,7225.95,5879
"LOSS-06051","INC-06051",23207.13,543.67,44936.95
"LOSS-06052","INC-06052",6671.79,4584.56,62151.01
"LOSS-06053","INC-06053",5317.89,1320.95,65131.91
"LOSS-06054","INC-06054",9755.49,10708.24,86068.27
"LOSS-06055","INC-06055",18110.41,12309.08,16076.99
"LOSS-06056","INC-06056",23107.48,4021.04,13015.26
"LOSS-06057","INC-06057",18934.2,5166.18,16937.08
"LOSS-06058","INC-06058",36463.91,7595.82,54277.8
"LOSS-06059","INC-06059",22383.4,286.27,7395.95
"LOSS-06060","INC-06060",1845.26,39732.8,26770.46
"LOSS-06061","INC-06061",41067.31,9772.59,29522
"LOSS-06062","INC-06062",26446.35,5981.58,17483.23
"LOSS-06063","INC-06063",5917.86,954.63,25368.64
"LOSS-06064","INC-06064",37596.3,12806.74,80130.43
"LOSS-06065","INC-06065",1991.65,23363.65,66653.59
"LOSS-06066","INC-06066",10212.24,14952.42,32237.96
"LOSS-06067","INC-06067",52834.69,4782.73,741.22
"LOSS-06068","INC-06068",18897.29,25552.74,34121.16
"LOSS-06069","INC-06069",16595.26,1036.71,58769.15
"LOSS-06070","INC-06070",1477.18,5246.74,13985.58
"LOSS-06071","INC-06071",2782.89,1645.68,16649.37
"LOSS-06072","INC-06072",4147.37,3639.17,28421.26
"LOSS-06073","INC-06073",5593.52,16949.8,114107.93
"LOSS-06074","INC-06074",51680.53,7239.75,266289.88
"LOSS-06075","INC-06075",8596.31,10883.91,169530.26
"LOSS-06076","INC-06076",5031.36,1369.07,16268.76
"LOSS-06077","INC-06077",8652.83,15633.1,25259.33
"LOSS-06078","INC-06078",34785.98,9500.78,95053.79
"LOSS-06079","INC-06079",14569.03,497.29,9436.27
"LOSS-06080","INC-06080",6862.55,5264.52,10267.27
"LOSS-06081","INC-06081",1096.81,1387.99,84903.32
"LOSS-06082","INC-06082",20075.04,3474.2,41699.57
"LOSS-06083","INC-06083",6954.99,1404.04,27052.14
"LOSS-06084","INC-06084",12692.47,1802.62,119402.77
"LOSS-06085","INC-06085",8643.73,4895.37,13635.85
"LOSS-06086","INC-06086",7921.62,803.55,30546.12
"LOSS-06087","INC-06087",15518.46,2100.73,31319.55
"LOSS-06088","INC-06088",12632.4,8187.28,25229.55
"LOSS-06089","INC-06089",10053.21,10054.95,35055.03
"LOSS-06090","INC-06090",58860.88,1220.66,8068.77
"LOSS-06091","INC-06091",3721.12,322.77,65923.18
"LOSS-06092","INC-06092",16268.7,2125.08,4167.03
"LOSS-06093","INC-06093",14267.54,1245.46,60266.95
"LOSS-06094","INC-06094",5075.31,13356.19,64864.13
"LOSS-06095","INC-06095",1912.86,26114.17,10240.75
"LOSS-06096","INC-06096",15155.51,8116.14,22665.78
"LOSS-06097","INC-06097",19196.8,3270.44,18028.62
"LOSS-06098","INC-06098",20421.86,16882.25,212629.38
"LOSS-06099","INC-06099",12554.36,3652.92,17574.95
"LOSS-06100","INC-06100",14311.64,1705.61,22338.26
"LOSS-06101","INC-06101",9553.88,26780.17,6775.52
"LOSS-06102","INC-06102",7360.09,2827.96,22917.65
"LOSS-06103","INC-06103",20712.8,6966.53,58208.24
"LOSS-06104","INC-06104",15187.61,4506.6,21363.76
"LOSS-06105","INC-06105",75024.67,64205.67,8314.8
"LOSS-06106","INC-06106",7684.35,25282.42,77152.92
"LOSS-06107","INC-06107",2829.7,5417.45,17102.32
"LOSS-06108","INC-06108",6150.95,2223.6,71248.78
"LOSS-06109","INC-06109",13222.56,2020.92,109945.31
"LOSS-06110","INC-06110",20880.57,12776.91,20205.08
"LOSS-06111","INC-06111",10987.33,1213.69,93485.81
"LOSS-06112","INC-06112",14870.08,11679.41,11483.78
"LOSS-06113","INC-06113",13379.53,2428.98,39996.74
"LOSS-06114","INC-06114",23671.78,12066.53,83352.43
"LOSS-06115","INC-06115",66250.67,2798.81,59124.48
"LOSS-06116","INC-06116",32893.71,12674.83,14019.71
"LOSS-06117","INC-06117",16295.79,14888.69,16392.34
"LOSS-06118","INC-06118",13738.85,4154.68,52505.12
"LOSS-06119","INC-06119",3509.16,13944.29,11384.67
"LOSS-06120","INC-06120",18547.13,7655.91,14283.96
"LOSS-06121","INC-06121",2467.62,10434.42,82894.83
"LOSS-06122","INC-06122",6021.9,6309.11,45695.21
"LOSS-06123","INC-06123",78012.49,2427.09,21828.17
"LOSS-06124","INC-06124",5996.35,4448.74,37298.09
"LOSS-06125","INC-06125",16662.62,1979.48,89559.38
"LOSS-06126","INC-06126",17049.79,361.75,19358.33
"LOSS-06127","INC-06127",6267.17,2206.87,147083.77
"LOSS-06128","INC-06128",5263.91,18618.69,19821.8
"LOSS-06129","INC-06129",24065.52,452.46,27081.93
"LOSS-06130","INC-06130",63258.23,3736.04,17921.1
"LOSS-06131","INC-06131",11822.77,748.4,190285.64
"LOSS-06132","INC-06132",4199.8,2525.48,7360.29
"LOSS-06133","INC-06133",9872.71,7600.48,18750.85
"LOSS-06134","INC-06134",1111.49,3406.65,18030.71
"LOSS-06135","INC-06135",4749.36,6571.55,22352.92
"LOSS-06136","INC-06136",31347.03,530.57,3060.25
"LOSS-06137","INC-06137",2303.76,18123.97,48440.86
"LOSS-06138","INC-06138",10712.14,9645.91,7082.19
"LOSS-06139","INC-06139",80497.13,726.56,10854.97
"LOSS-06140","INC-06140",3304.34,3461.34,12615.75
"LOSS-06141","INC-06141",5317.96,16545.41,9382.77
"LOSS-06142","INC-06142",8651.8,1283.19,7287.14
"LOSS-06143","INC-06143",30530.68,3471.63,20643.38
"LOSS-06144","INC-06144",6046.11,7615.62,12885.16
"LOSS-06145","INC-06145",3772.52,2815.61,81323.2
"LOSS-06146","INC-06146",7561.07,395.9,3030.6
"LOSS-06147","INC-06147",5618.52,8523.31,49661.4
"LOSS-06148","INC-06148",13862.04,5543.28,92894.32
"LOSS-06149","INC-06149",8655.52,10494.75,76114.47
"LOSS-06150","INC-06150",7829.61,3301.6,20651.23
"LOSS-06151","INC-06151",3019.25,658.72,27267.78
"LOSS-06152","INC-06152",55884.96,11184.58,29624.7
"LOSS-06153","INC-06153",3894.89,9028.01,64460.44
"LOSS-06154","INC-06154",1600.83,9258.53,36793.89
"LOSS-06155","INC-06155",5739.16,4744.08,8923.86
"LOSS-06156","INC-06156",3542.15,7735.75,187202.55
"LOSS-06157","INC-06157",36935.09,2520.91,21095.44
"LOSS-06158","INC-06158",8882.09,7548.03,5878.39
"LOSS-06159","INC-06159",4425.41,1470.46,7144.44
"LOSS-06160","INC-06160",13179.28,2961.61,51862.87
"LOSS-06161","INC-06161",14422.74,1464.77,10138.64
"LOSS-06162","INC-06162",27388.92,1374.55,35684.99
"LOSS-06163","INC-06163",5494.52,11708.83,272590.47
"LOSS-06164","INC-06164",2935.63,1406.49,1664.82
"LOSS-06165","INC-06165",26454.99,971.87,19716.44
"LOSS-06166","INC-06166",10432.86,4635.51,34791.97
"LOSS-06167","INC-06167",7186.82,2522.45,11196.2
"LOSS-06168","INC-06168",13620.56,3483.88,1942.36
"LOSS-06169","INC-06169",9447.91,1805.46,9135.05
"LOSS-06170","INC-06170",6095,5304.85,11030.82
"LOSS-06171","INC-06171",5895.84,1469.61,19948.49
"LOSS-06172","INC-06172",8080.85,239.41,14893.98
"LOSS-06173","INC-06173",6948.86,1211.11,9419.56
"LOSS-06174","INC-06174",11323.35,2759.68,50473.33
"LOSS-06175","INC-06175",27407.59,1749.01,2118.35
"LOSS-06176","INC-06176",3904.81,2437.85,41039
"LOSS-06177","INC-06177",29457.4,1286.42,14479.25
"LOSS-06178","INC-06178",15659.15,25389.37,21957.2
"LOSS-06179","INC-06179",4142.84,2310.51,37276.14
"LOSS-06180","INC-06180",7019.24,4845.18,19821.75
"LOSS-06181","INC-06181",29773.28,30466.59,17121.53
"LOSS-06182","INC-06182",39327.86,4825.07,29778.61
"LOSS-06183","INC-06183",13173.36,5630.85,37321.89
"LOSS-06184","INC-06184",8203.93,5378.98,20702.89
"LOSS-06185","INC-06185",1553.51,5460.24,16078.83
"LOSS-06186","INC-06186",1584.82,1410.68,49242.21
"LOSS-06187","INC-06187",18052.21,3853.19,2998.35
"LOSS-06188","INC-06188",12978.23,1605.52,6386.44
"LOSS-06189","INC-06189",24849.3,1534.94,13595.12
"LOSS-06190","INC-06190",46333.02,7032.82,78445.28
"LOSS-06191","INC-06191",30785.39,463.54,44800.58
"LOSS-06192","INC-06192",6491.37,11907.16,21357.07
"LOSS-06193","INC-06193",25821.81,24929.48,172856.42
"LOSS-06194","INC-06194",5873.05,40645.69,30223.27
"LOSS-06195","INC-06195",22039.96,1148.33,26621.87
"LOSS-06196","INC-06196",41740.97,9847.21,65592.64
"LOSS-06197","INC-06197",10462.07,4044.23,14269.86
"LOSS-06198","INC-06198",22855.31,3319.44,18734.12
"LOSS-06199","INC-06199",3862.3,1655.58,8421.24
"LOSS-06200","INC-06200",9996.71,20435.33,73996.94
"LOSS-06201","INC-06201",4164.5,1558.42,108586.51
"LOSS-06202","INC-06202",11638.8,5844,17431.83
"LOSS-06203","INC-06203",5420.08,12964.65,15042.24
"LOSS-06204","INC-06204",6970.93,1413.85,34377.91
"LOSS-06205","INC-06205",6133.65,6364.48,77356.76
"LOSS-06206","INC-06206",7240.56,4787.65,6737.78
"LOSS-06207","INC-06207",4544.39,1697.93,15288.54
"LOSS-06208","INC-06208",5117.75,22445.56,45007.2
"LOSS-06209","INC-06209",7650.82,3507.85,7679.23
"LOSS-06210","INC-06210",31804.91,79.24,7320.48
"LOSS-06211","INC-06211",35116.25,8293.76,10882.65
"LOSS-06212","INC-06212",9605.18,19882.27,24390.64
"LOSS-06213","INC-06213",18512.97,5164.74,15291.75
"LOSS-06214","INC-06214",31060.07,4855.38,22714.01
"LOSS-06215","INC-06215",4677.19,7089.19,24813.55
"LOSS-06216","INC-06216",7573.21,9521.32,19132.67
"LOSS-06217","INC-06217",15694.29,5565.38,7689.29
"LOSS-06218","INC-06218",18761.54,14318.78,9608.41
"LOSS-06219","INC-06219",7794.58,1279.07,18614.49
"LOSS-06220","INC-06220",12912.49,5245.48,32893.87
"LOSS-06221","INC-06221",10742.14,6410.74,4152.63
"LOSS-06222","INC-06222",6200.03,2327.06,13809.15
"LOSS-06223","INC-06223",1085.7,12472.54,37906.66
"LOSS-06224","INC-06224",18694.1,10825.95,25295.87
"LOSS-06225","INC-06225",19719.24,45438.75,18711.15
"LOSS-06226","INC-06226",22997.47,16202.05,29506.76
"LOSS-06227","INC-06227",7935.26,1076.51,7035.48
"LOSS-06228","INC-06228",55944.84,8147.62,87990.42
"LOSS-06229","INC-06229",23044.8,18810.14,45156.38
"LOSS-06230","INC-06230",34329.47,2731.72,36920.15
"LOSS-06231","INC-06231",10465.71,7223.16,25916.18
"LOSS-06232","INC-06232",523.15,5826.34,15747.58
"LOSS-06233","INC-06233",26971.35,325.38,10611.61
"LOSS-06234","INC-06234",4986.19,6923.85,35222.4
"LOSS-06235","INC-06235",3671.48,1767.54,18580.8
"LOSS-06236","INC-06236",6495.07,1322.92,168518.91
"LOSS-06237","INC-06237",60020.15,922.5,199306.31
"LOSS-06238","INC-06238",1069.98,17505.5,50834.63
"LOSS-06239","INC-06239",5348.73,3720.79,85571.66
"LOSS-06240","INC-06240",34439.51,2980.17,36878.26
"LOSS-06241","INC-06241",6325.88,13963.7,7239.16
"LOSS-06242","INC-06242",33447.36,9074.28,10424.39
"LOSS-06243","INC-06243",34061.68,17290.66,3761.68
"LOSS-06244","INC-06244",70366.49,416.96,19869.17
"LOSS-06245","INC-06245",23594.47,7389.45,6604.91
"LOSS-06246","INC-06246",1801.06,5635.85,61625.24
"LOSS-06247","INC-06247",1342.41,3358.99,59453.11
"LOSS-06248","INC-06248",1050.22,1679.6,25657.01
"LOSS-06249","INC-06249",3001.35,6687.83,2024.1
"LOSS-06250","INC-06250",1145.06,1550.45,24768.99
"LOSS-06251","INC-06251",6852.81,782.79,46609.44
"LOSS-06252","INC-06252",2757.22,2504.05,129776.26
"LOSS-06253","INC-06253",1363.39,1284.56,155571.17
"LOSS-06254","INC-06254",2870.76,9633.26,47417.46
"LOSS-06255","INC-06255",5762.39,3951.25,42247.8
"LOSS-06256","INC-06256",7948.53,3543.31,10580.23
"LOSS-06257","INC-06257",2699.71,1000.71,17197.46
"LOSS-06258","INC-06258",42180.5,11653.93,67334.33
"LOSS-06259","INC-06259",8129.43,49735.46,276460.1
"LOSS-06260","INC-06260",24131.33,5594.85,7761.71
"LOSS-06261","INC-06261",19752.9,1542.02,39053.59
"LOSS-06262","INC-06262",24036.71,620.18,20228.07
"LOSS-06263","INC-06263",8888.8,963.83,37352.69
"LOSS-06264","INC-06264",10001.28,5201.04,100289.51
"LOSS-06265","INC-06265",2990.24,15832.63,10351.3
"LOSS-06266","INC-06266",20581.59,19140.99,21710.01
"LOSS-06267","INC-06267",3124.97,1723.09,8513.11
"LOSS-06268","INC-06268",16916.68,1715.3,53323.59
"LOSS-06269","INC-06269",7299.7,22514.16,119961.2
"LOSS-06270","INC-06270",1826.18,3051.86,26794.62
"LOSS-06271","INC-06271",5730.3,2484.33,23430.78
"LOSS-06272","INC-06272",15595.92,32877.42,35195.74
"LOSS-06273","INC-06273",5169.16,1174.33,148243.81
"LOSS-06274","INC-06274",20887.34,987.86,66175.11
"LOSS-06275","INC-06275",3677.07,19756.08,16846.43
"LOSS-06276","INC-06276",9166.88,15870.91,12579.37
"LOSS-06277","INC-06277",1877.95,3489.28,10789.12
"LOSS-06278","INC-06278",5167.42,3005.88,75800.23
"LOSS-06279","INC-06279",4178.88,360.05,29259.34
"LOSS-06280","INC-06280",5569.38,4176.92,55149.13
"LOSS-06281","INC-06281",7665.53,1165.94,27123
"LOSS-06282","INC-06282",13418.62,3337.82,71027.55
"LOSS-06283","INC-06283",5342.53,33435.06,17248.74
"LOSS-06284","INC-06284",19824.7,13905.67,62702.2
"LOSS-06285","INC-06285",4003.03,9022.28,20644.21
"LOSS-06286","INC-06286",15642.53,2717.4,9661.78
"LOSS-06287","INC-06287",5882.02,2750.84,25685.22
"LOSS-06288","INC-06288",65863.8,3553.72,54206.77
"LOSS-06289","INC-06289",9175.99,7046.59,38909.9
"LOSS-06290","INC-06290",20252.25,30414.89,17081.2
"LOSS-06291","INC-06291",22921.26,1238.84,26688.52
"LOSS-06292","INC-06292",6004.35,8141.19,134320.86
"LOSS-06293","INC-06293",17579.75,17382.94,19930.18
"LOSS-06294","INC-06294",4111.06,15055.72,7657.79
"LOSS-06295","INC-06295",30798.45,6503.3,28032.24
"LOSS-06296","INC-06296",23530.22,8582.72,11651.84
"LOSS-06297","INC-06297",9430.6,98636.41,286675.48
"LOSS-06298","INC-06298",7191.87,4511.05,76232.84
"LOSS-06299","INC-06299",2277.7,5217.22,70959.42
"LOSS-06300","INC-06300",13462.85,65546.79,9474.26
"LOSS-06301","INC-06301",22067.9,2177.63,96491.27
"LOSS-06302","INC-06302",3473.98,15468.31,4194.87
"LOSS-06303","INC-06303",19153,193039.47,16915.48
"LOSS-06304","INC-06304",20710.71,2863.1,4019.47
"LOSS-06305","INC-06305",60938.13,3107.98,7328.97
"LOSS-06306","INC-06306",4325.17,7521.11,60934.21
"LOSS-06307","INC-06307",14555.91,2987.19,18002.34
"LOSS-06308","INC-06308",1144.11,79001.39,4174.42
"LOSS-06309","INC-06309",11154.89,9028.89,22450.3
"LOSS-06310","INC-06310",19906.81,19486.57,23721.86
"LOSS-06311","INC-06311",35533.76,33870.38,23748.61
"LOSS-06312","INC-06312",3218.93,18151.17,2078.41
"LOSS-06313","INC-06313",17041.31,39394.98,37476.48
"LOSS-06314","INC-06314",9524.72,1892.06,8657.76
"LOSS-06315","INC-06315",14771.44,6713.83,60755.66
"LOSS-06316","INC-06316",29345.08,15205.47,9778.21
"LOSS-06317","INC-06317",10482.4,4067.7,31905.71
"LOSS-06318","INC-06318",53413.31,4968.49,17615.84
"LOSS-06319","INC-06319",4418.86,3409.25,22940.91
"LOSS-06320","INC-06320",37579.89,6000.41,51228.85
"LOSS-06321","INC-06321",30592.76,7890.25,21307.02
"LOSS-06322","INC-06322",1950.5,724.25,438680.63
"LOSS-06323","INC-06323",7087.28,5272.17,93730.15
"LOSS-06324","INC-06324",2946.83,212.48,62891.54
"LOSS-06325","INC-06325",27447.33,2542.94,32660.51
"LOSS-06326","INC-06326",57285.81,313.95,7157.12
"LOSS-06327","INC-06327",474.68,4180.98,14344
"LOSS-06328","INC-06328",87990.21,5118.09,84564.27
"LOSS-06329","INC-06329",11404.54,3168.16,35712.01
"LOSS-06330","INC-06330",11354.33,2329.89,213663.16
"LOSS-06331","INC-06331",2452.12,351.57,51477.46
"LOSS-06332","INC-06332",11263.3,9990.97,46413.23
"LOSS-06333","INC-06333",5422.99,51096.72,30186.36
"LOSS-06334","INC-06334",27066.9,1373.27,17159.44
"LOSS-06335","INC-06335",2539.8,2874.9,10838.91
"LOSS-06336","INC-06336",3466.99,5981.63,26150.57
"LOSS-06337","INC-06337",16293.08,2219.17,24609.84
"LOSS-06338","INC-06338",9043.82,6506.96,20610.69
"LOSS-06339","INC-06339",7321.67,14534.48,85343.15
"LOSS-06340","INC-06340",3438.83,15917.16,15241.3
"LOSS-06341","INC-06341",15288.9,537.63,13422.64
"LOSS-06342","INC-06342",5625.15,5220.78,7792.2
"LOSS-06343","INC-06343",7859.32,18204.57,27767.84
"LOSS-06344","INC-06344",12912.87,16278.73,10938.15
"LOSS-06345","INC-06345",54122.08,9529.79,66270.69
"LOSS-06346","INC-06346",9811.27,38644.09,41887.04
"LOSS-06347","INC-06347",3263.72,898.59,10788.3
"LOSS-06348","INC-06348",6580.32,11399.56,5252.37
"LOSS-06349","INC-06349",3576.74,798.36,10346.2
"LOSS-06350","INC-06350",16785.96,7607.29,71491.61
"LOSS-06351","INC-06351",4494.83,30312.87,12855.52
"LOSS-06352","INC-06352",6673.49,3455.45,200508.63
"LOSS-06353","INC-06353",10172.97,2437.84,21261.13
"LOSS-06354","INC-06354",5217.66,274.16,150111.01
"LOSS-06355","INC-06355",8763.6,1576.96,14237.93
"LOSS-06356","INC-06356",4698.43,7533.5,6915.31
"LOSS-06357","INC-06357",12286.04,6196.96,25979.72
"LOSS-06358","INC-06358",56419.47,9450.57,11897.3
"LOSS-06359","INC-06359",7046.89,1854.33,4516.99
"LOSS-06360","INC-06360",17642.9,674.03,17880.02
"LOSS-06361","INC-06361",2861.47,3206.14,15583.88
"LOSS-06362","INC-06362",8362.41,3701.76,140671.8
"LOSS-06363","INC-06363",6364.6,40137.63,12232.47
"LOSS-06364","INC-06364",17047.88,3559.97,82300.3
"LOSS-06365","INC-06365",10791.16,6651.71,8507.98
"LOSS-06366","INC-06366",10189.21,2599.03,85980.48
"LOSS-06367","INC-06367",57585.19,629.88,101733.84
"LOSS-06368","INC-06368",7683.13,2327.69,66452.03
"LOSS-06369","INC-06369",11405.79,51422.11,87725.08
"LOSS-06370","INC-06370",10475.62,23212.27,488
"LOSS-06371","INC-06371",7075.73,38195.48,60914.04
"LOSS-06372","INC-06372",24195.98,14400.18,33649.67
"LOSS-06373","INC-06373",21721.08,912.53,46715.85
"LOSS-06374","INC-06374",70763.7,5290.96,6207.11
"LOSS-06375","INC-06375",11074.31,5575.14,11760.59
"LOSS-06376","INC-06376",13350.62,6300.65,51785.76
"LOSS-06377","INC-06377",14344.32,19618.65,10447.04
"LOSS-06378","INC-06378",62868.01,212.35,14145.12
"LOSS-06379","INC-06379",6000.91,2157.82,5499.76
"LOSS-06380","INC-06380",10516.17,3162.62,2306.12
"LOSS-06381","INC-06381",9301.42,7105.88,233102.8
"LOSS-06382","INC-06382",4048.22,6308.14,8728.89
"LOSS-06383","INC-06383",11249.09,178.99,68831.43
"LOSS-06384","INC-06384",3087.1,10342.17,18306.43
"LOSS-06385","INC-06385",3992.47,3530.78,8495.18
"LOSS-06386","INC-06386",10787.05,7086.45,27631.69
"LOSS-06387","INC-06387",43010.68,889.82,290510.2
"LOSS-06388","INC-06388",19030.28,968.36,25320.76
"LOSS-06389","INC-06389",55487.65,7156.92,20956.06
"LOSS-06390","INC-06390",4200,4565.74,12939.09
"LOSS-06391","INC-06391",34440.36,6355.39,96094.86
"LOSS-06392","INC-06392",52467.31,1331.68,28237.86
"LOSS-06393","INC-06393",3670.28,449.41,71147.14
"LOSS-06394","INC-06394",1373.52,2425.78,209845.23
"LOSS-06395","INC-06395",7554.97,2287.71,9921.25
"LOSS-06396","INC-06396",18218.05,1847.03,57488.29
"LOSS-06397","INC-06397",13965.17,2135.88,26838.3
"LOSS-06398","INC-06398",20003.87,16118.35,90872.15
"LOSS-06399","INC-06399",2484.62,4053.78,11226.15
"LOSS-06400","INC-06400",5187.92,2661.44,7455.67
"LOSS-06401","INC-06401",34705.26,927.64,15806.6
"LOSS-06402","INC-06402",10867.75,3102.6,46486.32
"LOSS-06403","INC-06403",9248.32,1968.87,50517.01
"LOSS-06404","INC-06404",13155.11,963.35,3430.56
"LOSS-06405","INC-06405",27861.91,4618.08,27826.76
"LOSS-06406","INC-06406",1168.67,49120.28,51163.28
"LOSS-06407","INC-06407",2004.83,3913.41,33125.62
"LOSS-06408","INC-06408",21296.05,5105.51,26772.93
"LOSS-06409","INC-06409",60132.21,4924.36,40117.6
"LOSS-06410","INC-06410",8846.84,1896.43,12288.15
"LOSS-06411","INC-06411",5922.54,7524.25,22848.46
"LOSS-06412","INC-06412",9568.44,2433.48,29252.67
"LOSS-06413","INC-06413",4790.43,2524.57,144006.71
"LOSS-06414","INC-06414",4280.98,3490.85,94322.71
"LOSS-06415","INC-06415",2852,11570.81,30460.01
"LOSS-06416","INC-06416",15678.11,736.99,20910.97
"LOSS-06417","INC-06417",11173.69,1670.91,26378.36
"LOSS-06418","INC-06418",3600.89,14831.28,27707.83
"LOSS-06419","INC-06419",8308.1,12960.45,34295.97
"LOSS-06420","INC-06420",15837.44,1708.36,1963.66
"LOSS-06421","INC-06421",4351.85,6001.26,41434.32
"LOSS-06422","INC-06422",3236.03,5980.97,8902.57
"LOSS-06423","INC-06423",11324.31,5239.95,98963.43
"LOSS-06424","INC-06424",16458.23,11711.89,44865.89
"LOSS-06425","INC-06425",3871.6,8111.15,9016.4
"LOSS-06426","INC-06426",1496.58,42208.2,2822.42
"LOSS-06427","INC-06427",16029.14,43527.09,1596.64
"LOSS-06428","INC-06428",5836.15,11651.59,39387.8
"LOSS-06429","INC-06429",54098.22,2976.59,14944.47
"LOSS-06430","INC-06430",11053.41,1364.85,59866.46
"LOSS-06431","INC-06431",28579.28,1944.18,8240.43
"LOSS-06432","INC-06432",14795.05,1602.5,31601.64
"LOSS-06433","INC-06433",9119.02,1996.96,2229.5
"LOSS-06434","INC-06434",31016.24,5886.97,83941.18
"LOSS-06435","INC-06435",18958.81,440.31,20082.58
"LOSS-06436","INC-06436",9422.48,42975.17,14181.37
"LOSS-06437","INC-06437",32091.38,570.85,40722.86
"LOSS-06438","INC-06438",43374.49,2992.9,25811.27
"LOSS-06439","INC-06439",13404.65,18952.01,7447.62
"LOSS-06440","INC-06440",25505.88,1903.5,57013.48
"LOSS-06441","INC-06441",4152.58,9959.96,9380.66
"LOSS-06442","INC-06442",21926.66,5695.89,11556.32
"LOSS-06443","INC-06443",12678.49,13336.63,50710.18
"LOSS-06444","INC-06444",38360.99,19936.29,24786.39
"LOSS-06445","INC-06445",10952.17,3333.98,2598.55
"LOSS-06446","INC-06446",10002.99,18668.68,76946.37
"LOSS-06447","INC-06447",2710.61,14098.25,10897.64
"LOSS-06448","INC-06448",22183.52,3885.43,20669.5
"LOSS-06449","INC-06449",16708.88,52944.88,8105.66
"LOSS-06450","INC-06450",10774.27,20834.1,16798.79
"LOSS-06451","INC-06451",12427.29,2235.32,33083.32
"LOSS-06452","INC-06452",8227.04,3862.85,11516.2
"LOSS-06453","INC-06453",9924.79,9131.29,35863.42
"LOSS-06454","INC-06454",24104.66,8732.19,16258.74
"LOSS-06455","INC-06455",25305.87,12305.71,14987.18
"LOSS-06456","INC-06456",4270.8,1336.77,10200.11
"LOSS-06457","INC-06457",3136.37,67139.9,29585.73
"LOSS-06458","INC-06458",17014.86,14258.42,29962.18
"LOSS-06459","INC-06459",3104.4,20123.65,13355.13
"LOSS-06460","INC-06460",9421.89,4489.72,60860.84
"LOSS-06461","INC-06461",14116.51,4207.83,19928.73
"LOSS-06462","INC-06462",16219.84,9166.57,22406.12
"LOSS-06463","INC-06463",13853.72,10279.74,23456.64
"LOSS-06464","INC-06464",10711.77,9372.7,11276.18
"LOSS-06465","INC-06465",16594.27,1917.17,15722.98
"LOSS-06466","INC-06466",31416.41,22916.54,24725.66
"LOSS-06467","INC-06467",11095.39,293.22,62226.64
"LOSS-06468","INC-06468",15364.33,13238.87,56809.4
"LOSS-06469","INC-06469",12392.66,1427.39,30650.67
"LOSS-06470","INC-06470",36300.25,7334.91,9805.7
"LOSS-06471","INC-06471",40476.53,2429.41,14339.96
"LOSS-06472","INC-06472",4920.95,8243.55,72267.44
"LOSS-06473","INC-06473",71799.66,4655.51,14108.34
"LOSS-06474","INC-06474",27316.86,3487.62,49657.24
"LOSS-06475","INC-06475",8063.76,13609.91,7016.26
"LOSS-06476","INC-06476",3316.54,22339.8,17432.64
"LOSS-06477","INC-06477",12914.6,5551.77,20072.11
"LOSS-06478","INC-06478",71007.77,1564.45,20596.58
"LOSS-06479","INC-06479",13358.16,5066.76,97889.59
"LOSS-06480","INC-06480",5396.18,172.47,52379.01
"LOSS-06481","INC-06481",15021.73,1815.34,25514.03
"LOSS-06482","INC-06482",5600.42,12528.98,85535.49
"LOSS-06483","INC-06483",6257.81,23371.1,132855.23
"LOSS-06484","INC-06484",7384.69,4025.31,235159.82
"LOSS-06485","INC-06485",37553.42,5653.53,59311.16
"LOSS-06486","INC-06486",4329.14,10183.19,15461.99
"LOSS-06487","INC-06487",4885.97,2709.05,59352.28
"LOSS-06488","INC-06488",77548.94,11920.92,168951.95
"LOSS-06489","INC-06489",12521.3,12167.55,27597.73
"LOSS-06490","INC-06490",12380.26,141890.44,15047.35
"LOSS-06491","INC-06491",5427.1,7754.08,163971.64
"LOSS-06492","INC-06492",6105.95,2615.92,266229.86
"LOSS-06493","INC-06493",3537.73,12532.65,32361.02
"LOSS-06494","INC-06494",23260.2,3643.44,14135.8
"LOSS-06495","INC-06495",30942.54,1925.1,2092.48
"LOSS-06496","INC-06496",11632.9,564.46,16458.81
"LOSS-06497","INC-06497",31300,2371.69,271867
"LOSS-06498","INC-06498",14043.2,3942.17,41815.65
"LOSS-06499","INC-06499",7599.33,1597.19,17194.87
"LOSS-06500","INC-06500",2832.18,573.4,5497.6
"LOSS-06501","INC-06501",34439.89,6506.82,18188.56
"LOSS-06502","INC-06502",3663.74,5275.34,8345.11
"LOSS-06503","INC-06503",19309.56,19567.61,253282.41
"LOSS-06504","INC-06504",8720.74,36013.39,75275.17
"LOSS-06505","INC-06505",7513.36,12711.6,58014.33
"LOSS-06506","INC-06506",4148.11,5452.18,9913.15
"LOSS-06507","INC-06507",3512.42,4611.29,70955.59
"LOSS-06508","INC-06508",7247.21,2448.65,4430.16
"LOSS-06509","INC-06509",6209.35,4564.92,8987.27
"LOSS-06510","INC-06510",16419.75,3910.97,55456.77
"LOSS-06511","INC-06511",22764.13,8542.41,41784.25
"LOSS-06512","INC-06512",9158.99,1934.91,4287.12
"LOSS-06513","INC-06513",81837.83,2113.24,15256.16
"LOSS-06514","INC-06514",5206.67,11194.29,32649.9
"LOSS-06515","INC-06515",4084.44,5097.5,15022.68
"LOSS-06516","INC-06516",12123.2,1913.82,22588.41
"LOSS-06517","INC-06517",27031.77,10450.4,64457.76
"LOSS-06518","INC-06518",4184.32,2417.17,53383.93
"LOSS-06519","INC-06519",17986.43,3009.36,10798.47
"LOSS-06520","INC-06520",14856.67,8357.29,20670.64
"LOSS-06521","INC-06521",4768.81,45502.22,23816.1
"LOSS-06522","INC-06522",25900.6,222.16,26173.95
"LOSS-06523","INC-06523",5278.25,11589.45,67749.51
"LOSS-06524","INC-06524",8542.15,13015.29,40342.28
"LOSS-06525","INC-06525",13601.64,49914.33,19316.36
"LOSS-06526","INC-06526",68634.69,9739.06,9403.08
"LOSS-06527","INC-06527",2396.46,1803.01,34622.45
"LOSS-06528","INC-06528",3178.41,11777.15,3801.65
"LOSS-06529","INC-06529",2074.04,3134.16,76294.51
"LOSS-06530","INC-06530",3716.34,3037.72,199733.84
"LOSS-06531","INC-06531",8812.17,4626.3,92853.29
"LOSS-06532","INC-06532",4173.32,18649.64,6363.82
"LOSS-06533","INC-06533",4639.09,3035.18,20195.15
"LOSS-06534","INC-06534",40710.1,888.49,14334.11
"LOSS-06535","INC-06535",7281.48,2882.49,25676.35
"LOSS-06536","INC-06536",11573.63,656.27,29537.34
"LOSS-06537","INC-06537",14566.16,4766.71,44120.18
"LOSS-06538","INC-06538",1986.05,17077.55,151386.58
"LOSS-06539","INC-06539",586.34,407.6,135299.61
"LOSS-06540","INC-06540",20806.08,21760.86,22143.38
"LOSS-06541","INC-06541",1791.18,3265.13,53675.3
"LOSS-06542","INC-06542",17984.88,3931.01,155654.62
"LOSS-06543","INC-06543",12337.15,10923.62,129202.13
"LOSS-06544","INC-06544",10488.82,17230.28,4007.13
"LOSS-06545","INC-06545",8630.51,1877.28,16560.3
"LOSS-06546","INC-06546",39930.54,3452.21,31218.5
"LOSS-06547","INC-06547",7553.63,17081.26,138948.24
"LOSS-06548","INC-06548",14972.75,3921.1,8756.93
"LOSS-06549","INC-06549",9018.93,5764.39,24227.2
"LOSS-06550","INC-06550",17821.75,1522.92,3354.24
"LOSS-06551","INC-06551",6960.9,3528.42,270926.41
"LOSS-06552","INC-06552",5032.9,4351.36,117369.03
"LOSS-06553","INC-06553",48186.29,3274.62,11903.46
"LOSS-06554","INC-06554",19305.97,4526.64,7681.23
"LOSS-06555","INC-06555",2559.44,6560.73,63083.91
"LOSS-06556","INC-06556",3478.42,2006.83,37478.26
"LOSS-06557","INC-06557",10611.41,28516.37,170099.97
"LOSS-06558","INC-06558",4406.45,3256.27,13162.53
"LOSS-06559","INC-06559",7475.71,10036.18,56753.36
"LOSS-06560","INC-06560",32336.58,2488.34,32204.98
"LOSS-06561","INC-06561",6410.38,2354.04,166485.71
"LOSS-06562","INC-06562",7631.63,1282.31,9354.76
"LOSS-06563","INC-06563",11903.16,1888.52,16773.97
"LOSS-06564","INC-06564",2433.28,2244.09,17284.02
"LOSS-06565","INC-06565",5219.64,16016.65,31420.76
"LOSS-06566","INC-06566",15115.91,2718.08,23908.8
"LOSS-06567","INC-06567",6273.48,1295.14,7395.67
"LOSS-06568","INC-06568",6090.28,4241.13,33943.15
"LOSS-06569","INC-06569",4588.7,6919.62,14820.17
"LOSS-06570","INC-06570",3550.82,75472.07,109736.14
"LOSS-06571","INC-06571",11573.85,18792.38,6618.25
"LOSS-06572","INC-06572",11884.74,1543.86,90178.02
"LOSS-06573","INC-06573",14377.66,6319.75,21896.2
"LOSS-06574","INC-06574",23954.54,6066.63,30259.22
"LOSS-06575","INC-06575",6314.83,16047.32,31328.56
"LOSS-06576","INC-06576",1404.2,5481.07,99619.09
"LOSS-06577","INC-06577",17325.99,909.56,31094.04
"LOSS-06578","INC-06578",11507.37,2267.52,59504.37
"LOSS-06579","INC-06579",7527.53,747.56,55388.69
"LOSS-06580","INC-06580",27050.6,898.16,70040.51
"LOSS-06581","INC-06581",2485.52,23595.24,15008.65
"LOSS-06582","INC-06582",12630.79,17864.21,111866.16
"LOSS-06583","INC-06583",15380.09,3260.13,41883.03
"LOSS-06584","INC-06584",40003.89,8643.54,11537.97
"LOSS-06585","INC-06585",115284.99,5263.8,92958.42
"LOSS-06586","INC-06586",37528.97,5732.14,40471.73
"LOSS-06587","INC-06587",10236.25,24065.19,46817.51
"LOSS-06588","INC-06588",17690.85,5193.18,89674.07
"LOSS-06589","INC-06589",57807.65,3826.56,5182.34
"LOSS-06590","INC-06590",5845.84,2976.96,38170
"LOSS-06591","INC-06591",7484.33,10254.63,80765.51
"LOSS-06592","INC-06592",2745.26,11493.25,63024.38
"LOSS-06593","INC-06593",2916.55,4648.49,34922.7
"LOSS-06594","INC-06594",4453.86,2763.85,95187.41
"LOSS-06595","INC-06595",2360.69,3646.57,8375.79
"LOSS-06596","INC-06596",12005.11,6445.72,15374.1
"LOSS-06597","INC-06597",42716.67,2856.3,12981.8
"LOSS-06598","INC-06598",3137.8,8688.33,153892.6
"LOSS-06599","INC-06599",1163.44,22663.73,36910.41
"LOSS-06600","INC-06600",14489.43,7128.27,16591.94
"LOSS-06601","INC-06601",3898.65,1697.2,41940.25
"LOSS-06602","INC-06602",2545.24,11572.05,4476.84
"LOSS-06603","INC-06603",8287.2,6157.89,173683.82
"LOSS-06604","INC-06604",23814.72,17566.04,46236.12
"LOSS-06605","INC-06605",2976.45,3574.49,221479.79
"LOSS-06606","INC-06606",6465.58,897.42,9295.29
"LOSS-06607","INC-06607",12375.02,1376.7,54035.55
"LOSS-06608","INC-06608",13315.72,5976.28,24875.37
"LOSS-06609","INC-06609",4704.39,17568.06,61287.94
"LOSS-06610","INC-06610",7109.43,1559.22,51545.59
"LOSS-06611","INC-06611",16492.44,5693.6,22199.86
"LOSS-06612","INC-06612",22295.15,15768.53,140510.13
"LOSS-06613","INC-06613",4810.26,3222.48,7365.55
"LOSS-06614","INC-06614",4117.63,2564.9,14330.05
"LOSS-06615","INC-06615",7104.79,8865.38,80525.24
"LOSS-06616","INC-06616",4307.07,2480.13,23267.2
"LOSS-06617","INC-06617",83910.16,447.43,9806.68
"LOSS-06618","INC-06618",210811.5,9638.93,49531.8
"LOSS-06619","INC-06619",9017.21,3947.59,118376.93
"LOSS-06620","INC-06620",2564.51,1222.04,42680.12
"LOSS-06621","INC-06621",24192.49,2653.61,155040.5
"LOSS-06622","INC-06622",6298.17,692.22,28587.64
"LOSS-06623","INC-06623",4104.23,1240.13,10158.36
"LOSS-06624","INC-06624",3447.42,8251.43,24262.09
"LOSS-06625","INC-06625",21368.48,4542.64,58079.7
"LOSS-06626","INC-06626",2620.6,4387.83,23597.34
"LOSS-06627","INC-06627",1714.89,1983.39,63489.89
"LOSS-06628","INC-06628",6280.85,6892.47,29896.07
"LOSS-06629","INC-06629",10522.5,5183.54,7889.83
"LOSS-06630","INC-06630",21395.18,40583.63,10937.74
"LOSS-06631","INC-06631",45217.97,1214.79,29839.47
"LOSS-06632","INC-06632",11703.02,5183.47,108184.55
"LOSS-06633","INC-06633",2494.43,5408.96,22857.02
"LOSS-06634","INC-06634",14471.45,146132.22,6268.22
"LOSS-06635","INC-06635",28459.97,10866.52,249663.12
"LOSS-06636","INC-06636",4511.48,6800.74,15935.75
"LOSS-06637","INC-06637",4095.49,12404.69,22027.62
"LOSS-06638","INC-06638",9717.36,1593.64,35012.25
"LOSS-06639","INC-06639",46149.06,4659.91,15345.04
"LOSS-06640","INC-06640",15205.67,18708.25,14508.97
"LOSS-06641","INC-06641",19907.57,5869.74,4772.63
"LOSS-06642","INC-06642",2519.44,434.74,27908.79
"LOSS-06643","INC-06643",32002.63,11096.21,23499.66
"LOSS-06644","INC-06644",3996.23,4275.33,32208.84
"LOSS-06645","INC-06645",8304.57,1501.94,80772.85
"LOSS-06646","INC-06646",5133.61,14734.26,9850.56
"LOSS-06647","INC-06647",6536.57,17120.88,24453.3
"LOSS-06648","INC-06648",4377.88,6314.61,15176.39
"LOSS-06649","INC-06649",23628.56,2869.99,24650.09
"LOSS-06650","INC-06650",6781.55,10024.74,12345.02
"LOSS-06651","INC-06651",3461.05,22036.32,27560.78
"LOSS-06652","INC-06652",169677.3,3526.61,19922.51
"LOSS-06653","INC-06653",15706.06,8273.02,221616.39
"LOSS-06654","INC-06654",14597.95,4738.88,22325.59
"LOSS-06655","INC-06655",2108.74,20638.6,3412.11
"LOSS-06656","INC-06656",19525.39,6740.61,2718.43
"LOSS-06657","INC-06657",23267.83,46815.68,136591.52
"LOSS-06658","INC-06658",10145.85,5064.89,38859.64
"LOSS-06659","INC-06659",1648.62,23369.23,18138.01
"LOSS-06660","INC-06660",30353.33,5552.26,11778.13
"LOSS-06661","INC-06661",78371.79,4225.25,49220.51
"LOSS-06662","INC-06662",9244.55,3211.21,17627.48
"LOSS-06663","INC-06663",6386.21,3531.02,84353.4
"LOSS-06664","INC-06664",10239.64,851.29,7765.25
"LOSS-06665","INC-06665",55292.9,1679.82,8817.96
"LOSS-06666","INC-06666",3919.53,5927.02,18525.64
"LOSS-06667","INC-06667",22931.08,2300.22,48507.81
"LOSS-06668","INC-06668",1652.23,3452.74,58640.17
"LOSS-06669","INC-06669",3903.49,28700.34,71468.17
"LOSS-06670","INC-06670",1712.5,14321.39,13687.14
"LOSS-06671","INC-06671",12343.46,598.75,109334.52
"LOSS-06672","INC-06672",3776.06,19182.64,773450.68
"LOSS-06673","INC-06673",3470.86,1061.69,78896.83
"LOSS-06674","INC-06674",4030.75,5241.69,1922.01
"LOSS-06675","INC-06675",5757.91,11666.22,23519.5
"LOSS-06676","INC-06676",8319.72,1624.77,28712.86
"LOSS-06677","INC-06677",51687.84,6007.08,9347.44
"LOSS-06678","INC-06678",34909.46,16105.29,119270.05
"LOSS-06679","INC-06679",6741.6,4700.33,18815.09
"LOSS-06680","INC-06680",20285.77,56703.84,33648.29
"LOSS-06681","INC-06681",11062.73,9705.95,30750.24
"LOSS-06682","INC-06682",6510.45,4600.66,115561.17
"LOSS-06683","INC-06683",15649.29,2004.56,45041.8
"LOSS-06684","INC-06684",11192.18,5310.86,51125.93
"LOSS-06685","INC-06685",19902.05,2520.28,1862.54
"LOSS-06686","INC-06686",7171.61,3842.73,7219.59
"LOSS-06687","INC-06687",6486.25,6664.89,8559.32
"LOSS-06688","INC-06688",6082.51,31959.28,10365.46
"LOSS-06689","INC-06689",19105.33,1752.14,21143.24
"LOSS-06690","INC-06690",15314.45,5676.48,57642.73
"LOSS-06691","INC-06691",21773.92,949.87,31798.61
"LOSS-06692","INC-06692",5367.03,13481.59,8402.03
"LOSS-06693","INC-06693",6286.52,43686.7,46646.62
"LOSS-06694","INC-06694",2916.82,1238.61,91214.89
"LOSS-06695","INC-06695",2271.02,2811.58,57475.99
"LOSS-06696","INC-06696",18203.07,54970.12,31719.52
"LOSS-06697","INC-06697",2349.84,3060.99,8900.88
"LOSS-06698","INC-06698",6579.34,8976.75,9213.14
"LOSS-06699","INC-06699",10235.75,5707.02,36693.46
"LOSS-06700","INC-06700",3193.59,3044.44,24722.25
"LOSS-06701","INC-06701",73069.85,5212.75,145631.02
"LOSS-06702","INC-06702",11560.58,862.09,122136.1
"LOSS-06703","INC-06703",12167.69,17449.14,41482.95
"LOSS-06704","INC-06704",14547.43,1134.77,7647.07
"LOSS-06705","INC-06705",8161.09,2853.87,7845.08
"LOSS-06706","INC-06706",2041.72,6237.05,17998.16
"LOSS-06707","INC-06707",12104.94,11118.07,29207.26
"LOSS-06708","INC-06708",2317.43,2993.38,68961.08
"LOSS-06709","INC-06709",16559.28,3092.73,65137.91
"LOSS-06710","INC-06710",8891.25,1537.8,17244.16
"LOSS-06711","INC-06711",13756.13,42068.99,38207.15
"LOSS-06712","INC-06712",3960.07,6218.86,97176.22
"LOSS-06713","INC-06713",10708.3,2287.76,36536.04
"LOSS-06714","INC-06714",6583.83,1332.67,24859.22
"LOSS-06715","INC-06715",15728.79,19265.84,1517.7
"LOSS-06716","INC-06716",7869.75,5927.91,11457.55
"LOSS-06717","INC-06717",9909.48,2934.01,25071.77
"LOSS-06718","INC-06718",6141.51,6461.31,21931.8
"LOSS-06719","INC-06719",2681.88,20948.94,24736.34
"LOSS-06720","INC-06720",9831.53,21739,23944
"LOSS-06721","INC-06721",9798.74,4157.82,152508.46
"LOSS-06722","INC-06722",9973.58,19078.59,119843.3
"LOSS-06723","INC-06723",3146.06,718.56,24921.99
"LOSS-06724","INC-06724",26345.21,1849.21,13611.38
"LOSS-06725","INC-06725",18319.49,7864.65,25298.51
"LOSS-06726","INC-06726",7782.76,1496.01,19727.09
"LOSS-06727","INC-06727",18215.53,2310.52,8433.06
"LOSS-06728","INC-06728",2340.17,1838.79,7362.11
"LOSS-06729","INC-06729",1000.66,6120.93,53232.51
"LOSS-06730","INC-06730",13435.76,3930.04,22572.07
"LOSS-06731","INC-06731",48384.34,3794.35,14354.52
"LOSS-06732","INC-06732",5480.34,1792.64,24314.13
"LOSS-06733","INC-06733",10825.59,9907.84,49463.24
"LOSS-06734","INC-06734",19040.35,16753.48,285537.5
"LOSS-06735","INC-06735",25905.3,6655.58,10568.73
"LOSS-06736","INC-06736",2300.98,1283.32,18357.66
"LOSS-06737","INC-06737",9919.97,10806.43,90247.87
"LOSS-06738","INC-06738",3548.23,54203.82,150229.12
"LOSS-06739","INC-06739",7727.75,2875.88,58284.99
"LOSS-06740","INC-06740",4828.53,2033.34,16511.21
"LOSS-06741","INC-06741",8251.35,288.18,195881.45
"LOSS-06742","INC-06742",7298.35,1233.58,8637.54
"LOSS-06743","INC-06743",2906.14,3541.07,12957.85
"LOSS-06744","INC-06744",6783.11,2684.56,21535.12
"LOSS-06745","INC-06745",23779.85,8993.28,152653.86
"LOSS-06746","INC-06746",7828.95,733.34,58727.86
"LOSS-06747","INC-06747",3110.32,6163.44,19597.11
"LOSS-06748","INC-06748",10170.48,2853.67,78510.88
"LOSS-06749","INC-06749",2229.96,5635.12,16115.56
"LOSS-06750","INC-06750",4308.38,8030.7,27060.17
"LOSS-06751","INC-06751",7815.34,4237.96,24975.96
"LOSS-06752","INC-06752",3968.62,1481.62,332331.48
"LOSS-06753","INC-06753",7289.22,4219.72,5041.83
"LOSS-06754","INC-06754",31923.62,35528.19,58253.63
"LOSS-06755","INC-06755",1522.89,17893.49,14434.98
"LOSS-06756","INC-06756",1477.58,2838.25,10898.58
"LOSS-06757","INC-06757",10037.9,198.15,23292.56
"LOSS-06758","INC-06758",6729.36,36536.13,41629.24
"LOSS-06759","INC-06759",8354.08,1655.57,20671.45
"LOSS-06760","INC-06760",15940.89,2680.16,5574.49
"LOSS-06761","INC-06761",28188.91,1480.25,20923.7
"LOSS-06762","INC-06762",7124.14,7035.42,34444.78
"LOSS-06763","INC-06763",25930.69,984.87,13063.17
"LOSS-06764","INC-06764",52482.66,20582.59,149662.04
"LOSS-06765","INC-06765",3346.42,3623.05,17161.13
"LOSS-06766","INC-06766",29794.6,18173.76,2211.41
"LOSS-06767","INC-06767",55311.15,4083.11,5972.85
"LOSS-06768","INC-06768",22513.68,15137.1,11931.16
"LOSS-06769","INC-06769",24173.86,1251.47,10607.39
"LOSS-06770","INC-06770",3597.1,7091.62,11048.7
"LOSS-06771","INC-06771",11873.26,9206.46,1763.13
"LOSS-06772","INC-06772",14388.84,1693.57,33447.54
"LOSS-06773","INC-06773",7963.34,2041.86,29099.33
"LOSS-06774","INC-06774",4406.84,3884.76,261679.79
"LOSS-06775","INC-06775",12230.06,6644.45,22986.89
"LOSS-06776","INC-06776",4117.89,3133.15,19824.3
"LOSS-06777","INC-06777",35729.02,2587.4,8227.37
"LOSS-06778","INC-06778",49906.15,782.28,642699.87
"LOSS-06779","INC-06779",11843.38,1039.15,68044.22
"LOSS-06780","INC-06780",2116.34,118732.69,14329.57
"LOSS-06781","INC-06781",25940.3,12404.22,19276.62
"LOSS-06782","INC-06782",4117.78,4521.79,129652.69
"LOSS-06783","INC-06783",27518.16,2690.38,10638.46
"LOSS-06784","INC-06784",55200.69,743.4,7842.5
"LOSS-06785","INC-06785",13794.02,1122.33,43648.57
"LOSS-06786","INC-06786",17878.2,5923.35,44331.25
"LOSS-06787","INC-06787",9383.39,2436.78,9217.3
"LOSS-06788","INC-06788",6037.31,1173.63,2581.69
"LOSS-06789","INC-06789",4088.68,5050.73,4801.58
"LOSS-06790","INC-06790",8803.05,4803.79,23860.55
"LOSS-06791","INC-06791",39707.59,473.07,3965.09
"LOSS-06792","INC-06792",19954.75,497.48,185222.66
"LOSS-06793","INC-06793",8063.93,2283.08,14178.71
"LOSS-06794","INC-06794",3525.49,5429.24,37960.55
"LOSS-06795","INC-06795",7132.11,7322.09,10902.01
"LOSS-06796","INC-06796",4130.6,4722.07,20812.83
"LOSS-06797","INC-06797",19811.51,17297.39,58582.87
"LOSS-06798","INC-06798",2594.7,3423.58,5538.28
"LOSS-06799","INC-06799",11715.12,23035.73,10381.12
"LOSS-06800","INC-06800",31097.5,9914.2,15812.44
"LOSS-06801","INC-06801",17460.49,11819.01,32442.45
"LOSS-06802","INC-06802",7597.44,2885.72,66784.15
"LOSS-06803","INC-06803",27828.67,10490.29,3859.83
"LOSS-06804","INC-06804",83405.74,3808.87,8679.72
"LOSS-06805","INC-06805",9817.26,1296.17,26226.32
"LOSS-06806","INC-06806",4211.66,8170.97,201662.82
"LOSS-06807","INC-06807",6936.23,23425.97,57152.71
"LOSS-06808","INC-06808",31092.43,2617.23,18582.79
"LOSS-06809","INC-06809",51321.31,11164.46,12447.26
"LOSS-06810","INC-06810",7668.85,19057.75,5777.84
"LOSS-06811","INC-06811",6714.41,3430.44,10785.45
"LOSS-06812","INC-06812",6903.3,3411.15,33403.29
"LOSS-06813","INC-06813",2551.55,6095.39,3613.69
"LOSS-06814","INC-06814",12870.59,7388.77,3135.32
"LOSS-06815","INC-06815",21885.04,2389.21,15825.49
"LOSS-06816","INC-06816",9148.62,1100.11,18134.02
"LOSS-06817","INC-06817",30725.14,7713.38,88833.11
"LOSS-06818","INC-06818",15184.31,3504.08,30699.01
"LOSS-06819","INC-06819",14021.04,1195.65,23623.56
"LOSS-06820","INC-06820",19031.83,8464.78,5853
"LOSS-06821","INC-06821",14389.22,4928.53,27734.72
"LOSS-06822","INC-06822",4819.15,9468.93,10548.33
"LOSS-06823","INC-06823",46172.26,53390.16,14793.03
"LOSS-06824","INC-06824",4682.63,2929.07,15444.96
"LOSS-06825","INC-06825",2483.32,4566.4,21554.8
"LOSS-06826","INC-06826",5820.4,40813.65,76376.65
"LOSS-06827","INC-06827",12075.43,4563.36,10052.3
"LOSS-06828","INC-06828",3490.34,9658.13,66325.1
"LOSS-06829","INC-06829",28549.4,22317.87,83397.74
"LOSS-06830","INC-06830",12295.37,26175.84,1591.48
"LOSS-06831","INC-06831",3450.59,2451.98,9866.48
"LOSS-06832","INC-06832",68658.92,3046.67,43800.21
"LOSS-06833","INC-06833",10078.78,2270.81,14971.2
"LOSS-06834","INC-06834",3066.34,4899.41,13206.45
"LOSS-06835","INC-06835",11527.58,11511.43,33781.51
"LOSS-06836","INC-06836",65146.44,1649.74,14779.21
"LOSS-06837","INC-06837",4307.35,3027.68,7748.92
"LOSS-06838","INC-06838",2259.59,857.08,11521.11
"LOSS-06839","INC-06839",5819.65,6484.37,19259.45
"LOSS-06840","INC-06840",15202.71,32149.57,37523.24
"LOSS-06841","INC-06841",7339.12,4422.85,4979.33
"LOSS-06842","INC-06842",14586.7,92257.84,26130.46
"LOSS-06843","INC-06843",4916.73,11246.14,5389.54
"LOSS-06844","INC-06844",15233.94,4615.79,9565.36
"LOSS-06845","INC-06845",15626.77,10570.57,114688.08
"LOSS-06846","INC-06846",8744.16,4893.07,34530.51
"LOSS-06847","INC-06847",12857.19,2229.26,13882.56
"LOSS-06848","INC-06848",12907.34,5528.47,31324.92
"LOSS-06849","INC-06849",15036.76,1345.51,29426.55
"LOSS-06850","INC-06850",38910.3,11187.69,23291.53
"LOSS-06851","INC-06851",30112.66,13706.01,5881.64
"LOSS-06852","INC-06852",78780.9,5265.3,45832.14
"LOSS-06853","INC-06853",82558.67,2362.55,27200.15
"LOSS-06854","INC-06854",8011.23,2670.44,108832.13
"LOSS-06855","INC-06855",11053.26,13574.09,6026.64
"LOSS-06856","INC-06856",3592.83,2118.6,59156.4
"LOSS-06857","INC-06857",1716.28,8523.57,12072.4
"LOSS-06858","INC-06858",27897.49,17233.02,97731.85
"LOSS-06859","INC-06859",14439.82,10669,81827.4
"LOSS-06860","INC-06860",278603.95,3215.8,28007.5
"LOSS-06861","INC-06861",10511.77,11157.31,22703.46
"LOSS-06862","INC-06862",7999.14,6681.72,57991.83
"LOSS-06863","INC-06863",22071.34,1477.18,2328.3
"LOSS-06864","INC-06864",2078.08,29933.95,20184.02
"LOSS-06865","INC-06865",4338.61,3821.55,1401.36
"LOSS-06866","INC-06866",29203.2,35463.31,165053.38
"LOSS-06867","INC-06867",12666.75,4900.98,23295.03
"LOSS-06868","INC-06868",13696.73,5412.16,48429.21
"LOSS-06869","INC-06869",11076.91,16021.09,4828.01
"LOSS-06870","INC-06870",2910.17,18628.84,22213.23
"LOSS-06871","INC-06871",1675.22,2280.42,25734.4
"LOSS-06872","INC-06872",1871.3,3258.25,9789.56
"LOSS-06873","INC-06873",20943.3,1960.79,11304.67
"LOSS-06874","INC-06874",9476.05,7609.92,360828.12
"LOSS-06875","INC-06875",9389.67,449.02,15101.51
"LOSS-06876","INC-06876",24939.89,1747.03,18700.09
"LOSS-06877","INC-06877",32579.09,71566.71,76295.42
"LOSS-06878","INC-06878",2526.73,1777.74,11850.91
"LOSS-06879","INC-06879",16041.27,41922.87,13777.28
"LOSS-06880","INC-06880",49880.49,1066.81,19593.1
"LOSS-06881","INC-06881",53701.91,12838.66,106618.51
"LOSS-06882","INC-06882",9941.2,2798.02,37887.22
"LOSS-06883","INC-06883",25045.84,1169.01,46711.83
"LOSS-06884","INC-06884",20567.93,5891.85,24120.96
"LOSS-06885","INC-06885",57693.27,1857.15,41810.07
"LOSS-06886","INC-06886",57544.06,68587.45,165415.97
"LOSS-06887","INC-06887",3783.53,6974.32,28724.88
"LOSS-06888","INC-06888",4501.53,878.65,61355.62
"LOSS-06889","INC-06889",78988.69,11262.26,30493.15
"LOSS-06890","INC-06890",15458.97,50088.82,10309.63
"LOSS-06891","INC-06891",6516.96,28573.84,15352.86
"LOSS-06892","INC-06892",17590.95,1295.53,24947.56
"LOSS-06893","INC-06893",6955.91,7528.89,42719.87
"LOSS-06894","INC-06894",19825.67,7098.98,21509.99
"LOSS-06895","INC-06895",5024.23,1408.44,9761.25
"LOSS-06896","INC-06896",17840.53,4690.96,21105.12
"LOSS-06897","INC-06897",41183.39,4442.76,6837.96
"LOSS-06898","INC-06898",16170.83,1922.38,130907.4
"LOSS-06899","INC-06899",12283.29,4554.04,8871.34
"LOSS-06900","INC-06900",1499.75,468.55,17136.18
"LOSS-06901","INC-06901",7923,21039.26,111259.66
"LOSS-06902","INC-06902",10232.49,11035.86,17948.91
"LOSS-06903","INC-06903",16664.16,2894.8,67967.05
"LOSS-06904","INC-06904",7306.38,2573.53,5440.2
"LOSS-06905","INC-06905",9212.65,6115.37,10662.69
"LOSS-06906","INC-06906",13682.35,11538.22,20651.15
"LOSS-06907","INC-06907",5019.99,114661.38,26945.93
"LOSS-06908","INC-06908",11765.72,3169.89,8023.04
"LOSS-06909","INC-06909",10537.24,2199.59,46162.01
"LOSS-06910","INC-06910",2446.73,14348.67,9027.62
"LOSS-06911","INC-06911",5941.89,2201.4,7591.9
"LOSS-06912","INC-06912",7914.72,4793.43,67989.5
"LOSS-06913","INC-06913",7896.94,2500.89,6316.77
"LOSS-06914","INC-06914",2840.81,29778.15,16172.98
"LOSS-06915","INC-06915",21610.05,18105.21,59096.95
"LOSS-06916","INC-06916",32136.21,2143.51,16093.04
"LOSS-06917","INC-06917",8385.61,57531.29,8297.68
"LOSS-06918","INC-06918",3023.33,43325.86,60536.43
"LOSS-06919","INC-06919",17256.7,1323.32,19163.05
"LOSS-06920","INC-06920",17002.4,10934,118694.28
"LOSS-06921","INC-06921",3530.78,6073.57,27942.6
"LOSS-06922","INC-06922",8247.12,4095.99,56102.66
"LOSS-06923","INC-06923",13807.24,7021.81,2854.59
"LOSS-06924","INC-06924",2775.93,1404.36,88637.76
"LOSS-06925","INC-06925",9208.07,34970.1,91138.36
"LOSS-06926","INC-06926",1837.64,16119.73,27574.8
"LOSS-06927","INC-06927",8680.48,2513.38,33036.32
"LOSS-06928","INC-06928",7309.26,637.1,242792.28
"LOSS-06929","INC-06929",10539.59,654.44,18697.02
"LOSS-06930","INC-06930",20557.4,500.37,9800.75
"LOSS-06931","INC-06931",7057.14,2181.79,66383.04
"LOSS-06932","INC-06932",62025.65,9131.64,13802.7
"LOSS-06933","INC-06933",4768.56,1545.29,16178.2
"LOSS-06934","INC-06934",22378.15,23676.37,62296.89
"LOSS-06935","INC-06935",11711.24,2172.68,17725.92
"LOSS-06936","INC-06936",16476.02,6702.92,23327.73
"LOSS-06937","INC-06937",52923.83,5993.8,26948.44
"LOSS-06938","INC-06938",3449.03,3716.55,19247.35
"LOSS-06939","INC-06939",27684.12,7611.61,8170.65
"LOSS-06940","INC-06940",2659.58,3274.47,45062.98
"LOSS-06941","INC-06941",14935.44,4915.21,18219.35
"LOSS-06942","INC-06942",2177.68,1549.86,10065.2
"LOSS-06943","INC-06943",4224.49,32491.76,61781.62
"LOSS-06944","INC-06944",5183.95,32638.86,30340.22
"LOSS-06945","INC-06945",1231.09,20329.94,2124.22
"LOSS-06946","INC-06946",6836.59,52881.35,35480.74
"LOSS-06947","INC-06947",2556.92,4634.79,5164.02
"LOSS-06948","INC-06948",173.59,14944.16,112000.43
"LOSS-06949","INC-06949",8385.05,21157,13037.47
"LOSS-06950","INC-06950",19316.46,6309.4,19976.07
"LOSS-06951","INC-06951",3003.88,1736.71,17000.59
"LOSS-06952","INC-06952",5303.64,4686.86,34410.66
"LOSS-06953","INC-06953",11756.92,564.48,4539.34
"LOSS-06954","INC-06954",7465.02,8866.49,32684.9
"LOSS-06955","INC-06955",6496.26,1864.27,62407.57
"LOSS-06956","INC-06956",34034.68,13010.68,63609.45
"LOSS-06957","INC-06957",39230.9,7958.93,38756.01
"LOSS-06958","INC-06958",8198.78,12421.79,49384.41
"LOSS-06959","INC-06959",17907.18,1777.43,98287.03
"LOSS-06960","INC-06960",7529.9,9834.96,56762.99
"LOSS-06961","INC-06961",11427.82,31026.63,39778
"LOSS-06962","INC-06962",5231.13,5380.61,18402.94
"LOSS-06963","INC-06963",3931.66,15496.45,26983.29
"LOSS-06964","INC-06964",45493.85,9236.95,1932.3
"LOSS-06965","INC-06965",34240.46,5133.21,15653.45
"LOSS-06966","INC-06966",16996.82,10078.77,5847.79
"LOSS-06967","INC-06967",1051.06,6308.34,146396.83
"LOSS-06968","INC-06968",5626.4,6256.65,7963.83
"LOSS-06969","INC-06969",2822.31,2740.39,37712.32
"LOSS-06970","INC-06970",18848.38,43969.3,7925.96
"LOSS-06971","INC-06971",17641.67,11677.54,27209.94
"LOSS-06972","INC-06972",5269.53,451.7,121919.9
"LOSS-06973","INC-06973",28086.08,7463.73,7314.3
"LOSS-06974","INC-06974",23607.31,17877.14,6827.96
"LOSS-06975","INC-06975",3949.14,1998.43,41022.19
"LOSS-06976","INC-06976",9396.29,5890.52,90027.45
"LOSS-06977","INC-06977",9316.88,645.95,8229.84
"LOSS-06978","INC-06978",5931.09,39252.68,17789.19
"LOSS-06979","INC-06979",4848.32,7636.51,8315.02
"LOSS-06980","INC-06980",14711.55,2411.45,22047.02
"LOSS-06981","INC-06981",36374.69,11133.96,22318.85
"LOSS-06982","INC-06982",14034.04,20339.24,40571.44
"LOSS-06983","INC-06983",24167.72,1713.37,20708.37
"LOSS-06984","INC-06984",3872.22,24102.03,30145.02
"LOSS-06985","INC-06985",3836.48,3477.28,16921.62
"LOSS-06986","INC-06986",14944.25,7524.75,24942.89
"LOSS-06987","INC-06987",4045.14,3660.96,8853.54
"LOSS-06988","INC-06988",11656.07,1346.49,129744.55
"LOSS-06989","INC-06989",3439.86,951.33,4383.51
"LOSS-06990","INC-06990",6720.05,47149.49,15232.23
"LOSS-06991","INC-06991",3280.67,2141.13,21324.22
"LOSS-06992","INC-06992",8259.97,5168.13,18066.2
"LOSS-06993","INC-06993",5496.38,552.15,25743.19
"LOSS-06994","INC-06994",28900.62,4134.97,106513.01
"LOSS-06995","INC-06995",14854.52,2905.75,43986.72
"LOSS-06996","INC-06996",9934.36,1825.58,8180.34
"LOSS-06997","INC-06997",4359.49,6419.4,91240.99
"LOSS-06998","INC-06998",16047.12,3606.6,3633.33
"LOSS-06999","INC-06999",14424.12,14568.71,170632.31
"LOSS-07000","INC-07000",5416.14,11936.83,44472.1
"LOSS-07001","INC-07001",40796.09,1444.83,99508.34
"LOSS-07002","INC-07002",17278.77,1988.23,7453.34
"LOSS-07003","INC-07003",26403.22,1129.13,22430.08
"LOSS-07004","INC-07004",5507.23,1450.57,30309.19
"LOSS-07005","INC-07005",25315.46,38808.5,4890.96
"LOSS-07006","INC-07006",9277.05,179847.86,11768.14
"LOSS-07007","INC-07007",7673.86,99092.3,24465.72
"LOSS-07008","INC-07008",4159.07,8634.63,21031.23
"LOSS-07009","INC-07009",1088.38,20233.45,31316.15
"LOSS-07010","INC-07010",3962.24,7968.83,53890.54
"LOSS-07011","INC-07011",7746.81,8992.45,77142.82
"LOSS-07012","INC-07012",29034.64,6285.29,4147.3
"LOSS-07013","INC-07013",13631,9988.34,143332.38
"LOSS-07014","INC-07014",11257.33,12550.97,21881.29
"LOSS-07015","INC-07015",11023.75,2758.78,130937.09
"LOSS-07016","INC-07016",12932.75,11112.81,12815.69
"LOSS-07017","INC-07017",11135.14,47211.33,25182.39
"LOSS-07018","INC-07018",3933.55,17170.48,9022.31
"LOSS-07019","INC-07019",37203.16,6631.92,8425.76
"LOSS-07020","INC-07020",7088.65,4574.43,37823.61
"LOSS-07021","INC-07021",44967.78,6938.22,14924.75
"LOSS-07022","INC-07022",2775.68,2166.57,9950.07
"LOSS-07023","INC-07023",5531.25,768.39,25886.19
"LOSS-07024","INC-07024",3206.89,24844.09,38127.97
"LOSS-07025","INC-07025",9849.58,1753.21,85607.54
"LOSS-07026","INC-07026",9289.17,6912.29,67657.69
"LOSS-07027","INC-07027",17640.73,39638.03,17612.56
"LOSS-07028","INC-07028",17962.01,10690.7,14919.7
"LOSS-07029","INC-07029",10862.98,48923.29,3001.07
"LOSS-07030","INC-07030",43134.44,892.42,18329.96
"LOSS-07031","INC-07031",19164.86,2011.5,18300.22
"LOSS-07032","INC-07032",3267.21,6447.34,36484.15
"LOSS-07033","INC-07033",11665.41,4592.01,33002.14
"LOSS-07034","INC-07034",23585.92,11584.09,12554.23
"LOSS-07035","INC-07035",6754.99,22573.31,163161.04
"LOSS-07036","INC-07036",3201.27,35072.49,37110.28
"LOSS-07037","INC-07037",37833.35,23761.75,777520.57
"LOSS-07038","INC-07038",7056.01,1931.61,36801.79
"LOSS-07039","INC-07039",5686.36,4849.48,9536.76
"LOSS-07040","INC-07040",8768.11,8529.93,74057.68
"LOSS-07041","INC-07041",7294.21,3364.26,34228.28
"LOSS-07042","INC-07042",20696.99,4752.09,12096.64
"LOSS-07043","INC-07043",15462.67,3164.09,61883.27
"LOSS-07044","INC-07044",34199.33,10008.23,23001.06
"LOSS-07045","INC-07045",8765.36,28971.79,26696.87
"LOSS-07046","INC-07046",11320.68,1278.95,39149.51
"LOSS-07047","INC-07047",5772.74,8451.35,21115.67
"LOSS-07048","INC-07048",18607.75,1331.99,12997.98
"LOSS-07049","INC-07049",3089.08,5009.08,16113.08
"LOSS-07050","INC-07050",9785.84,3533.67,26400.96
"LOSS-07051","INC-07051",14602.95,2735.45,41122.79
"LOSS-07052","INC-07052",20202.62,4294.58,8700.46
"LOSS-07053","INC-07053",5223.34,38510.14,40393.88
"LOSS-07054","INC-07054",7026.79,15222.55,34375.91
"LOSS-07055","INC-07055",5981.65,7697.35,135293.96
"LOSS-07056","INC-07056",19913.24,2655.89,28861.99
"LOSS-07057","INC-07057",21596.26,5083.66,25740.48
"LOSS-07058","INC-07058",7008.06,5695.52,17961.86
"LOSS-07059","INC-07059",5360.62,26145.9,16027.23
"LOSS-07060","INC-07060",7490.39,9467.76,8236.55
"LOSS-07061","INC-07061",1930.36,5336.54,105551.55
"LOSS-07062","INC-07062",2069.72,4144.21,9850.05
"LOSS-07063","INC-07063",2735.3,638.09,80292.97
"LOSS-07064","INC-07064",29137.44,2551.9,13778
"LOSS-07065","INC-07065",21752.98,3153.09,23399.99
"LOSS-07066","INC-07066",4051.55,1752.42,91362.9
"LOSS-07067","INC-07067",18917.89,28783.29,4526.02
"LOSS-07068","INC-07068",7636.46,27129.38,6956.35
"LOSS-07069","INC-07069",14893.58,2488.97,5165.76
"LOSS-07070","INC-07070",33093.38,12708.71,19437.12
"LOSS-07071","INC-07071",12366.11,11910.65,7923.39
"LOSS-07072","INC-07072",21960.41,8164,9399.23
"LOSS-07073","INC-07073",21618.03,45768.05,48255.86
"LOSS-07074","INC-07074",34832.11,983.46,68339.81
"LOSS-07075","INC-07075",25958.76,5165.19,16416.33
"LOSS-07076","INC-07076",28237.71,23894.22,23132.84
"LOSS-07077","INC-07077",5829.56,2751.9,12323.52
"LOSS-07078","INC-07078",7871.71,1529.16,116371.81
"LOSS-07079","INC-07079",19929.11,3582.33,150310.12
"LOSS-07080","INC-07080",8469.5,14082.32,45274.48
"LOSS-07081","INC-07081",22291.77,4930.69,6459.81
"LOSS-07082","INC-07082",7838.55,1235.94,136936.83
"LOSS-07083","INC-07083",19506.79,16310.72,14205.66
"LOSS-07084","INC-07084",1863.23,6274.24,5821.2
"LOSS-07085","INC-07085",6546.74,14679.67,17064.49
"LOSS-07086","INC-07086",12775.94,1947.35,4512.63
"LOSS-07087","INC-07087",99183.19,12336.77,112548.86
"LOSS-07088","INC-07088",5597.47,1409.83,209650.57
"LOSS-07089","INC-07089",17439.59,8372.11,17136.56
"LOSS-07090","INC-07090",36960.98,8889.65,13296.91
"LOSS-07091","INC-07091",4612.21,717.91,107882.78
"LOSS-07092","INC-07092",2088.98,14139.61,28409.56
"LOSS-07093","INC-07093",6137.91,782.58,116246.94
"LOSS-07094","INC-07094",17058.1,1415.18,10482.88
"LOSS-07095","INC-07095",3910.84,22461.72,3081.3
"LOSS-07096","INC-07096",4882.95,4676.25,39395.2
"LOSS-07097","INC-07097",20120.63,12107.77,39978.39
"LOSS-07098","INC-07098",9747.77,5952.25,17232.23
"LOSS-07099","INC-07099",33955.96,385.75,33656.91
"LOSS-07100","INC-07100",1572.21,794.43,24264.66
"LOSS-07101","INC-07101",10667.81,1355.08,15505.76
"LOSS-07102","INC-07102",10043.32,2729.27,26108.07
"LOSS-07103","INC-07103",20470.1,10954.62,4404.81
"LOSS-07104","INC-07104",36570.84,1604.5,15860.91
"LOSS-07105","INC-07105",22084.87,3819.54,115711.06
"LOSS-07106","INC-07106",5553.66,10009.33,34710.06
"LOSS-07107","INC-07107",14301.2,2037.92,37055.62
"LOSS-07108","INC-07108",75679.39,47301.23,27121.86
"LOSS-07109","INC-07109",6208.92,4678.43,48002.78
"LOSS-07110","INC-07110",5123.88,46264.21,46727.14
"LOSS-07111","INC-07111",16013.64,3490.56,41099.2
"LOSS-07112","INC-07112",110829.34,1265.48,34619.28
"LOSS-07113","INC-07113",1512.82,55614.51,17630.04
"LOSS-07114","INC-07114",3038.42,27424.08,10623.64
"LOSS-07115","INC-07115",6848.78,21184.03,4957.54
"LOSS-07116","INC-07116",4420.25,98000.3,29475.66
"LOSS-07117","INC-07117",32295.12,12682.92,426247.35
"LOSS-07118","INC-07118",6634.47,5650.19,78474.57
"LOSS-07119","INC-07119",56067.99,8135.66,13451.85
"LOSS-07120","INC-07120",2666.41,608.51,44220.53
"LOSS-07121","INC-07121",9276.4,467.04,175361.83
"LOSS-07122","INC-07122",8848.54,8258.01,7216.5
"LOSS-07123","INC-07123",34324.72,2689.46,59215.1
"LOSS-07124","INC-07124",3895.69,12828.17,90637.11
"LOSS-07125","INC-07125",6911.97,2237.56,25752.2
"LOSS-07126","INC-07126",16789.85,61262.11,9695.8
"LOSS-07127","INC-07127",6019.18,4171.98,92318.04
"LOSS-07128","INC-07128",26609.82,161.59,2920.55
"LOSS-07129","INC-07129",14448.64,58927.22,11179.63
"LOSS-07130","INC-07130",16604.53,9250.5,195016.2
"LOSS-07131","INC-07131",10755.2,6611.96,16873.32
"LOSS-07132","INC-07132",22951.62,2504.01,10243.09
"LOSS-07133","INC-07133",68725.29,13062.62,2899.69
"LOSS-07134","INC-07134",11634.74,10899.71,46739.23
"LOSS-07135","INC-07135",6811.69,20958.99,130565.14
"LOSS-07136","INC-07136",9989.65,6826.45,29342.88
"LOSS-07137","INC-07137",12637.6,4461.59,153311.15
"LOSS-07138","INC-07138",9838.84,7928.15,22508.79
"LOSS-07139","INC-07139",64956.31,683.14,25883.15
"LOSS-07140","INC-07140",11837.61,7310.49,6042.26
"LOSS-07141","INC-07141",11579.66,3669.88,27160.09
"LOSS-07142","INC-07142",71174.02,82895.2,40627.53
"LOSS-07143","INC-07143",8463.48,3787.87,8852.93
"LOSS-07144","INC-07144",12316.97,8907,777.52
"LOSS-07145","INC-07145",26829.49,1608.7,3929.91
"LOSS-07146","INC-07146",10932.86,1320.51,16347.75
"LOSS-07147","INC-07147",8069.1,813.44,5876.38
"LOSS-07148","INC-07148",6347.64,1794.97,2683.76
"LOSS-07149","INC-07149",4594.58,679.02,2365.9
"LOSS-07150","INC-07150",28265.21,6949.59,5070.1
"LOSS-07151","INC-07151",3146.66,3360.89,97310.41
"LOSS-07152","INC-07152",11335.02,1436.62,5029.13
"LOSS-07153","INC-07153",7284.73,10682.77,6448.4
"LOSS-07154","INC-07154",2371.22,4517.15,13059.65
"LOSS-07155","INC-07155",8529.86,168.86,22505.96
"LOSS-07156","INC-07156",27473.07,1482.03,4739.65
"LOSS-07157","INC-07157",14771.74,8064.34,9557.38
"LOSS-07158","INC-07158",4586.65,1001.08,70723.79
"LOSS-07159","INC-07159",18402.2,8159.24,18553.38
"LOSS-07160","INC-07160",14831.37,9903.88,74403.06
"LOSS-07161","INC-07161",10972.47,1304.47,16647.02
"LOSS-07162","INC-07162",13356.63,4427.09,23663.37
"LOSS-07163","INC-07163",5772.6,14950.06,40407.54
"LOSS-07164","INC-07164",4924.95,8095.59,14202.62
"LOSS-07165","INC-07165",1543.81,44879.04,49623.29
"LOSS-07166","INC-07166",4477.18,12041.79,29685.02
"LOSS-07167","INC-07167",11573.31,7803.55,28019.51
"LOSS-07168","INC-07168",10116.98,2216.02,10410.69
"LOSS-07169","INC-07169",15218.79,9729.51,2921.66
"LOSS-07170","INC-07170",2559.84,220.63,8530.11
"LOSS-07171","INC-07171",7306.21,9403.5,10996.76
"LOSS-07172","INC-07172",10128.1,4353.2,13413.57
"LOSS-07173","INC-07173",4486.15,5527.39,3363.86
"LOSS-07174","INC-07174",28266.96,9484.42,25824.36
"LOSS-07175","INC-07175",2797.98,3689.57,28403.65
"LOSS-07176","INC-07176",17021.41,7063.3,199089.56
"LOSS-07177","INC-07177",5301.16,6721.76,16741.84
"LOSS-07178","INC-07178",12098.68,1695.36,8233.66
"LOSS-07179","INC-07179",39625.53,2144.99,25444.82
"LOSS-07180","INC-07180",12626.06,2182.02,24886.07
"LOSS-07181","INC-07181",10183.01,5718.64,1651.77
"LOSS-07182","INC-07182",59424.75,23628.64,23096.67
"LOSS-07183","INC-07183",6997.44,4911.84,25410.9
"LOSS-07184","INC-07184",7026.7,8751.96,12091.91
"LOSS-07185","INC-07185",8213.98,1570.08,171408.83
"LOSS-07186","INC-07186",9621.17,6354.61,23014.69
"LOSS-07187","INC-07187",18807.06,4048.57,41818.32
"LOSS-07188","INC-07188",4768.59,8531.73,9043.04
"LOSS-07189","INC-07189",20359.15,1365.56,26655.52
"LOSS-07190","INC-07190",5694.37,9054.56,12271.72
"LOSS-07191","INC-07191",1298.3,3802.74,30763.18
"LOSS-07192","INC-07192",10186.22,38060.4,16923.08
"LOSS-07193","INC-07193",6031.2,6193.35,6627.88
"LOSS-07194","INC-07194",14274.52,1926.39,6259.26
"LOSS-07195","INC-07195",41964.81,9332.95,31587.69
"LOSS-07196","INC-07196",3760.38,3491.02,39523.47
"LOSS-07197","INC-07197",1620.32,1394.34,132249.38
"LOSS-07198","INC-07198",2135.11,6727.82,5123.36
"LOSS-07199","INC-07199",645.95,3002.43,7565.62
"LOSS-07200","INC-07200",1398.12,9319.48,20430.56
"LOSS-07201","INC-07201",20943.63,13918.97,12294.47
"LOSS-07202","INC-07202",20739.47,2637.53,6869.9
"LOSS-07203","INC-07203",5674.91,124.02,49725.15
"LOSS-07204","INC-07204",5532.7,3065.03,26884.47
"LOSS-07205","INC-07205",7124,1345.22,28291.7
"LOSS-07206","INC-07206",25738.47,4435.16,41927.8
"LOSS-07207","INC-07207",16754.1,2852.42,9437.08
"LOSS-07208","INC-07208",13544.85,22465.06,42058.65
"LOSS-07209","INC-07209",6367.68,7152.18,39171
"LOSS-07210","INC-07210",6241.52,6407.31,156252.42
"LOSS-07211","INC-07211",2365.7,5350.03,17688.34
"LOSS-07212","INC-07212",436.79,872.2,72388.69
"LOSS-07213","INC-07213",11030.43,227996.47,20124.68
"LOSS-07214","INC-07214",1824.86,1067.34,96071.83
"LOSS-07215","INC-07215",5074.32,3503,23535.73
"LOSS-07216","INC-07216",9023.13,3409.04,12831.37
"LOSS-07217","INC-07217",15069.86,4005,29442.53
"LOSS-07218","INC-07218",13658.98,1512.66,7677.5
"LOSS-07219","INC-07219",5995.71,6119.33,4261.84
"LOSS-07220","INC-07220",5269.59,8160.34,39856.07
"LOSS-07221","INC-07221",22080.79,3144.22,107077.46
"LOSS-07222","INC-07222",22775.56,1215.54,6603.6
"LOSS-07223","INC-07223",3843.58,37178.46,14736.46
"LOSS-07224","INC-07224",3864.3,2358.08,11433.46
"LOSS-07225","INC-07225",9048.11,367.98,16995.49
"LOSS-07226","INC-07226",46724.8,6143.3,57862.8
"LOSS-07227","INC-07227",11001.29,4870.79,27981.05
"LOSS-07228","INC-07228",5083.05,352.27,68555.45
"LOSS-07229","INC-07229",3218.25,7017.33,138581.33
"LOSS-07230","INC-07230",12082.8,3766.44,17603.12
"LOSS-07231","INC-07231",12718.86,221756.29,13228.14
"LOSS-07232","INC-07232",1280.47,6470.34,32388.71
"LOSS-07233","INC-07233",20218.34,3218.82,209098.36
"LOSS-07234","INC-07234",12856.91,11054.89,1193.75
"LOSS-07235","INC-07235",24815.72,1019.26,5795.68
"LOSS-07236","INC-07236",8856.57,19513.34,187029.06
"LOSS-07237","INC-07237",5479.23,45397.43,69113.27
"LOSS-07238","INC-07238",11179,5676.79,31230.98
"LOSS-07239","INC-07239",3633.51,17220.87,17040.09
"LOSS-07240","INC-07240",32181.32,3039.72,5320.26
"LOSS-07241","INC-07241",2631.4,2979.19,43175.98
"LOSS-07242","INC-07242",12644.62,3333.64,8902.18
"LOSS-07243","INC-07243",14666.96,6184.87,18339.98
"LOSS-07244","INC-07244",6899.48,20280.82,4006.4
"LOSS-07245","INC-07245",13380.25,9234.15,23064.5
"LOSS-07246","INC-07246",4538.22,8723.91,11498.2
"LOSS-07247","INC-07247",51371.33,6639.63,22253.79
"LOSS-07248","INC-07248",33539.11,7834.39,30446.77
"LOSS-07249","INC-07249",5806.62,2730.36,5373.04
"LOSS-07250","INC-07250",34996.01,4216.3,36798.66
"LOSS-07251","INC-07251",11832.16,2572.07,369174.98
"LOSS-07252","INC-07252",813.14,13494.26,985.86
"LOSS-07253","INC-07253",20448.17,1105.11,128020.17
"LOSS-07254","INC-07254",14335.55,1004.9,20844.14
"LOSS-07255","INC-07255",3162.67,3487.54,129397.67
"LOSS-07256","INC-07256",7863.31,17542.73,18813.64
"LOSS-07257","INC-07257",36620.24,67774.87,56556.07
"LOSS-07258","INC-07258",9176.9,1137.53,16062.29
"LOSS-07259","INC-07259",20711.2,2054.91,41362.55
"LOSS-07260","INC-07260",19303.52,707.92,56191.71
"LOSS-07261","INC-07261",3530.39,28294.74,75008.55
"LOSS-07262","INC-07262",14153.32,4267,9309.79
"LOSS-07263","INC-07263",16216.36,11526.98,53237.17
"LOSS-07264","INC-07264",15464.34,4256.59,25509
"LOSS-07265","INC-07265",2397.62,17542.31,89685.82
"LOSS-07266","INC-07266",6994.39,59855.17,7037.72
"LOSS-07267","INC-07267",987.04,638.37,7861.6
"LOSS-07268","INC-07268",17906.45,9416.05,28253.22
"LOSS-07269","INC-07269",14508.89,4116.75,18095.93
"LOSS-07270","INC-07270",28565.13,9153.2,18133.67
"LOSS-07271","INC-07271",10083.3,10848.29,14374.36
"LOSS-07272","INC-07272",8973.47,902.1,12003.16
"LOSS-07273","INC-07273",7828.4,3002.03,34237.18
"LOSS-07274","INC-07274",3538.14,5366.3,44505.29
"LOSS-07275","INC-07275",7259.05,3064.33,41343.22
"LOSS-07276","INC-07276",3314.02,1972.72,21497.5
"LOSS-07277","INC-07277",127420.49,11177.42,54967.07
"LOSS-07278","INC-07278",9298.29,4549.42,23196.71
"LOSS-07279","INC-07279",5292.28,7319.38,38977.03
"LOSS-07280","INC-07280",10305.2,2258.02,66641.12
"LOSS-07281","INC-07281",70762.82,3509.02,4011.08
"LOSS-07282","INC-07282",23318.34,29482.26,14407.13
"LOSS-07283","INC-07283",226113.92,2082.09,38992.03
"LOSS-07284","INC-07284",3151.25,6057.23,19494.09
"LOSS-07285","INC-07285",14009.62,12425.7,62038.95
"LOSS-07286","INC-07286",7116.51,16836.41,22157.15
"LOSS-07287","INC-07287",12456.64,11126.87,90554.53
"LOSS-07288","INC-07288",16742.81,11790.29,25191.95
"LOSS-07289","INC-07289",19397.65,12594.4,6012.34
"LOSS-07290","INC-07290",5767.2,556.15,27210.46
"LOSS-07291","INC-07291",5202.3,5196.39,69528.29
"LOSS-07292","INC-07292",7172.45,11716.48,22415.11
"LOSS-07293","INC-07293",11565.86,2481.47,13682.34
"LOSS-07294","INC-07294",7960.85,1042.03,327607.64
"LOSS-07295","INC-07295",201480.91,11862.11,4262.83
"LOSS-07296","INC-07296",23661.43,15372.08,28214.77
"LOSS-07297","INC-07297",3425.99,6450.37,28163.39
"LOSS-07298","INC-07298",1298.49,1257.19,31044.41
"LOSS-07299","INC-07299",53705.82,3073.8,40491.72
"LOSS-07300","INC-07300",5982.38,43357.05,25834.99
"LOSS-07301","INC-07301",50693.92,54266.49,10946.03
"LOSS-07302","INC-07302",5992.46,16452.12,65217.97
"LOSS-07303","INC-07303",5456.48,17991.48,67502.76
"LOSS-07304","INC-07304",10679.05,12980.21,11516.77
"LOSS-07305","INC-07305",10321.68,713.46,34246.37
"LOSS-07306","INC-07306",2281.32,3969.12,445037.84
"LOSS-07307","INC-07307",11978.97,7659.89,3260.98
"LOSS-07308","INC-07308",15730.01,10198.16,167795.04
"LOSS-07309","INC-07309",16844.32,4881.84,4113.37
"LOSS-07310","INC-07310",11207.1,527.32,15866.81
"LOSS-07311","INC-07311",3376.04,11457.18,16538.48
"LOSS-07312","INC-07312",26076.88,14108.93,76056.87
"LOSS-07313","INC-07313",5860.94,3611.18,55971.9
"LOSS-07314","INC-07314",2757.91,2189.41,7111.85
"LOSS-07315","INC-07315",4242.89,733.61,6325.84
"LOSS-07316","INC-07316",4278.25,2582.5,8776.78
"LOSS-07317","INC-07317",20675.98,360.27,32897.92
"LOSS-07318","INC-07318",98332.64,45380.23,47192.33
"LOSS-07319","INC-07319",16174.41,2067.36,36170.08
"LOSS-07320","INC-07320",9740.36,11155.93,24490.29
"LOSS-07321","INC-07321",15310.95,2958.21,17276.27
"LOSS-07322","INC-07322",4257.15,2730.15,84261.05
"LOSS-07323","INC-07323",6001.22,2228.06,20920.84
"LOSS-07324","INC-07324",14043.05,4292.12,15210.81
"LOSS-07325","INC-07325",5342.5,4516.42,34762.97
"LOSS-07326","INC-07326",5944.25,9723.68,6591.6
"LOSS-07327","INC-07327",3554.99,5842.11,6916.64
"LOSS-07328","INC-07328",21084.41,11966.76,18024.14
"LOSS-07329","INC-07329",24371.61,59044.98,936.4
"LOSS-07330","INC-07330",27712.26,486.41,120417.46
"LOSS-07331","INC-07331",19132.74,31265.68,32208.79
"LOSS-07332","INC-07332",30556.14,19532.64,13261.99
"LOSS-07333","INC-07333",95955.24,1736.37,3555.79
"LOSS-07334","INC-07334",8602.17,55644.09,23083.96
"LOSS-07335","INC-07335",7569.15,10093.93,7301.56
"LOSS-07336","INC-07336",5261.18,1661.96,13599.31
"LOSS-07337","INC-07337",82740.68,13746.38,6455.88
"LOSS-07338","INC-07338",14046.82,3249.29,33877.7
"LOSS-07339","INC-07339",2835.04,1357.47,29020.59
"LOSS-07340","INC-07340",12544.02,1736.95,48905.28
"LOSS-07341","INC-07341",7205.64,5002.04,2965.83
"LOSS-07342","INC-07342",11937.79,57232.29,44218.21
"LOSS-07343","INC-07343",5147.58,31160.36,30152.46
"LOSS-07344","INC-07344",8739.42,12985.56,73908.34
"LOSS-07345","INC-07345",26639.59,3681.11,53537.37
"LOSS-07346","INC-07346",2434.7,10146.08,28468.77
"LOSS-07347","INC-07347",2530.69,31710.92,209164.05
"LOSS-07348","INC-07348",8298.9,3227.59,16103.26
"LOSS-07349","INC-07349",2975.7,4541.53,9478.31
"LOSS-07350","INC-07350",9592.77,95773.45,33002.89
"LOSS-07351","INC-07351",93916.68,5513.35,15357.03
"LOSS-07352","INC-07352",6523.76,381.83,89476.71
"LOSS-07353","INC-07353",5966.42,3047.55,56557.03
"LOSS-07354","INC-07354",719.04,571.5,16139.54
"LOSS-07355","INC-07355",14800.28,24638.64,20552.06
"LOSS-07356","INC-07356",2022.53,35801.34,52584.77
"LOSS-07357","INC-07357",9286.16,26820.03,9568.18
"LOSS-07358","INC-07358",13265.12,26830.13,3685.23
"LOSS-07359","INC-07359",1424.38,3112.52,12509.69
"LOSS-07360","INC-07360",61598.71,1590.2,143707.82
"LOSS-07361","INC-07361",3482.36,2254.97,48634.12
"LOSS-07362","INC-07362",23691.1,1688.59,26356.93
"LOSS-07363","INC-07363",4648.53,3121.35,14949.14
"LOSS-07364","INC-07364",2379.85,1588.47,18413.05
"LOSS-07365","INC-07365",3912.36,44886.23,5612.98
"LOSS-07366","INC-07366",9773.98,49098.43,61290.75
"LOSS-07367","INC-07367",7748.14,2004.07,35521.17
"LOSS-07368","INC-07368",11864.42,6179.03,25463.94
"LOSS-07369","INC-07369",25283.39,3708.75,11533.82
"LOSS-07370","INC-07370",3125.96,880.84,12315.1
"LOSS-07371","INC-07371",1974.99,1531.49,7955.41
"LOSS-07372","INC-07372",6101.65,3329.39,34251.31
"LOSS-07373","INC-07373",2021.82,6090.1,29550.03
"LOSS-07374","INC-07374",7444.05,811.52,70596.25
"LOSS-07375","INC-07375",14083.78,714.79,58712.32
"LOSS-07376","INC-07376",4634.89,1129.52,12684.53
"LOSS-07377","INC-07377",4781.78,7212.83,3545.91
"LOSS-07378","INC-07378",1132.65,881.98,12514.64
"LOSS-07379","INC-07379",9840.3,5961.36,3840.64
"LOSS-07380","INC-07380",6133.01,14808.63,6797.9
"LOSS-07381","INC-07381",19055.58,754.8,24513.98
"LOSS-07382","INC-07382",11749.13,1568.26,5709.22
"LOSS-07383","INC-07383",45157.61,20159.46,44557.14
"LOSS-07384","INC-07384",1175.07,11437.11,45746.01
"LOSS-07385","INC-07385",22909.25,6428.13,115420.3
"LOSS-07386","INC-07386",6320.32,22044.67,17021.67
"LOSS-07387","INC-07387",3120.57,4136.89,15902.59
"LOSS-07388","INC-07388",5467.75,10131.61,9004.69
"LOSS-07389","INC-07389",8060.57,98986.35,18848.41
"LOSS-07390","INC-07390",4621.28,13414.31,11140.89
"LOSS-07391","INC-07391",14662.76,6076.96,54468.17
"LOSS-07392","INC-07392",1616.51,37810.15,61702.98
"LOSS-07393","INC-07393",10085.77,1259.09,47116.44
"LOSS-07394","INC-07394",13490.16,2889.65,9870.79
"LOSS-07395","INC-07395",84015.52,42542.42,12928.64
"LOSS-07396","INC-07396",23507.84,2998.08,5514.64
"LOSS-07397","INC-07397",2009.44,16965.4,34328.95
"LOSS-07398","INC-07398",2688.7,17942.09,36144.6
"LOSS-07399","INC-07399",7853.24,4542.57,321456.38
"LOSS-07400","INC-07400",14368.3,3751.17,55420.78
"LOSS-07401","INC-07401",23456.48,12626.3,122992.13
"LOSS-07402","INC-07402",22958.07,783.51,186942.67
"LOSS-07403","INC-07403",8032.7,7035.59,5625.27
"LOSS-07404","INC-07404",64032.75,17179.71,19938.93
"LOSS-07405","INC-07405",4102.64,935.97,91837.05
"LOSS-07406","INC-07406",10268.8,8255.64,14746.37
"LOSS-07407","INC-07407",8577.45,1045.84,134432.68
"LOSS-07408","INC-07408",3622.68,7287.39,17139.28
"LOSS-07409","INC-07409",7583.51,5165.19,41856.94
"LOSS-07410","INC-07410",28071.53,8377.78,57249.29
"LOSS-07411","INC-07411",24393.57,7703.22,30843.44
"LOSS-07412","INC-07412",2714.5,12290.76,177055.81
"LOSS-07413","INC-07413",12745.01,4800.55,54512.69
"LOSS-07414","INC-07414",15511.42,2739.91,45322.16
"LOSS-07415","INC-07415",35410.81,55061.9,63578.24
"LOSS-07416","INC-07416",4777.49,22625.24,53685.13
"LOSS-07417","INC-07417",14396.8,23625.99,22913.03
"LOSS-07418","INC-07418",10117.77,9722.24,14526.53
"LOSS-07419","INC-07419",2320.06,5237.77,5711.13
"LOSS-07420","INC-07420",7600.24,156428.06,80985.63
"LOSS-07421","INC-07421",9334.25,16954.72,18465.09
"LOSS-07422","INC-07422",13737.32,6145.38,2846.69
"LOSS-07423","INC-07423",82682.24,3563.12,9716.87
"LOSS-07424","INC-07424",37164.94,1308.29,3594.19
"LOSS-07425","INC-07425",23654.69,4195.17,14445.39
"LOSS-07426","INC-07426",6072.97,12648.32,2307.59
"LOSS-07427","INC-07427",8204.19,6311.6,12679.29
"LOSS-07428","INC-07428",9331.95,2024.37,81364.61
"LOSS-07429","INC-07429",14788.13,50483.05,79928.02
"LOSS-07430","INC-07430",3354.97,41864.64,22120.11
"LOSS-07431","INC-07431",15698.74,7411.78,91758.88
"LOSS-07432","INC-07432",3495.15,3273.2,5432.72
"LOSS-07433","INC-07433",97854.34,1565.64,122274.17
"LOSS-07434","INC-07434",8025.3,8600.4,70836.22
"LOSS-07435","INC-07435",6330.35,6526.44,18429.23
"LOSS-07436","INC-07436",10462.39,102391.39,19355.43
"LOSS-07437","INC-07437",3423.9,6612.68,45642.66
"LOSS-07438","INC-07438",9690.4,2151.84,13343.71
"LOSS-07439","INC-07439",4204.11,4938.33,139591.87
"LOSS-07440","INC-07440",3987.62,5546.11,16303.42
"LOSS-07441","INC-07441",8966,9213.38,130133.71
"LOSS-07442","INC-07442",12937.64,6000.21,15092.47
"LOSS-07443","INC-07443",9286.03,5984.44,8453.01
"LOSS-07444","INC-07444",2932.64,1158.87,35892.16
"LOSS-07445","INC-07445",4589.97,34442.3,47951.14
"LOSS-07446","INC-07446",5600.72,131.49,33438.34
"LOSS-07447","INC-07447",23278.49,2680.27,26211.17
"LOSS-07448","INC-07448",7226.33,1531.07,6241.66
"LOSS-07449","INC-07449",12557.59,958.41,25570.89
"LOSS-07450","INC-07450",5800.44,10688.92,50675.51
"LOSS-07451","INC-07451",29442.78,3410.6,47193.62
"LOSS-07452","INC-07452",3425.07,10584.94,18322.62
"LOSS-07453","INC-07453",26899.26,758.78,9644.41
"LOSS-07454","INC-07454",13413.79,8871.79,100871.03
"LOSS-07455","INC-07455",7267.56,72370.09,8812.16
"LOSS-07456","INC-07456",12480.95,2895.15,3022.35
"LOSS-07457","INC-07457",15810.54,1544.29,32919.9
"LOSS-07458","INC-07458",10196.93,3807.33,49201.53
"LOSS-07459","INC-07459",3319.27,9898.6,20931.68
"LOSS-07460","INC-07460",3919.82,5223.75,27966.22
"LOSS-07461","INC-07461",5503.84,995.26,10934.92
"LOSS-07462","INC-07462",2905.1,8725.05,4865.9
"LOSS-07463","INC-07463",10387.82,3041.87,22540.09
"LOSS-07464","INC-07464",2990.51,16081.34,222116.98
"LOSS-07465","INC-07465",4045.33,2777.1,8000.73
"LOSS-07466","INC-07466",2866.54,7571.92,18602.44
"LOSS-07467","INC-07467",14592.1,2637.98,2342.36
"LOSS-07468","INC-07468",5625.45,522.48,61649.6
"LOSS-07469","INC-07469",9581.57,3253.43,19337.73
"LOSS-07470","INC-07470",9560.16,9899.37,6084.53
"LOSS-07471","INC-07471",9325.9,3357.85,10423.49
"LOSS-07472","INC-07472",4326.19,1967.95,5379.49
"LOSS-07473","INC-07473",32888.42,12367.36,8456.09
"LOSS-07474","INC-07474",3773.42,66892.85,13614.77
"LOSS-07475","INC-07475",6427.67,4023.2,422641.02
"LOSS-07476","INC-07476",3890.83,5968.21,8111.03
"LOSS-07477","INC-07477",3028.65,72387.56,6811.93
"LOSS-07478","INC-07478",6146.98,5144.37,4207.35
"LOSS-07479","INC-07479",10297.82,1759.46,31883.8
"LOSS-07480","INC-07480",971.28,496.97,33977.56
"LOSS-07481","INC-07481",6684.62,2799.49,177903.03
"LOSS-07482","INC-07482",42304.63,14943.4,13171.33
"LOSS-07483","INC-07483",7999.8,2946.13,135509.28
"LOSS-07484","INC-07484",2703.85,2822.58,27847.69
"LOSS-07485","INC-07485",12864.58,17871.14,8435.78
"LOSS-07486","INC-07486",1425.53,1386.48,6277.3
"LOSS-07487","INC-07487",5688.42,674.19,7973.18
"LOSS-07488","INC-07488",5189.84,6048.18,71470.16
"LOSS-07489","INC-07489",1556.16,2813.43,14626.9
"LOSS-07490","INC-07490",11625.79,8982.08,21628.21
"LOSS-07491","INC-07491",15554.53,387.92,28460.83
"LOSS-07492","INC-07492",27370.61,2137.08,81424.4
"LOSS-07493","INC-07493",47098.49,17252.21,3236.07
"LOSS-07494","INC-07494",5842.52,1089.47,7986.36
"LOSS-07495","INC-07495",21628.18,8185.05,54790.37
"LOSS-07496","INC-07496",5679.89,6642.56,105157.46
"LOSS-07497","INC-07497",13479.65,662.19,182290.77
"LOSS-07498","INC-07498",4257.76,16610.81,6704.75
"LOSS-07499","INC-07499",9172.62,7364.29,15660.29
"LOSS-07500","INC-07500",34150.66,8975.33,93276.9
"LOSS-07501","INC-07501",13273.56,3692.27,21343.02
"LOSS-07502","INC-07502",6606.02,3245.35,26287.16
"LOSS-07503","INC-07503",1118.47,11769.26,45454.71
"LOSS-07504","INC-07504",12059.78,83612.96,54903.9
"LOSS-07505","INC-07505",67678.09,1846.95,1872.01
"LOSS-07506","INC-07506",3912.3,10433.39,13866.82
"LOSS-07507","INC-07507",7122.51,18926.12,15064.59
"LOSS-07508","INC-07508",25644.17,43499.89,63236.26
"LOSS-07509","INC-07509",51232.73,4749.48,69316.3
"LOSS-07510","INC-07510",4609.88,9060.34,6758.01
"LOSS-07511","INC-07511",5823.9,1586.5,5668.74
"LOSS-07512","INC-07512",1693.21,10169.81,3857.91
"LOSS-07513","INC-07513",12273.33,5120.85,110629.7
"LOSS-07514","INC-07514",37488.94,39763.54,3587.84
"LOSS-07515","INC-07515",9739.69,6406.92,57376.56
"LOSS-07516","INC-07516",24668.67,5389.23,45779.84
"LOSS-07517","INC-07517",11191.32,1908.84,28053.27
"LOSS-07518","INC-07518",13812.07,1856.96,38270.74
"LOSS-07519","INC-07519",27848.48,21249.01,4368.49
"LOSS-07520","INC-07520",18541.52,7120.75,16661.09
"LOSS-07521","INC-07521",1561.43,65629.35,11659.54
"LOSS-07522","INC-07522",34116.34,2408.71,54869.93
"LOSS-07523","INC-07523",10528.79,275.48,103260.81
"LOSS-07524","INC-07524",99970.12,29386.89,18938.08
"LOSS-07525","INC-07525",129149.82,29210.74,12239.98
"LOSS-07526","INC-07526",4090.71,4296.5,11770.44
"LOSS-07527","INC-07527",66924.62,678.27,23440.03
"LOSS-07528","INC-07528",12924.6,3890.47,6335.58
"LOSS-07529","INC-07529",6961.43,3134.19,25158.8
"LOSS-07530","INC-07530",11187.9,3690.65,31027.08
"LOSS-07531","INC-07531",16784.47,3104.82,61383.67
"LOSS-07532","INC-07532",8977.04,5133.93,74830.39
"LOSS-07533","INC-07533",4025.29,12132.09,80251.08
"LOSS-07534","INC-07534",13447.22,13037.57,2850.06
"LOSS-07535","INC-07535",3416.24,2255.49,13562.56
"LOSS-07536","INC-07536",9062.72,4526.95,47375.52
"LOSS-07537","INC-07537",33164.49,5838.38,39365.29
"LOSS-07538","INC-07538",3052.43,234.58,181007.25
"LOSS-07539","INC-07539",9277.97,29915.38,484430.97
"LOSS-07540","INC-07540",21401.9,1081.67,72736.48
"LOSS-07541","INC-07541",11094.97,18563.65,20781.13
"LOSS-07542","INC-07542",6930.37,3938.84,11133.89
"LOSS-07543","INC-07543",4325.21,31248.31,61219.28
"LOSS-07544","INC-07544",9205.84,97068.36,4377.44
"LOSS-07545","INC-07545",43201.86,5057.93,50587.33
"LOSS-07546","INC-07546",6713.86,2551.08,6424.94
"LOSS-07547","INC-07547",6894.23,8065.67,2669.4
"LOSS-07548","INC-07548",13464.11,13977.22,54481.01
"LOSS-07549","INC-07549",12129.16,24338.24,3048.75
"LOSS-07550","INC-07550",56178.18,686.24,75301.17
"LOSS-07551","INC-07551",63877.99,4283.09,50276.52
"LOSS-07552","INC-07552",3099.3,4424.75,18257.14
"LOSS-07553","INC-07553",18585.24,4432.36,6516.27
"LOSS-07554","INC-07554",16414.25,5640.27,11248.78
"LOSS-07555","INC-07555",10408.61,1196.94,23674.7
"LOSS-07556","INC-07556",12782.55,22906.23,24520.23
"LOSS-07557","INC-07557",26846.66,826.39,7043.9
"LOSS-07558","INC-07558",23298.3,16019.06,42482.71
"LOSS-07559","INC-07559",3474.07,28148.52,90955.33
"LOSS-07560","INC-07560",31796.7,3029.91,74174.24
"LOSS-07561","INC-07561",44972.96,3106.94,79896.12
"LOSS-07562","INC-07562",16390.85,5923.31,30012.35
"LOSS-07563","INC-07563",696.6,16038.57,136106.87
"LOSS-07564","INC-07564",41385.52,5736.99,24419.91
"LOSS-07565","INC-07565",2260.08,14459.61,95979.03
"LOSS-07566","INC-07566",48277.85,9605.05,62878.68
"LOSS-07567","INC-07567",9025.24,29446.25,23729.5
"LOSS-07568","INC-07568",4343.25,5855.85,30688.67
"LOSS-07569","INC-07569",1904.43,5463.03,12372.77
"LOSS-07570","INC-07570",25445.89,1425.18,191949.67
"LOSS-07571","INC-07571",6926.18,1762.75,75045.37
"LOSS-07572","INC-07572",8416.8,1291.45,119078.57
"LOSS-07573","INC-07573",11212.43,2823.44,97725.68
"LOSS-07574","INC-07574",7416.99,43927.05,33670.44
"LOSS-07575","INC-07575",3035.39,5314.77,23110.37
"LOSS-07576","INC-07576",904.22,5463.86,21260.71
"LOSS-07577","INC-07577",23185.47,3340.9,82655.14
"LOSS-07578","INC-07578",25382.24,6101.33,79523.65
"LOSS-07579","INC-07579",7436.51,6505.49,25198.23
"LOSS-07580","INC-07580",5232.27,4200.75,24348.35
"LOSS-07581","INC-07581",27326.83,3756.42,10463.14
"LOSS-07582","INC-07582",4618.08,1021.43,65254.18
"LOSS-07583","INC-07583",17585.39,5314.85,43222.18
"LOSS-07584","INC-07584",2542.64,10481.39,9351.42
"LOSS-07585","INC-07585",24390.96,725.59,44139.65
"LOSS-07586","INC-07586",13330.17,3674.64,79618.37
"LOSS-07587","INC-07587",9869.68,20677.03,17208.2
"LOSS-07588","INC-07588",7850.55,16178.78,10343.19
"LOSS-07589","INC-07589",32066.23,1453.21,114657.16
"LOSS-07590","INC-07590",32131.97,3726.47,13415.16
"LOSS-07591","INC-07591",36311.96,12124.32,1628.17
"LOSS-07592","INC-07592",108053.62,3316.68,69874.53
"LOSS-07593","INC-07593",5165.96,2121.38,29476.88
"LOSS-07594","INC-07594",3814.61,8259,37575.32
"LOSS-07595","INC-07595",78665.52,1644.35,463347.82
"LOSS-07596","INC-07596",11921.13,7431.77,11431.88
"LOSS-07597","INC-07597",35416.46,5789.29,16537.5
"LOSS-07598","INC-07598",12495,10603.13,41035.41
"LOSS-07599","INC-07599",2550.63,4039.88,35948.17
"LOSS-07600","INC-07600",29347.44,22895.15,31102.18
"LOSS-07601","INC-07601",17994.49,3138.22,4256.57
"LOSS-07602","INC-07602",2999.19,5388.97,5368.3
"LOSS-07603","INC-07603",6295.13,8103.57,10777
"LOSS-07604","INC-07604",7146.31,10690.48,31496.29
"LOSS-07605","INC-07605",10184.23,883.39,21910.07
"LOSS-07606","INC-07606",5709.96,1840.68,7534.55
"LOSS-07607","INC-07607",5760.42,36930.29,4148.91
"LOSS-07608","INC-07608",12254.7,3458.47,73003.2
"LOSS-07609","INC-07609",10824.98,3379.35,12877.02
"LOSS-07610","INC-07610",1067.87,2563.23,36104.91
"LOSS-07611","INC-07611",4290.11,1399.7,16221.53
"LOSS-07612","INC-07612",7037.32,6192.43,53822.54
"LOSS-07613","INC-07613",16446.6,1917.87,18597.81
"LOSS-07614","INC-07614",16835.73,7367.65,18777.47
"LOSS-07615","INC-07615",6574.73,4711.28,11401.71
"LOSS-07616","INC-07616",4402.25,1276.62,10412.6
"LOSS-07617","INC-07617",6424.93,2176.72,4425.42
"LOSS-07618","INC-07618",8935.63,40367.82,6217.96
"LOSS-07619","INC-07619",7674.35,6056.2,21059.28
"LOSS-07620","INC-07620",8484.29,3580.22,113433.55
"LOSS-07621","INC-07621",8481.03,14066.52,26825.71
"LOSS-07622","INC-07622",990.25,9080.85,38006.1
"LOSS-07623","INC-07623",42871.31,15834.3,34333.83
"LOSS-07624","INC-07624",2727.95,626.3,21053.32
"LOSS-07625","INC-07625",2949.73,9953.31,40810.91
"LOSS-07626","INC-07626",7567.64,5762.46,42157.23
"LOSS-07627","INC-07627",19602.11,11284.53,11629.68
"LOSS-07628","INC-07628",7189.17,87508.02,18979.51
"LOSS-07629","INC-07629",18867.1,4390.65,20374.21
"LOSS-07630","INC-07630",6557.08,89.05,5366.92
"LOSS-07631","INC-07631",8169.73,891.71,6623.34
"LOSS-07632","INC-07632",4175.99,6321.52,59880.5
"LOSS-07633","INC-07633",6023.04,56810.13,95639.91
"LOSS-07634","INC-07634",1591.17,6521.82,138705.04
"LOSS-07635","INC-07635",7211.9,3449.45,48197.16
"LOSS-07636","INC-07636",1450.17,16579.11,4931.27
"LOSS-07637","INC-07637",11645.31,272.22,111328.1
"LOSS-07638","INC-07638",163711.41,3511.06,16569.71
"LOSS-07639","INC-07639",1477.48,96948.69,45694.18
"LOSS-07640","INC-07640",2506.75,2330.36,279801.14
"LOSS-07641","INC-07641",7378.4,10871.73,5884.55
"LOSS-07642","INC-07642",4059.76,733.01,4394.78
"LOSS-07643","INC-07643",12532.81,1479.59,8968.95
"LOSS-07644","INC-07644",56933.51,787.23,207420.62
"LOSS-07645","INC-07645",36356.74,6539.25,24428.7
"LOSS-07646","INC-07646",5007.96,6035.8,20723.81
"LOSS-07647","INC-07647",32681.17,12917.58,65751.57
"LOSS-07648","INC-07648",23176.79,9054.52,23901.07
"LOSS-07649","INC-07649",17249.96,9372.48,27581.07
"LOSS-07650","INC-07650",4091.1,2607.93,59671.18
"LOSS-07651","INC-07651",22569.3,1852.08,197362.09
"LOSS-07652","INC-07652",19690.94,12542.57,34956.55
"LOSS-07653","INC-07653",37637.95,1914.41,24264.93
"LOSS-07654","INC-07654",4407.9,57925.53,9928.26
"LOSS-07655","INC-07655",8960.06,4363.98,14500.35
"LOSS-07656","INC-07656",4457.42,2396.52,20338.02
"LOSS-07657","INC-07657",1776.38,1219.69,24123.7
"LOSS-07658","INC-07658",7243.83,13807.01,37633.94
"LOSS-07659","INC-07659",16008.66,7188.01,1376.72
"LOSS-07660","INC-07660",14738.22,2401.28,17612.68
"LOSS-07661","INC-07661",2136.96,9573.56,99422.76
"LOSS-07662","INC-07662",35998.4,2874.12,57217.55
"LOSS-07663","INC-07663",24874.69,2347.91,34922.7
"LOSS-07664","INC-07664",4797.81,1030.29,26527.93
"LOSS-07665","INC-07665",17569.75,1909.69,24589.62
"LOSS-07666","INC-07666",1702.91,490.06,8400.02
"LOSS-07667","INC-07667",3969.27,5215.13,18918.23
"LOSS-07668","INC-07668",23000.66,1162.34,19201.09
"LOSS-07669","INC-07669",6451.41,3891.41,14438.49
"LOSS-07670","INC-07670",4510.07,5328.42,76843.54
"LOSS-07671","INC-07671",11864.05,4143.31,35711.37
"LOSS-07672","INC-07672",3705.83,30136.35,22493.33
"LOSS-07673","INC-07673",1809.08,403.98,21013.25
"LOSS-07674","INC-07674",11632,5653.36,18164.52
"LOSS-07675","INC-07675",8062.3,4583.48,22723.16
"LOSS-07676","INC-07676",8121.67,877.57,2150.77
"LOSS-07677","INC-07677",21195.22,13134,63515.05
"LOSS-07678","INC-07678",6893.61,7913.24,55327.83
"LOSS-07679","INC-07679",7449.65,16168.9,29000.64
"LOSS-07680","INC-07680",2350.67,4509.75,11300.22
"LOSS-07681","INC-07681",1515.63,1350.25,135065.43
"LOSS-07682","INC-07682",6209.63,2047.11,100092.55
"LOSS-07683","INC-07683",2626.07,2778.83,2726.7
"LOSS-07684","INC-07684",10685.51,3124.31,20075.11
"LOSS-07685","INC-07685",7008.92,40516.68,31228.24
"LOSS-07686","INC-07686",33022.01,43570.07,33735.29
"LOSS-07687","INC-07687",6009.02,14807.44,6502.43
"LOSS-07688","INC-07688",6699.78,9069.03,6983.07
"LOSS-07689","INC-07689",5510.79,3194.66,62285.88
"LOSS-07690","INC-07690",7566.29,1607.6,34103.8
"LOSS-07691","INC-07691",7295.72,3926.96,59423.23
"LOSS-07692","INC-07692",19289.14,74900.55,22571.36
"LOSS-07693","INC-07693",2595.24,926.78,28605.1
"LOSS-07694","INC-07694",12846.97,3942.47,351297.54
"LOSS-07695","INC-07695",7864.32,13342.68,9340.2
"LOSS-07696","INC-07696",64534.1,1596.98,12046.33
"LOSS-07697","INC-07697",2023.9,9411.88,9101.48
"LOSS-07698","INC-07698",2758.44,3834.61,7469.6
"LOSS-07699","INC-07699",8393.86,2528.15,54274.25
"LOSS-07700","INC-07700",22527.74,15361.93,23527.89
"LOSS-07701","INC-07701",16120.42,6444.09,4386.48
"LOSS-07702","INC-07702",5196.41,18689.52,43722.55
"LOSS-07703","INC-07703",10149.87,6714,8060.52
"LOSS-07704","INC-07704",1366.1,2139.99,15240.88
"LOSS-07705","INC-07705",13406.93,17189.21,22998.28
"LOSS-07706","INC-07706",35353.87,42593.95,11362.19
"LOSS-07707","INC-07707",10138.27,17336.53,183479.31
"LOSS-07708","INC-07708",6450.79,4686.86,1339.34
"LOSS-07709","INC-07709",2978.1,25257.76,36784.12
"LOSS-07710","INC-07710",5255.68,6675.03,8790.2
"LOSS-07711","INC-07711",38377.11,7429.12,47854.28
"LOSS-07712","INC-07712",7017.14,2634.38,92538.45
"LOSS-07713","INC-07713",5292.84,2046.76,103822.57
"LOSS-07714","INC-07714",38849.22,1601.35,147672.65
"LOSS-07715","INC-07715",1636.49,3891.6,47851.91
"LOSS-07716","INC-07716",7226.53,15643.03,82807.15
"LOSS-07717","INC-07717",10656.21,620.82,5614.96
"LOSS-07718","INC-07718",4918.18,4090.81,1180.58
"LOSS-07719","INC-07719",4918.41,6495.24,78059.2
"LOSS-07720","INC-07720",13533.72,19911.41,11489.28
"LOSS-07721","INC-07721",18309.41,411.64,30313.73
"LOSS-07722","INC-07722",11612.25,4202.2,10372.52
"LOSS-07723","INC-07723",9457.39,8501.87,60180.2
"LOSS-07724","INC-07724",4237.15,975.8,46376.19
"LOSS-07725","INC-07725",18115.8,5661.55,7034.28
"LOSS-07726","INC-07726",3889.38,4239.03,19786.39
"LOSS-07727","INC-07727",8752.87,4489.19,36261.07
"LOSS-07728","INC-07728",16304.08,4719.35,57263.04
"LOSS-07729","INC-07729",3475.1,3439.68,14035.81
"LOSS-07730","INC-07730",12634.24,991.52,55856.99
"LOSS-07731","INC-07731",7786.54,11915.13,41469.42
"LOSS-07732","INC-07732",24161.31,52221.16,1289.41
"LOSS-07733","INC-07733",45355.71,15922.5,4729.21
"LOSS-07734","INC-07734",2570.93,2505.2,6983.8
"LOSS-07735","INC-07735",20341.51,1180.54,20222.9
"LOSS-07736","INC-07736",10247.46,9793.65,198930.45
"LOSS-07737","INC-07737",10547.97,3570.43,10516.9
"LOSS-07738","INC-07738",29682.77,1261.61,13417.34
"LOSS-07739","INC-07739",16763.47,3264.85,9701.47
"LOSS-07740","INC-07740",9344.77,7018.7,8713.32
"LOSS-07741","INC-07741",7376.73,23387.93,10102.45
"LOSS-07742","INC-07742",7267.11,903.22,12069.14
"LOSS-07743","INC-07743",9096.75,2400.89,8808.53
"LOSS-07744","INC-07744",4620.54,25262.72,5195.57
"LOSS-07745","INC-07745",33050.51,2998.09,47932.16
"LOSS-07746","INC-07746",16939.03,2849.76,49469.64
"LOSS-07747","INC-07747",19325.34,441.16,12197.3
"LOSS-07748","INC-07748",11754.81,1827.99,27659.35
"LOSS-07749","INC-07749",12181.77,12310.68,76107.46
"LOSS-07750","INC-07750",11261.07,3202.84,21052.67
"LOSS-07751","INC-07751",33533.2,2511.21,27235.66
"LOSS-07752","INC-07752",6711.37,8571.34,10051.8
"LOSS-07753","INC-07753",3342.37,17270.37,95535.13
"LOSS-07754","INC-07754",18260.1,133.5,6381.83
"LOSS-07755","INC-07755",22373.79,9653.37,154838.44
"LOSS-07756","INC-07756",2618.58,51618.34,3787.04
"LOSS-07757","INC-07757",23374.66,2141.9,24275.77
"LOSS-07758","INC-07758",6552.75,1688.69,7918.16
"LOSS-07759","INC-07759",8196.01,2658.51,72775.61
"LOSS-07760","INC-07760",18133.24,3370.4,12267.35
"LOSS-07761","INC-07761",9576.97,2829.65,58726.54
"LOSS-07762","INC-07762",46038.55,5424.49,16956.8
"LOSS-07763","INC-07763",27833.87,124.59,16028.79
"LOSS-07764","INC-07764",2339.78,11968.95,100232.76
"LOSS-07765","INC-07765",13098.24,9913.52,564.77
"LOSS-07766","INC-07766",12068.54,8538.44,19326.73
"LOSS-07767","INC-07767",5518.74,3164.81,72733
"LOSS-07768","INC-07768",78760.18,8022,22207.38
"LOSS-07769","INC-07769",845.17,14933.45,13984.52
"LOSS-07770","INC-07770",4023.09,4642.33,34929.72
"LOSS-07771","INC-07771",23501.36,3150.76,33542.09
"LOSS-07772","INC-07772",3087.43,913.5,15928.74
"LOSS-07773","INC-07773",2733.4,3610.3,46038.58
"LOSS-07774","INC-07774",3858.12,7795.84,13349.01
"LOSS-07775","INC-07775",6559.78,9837.1,17483.75
"LOSS-07776","INC-07776",4668.98,3213.44,25873.13
"LOSS-07777","INC-07777",14691.62,91159.65,22638.23
"LOSS-07778","INC-07778",1896.03,5797.67,24444.24
"LOSS-07779","INC-07779",74206.45,7709.32,29416.37
"LOSS-07780","INC-07780",14698.84,27702,89403.33
"LOSS-07781","INC-07781",10328.34,1808.12,28757.11
"LOSS-07782","INC-07782",2834.92,9873.05,74084.7
"LOSS-07783","INC-07783",20685.34,5809.66,1136169.63
"LOSS-07784","INC-07784",10230.14,6887.19,17035.97
"LOSS-07785","INC-07785",6481.19,11059.27,21356.94
"LOSS-07786","INC-07786",8744.64,42585.67,16637.34
"LOSS-07787","INC-07787",5228.47,860.33,75487.18
"LOSS-07788","INC-07788",2693.1,2862.86,5235.42
"LOSS-07789","INC-07789",14819.41,2710.05,90000.71
"LOSS-07790","INC-07790",55859.27,3664.89,57821.79
"LOSS-07791","INC-07791",16111.99,22390.07,29574.1
"LOSS-07792","INC-07792",4752.66,5957.02,13038.69
"LOSS-07793","INC-07793",1193.17,4662.67,135328.28
"LOSS-07794","INC-07794",24402.39,9345.08,9344.23
"LOSS-07795","INC-07795",2896.78,1865.48,76549.33
"LOSS-07796","INC-07796",12725.18,6906.12,12834.1
"LOSS-07797","INC-07797",15079.39,1562.3,126755.05
"LOSS-07798","INC-07798",14672.95,2795.91,12014.52
"LOSS-07799","INC-07799",17572.15,1745.37,18870.74
"LOSS-07800","INC-07800",19703.06,8720.38,26974.79
"LOSS-07801","INC-07801",3242.2,2483.56,62315.16
"LOSS-07802","INC-07802",2665.12,57924.99,37771.69
"LOSS-07803","INC-07803",1416.19,2982.37,9355.26
"LOSS-07804","INC-07804",8412.91,5026.26,4485.52
"LOSS-07805","INC-07805",27645.6,1026.39,11337.91
"LOSS-07806","INC-07806",28157.35,22622.25,91448.85
"LOSS-07807","INC-07807",4776.91,92837.6,1272.54
"LOSS-07808","INC-07808",7382.77,3225.69,141210.75
"LOSS-07809","INC-07809",1916.03,21839.47,73247.19
"LOSS-07810","INC-07810",1741.7,14623.21,100327.96
"LOSS-07811","INC-07811",3596.52,799.94,27741.15
"LOSS-07812","INC-07812",19388.85,8723.25,80551.98
"LOSS-07813","INC-07813",6688.1,1762.08,92701.81
"LOSS-07814","INC-07814",33021.7,42389.1,14238.57
"LOSS-07815","INC-07815",14104.86,8615.21,6971.13
"LOSS-07816","INC-07816",80392.56,5108.57,2618.22
"LOSS-07817","INC-07817",2961.83,6959,24257.51
"LOSS-07818","INC-07818",2079.25,3131.39,4586.2
"LOSS-07819","INC-07819",19407.26,407.5,46725.8
"LOSS-07820","INC-07820",6459.15,248740.95,46340.75
"LOSS-07821","INC-07821",3072.73,6630.1,259256.4
"LOSS-07822","INC-07822",2065.02,11970.97,12033.56
"LOSS-07823","INC-07823",4373.46,20654.24,437774.8
"LOSS-07824","INC-07824",9334.26,1060.51,50149.35
"LOSS-07825","INC-07825",23109.46,7855.67,12359.06
"LOSS-07826","INC-07826",16669.59,11481.42,64748.07
"LOSS-07827","INC-07827",9127.25,2402.61,108378.11
"LOSS-07828","INC-07828",10590.41,12836.02,13445.25
"LOSS-07829","INC-07829",6718,2977.31,30892.23
"LOSS-07830","INC-07830",9728.07,399.6,34687.35
"LOSS-07831","INC-07831",24019.4,8646.62,15910.07
"LOSS-07832","INC-07832",3956.96,15426.8,83018.01
"LOSS-07833","INC-07833",2833.46,169.14,41314.35
"LOSS-07834","INC-07834",4444.92,29479.3,17116.34
"LOSS-07835","INC-07835",7622.41,24049.56,4916.28
"LOSS-07836","INC-07836",9059,5747.56,26711.28
"LOSS-07837","INC-07837",16490.2,2386.46,51128.18
"LOSS-07838","INC-07838",3257.89,106539.46,10050.68
"LOSS-07839","INC-07839",7468.27,2255.47,25039.73
"LOSS-07840","INC-07840",4358.78,21603.24,6808.16
"LOSS-07841","INC-07841",3479.59,1875.1,163556.42
"LOSS-07842","INC-07842",69304.83,4440.17,29689.02
"LOSS-07843","INC-07843",5486.89,25856.18,21935.37
"LOSS-07844","INC-07844",19411.6,3366.16,140577.23
"LOSS-07845","INC-07845",2050.4,9711.54,42279.18
"LOSS-07846","INC-07846",23413.5,2354.66,121801.92
"LOSS-07847","INC-07847",1717.08,27170.51,25845.9
"LOSS-07848","INC-07848",74553.88,3406.46,138708.01
"LOSS-07849","INC-07849",7037.17,3736.34,40160.21
"LOSS-07850","INC-07850",10472.8,4889.71,13106.95
"LOSS-07851","INC-07851",35203.54,10386.56,44347.53
"LOSS-07852","INC-07852",28472.13,1184.13,36928.69
"LOSS-07853","INC-07853",3487.87,7681.23,18245.28
"LOSS-07854","INC-07854",4599.99,3691.99,20064
"LOSS-07855","INC-07855",23156.63,9951.58,10777.62
"LOSS-07856","INC-07856",5239.88,17174.67,33203.49
"LOSS-07857","INC-07857",5840.23,25436.52,36763.84
"LOSS-07858","INC-07858",6797.63,3874.81,5954.14
"LOSS-07859","INC-07859",803.4,5888.9,18669.84
"LOSS-07860","INC-07860",22286.84,1347.73,73122.65
"LOSS-07861","INC-07861",13023.38,1174.03,65851.21
"LOSS-07862","INC-07862",12225.54,5071.38,21076.06
"LOSS-07863","INC-07863",32336.81,2281.48,44914.86
"LOSS-07864","INC-07864",2004.9,16576.49,25899.24
"LOSS-07865","INC-07865",33006.72,13898.09,64612.01
"LOSS-07866","INC-07866",17912.72,2986.6,103380.15
"LOSS-07867","INC-07867",72483.64,10542.99,11028.25
"LOSS-07868","INC-07868",18017.11,4135.19,208028.18
"LOSS-07869","INC-07869",3447.49,6646.06,3463.18
"LOSS-07870","INC-07870",1599.42,2482.34,423616.52
"LOSS-07871","INC-07871",4769.43,2187.1,13020.38
"LOSS-07872","INC-07872",9759.38,637.82,195525.07
"LOSS-07873","INC-07873",3262.63,20950.73,55881.52
"LOSS-07874","INC-07874",2882.45,3798.99,6216.89
"LOSS-07875","INC-07875",25130.6,12156.85,16814.1
"LOSS-07876","INC-07876",13084.89,5881.3,46561.27
"LOSS-07877","INC-07877",10534.1,7695.57,31228.48
"LOSS-07878","INC-07878",5696.19,12158.37,291481.46
"LOSS-07879","INC-07879",18172.33,300.15,7797.15
"LOSS-07880","INC-07880",135371.32,2232.14,2098.38
"LOSS-07881","INC-07881",454.37,12255.36,20525.72
"LOSS-07882","INC-07882",6895.42,1259.4,145405.85
"LOSS-07883","INC-07883",19260.4,11096.58,7973.08
"LOSS-07884","INC-07884",9402.36,428.46,52336.57
"LOSS-07885","INC-07885",14368.2,10085.54,6801.66
"LOSS-07886","INC-07886",2636.4,3233.24,54591.84
"LOSS-07887","INC-07887",7369.1,1161.22,21542.87
"LOSS-07888","INC-07888",2045.25,2180.71,5205.77
"LOSS-07889","INC-07889",8377.28,1020.1,23919.94
"LOSS-07890","INC-07890",7959.64,17704.53,7166.4
"LOSS-07891","INC-07891",12103.41,11856.19,54559.78
"LOSS-07892","INC-07892",25934.46,10094.02,28014.85
"LOSS-07893","INC-07893",4319.8,12588.14,19486.43
"LOSS-07894","INC-07894",46324.24,5374.04,24601.18
"LOSS-07895","INC-07895",59470.8,4676.21,59834.43
"LOSS-07896","INC-07896",3697.09,5921.84,51216.14
"LOSS-07897","INC-07897",4127.2,391.13,6007.29
"LOSS-07898","INC-07898",7041.7,16919.47,38899.06
"LOSS-07899","INC-07899",6796.73,5517.44,9932.29
"LOSS-07900","INC-07900",39389.94,2192.9,13428.74
"LOSS-07901","INC-07901",50820.97,2785.3,201636.77
"LOSS-07902","INC-07902",23548.28,3484.29,11743
"LOSS-07903","INC-07903",2791.23,959.51,49812.04
"LOSS-07904","INC-07904",8831.19,3290.32,93134.03
"LOSS-07905","INC-07905",5976.87,193.85,53983.78
"LOSS-07906","INC-07906",115221.37,2722.18,61666.6
"LOSS-07907","INC-07907",11179.45,19177.05,11290.56
"LOSS-07908","INC-07908",33298.88,5208.44,50100.42
"LOSS-07909","INC-07909",3718.39,21587.93,11893.44
"LOSS-07910","INC-07910",45985.89,4927.09,442.48
"LOSS-07911","INC-07911",27228.25,1511.64,181314.73
"LOSS-07912","INC-07912",11094.98,4125.05,145424.21
"LOSS-07913","INC-07913",15584.97,1251.04,6165.26
"LOSS-07914","INC-07914",3487.25,3148.25,90150.62
"LOSS-07915","INC-07915",5536.38,12447.14,9755.16
"LOSS-07916","INC-07916",8603.43,3860.11,5947.5
"LOSS-07917","INC-07917",23963.16,8134.96,5186.58
"LOSS-07918","INC-07918",19584.65,11263.66,7781.79
"LOSS-07919","INC-07919",13641.89,9543.66,134811.45
"LOSS-07920","INC-07920",3068.04,3205.16,9478.95
"LOSS-07921","INC-07921",5720.92,2575.45,2395.81
"LOSS-07922","INC-07922",3424.64,1790.18,112683.23
"LOSS-07923","INC-07923",6634.44,6548.48,142506.72
"LOSS-07924","INC-07924",2588.02,1402.85,16423.78
"LOSS-07925","INC-07925",3211.83,21696.8,21817.82
"LOSS-07926","INC-07926",7448,8761.33,4919.16
"LOSS-07927","INC-07927",1009.74,79372.56,29776.36
"LOSS-07928","INC-07928",7391.46,3456.39,39792.07
"LOSS-07929","INC-07929",5799.82,33004.72,17630.65
"LOSS-07930","INC-07930",9081.99,2850.47,90162.54
"LOSS-07931","INC-07931",1178.51,6578.42,599364.91
"LOSS-07932","INC-07932",15076.07,26203.77,227303.94
"LOSS-07933","INC-07933",39359.55,25315.83,19210.28
"LOSS-07934","INC-07934",1792.96,37284.78,75034.59
"LOSS-07935","INC-07935",2304.87,247.38,6952.81
"LOSS-07936","INC-07936",49188.71,7284.18,15665.46
"LOSS-07937","INC-07937",11907.43,121242.29,19229.04
"LOSS-07938","INC-07938",6517.73,10732.32,24121
"LOSS-07939","INC-07939",32440.29,2087.08,9231.41
"LOSS-07940","INC-07940",2495.17,1603.35,51205.76
"LOSS-07941","INC-07941",31885.43,5300.25,53800.8
"LOSS-07942","INC-07942",2283.48,7856.38,22410.79
"LOSS-07943","INC-07943",56196.67,11248.32,12654.78
"LOSS-07944","INC-07944",6401.32,1007.66,18399.6
"LOSS-07945","INC-07945",14883.48,1344.48,74026.76
"LOSS-07946","INC-07946",66308.92,3931.15,25433.79
"LOSS-07947","INC-07947",7534.71,2255.91,32218.82
"LOSS-07948","INC-07948",10939.31,24459.77,2157.14
"LOSS-07949","INC-07949",997.73,245326.12,53578.19
"LOSS-07950","INC-07950",7861.04,1406.93,7635.64
"LOSS-07951","INC-07951",19451.74,42953.64,17460.77
"LOSS-07952","INC-07952",18034.31,986.3,64078.14
"LOSS-07953","INC-07953",5074.38,24713.65,48497
"LOSS-07954","INC-07954",3194.04,61358.55,61797.29
"LOSS-07955","INC-07955",9532.91,5342.87,17544.64
"LOSS-07956","INC-07956",72954.9,7419.96,40389.15
"LOSS-07957","INC-07957",15020.33,8465.55,10395.69
"LOSS-07958","INC-07958",4472.8,6706.71,7651.94
"LOSS-07959","INC-07959",38013.61,2018.99,19443.15
"LOSS-07960","INC-07960",26610.23,2496.45,84747.76
"LOSS-07961","INC-07961",8412.03,3318.94,36821.4
"LOSS-07962","INC-07962",5474.47,4613.53,26779.2
"LOSS-07963","INC-07963",4279.4,5527.81,5175.73
"LOSS-07964","INC-07964",17581.36,10092.68,99598.45
"LOSS-07965","INC-07965",32406.1,3602.94,6697.58
"LOSS-07966","INC-07966",7444.3,3857.23,7959.75
"LOSS-07967","INC-07967",1473.39,2271.53,16706.53
"LOSS-07968","INC-07968",14282.93,1380.9,7767.23
"LOSS-07969","INC-07969",13726.3,1243.25,86310.19
"LOSS-07970","INC-07970",1609.2,9603.26,7812.9
"LOSS-07971","INC-07971",72380.57,1722.96,21623.78
"LOSS-07972","INC-07972",3507.12,14675.68,269839.9
"LOSS-07973","INC-07973",1629.1,1266.64,11127.25
"LOSS-07974","INC-07974",1788.49,6412.43,27792.99
"LOSS-07975","INC-07975",3943.1,853.23,62973.98
"LOSS-07976","INC-07976",3546.24,13972.52,17118.45
"LOSS-07977","INC-07977",21092.79,5606.98,11058.21
"LOSS-07978","INC-07978",15989.75,373.95,19379.61
"LOSS-07979","INC-07979",4836.08,3186.28,34247.33
"LOSS-07980","INC-07980",4213.22,4800.93,9285.04
"LOSS-07981","INC-07981",1647.72,1058.59,12273.01
"LOSS-07982","INC-07982",11886.5,15431.56,73450.28
"LOSS-07983","INC-07983",3435.24,938.82,6443.36
"LOSS-07984","INC-07984",21470.65,5693.47,10184.98
"LOSS-07985","INC-07985",4940.98,4067.23,43093.69
"LOSS-07986","INC-07986",22642.86,5467.42,2623.75
"LOSS-07987","INC-07987",2968.92,4851.17,52607.34
"LOSS-07988","INC-07988",3512.17,15716.08,16959.87
"LOSS-07989","INC-07989",7709.77,13970.99,13988.24
"LOSS-07990","INC-07990",18216.29,28356.25,4534.03
"LOSS-07991","INC-07991",16564.21,15581.86,15462.84
"LOSS-07992","INC-07992",5769.44,1680.77,234772.61
"LOSS-07993","INC-07993",3733.7,1843.88,73347.51
"LOSS-07994","INC-07994",19628.36,15547.65,7376.89
"LOSS-07995","INC-07995",8990.98,277.85,17194.03
"LOSS-07996","INC-07996",18066.07,15455.93,18002.02
"LOSS-07997","INC-07997",71144.44,3915.62,26466.66
"LOSS-07998","INC-07998",11386.22,1689.33,9827.98
"LOSS-07999","INC-07999",39555.44,12152.15,24135.71
"LOSS-08000","INC-08000",3097.21,16802.08,23285.48
